job_id,job_name,company,region,city,district,category,target_industry,salary_raw,salary_type,min_monthly_salary,max_monthly_salary,is_negotiable,is_ai_job,requirement_type,ai_tools,tool_count,has_foreign_language,has_international_trade,has_workflow_automation,description_snippet
15385593,品牌行銷總監,上浤醫藥生技股份有限公司,台中,台中市,台中市西屯區,行銷/企劃/專案管理,生技/醫療保健,面議,面議,,,1,0,傳統無AI,無,0,0,0,0,1.短影音專案統籌： 負責短影音企劃的落地執行，包含前期的品牌定位、腳本規劃，以及後續的拍攝與剪輯。 2.整合行銷與渠道經營： 執行並優化社群媒體行銷、個人 IP 打造、Podcast 節目策劃及數位廣告投放策略。 3.流量與數據運營： 具備對「爆款流量公式」的敏銳度，制定並調整頻道經營策略。 4.成效追蹤與轉單優化： 透過數據分析，協助品牌將「泛流量」轉化為「精準流量」，實際提升並優化最終的轉單效益。 5.整體品牌行銷規劃及團隊管理。  ►採季獎金制度，達百萬年薪 ►態度認真、負責任、能獨立作業並具相關經驗與擔任管理職之溝通協調能力 ►歡迎有自信且想挑戰百萬年薪的你加入團隊!
14444163,產品企劃,上浤醫藥生技股份有限公司,台中,台中市,台中市西屯區,行銷/企劃/專案管理,生技/醫療保健,面議,面議,,,1,0,傳統無AI,無,0,0,0,0,1. 保健食品銷售產品簡報書寫 2. 保健食品原料科學文獻搜查、資料彙整 3. 市場銷售產品調查，標章申請 4. 客戶產品教育訓練                                                                                               ►具食品科學或營養等相關科系背景，碩士畢業 ►每季進行考核完善升遷制度 ►每季季獎金制度，表現優異可挑戰到百萬年薪 ▶配有公務手機、公務筆電  期待有自信的你加入我們的團隊！挑戰百萬年薪
14523946,【台中】社會住宅包租代管服務管理師 (無經驗可培訓）,豐家租賃住宅服務股份有限公司,台中,台中市,台中市西屯區,行銷/企劃/專案管理,文教/補教培訓,29500~9999999 (period=3),月薪,29500,29500,0,0,傳統無AI,無,0,0,0,0,您好！ 這是台灣目前正在蓬勃發展的新興行業，非傳統仲介，主要的工作為協助房東出租及管理 公司從代租代管起家，2025年預計擴大營運至全台灣，熱烈歡迎對包租代管、房地產有興趣的人才一起加入!  這是一個藍海的市場～我們即將盛大擴點～需要優秀的人才！！ 公司提供豐富的資源 產業小白沒關係，讓您在最短的時間內快速的熟稔以及發展完善的業務  福利保險 1. 提供團保 2. 滿半年享有福利制度  主要工作內容: 1. 管理公司既有物件 2. 協助出租及管理 3. 物件維運及修繕安排 3. 帶看租屋 4. 完成租約簽訂  歡迎房仲、日租、住宅修繕經驗人才加入!
15044582,租金補貼｜台中社會住宅顧問（高獎金＋累積收入）,星鴻股份有限公司,台中,台中市,台中市北屯區,行銷/企劃/專案管理,文教/補教培訓,4700~9900 (period=0),面議,,,1,0,傳統無AI,無,0,0,0,0,【 加入星鴻／星華｜一起打造台灣的租屋新時代】  我們是星鴻／星華 中央指定的社會住宅包租代管業者。 目前於全台13縣市設立營運據點，並榮獲內政部評選第一名肯定。  在房價高漲、租屋壓力增加的時代，我們以「租得起、住得好」為使命，協助政府推動社會住宅與租金補貼政策，活化閒置資產，讓更多人安心入住。  星鴻已成為全台成長速度最快、規模持續擴張的包租代管品牌之一。 這是一份結合「穩定收入 × 社會價值 × 長期發展」的工作。  我們不收仲介費、不做買賣推銷，而是站在政府專案的立場，協助房東與房客進入合法、安心的租賃體系。  【我們正在找這樣的你】  • 喜歡與人互動，具備溝通協調能力 • 對不動產
15404675,專案PM【表現優異者，平均月所得6.2萬以上(含月薪與三節獎金)，加班費另計】,大銀微系統股份有限公司_HIWIN MIKROSYSTEM,台中,台中市,台中市南屯區,行銷/企劃/專案管理,傳統製造/精密工業,面議,面議,,,1,0,傳統無AI,無,0,0,0,0, ※ 年度獎金原則為2個月，九成同仁2個月以上。 ※ 月薪依學、經歷與能力調加。   1. 客戶溝通與產品規格制定，收集產品相關需求，協調並制定產品規格和性能要求。  2. 專案規劃與執行：負責馬達類產品的啟動、計畫、執行、監控與結案，包括成本控制、時間管理和質量保證。   3. 專案推進與管理： 推動專案團隊達成專案目標，包括問題追蹤與解決，以及確保專案按時完成。    4. 跨部門溝通協調： 跨部門協作的關鍵橋樑，確保研發、生產、銷售與相關部門之間的順暢溝通與合作。    必備條件： 1. 具專案規劃管理實務經驗。  2. 工業工程、電機、電子、機械相關，大學以上。  3. 須配合短期任務
15399165,藝術禮品開發企劃經理,藝時代股份有限公司,台中,台中市,台中市西屯區,行銷/企劃/專案管理,電子商務/數位零售,38000~50000 (period=0),月薪,38000,50000,0,0,傳統無AI,無,0,0,0,1,【關於這個角色】 我們正在尋找一位能夠理解 WH.LAND 品牌理念與藝術視野的「藝術禮品開發企劃經理」。 你需要將抽象的藝術靈感轉化為具備市場吸引力與質感的藝術禮品。在面對多個專案同時推進時，作為藝術與商業之間的 bridge，帶領團隊兼具效率與品質，將好的設計與故事帶入大眾生活。   【主要職責】  1. 品牌與產品策略：主導 WH.LAND 藝術禮品的年度產品規劃，結合市場趨勢與銷售數據，制定產品定位與價格策略。  2. 產品開發與專案控管：掌控從「藝術概念轉化、材質評估、打樣監修至量產上市」的完整流程，嚴格把關品質與開發時程。  3. 供應鏈與成本管理：開發並維護高品質廠商與供應商關係
15405133,行政專員｜學員服務與志工社團經營,社團法人臺中市社造文創美學學會,台中,台中市,台中市大甲區,行銷/企劃/專案管理,文教/補教培訓,30000~35000 (period=2),月薪,30000,35000,0,0,傳統無AI,無,0,0,0,0,【職務名稱】  行政專員｜學員服務與志工社團經營  【核心定位】  負責學員、班代、班級服務，以及志工團隊與自主性社團的日常經營、聯繫及培力。  【主要工作內容】  1. 辦理學員報名、選課、加退選及相關行政服務。 2. 回覆現場、電話、LINE及網路平台的課程諮詢。 3. 負責班代聯繫、班級關懷、巡堂及意見追蹤。 4. 管理班級LINE群組、班代群組及學員服務訊息。 5. 辦理志工招募、聯繫、排班、培訓、服務紀錄及關係維護。 6. 協助自主性社團的成立、成員聯繫、會議安排及日常運作。 7. 陪伴志工及社團發展年度目標，鼓勵自主規劃與分工。 8. 協助志工、班代與社團會議，以及相關活動的人員聯
15406417,【政府機關｜參山國家風景區管理處】旅遊網站營運駐點專員(霧峰),千享國際企業股份有限公司,台中,台中市,台中市霧峰區,行銷/企劃/專案管理,資訊科技/軟體網路,35000~38000 (period=0),月薪,35000,38000,0,0,傳統無AI,無,0,0,0,0,對於觀光旅遊網站企劃、資料蒐集、經營及編採有興趣及經驗者，熟悉政府機關流程或有駐點工作經驗者尤佳。  工作地點：參山國家風景區管理處(臺中市霧峰區中正路738號)  工作說明： 1.政府單位駐點專員（約聘制）。 2.負責參山觀光資訊網資料蒐集、維運。 3.網站各單元內容管理及上稿。 4.定期檢視網站內容正確性。 5.行政工作及府方交辦事項。 6.數據彙整、文書表格處理、資料彙整、具邏輯能力。  其他條件： 1.主動積極、樂觀正向、富責任感、善於溝通協調。 2.工作細心，基本文書處理能力（Word、Powerpoint、Excel）。 3.有政府專案計畫執行經驗或政府部門工作經驗者優先面試 。 
15377561,寵物電商營運專員,台灣錄得清科技股份有限公司,台中,台中市,台中市北屯區,行銷/企劃/專案管理,生技/醫療保健,面議,面議,,,1,0,傳統無AI,無,0,0,0,1,我們正在尋找一位熱愛寵物、對數據敏感且具備電商實戰經驗的「寵物電商營運專員」！  你將負責品牌自營官網及各大電商平台（如 Shopee、Momo、PC等）的日常營運、活動企劃與商品管理。如果你喜歡毛孩，並渴望在快速成長的寵物市場中發揮影響力，歡迎加入我們的團隊！  工作內容 1. 平台日常營運與維護： - 負責官網（Shopline）及第三方電商平台（蝦皮、Momo、PChome 等）的商品上架、價格設定、庫存控管與上下架維護。 - 電商平台系統後台數據串接與維運。 2. 活動行銷企劃與執行： - 規劃並執行全店檔期活動（如雙11、寵物展線上聯動、週年慶、節慶促銷等）。 - 設計文案與視覺溝通
15405281,社群內容企劃｜短影音剪輯｜底薪4萬5,美帝娜有限公司,台中,台中市,台中市北區,行銷/企劃/專案管理,電子商務/數位零售,45000~65000 (period=2),月薪,45000,65000,0,0,傳統無AI,無,0,0,0,0,1｜社群內容企劃與經營 負責 Instagram、Facebook、Threads、LINE 官方帳號：  ・規劃社群內容及短影音腳本 ・依數據持續調整內容策略  2｜短影音企劃、拍攝與剪輯  ・Reels 題材發想 ・Hook、腳本與拍攝規劃 ・基本拍攝、構圖、燈光與收音 ・短影音剪輯、字幕、封面後製  3｜熱門內容與市場研究  ・研究 IG Reels、Threads、TikTok、小紅書熱門內容 ・觀察美容、保養、醫美、SPA及其他值得參考的品牌 ・建立內容靈感／熱門素材資料庫  4｜LINE 私域內容經營  ・規劃 IG／FB／Threads → LINE 的內容導流 ・規劃 LINE
15082853,選擇比努力更重要-歡迎各位超級業務-加入中區最強團隊!,信實文心有限公司,台中,台中市,台中市西屯區,行銷/企劃/專案管理,其他服務/工商貿易,面議,面議,,,1,0,傳統無AI,無,0,0,0,0,"工作內容 機會不會上門來找你，你必須主動去找幫助自己成功的機會   1.房屋買賣仲介服務  2.房屋租賃服務  3.不動產諮詢服務  4.不動產產權調查及鑑價  5.負責開發不動產的買方及賣方或租賃雙方,促成雙方交易達成   轉換行業，是冒險？是機會？   很少人會知道，選擇一份事業，不應考慮工作好不好做、輕不輕鬆，而是該考量在工作的過程中，它將為你人生帶來怎麼樣的價值？當你做出了選擇，下一個該評估的，則是你將遇到具備哪些特質的主管和團隊氛圍？   選擇比努力重要，選擇一個好的團隊更重要!  2017年　光輝十月  信實地產集團 破紀錄創佳績  單月集團破1700萬  單月成交件數突破30件 "
15293269,線上互動人員【可遠端｜無經驗可｜彈性安排】,映日媒體文創工作室,台中,台中市,台中市西屯區,行銷/企劃/專案管理,其他服務/工商貿易,10000~80000 (period=0),面議,,,1,0,傳統無AI,無,0,0,0,0,喜歡聊天、分享生活，或對直播、新媒體有興趣嗎？  工作主要透過直播平台，以視訊方式與線上觀眾進行聊天互動、分享生活、興趣及話題。  工作內容以線上聊天及互動為主，不需要陌生開發，也不是傳統電話客服；不需要具備唱歌、跳舞或其他特殊才藝。  沒有直播相關經驗也可以，公司會提供新人教學及實際操作說明，協助熟悉平台操作、鏡頭互動、聊天方式及開播流程。  台中地區可至公司了解直播環境並使用相關設備；外縣市可依實際合作方式安排線上說明及遠端在家直播。  【主要合作內容】  ⇨ 透過直播平台與線上觀眾進行視訊聊天及即時互動 ⇨ 分享生活、興趣、話題及個人特色 ⇨ 維持良好的直播互動氣氛 ⇨ 學習不同聊天方式
15405131,小編-網路行銷,視保眼科診所,台中,台中市,台中市北區,行銷/企劃/專案管理,生技/醫療保健,35000~9999999 (period=0),月薪,35000,35000,0,0,傳統無AI,無,0,0,0,0,【企劃小編】職務內容 社群平台經營與維運： 負責品牌社群（FB、IG、Threads、LINE@）的貼文撰寫、視覺排版與發佈排程規劃。  社群互動與私訊管理： 負責 FB、IG 粉絲私訊回覆與留言互動，維護品牌社群熱度與顧客關係。  廣告視覺素材產製： 運用 Canva、PS 或 AI 獨立設計符合品牌調性的社群圖文、懶人包及活動宣傳圖。(會PS 或 AI佳)  影音內容企劃： 負責 YouTube 影片及 Reels 短影音之腳本構思、創意發想與拍攝規劃。  主管交辦事項處理： 彈性執行主管指派之專案任務，並協助團隊行政庶務與行銷成效整理。
14429914,電商平台助理,食科院國際股份有限公司,台中,台中市,台中市西屯區,行銷/企劃/專案管理,生技/醫療保健,32000~45000 (period=3),月薪,32000,45000,0,0,傳統無AI,無,0,0,0,0,谷溜谷溜堅持【初心。是唯一的添加】，我們秉持著無添加理念研發製作每一項商品， 以【無防腐劑、化學劑、萃取液】等採用100%食材原型製作， 保留完整營養攝取所需的養份，在食安風暴下創立的谷溜， 我們深知食材來源的重要性還有健康，因為家人也會喝， 所以我們對待每一位客人如同對待家人般的重要， 且在這汲汲營營忙碌生活中，我們希望透過谷溜能夠拉近彼此的連結，創造出更有溫度的品牌與理念。  如果你同樣秉持著，打造與顧客之間長續互動情感，提供優良的品質 谷溜不斷嘗試新媒體宣傳，運用各種行銷模式推廣，不設限不侷限養生飲品既有的印象與發展，並與各種類型品牌合作激起令人耳目一新的火花，來到這裡可以接觸各種類型的
12665642,業務專員(台中市)#留任獎金#無經驗可#穩定客源#高業績獎金,中興保全科技股份有限公司,台中,台中市,台中市南屯區,行銷/企劃/專案管理,生技/醫療保健,32000~43000 (period=0),月薪,32000,43000,0,0,傳統無AI,無,0,0,0,0,"#高業績獎金#穩定客源 #無經驗可 #年薪14個月 #遠道者提供員工宿舍 #有留任獎金(滿半年領10,000/滿一年再領20,000)  1.客戶解決方案提供 2.科技安全相關產品推廣及銷售   ★多元獎酬★ 員工分紅/三節禮金或禮品/結婚禮金/教育獎助學金等 ★全面應援★ 健康檢查/ /團體醫療保險/員工宿舍等  應徵營業儲備幹部分公司如下，錄取後依居住地分發  : 南屯分公司	台中市南屯區向心南路739號4樓	(04)2386-2777 中港分公司	台中市西屯區文心路二段598號6樓之1	(04)2310-8866 北屯分公司	台中市北區永興街338號4樓	(04)2236-0000 大里"
15403177,行政專員｜課程營運與社群宣傳,社團法人臺中市社造文創美學學會,台中,台中市,台中市大甲區,行銷/企劃/專案管理,文教/補教培訓,30000~35000 (period=2),月薪,30000,35000,0,0,傳統無AI,無,0,0,0,0,【職務名稱】  行政專員｜課程營運與社群宣傳  【核心定位】  負責教師聯繫、課程行政，以及FB、LINE官方帳號、APP等數位平台的內容規劃與宣傳。  【主要工作內容】  1. 辦理教師聯繫、課程資料彙整及教學行政協調。 2. 協助排課、開課、停調課、課程異動及系統資料維護。 3. 掌握各班招生與開課情形，整理課程及招生數據。 4. 規劃FB、LINE官方帳號及APP的課程與活動內容。 5. 撰寫社群貼文，製作招生圖卡、海報、簡報及簡易短影音。 6. 負責社群內容排程、發布、更新及基本成效整理。 7. 協助志工、社團及社區活動所需的宣傳素材製作。 8. 配合教師會議、巡堂及必要的校務活動支援
15406913,品牌直營事業部 營運專員 ,大振豐洋傘有限公司,台中,台中市,台中市北屯區,行銷/企劃/專案管理,電子商務/數位零售,36000~42000 (period=3),月薪,36000,42000,0,0,傳統無AI,無,0,0,0,0,Tcf. 品牌持續拓展百貨專櫃、直營門市及快閃通路，我們正在尋找一位具備細心度、執行力及溝通協調能力的「營運專員」。  這個職位將負責總部與各銷售據點之間的日常營運協調，從商品補貨、庫存調度、百貨活動、新櫃進撤場到營運系統管理，協助各櫃點維持良好的商品供應與營運效率。  如果你對品牌零售營運有興趣，希望未來朝品牌營運、區域管理或零售管理發展，歡迎加入我們。  【主要工作內容】  1. 負責百貨專櫃、直營門市之每週例行補貨與庫存管理。 2. 掌握各櫃點商品銷售狀況，追蹤暢銷、滯銷及缺貨商品。 3. 依據銷售與庫存狀況進行跨櫃調貨、補貨及商品配置。 4. 新品上市之鋪貨、配貨及各櫃點商品配置作業。
13122357,【兼顧家庭首選】彈性自由+高獎金92%！媽媽二度就業/無痛接軌店長實戰協助談判／培育團隊店長,幸福第一站股份有限公司,台中,台中市,台中市西區,行銷/企劃/專案管理,生技/醫療保健,35000~180000 (period=0),月薪,35000,180000,0,0,傳統無AI,無,0,0,0,0,從月薪 不到三萬 到年薪百萬：我在「幸福第一站」看見的房產奇蹟！ 「你是想安穩地在工廠領 3 萬，還是想在台中幫自己拚一間房？」 我是幸福第一站的林店長。 我畢業於醫療體系，曾待過規律的早八晚五，領著平凡的薪水。但我知道，若要跳脫舒適圈、徹底改善經濟壓力，我必須去大城市闖一闖。那三年，我每天騎機車往返彰化與台中，雖然辛苦，但這份堅持讓我在 2022 年晉升組長，2023 年正式接任店長。 為什麼選擇「租屋市場」？  住是剛性需求。房價高可以不買，但人總要找地方住！全台租屋人口高達 1/8，在政府法案推動下，這不是夕陽產業，而是一個持續火熱、充滿機會的藍海。 我的團隊：沒有勾心鬥角，只有共好與賺
14833320,<Museum of Illusions 幻覺博物館>品牌行銷人員,Museum of Illusions 幻覺博物館_佳貝有限公司,台中,台中市,台中市西區,行銷/企劃/專案管理,文教/補教培訓,40000~50000 (period=6),月薪,40000,50000,0,0,傳統無AI,無,0,0,0,0,一、品牌行銷規劃與執行 規劃並執行品牌行銷活動（線上促銷、異業合作、快閃活動、社群推廣） 經營與優化官方社群平台（Facebook、Instagram、LINE、TikTok、Threads） 撰寫文案、製作貼文與短影音內容，提升品牌互動與轉換 製作行銷素材（EDM、簡報、圖片設計），維持品牌一致性  二、內容與數據經營 規劃年度與月度行銷檔期（Campaign Planning） 分析數據（流量、轉換率、互動率），優化行銷策略 追蹤活動成效並提出調整建議  三、內部協作 與營運、業務、設計協作執行專案 製作週報、月報與行銷成效報告 入職初期需館內培訓 2–3 週，熟悉品牌與展品 
12521806,活動助理,橙希創意行銷有限公司,台中,台中市,台中市南屯區,行銷/企劃/專案管理,廣告行銷/公關顧問,30000~35000 (period=0),月薪,30000,35000,0,0,傳統無AI,無,0,0,0,0,1.協助專案企劃做各類活動的規劃、安排與執行。  2.協助專案企劃發想與撰寫活動企劃案。  3.協助專案企劃活動現場監督管理與執行。  4.主管交辦事項。 5.需有汽車駕照且有實際上路經驗。 
14964725,品牌聲量與內容行銷企劃｜台中｜,樂學舍數位股份有限公司,台中,台中市,台中市南區,行銷/企劃/專案管理,資訊科技/軟體網路,45000~55000 (period=0),月薪,45000,55000,0,0,傳統無AI,無,0,0,0,0,我們正在尋找一位有熟悉社群經營、對品牌成長有企圖心的夥伴  工作內容： ・追蹤品牌聲量。 ・擔任公司與外部行銷公司之窗口，進行專案進行及成果稽核。 ・協助建立品牌文案/影片腳本。 ・協助公司GEO/SEO等設定。  必備條件： - 2 年以上社群行銷經驗，B2C 操盤經驗尤佳 - 熟悉 Meta／Line 等行銷工具。 - 注重團隊協作。  公司內部協作軟體：Notion  加分項目：（薪水可以向上調整） 1.  拍攝、剪輯影音內容（短影音、產品介紹） 2. 獨立操作過商業品牌經驗
15381140,【總部後勤】品牌客服行銷專員,中山家餐飲股份有限公司,台中,台中市,台中市西屯區,行銷/企劃/專案管理,其他服務/工商貿易,45000~50000 (period=4),月薪,45000,50000,0,0,傳統無AI,無,0,0,0,0,品牌客服行銷兼具設計者加分，薪資可談空間大，依照面談結果做工作安排。  【客服】占比70% • 官方平台客服回覆（含 FB、IG、Line@、Google 商家與各大評論平台） • 處理顧客留言、私訊、預約及相關問題諮詢 • 顧客滿意度維護、客訴初步應對與意見彙整反饋  【企劃】占比10% • 協助年度行銷計畫訂定，並執行 • 協助每月餐廳活動、例行活動提案、執行 • 協助媒體聯繫、文案撰寫、合作案接洽處理 • 主管交辦事項執行  【設計】占比20% • 從原本CI，延伸設計、包含內外部相關 • 店內文宣、活動文宣設計發包 • 設計物發包、議價、品質控管   【進階加分】 • 高度美學涵養基礎
10143587,(薪優40K誠徵)業務人員-台中【無經驗可】,赫里翁國際股份有限公司,台中,台中市,台中市大雅區,行銷/企劃/專案管理,電子商務/數位零售,40000~60000 (period=0),月薪,40000,60000,0,0,傳統無AI,無,0,0,0,0,"1.熟悉欲銷售之產品、公司規章作業流程  2.客戶拜訪開發並推銷產品  3.依顧客需求做報價及簽約  4.顧客售後滿意度維持 (如: 顧客抱怨及問題反應處理、維持顧客對公司及業務員信賴度)  5.無經驗可培訓 6.需要小客車駕照,公司備有公務機,外縣市業務配有公務車     **意者請投遞履歷或電洽 04-24630649 呂小姐，面試請準時，不克前來者請務必電話告知**"
14326194,行銷小編,維賀茲生技有限公司,台中,台中市,台中市西屯區,行銷/企劃/專案管理,生技/醫療保健,34000~40000 (period=0),月薪,34000,40000,0,0,傳統無AI,無,0,0,0,0,【行銷小編／SEO 內容企劃】加入我們，把健康寫得有趣！  維賀茲生技旗下品牌《LeBonHertz 法森活》，以全球研究最豐富的保健原料之一 Pycnogenol® 碧容健（法國濱海松樹皮）為核心，堅持科學實證、自然為本。  我們相信，好的保健品來自對原料、數據與消費者需求的深刻理解；好的內容，則能讓這些價值被更多人看見。  現在，我們在找一位： 喜歡寫字、懂搜尋、點子多，對健康生活有熱情的你。  【工作內容】 1.【SEO 內容企劃與撰寫】 - 研究關鍵字與搜尋趨勢，規劃官網健康專欄文章主題 - 撰寫 SEO 文章，將成分研究轉化為易讀、好搜尋的內容 - 優化產品頁與電商頁面文案，提升自然
15129570,電商營運專員(北屯區),頂裕食品股份有限公司,台中,台中市,台中市北屯區,行銷/企劃/專案管理,電子商務/數位零售,32000~38000 (period=0),月薪,32000,38000,0,0,傳統無AI,無,0,0,0,0,1. 平台維護與日常營運 (Daily Operations)商品管理：商品上架、下架、編輯文案、設定規格、優化商品圖片與頁面佈局，確保資訊準確吸引人。促銷設定：設定平台優惠券、組合促銷、限時特賣等行銷工具。賣場維護：監控網頁正常運作，更新首頁Banner、活動頁面。 2. 行銷企劃與活動執行 (Marketing & Promotion)檔期報名：協調品牌商與通路窗口（如momo採購），爭取版位曝光，參與平台大型活動（如雙11、品牌日）。促銷企劃：根據銷售目標和節慶規劃促銷活動，製作活動企劃書。導流與曝光：配合廣告投放、社群推廣，提升賣場流量與轉化率。 3. 數據分析與成效追蹤 (Data 
15304559,農特產行銷業務人員,臺中市霧峰區農會,台中,台中市,台中市霧峰區,行銷/企劃/專案管理,電子商務/數位零售,32000~35000 (period=0),月薪,32000,35000,0,0,傳統無AI,無,0,0,0,0,(一)農特產品（益全香米、酒品、加工品等）通路開發與業務拜訪。 (二)維繫既有客戶關係，開發企業、通路及團購客戶。 (三)參與國內展覽、市集及展售會及試吃推廣(假日需配合出勤) (四)執行企業禮盒、客製化商品及專案提案。 (五)協助產品報價、訂單處理、出貨及售後服務。 (六)其他主管交辦事項。 (七)假日門市值班。
13101649,高專業務經理-固定市場高獎金-歡迎同業及房仲經驗夥伴加入,台中室內設計網有限公司,台中,台中市,台中市北屯區,行銷/企劃/專案管理,文教/補教培訓,30000~200000 (period=0),月薪,30000,200000,0,0,傳統無AI,無,0,0,0,0,※ 具房仲、窗簾、保全業務、系統櫃業務等工作經驗，      公司龐大產品資源價格做後盾百萬收入不是夢! ※ 公司自有商品你擁有決定權，成交獲利快速! ※ 200坪展示場，設計、建材一站式體驗，客戶可自由挑選搭配，現場諮詢即刻成交！ ※ 你的主要工作，就是請客戶走進展場，後續成交交給設計師、門市即可。 ※ 讓客戶走進來，就是你的勝利！   公司產品項目： 室內設計、智慧居家、系統家具、木地板、窗簾，產品線齊全，有利於快速佈建市場通路，並具備高度市場接受度。 高專高獎金，收入跳躍式成長，打造無上限發展舞台  我們誠摯邀請擁有業務經驗的您，串聯設計與顧客需求， 打造高質感服務，同步實現高獎金與高成
9520099,Dr.Douxi朵璽- 保養品商品開發專員 (須有相關經驗),天璽生化科技有限公司,台中,台中市,台中市西屯區,行銷/企劃/專案管理,電子商務/數位零售,30000~50000 (period=2),月薪,30000,50000,0,0,傳統無AI,無,0,0,0,0,"1.商品發想、方向定調、新產品開發，包材搜尋溝通與各方協調  2.制定產品規劃、評估開發的可行性，進行導入並控管時程  3.熟悉化妝品相關法規，化粧品產品資訊檔案(PIF)。  4.善於溝通，抗壓性強  5.協助專業知識課程規劃  6.產品開發SWOT分析  7.執行市場與產品趨勢調查，提供資料做為產品開發與訓練的參考  8.商品市場資料分析與定位  9. 發展產品行銷及價格策略  10.具美容基礎概念,對化妝品極端熱愛,化妝品市場敏感度高。  11.樣品測試(效性、相容性)及工廠端連繫 "
14830318,嶼嶼行銷創意｜徵<行銷業務/資深專案執行(SAE)>,嶼嶼行銷創意股份有限公司,台中,台中市,台中市北屯區,行銷/企劃/專案管理,電子商務/數位零售,35000~50000 (period=0),月薪,35000,50000,0,0,傳統無AI,無,0,0,0,0,【專業團隊核心成員招募中！】  **展開新的職涯旅程，一起塑造創意未來～**  嶼嶼行銷是一家短影音行銷公司，擅長「說故事」，協助創作者打造獨特的特色內容。團隊執行頻道規劃，協助建立鮮明的人設IP，根據IP設定制定出專屬剪輯風格。 目前「嶼嶼行銷創意」短影音行銷團隊擴大增才，熱情邀請可以一起激盪創意的人才加入，創造更多火花！期待你與我們一起成長茁壯～  //嶼嶼行銷創意執行長-林弘毅// 帶領著「嶼嶼行銷創意」短影音製作團隊協助品牌打造熱門內容與帳號，合作案例包含（僅列部分）：「戴蒙老闆好機車」、「可以沙龍-KIKO」、「淨淨笙闆」、「雪倫的隱藏版生活」、「Mei-GMT揪團購」、「汪喵星球」
15014058,拍攝藏鏡人／剪輯（需出差）,心想事成品牌孵化有限公司,台中,台中市,台中市南屯區,行銷/企劃/專案管理,廣告行銷/公關顧問,33000~9999999 (period=2),月薪,33000,33000,0,0,傳統無AI,無,0,0,0,0,【工作內容】 1.影片拍攝執行，打造業主/客戶個人IP，拍攝中需要能夠引導被拍攝者情緒與回話，並且臨場反應要夠強。 2.良好的溝通合作能力 3.進行動態影片之素材拍攝 4.執行拍攝後製與調整工作 5.協助企劃擬訂拍攝企劃、分鏡腳本 6.能與企劃或後製部門團隊合作，確保腳本的創意被有效執行。 7.其他主管交辦事務 8.每月出差1-2次不定（有國外行程）  【條件】 1.創意發想能力及觀察力強，能即時拍攝畫面，並要有對剪輯後的影片腦中有想法。 2.具備良好的市場敏感度與內容潮流洞察力。 3.對於短影片的架構有一定的想法與邏輯。 4.要能夠與業主拍攝時互動，並且具有活力。 5.影片節奏感佳，知道如何
13317105,【趨勢民調台中公司】研究助理,趨勢民意調查股份有限公司,台中,台中市,台中市西區,行銷/企劃/專案管理,其他服務/工商貿易,33000~38000 (period=0),月薪,33000,38000,0,0,傳統無AI,無,0,0,0,0,1. 調查文獻資料蒐集與彙整 2.調查資料處理與相關圖表繪製 3.報告資料描述撰寫 4.協助研究員專案執行 5.部門主管交辦之事項
15394382,中教大智慧教育中心計畫助理,國立臺中教育大學,台中,台中市,台中市西區,行銷/企劃/專案管理,文教/補教培訓,36174~9999999 (period=0),月薪,36174,36174,0,0,傳統無AI,無,0,0,0,1,資格條件 （一）	具教育部認可之國內外大學學士（含）以上學位。 （二）	具主動學習、問題分析、溝通協調及獨立作業能力。 （三）	需視計畫需求配合會議、系統展示或出差。 （四）	熟悉 TypeScript、Next.js、React、Python、SQL 等專案開發技術。 （五）	具 API 串接及生成式 AI／大型語言模型相關應用經驗。 （六）	具使用 AI 輔助系統開發、除錯或需求整理之實務經驗。 （七）	具教育平台、AI 應用或相關系統開發經驗者尤佳。  工作內容 （一）	協助教育平台系統開發、維護與功能優化。 （二）	負責 AI／大型語言模型相關功能介接、測試與應用。 （三）	協助專案需
14700621,B.<設計部>平面設計/美編人員(請附作品集),我的心機_捷司特國際股份有限公司,台中,台中市,台中市西屯區,行銷/企劃/專案管理,電子商務/數位零售,35000~9999999 (period=3),月薪,35000,35000,0,0,傳統無AI,無,0,0,0,0,"此職務為集團旗下關係企業擴大徵才，主要經營國外美妝保養品牌代理及自有品牌開發。因應營運持續成長與組織擴編，我們正招募各領域優秀人才，與我們一起打造下一個成長階段。  ｜薪資發展 | - 薪資：35,000元起（依經驗及能力敘薪） - 調薪：每年依績效考核及工作表現辦理調薪 - 晉升條件： 完善透明的升遷制度，提供管理職發展機會  ｜職務內容 | - 通路輔銷物設計與特賣各項平面設計， - 電商與客戶端需求平面設計 - 商品設計完稿及委外案完善 - 中文標與商品資料排版  ｜加分條件 | - 熟悉 Canva、AI 修圖、AI 生圖等工具，並具備商用素材版權觀念。  *目前有多個職務同步擴編，若"
15310153,【Birth 城市聚落】G.O島民 2 名 ( 正職) 歡迎多元文化者或原住民,Birth_參拾加育樂有限公司,台中,台中市,台中市北屯區,行銷/企劃/專案管理,文教/補教培訓,30000~9999999 (period=0),月薪,30000,30000,0,0,傳統無AI,無,0,0,0,0,Birth 一個邀請你「脫下社會角色」的城市聚落，我們不找員工，我們在找一起經營這座城市聚落的「島民」。  【關於 Birth 的起源】   Birth 的創辦人是深耕於土地與建設產業的企業老闆娘，也因此習慣在堅硬的現實中築起高樓。 但在經歷一些故事後，獨自扶養兩位女兒的生命旅程之中，她選擇走入心理專業與自我探索的領域。她從「蓋房子」轉為「建造心靈的安放之地」，創立了 Birth。  【我們的核心哲學：多元與歸零】   如今這個社會上，我們總是被教育要活成某個樣子： 誰的媽媽、哪家公司的主管、誰的伴侶。於是我們揹負了太多標籤，卻忘了自己是誰。  Birth 存在的意義，就是提供一個「歸零 (R
15354169,配墨專員,東方包裝股份有限公司,台中,台中市,台中市南屯區,行銷/企劃/專案管理,傳統製造/精密工業,35000~42000 (period=0),月薪,35000,42000,0,0,傳統無AI,無,0,0,0,0,主要職責：  1. 專色油墨配方調配  2. 配方數據庫建立與維護  3. 殘墨回收再利用管理  4. 色彩品質監控與異常處理  5. 油墨管理與主管交辦  職務摘要：  負責依作業規格與客戶需求，為印刷單位提供專色油墨配方之調配與確認，建立公司專屬配方數據庫，並推動殘墨回收再利用機制，以確保印刷色彩穩定性、降低油墨損耗成本，並維護工廠環境符合油墨管理規範。
15192018,董事長特助,宣教練團隊_雅漾實業有限公司,台中,台中市,台中市西屯區,行銷/企劃/專案管理,其他服務/工商貿易,40000~9999999 (period=0),月薪,40000,40000,0,0,傳統無AI,無,0,0,0,0,工作內容： 1.接送、跨縣市、巡店展店行程 2.採購、修繕、聯繫廠商 4.協助處理董事長交辦事項，具備獨立作業與問題解決能力。 5.協助管理外部合作廠商與維護合作關係。    
13393844,酉5PM.TWCAUDEX-行銷企劃,酉5pm_泳豐澤有限公司,台中,台中市,台中市南屯區,行銷/企劃/專案管理,電子商務/數位零售,36000~45000 (period=0),月薪,36000,45000,0,0,傳統無AI,無,0,0,0,0,5PM｜品牌行銷企劃／品牌行銷  5PM 不只是一個植物品牌。  我們的工作橫跨植物、景觀設計、景觀工程、建築、室內設計、軟裝、選品與生活風格，並持續與建設公司、設計師、建築師及不同領域品牌進行合作。  我們正在尋找一位真正具備「品牌思維」與「市場敏感度」的行銷夥伴。  需要理解 5PM 的品牌定位、設計內容與商業方向，將每一個專案、產品、活動與合作，轉化為有效的品牌傳播與市場成果。  ■ 品牌策略與市場規劃  1. 參與 5PM 整體品牌定位、形象建立與年度行銷策略規劃。 2. 依公司年度營運方向制定行銷目標、執行計畫與行銷預算。 3. 規劃品牌年度／季度行銷檔期，掌握專案、展覽、產品及重要
15129276,ERP系統專員,台灣野村股份有限公司,台中,台中市,台中市梧棲區,行銷/企劃/專案管理,傳統製造/精密工業,50000~9999999 (period=6),月薪,50000,50000,0,0,傳統無AI,無,0,0,0,0,負責ERP系統日常管理、維護、權限設定及異常問題處理。 規劃與推動ERP系統導入、功能優化及流程改善專案。 分析生產、採購、庫存、BOM及成本管理流程，提出改善方案並提升作業效率。 彙整各部門需求，與ERP系統廠商溝通協調，追蹤系統改善進度。 規劃及執行ERP教育訓練，協助各部門正確使用系統。 負責ERP報表維護、資料分析及管理資訊整合，提供經營決策依據。 執行ERP新功能測試、系統上線驗證及影響評估。 負責ERP系統變更之影響分析，確認各部門作業流程及會計資料完整性，降低系統變更風險。 協助跨部門流程整合，提升資訊透明度及作業效率。 其他主管交辦事項。
11598657,業務助理,中衛聯合開發股份有限公司,台中,台中市,台中市西屯區,行銷/企劃/專案管理,電子商務/數位零售,32000~36000 (period=2),月薪,32000,36000,0,0,傳統無AI,無,0,0,0,0,1. 市場調查及競品分析 2. 產品上架管理及DM製作 3. 社群網站的維護、產品促銷活動企劃。(蝦皮等電商平台運營) 4. 提供客戶報價及出貨安排 5. 保持與客戶間之良好聯繫，回覆電話、Line 及e-mail，並確認交貨期 6. 提供出貨文件，協助業務人員控管出貨 7. 定期提供業務銷售狀況報表，以供業務人員或主管參考 8. 主管交辦事項  *會使用Ai及Photoshop簡易商品圖去背者尤佳。(若不會亦可教育訓練) 
6874480,【無經驗可｜完整培訓】中部業務人員－智慧停車設備銷售 × 停車場開發,詮營股份有限公司,台中,台中市,台中市西區,行銷/企劃/專案管理,文教/補教培訓,36000~42000 (period=0),月薪,36000,42000,0,0,傳統無AI,無,0,0,0,0,★ 深耕停車產業29年｜詮營停車誠徵中部業務人員 ★ 設備銷售 × 停車場開發｜歡迎社會新鮮人加入！ 在詮營，業務工作結合「智慧停車設備銷售」與「停車場開發」。 你將接觸建商、營造廠、商場、社區、企業、地主及公私部門等不同客戶，從需求了解、現場會勘、設備規劃、報價提案到案件執行，全程參與一個案件從構想到實際落地。 即使沒有相關經驗也不用擔心，公司將提供完整教育訓練，並由主管及資深同仁陪同拜訪、協助推動案件，帶你逐步累積專業與實戰經驗。 每成交一套停車設備、成功推動一座停車場，都是能夠實際看見的工作成果！ 【你將負責的工作】 ✓ 開發建商、營造廠、物業公司、社區、商場、企業及公私部門客戶 ✓ 銷
15275644,屋馬餐飲集團 資深行銷品牌主管,屋馬餐飲集團_屋馬國安有限公司,台中,台中市,台中市西屯區,行銷/企劃/專案管理,生技/醫療保健,48000~60000 (period=5),月薪,48000,60000,0,0,傳統無AI,無,0,0,0,0,＊連續多年榮獲幸福企業五星獎/運動企業獎項認證＊  「免費」提供專屬員工健身房、運動指導教練、運動課程、潛能開發課程、社團活動、節慶活動、各式疫苗接種獎勵、免費員工餐、醫療資源、健康講座、專屬內訓講師。   【工作內容】 1.年度行銷活動規劃：負責年度行銷活動與預算規劃，執行異業或IP聯名等專案。 2.策略擬定與成效稽核：把關 ROI 與 KPI，確保行銷預算發揮最大商業轉換效益。 3.營運流程與體系建構：確保行銷策略與第一線營運端無縫接軌。 4.專案控管與決策匯報：統籌行銷專案進度與預算，定期向高層提供精準之數據解析與決策建議。 5.視覺統籌與社群定調：指導設計團隊視覺方向並初期兼營社群，建
15339425,行銷專員(會員行銷),中臺流行影音中心股份有限公司,台中,台中市,台中市西屯區,行銷/企劃/專案管理,資訊科技/軟體網路,38000~9999999 (period=4),月薪,38000,38000,0,0,傳統無AI,無,0,0,0,0,1. 會員制度、點數及分級機制規劃。 2. CRM系統操作（EDM/LINE/APP等分眾行銷）。 3. 會員招募、會員活動及會員關係經營。 4. 會員消費數據分析、精準行銷及成效追蹤。 5. 銀行、支付平台及異業會員合作專案。
11822852,專案經理,天眼衛星科技股份有限公司,台中,台中市,台中市烏日區,行銷/企劃/專案管理,資訊科技/軟體網路,35000~55000 (period=3),月薪,35000,55000,0,0,傳統無AI,無,0,0,0,0,主要負責專案管理，可能的領域包含車隊管理系統、政府機關業務系統、便民服務網站等，因此需要具備以下能力： 1.訪談與系統分析 2.協調溝通工程師系統開發工作 3.撰寫專案成果文件、製作簡報與介面設計  4.具專案管理經驗
15178168,SEO 文案寫手｜無經驗可・完整培訓,四象數位有限公司,台中,台中市,台中市北屯區,行銷/企劃/專案管理,文教/補教培訓,36000~55000 (period=0),月薪,36000,55000,0,0,傳統無AI,無,0,0,0,0,職務介紹 本職缺屬於合法／線上娛樂產業，文章以老虎機介紹、玩法及攻略為主。 無經驗可以，公司會提供完整培訓。我們重視求知慾、邏輯、自主思考及舉一反三的能力。  工作內容 1.撰寫老虎機 SEO 文章。 2.根據指定主題，逐步學習尋找關鍵字及規劃內容。 3.查找並核對遊戲商官方資料。 4.使用 AI 工具協助工作，並自行查證及修改。 5.使用 WordPress 完成排版與上稿。 6.協助建立與維護 SEO 外鏈，包含文章平台、論壇、社群及其他可發布內容的平台。 公司將由 SEO 負責人提供主題方向、文章規範、完整培訓及審稿回饋。  希望具備 1.了解 SEO，並希望往相關領域發展。 2.願意主
15205952,台灣本土電商營運專員 (momo、樂天、蝦皮),柏力電子有限公司,台中,台中市,台中市豐原區,行銷/企劃/專案管理,電子商務/數位零售,35000~9999999 (period=2),月薪,35000,35000,0,0,傳統無AI,無,0,0,0,0,我們擁有深耕德國市場 20 年的成熟營運經驗與豐富的產品線（E-bike 動力電池、戶外儲能電源、專業消費性電池）。你的核心任務是將這些高品質產品，精準對接台灣各大電商平台。你將擁有極大的活動規劃自主權，並透過即時的客服反饋與市場調查，快速調整銷售策略，驅動品牌在台灣市場的電商銷售爆發。  【核心任務】  1. 電商平台全盤操盤： 負責 momo、台灣樂天（Rakuten）、蝦皮、PChome 等電商平台的日常營運，包含產品上架、價格策略、庫存管控及業績轉換率優化。 2. 活動企劃與執行： 獨立對接各大平台 PM，爭取曝光資源；規劃並執行大型節慶促銷活動（如 11.11、618、購物節），確保
15399678,行政櫃檯招呼專員,臺中市私立派丁洛文理短期補習班,台中,台中市,台中市大里區,行銷/企劃/專案管理,文教/補教培訓,35000~42000 (period=0),月薪,35000,42000,0,0,傳統無AI,無,0,0,0,0,1. 學生到班出缺席管理 2. 櫃檯課程介紹 3. 耗材、教材採購及帳目紀錄 4. 學費收發登記及帳目紀錄 5. 學生及家長窗口溝通及交流  - 櫃檯人員上班著重儀容管理
13848449,網路行銷助理,裕芳食品_鑫裕芳有限公司,台中,台中市,台中市大甲區,行銷/企劃/專案管理,電子商務/數位零售,39000~42000 (period=0),月薪,39000,42000,0,0,傳統無AI,無,0,0,0,0,"上班時間09:30-18:00 需協助直播   1.協助網站商品刊登(含裕芳其他品牌商品) 2.協助處理部門業務及處理一般庶務工作 3.網路購物電話客服及留言、LINE,Facebook 信件回覆 4.社群經營FB IG (每月活動提案、文案撰寫及粉絲私訊回覆 ) 5.基本美編能力 6.熟Photoshop,Microsfot Office,熟Dreamweaver,Illustrator軟體佳 7.協助處理出貨及客服事務 8.良好團隊合作及溝通協調能力 9.具耐心細心，能配合加班 *大出貨時期需加班(有加班費) 10.需協助拍攝影片 11.蝦皮直播 12.主管交辦事項   *有試用期(試用期"
13290705,國際業務專員.,博思特科技股份有限公司,台中,台中市,台中市南屯區,行銷/企劃/專案管理,生技/醫療保健,35000~60000 (period=0),月薪,35000,60000,0,0,傳統無AI,無,0,1,0,0,"1.德國及歐洲國外醫藥生技設備品牌產品推廣,實際工作內容類似獨立品牌經理人，聽說讀寫需使用80%以上英文溝通及產品簡報。 2.國外供應商接洽。我們是德國代理商使用80％英文工作環境，業務專員 每年都要回原廠開  年度會議，或是受訓及參展吸收新知或是陪同客戶出差去德國原廠驗收設備！需主辦或是協辦固定每年在南港世貿參加兩次展會 並舉辦一次國際研討會將生技醫藥未來發展分享,當然業務推廣成功會增加績效獎金喔> 3.品牌推廣策劃 (展會活動.研討會舉辦期間不能請事假,需全力配合工作)。 4.客戶關係維護，定期拜訪藥廠生技廠客戶。 5.原廠或是客戶來訪接待 I 主導行程來訪接待，包括接送安排、會議簡報籌備"
15363287,"懂拍又愛漂亮 ,來當質感房產網紅",永慶不動產經貿敦化店_安邦地產有限公司,台中,台中市,台中市北區,行銷/企劃/專案管理,其他服務/工商貿易,50000~9999999 (period=0),月薪,50000,50000,0,0,傳統無AI,無,0,0,0,0,不想再領固定薪水、每天內耗？ 在「安邦 AI 團隊」，我們不缺員工，我們在找想把工作過成生活、打造個人風格的漂亮合夥人✨  如果你平常就超愛拍拍拍、懂剪 Reels/TikTok，這裡直接讓你把美感變現！  你的日常可能長這樣：  週末開箱豪宅： 走進千萬裝潢現場直接開拍！你就是鏡頭前的主角，帶客戶看房順便把賞屋拍成質感生活 Vlog。  平日優雅社交： 接觸高質感屋主與買方，累積你的高質量人脈圈；不用在路邊曬太陽發傳單，空檔時間自由剪片、發社群。  AI 替你打工： 團隊直接教你用 2026 最新 AI 行銷工具，一鍵生成文案、精準推播，讓流量自己跑進來變現。  在這裡，你不需要單打獨鬥： 
15402421,企劃人員,宥鑫投資顧問有限公司,台中,台中市,台中市西屯區,行銷/企劃/專案管理,資訊科技/軟體網路,35000~50000 (period=0),月薪,35000,50000,0,0,傳統無AI,無,0,0,0,0,工作內容 1.	熟悉公司網站各項功能流程操作介面與規則 2.	營運需求規格化並撰寫開發規格書 3.	需求內容上架前協助品保測試，並確認是否符合營運需求 4.	專案文件撰寫與資料彙整更新維護 5.	跨部門與美術、程式等相關人員溝通與協調	 專業職能 1.	打字每分鐘 30 以上 2.	OFFICE 文書處理 3.	加分條件：懂Axure、具網站開發概念  
13139595,MO-【大里藝術廣場商場購物中心】營運專員,大買家股份有限公司,台中,台中市,台中市大里區,行銷/企劃/專案管理,其他服務/工商貿易,35000~40000 (period=0),月薪,35000,40000,0,0,傳統無AI,無,0,0,0,0,1. 園區營運輪值作業 2. 營運管理及廠商聯繫 3. 營業報表製作 4. 商品銷售分析 5.行銷活動協助  【中陽集團主要徵才管道為「104人力銀行」，遇來源不明之訊息，敬請小心查證，以免受騙。反詐騙專線：165】
9284490,★韓商-業務專員 Sales Representative,台灣愛思開新材料股份有限公司,台中,台中市,台中市梧棲區,行銷/企劃/專案管理,其他服務/工商貿易,面議,面議,,,1,0,傳統無AI,無,0,0,0,0,銷售產品-半導體、LCD、Solar Cell 之特殊氣體 1.積極建立發展並維繫客戶關係。 2.定期報告銷售進度及市場佔有率。 3.掌握產品產量狀況。 4.針對客戶提出的合約（交易條件、生產流程、產品要求、售後服務）作初步評估，並在必要時尋求其他部門協助，以即時回應客戶需求。 5.提供報價確認訂單，以準時出貨。
14985599,專案管理師(台中地區),台灣翔登股份有限公司,台中,台中市,台中市西屯區,行銷/企劃/專案管理,傳統製造/精密工業,40000~55000 (period=0),月薪,40000,55000,0,0,傳統無AI,無,0,1,0,0,"主要職責 能源產業電力產品專案管理(管理ODM/OEM/OBM專案)   主要任務 1. 產品開發到量產, 各單位執行專案項目結果追蹤。  2. 產品開發時程規畫，客戶開發以及產品詢答處理。 3. 跨部門溝通協調、聯繫國外客戶討論專案開發相關事項。  4. 英文口語報告工作進度。 5. 國外業務擴展，自有品牌推廣。 6. 商用英文溝通。   "
15211888,兼職美編小編,順馨診所,台中,台中市,台中市烏日區,行銷/企劃/專案管理,生技/醫療保健,200~200 (period=2),時薪折算,32000,32000,0,0,傳統無AI,無,0,0,0,0,.需到現場作業  .處理官方帳號及社群的美工作業 .管理官方帳號，經營社群(如IG、FB、抖音)，提升粉絲互動 .具備電腦文書作業與電腦美工軟體技能 .配合主管交辦的其他行政事務
12667247,【迪卡儂台中南屯店】維修工作室技師 Workshop Technician,Decathlon Taiwan_台灣迪卡儂有限公司,台中,台中市,台中市南屯區,行銷/企劃/專案管理,電子商務/數位零售,33000~41000 (period=0),月薪,33000,41000,0,0,傳統無AI,無,0,0,0,0,"你/妳是個熱愛創造價值, 突破創新, 挑戰極限的人嗎？ 迪卡儂提供給你/妳一個展現自我、提升職場實力、追求夢想的完美舞台!   工作內容： -      以創新的思維提升部門表現 -      維修運動產品 -   	結合維修與自身運動經驗創新與開發 -      自身運動經驗與運動者分享 -      客製化燙印 -      協助團隊成員一起成長  我們正在尋找具備下列特質的夥伴  √ 對自行車、登山露營、健身運動或者客製化服務具熱誠且經常從事相關運動   √ 注重團隊合作且樂於分享  √ 有活力、積極進取、高度責任感、縝密的組織能力、勇於挑戰、做決定  √ 認同永續經營理念"
15347545,【PokéPoké波奇波奇】波奇總部｜品牌行銷營運專員,Poké Poké波奇波奇_波奇股份有限公司,台中,台中市,台中市南屯區,行銷/企劃/專案管理,電子商務/數位零售,34000~36000 (period=2),月薪,34000,36000,0,0,傳統無AI,無,0,0,0,0,我們是「原型食物的專家」——PokéPoké 波奇波奇 在全台擁有25家門市，我們讓均衡飲食變得簡單、方便又美味，精選優質海洋蛋白、超級食物與天然食材，讓每一份 POKÉ 都兼具美味與營養，讓美好生活從選擇開始。  【工作內容】 1. 行銷活動與專案執行 •	協助品牌行銷活動上架、執行及時程管理 •	維護 Marketing Calendar，追蹤跨部門專案進度 •	整理活動資訊、門市執行內容及相關文件 •	執行活動上線前 QA 與活動結果整理  2. 品牌視覺與素材執行 •	依品牌規範製作及延伸日常行銷素材 •	製作門市海報、桌卡、Banner、LINE、官網及外送平台素材 •	執行既有素材
14379294,網站專案企劃（擴編）,瑪卡鎷網路行銷有限公司,台中,台中市,台中市西屯區,行銷/企劃/專案管理,廣告行銷/公關顧問,32000~45000 (period=3),月薪,32000,45000,0,0,傳統無AI,無,0,0,0,0, 1.深入理解客戶需求，進行網站架構與視覺風格討論，協助客戶釐清核心目標並提供專業建議  2.網站規格與架構規劃：負責撰寫網站規格書、規劃網站地圖與 ，確保需求轉化為清晰的開發與設計規範  3.專案時程與進度控管：制定專案里程與時程規劃，掌控專案執行進度與風險，確保專案如期如質交付  4.跨單位溝通與資源協調：擔任設計師與前後端工程師之間的溝通橋樑，確保內部團隊對規格理解一致，流暢推進專案開發  5.專案資源與對外溝通窗口：掌控專案工時與成本資源，擔任客戶與團隊間的單一聯繫窗口，並妥善管理變更需求  【加分條件】  1.專案工具應用：熟悉或擅長使用 Notion 進行專案知識庫建立、進度追蹤與
14676501,【外貿協會】專案經理(台中國際會展中心/業務企劃組) #238,怡東人事顧問股份有限公司,台中,台中市,台中市西屯區,行銷/企劃/專案管理,廣告行銷/公關顧問,44990~44990 (period=4),月薪,44990,44990,0,0,傳統無AI,無,0,1,0,0,*此為派遣職缺，有意者請投遞*  臺中國際會展中心位於水湳經貿園區，由展覽館 與會議中心兩棟建築組成，由臺中市政府出資興建、委託外貿協會經營管理。 臺中國際會展中心分為「展覽館」與「會議中心」，是中部首座國際級會展平台，將與水湳轉運中心、中央公園等周邊建設，共同帶動區域發展。  【工作內容】 1.國內外展覽及會展業務之開發與推動 2.中英文導覽及簡報能力 3.展會活動專案執行、進度控管及服務品質管理 4.宣傳及行銷活動擬定與執行 5.與主辦單位、參展商及相關協力廠商之溝通協調 6.進行展會相關資料彙整、成果分析及報告撰寫 7.其他主管交辦事項  【需求條件】 1. 大學以上畢業，一年以上工作經
15386342,教育大數據推動中心計畫-專任助理,國立臺中教育大學,台中,台中市,台中市西區,行銷/企劃/專案管理,文教/補教培訓,39180~9999999 (period=0),月薪,39180,39180,0,0,傳統無AI,無,0,0,0,1,資格條件 1.	具教育部認可之國內外大學或碩士學歷，資訊工程、資訊管理、資料科學、數理統計、應用數學或其他資訊相關領域尤佳；非相關科系但具相關工作能力或實務經驗者亦可。 2.	熟悉 SQL 及關聯式資料庫，具資料查詢、彙整、清洗及異常資料檢核能力。 3.	熟悉至少一種資料處理或程式語言，如 Python、R或其他程式/腳本語言。 4.	具資料處理及 ETL 基本概念，了解資料擷取、清洗、轉換、載入及資料品質檢核流程。 5.	具基本統計分析與資料解讀能力（如敘述性統計或趨勢分析等）。 6.	具基本API及資料交換概念，如 RESTful API、HTTP、JSON等。 7.	具良好溝通協調、問題
14887539,行政助理,威山科技有限公司,台中,台中市,台中市西屯區,行銷/企劃/專案管理,資訊科技/軟體網路,30000~35000 (period=0),月薪,30000,35000,0,0,傳統無AI,無,0,0,0,0,【工作內容】 1. 文書處理 2. 協助整理資料及文案 3. 協助安排會議 4. 學習專案管理相關事務以及技巧 5. 執行主管交辦事項   【必要條件】 1. 具備文書作業能力 2. 個性積極，願意主動學習、具備高度自主能力、負責且細心 3. 善於多面向溝通，有高度抗壓性
14097426,海菲秀-醫美業務專員 (中區),香港商醫思欣泰有限公司台灣分公司,台中,台中市,台中市南屯區,行銷/企劃/專案管理,生技/醫療保健,400000~2000000 (period=0),年薪折算,29630,148148,0,0,傳統無AI,無,0,0,0,0,1. 開發新客戶達成業績目標 2. 每周定期拜訪經銷客戶，維繫穩定客戶關係 3. 負責業務接洽及訂單處理 4. 蒐集/追蹤/回饋客戶需求及客訴調查回報 5. 應收帳款回收相關處理
14705894,嶼嶼行銷創意｜徵<行銷副理/經理>,嶼嶼行銷創意股份有限公司,台中,台中市,台中市北屯區,行銷/企劃/專案管理,電子商務/數位零售,50000~70000 (period=0),月薪,50000,70000,0,0,傳統無AI,無,0,0,0,0,【專業團隊核心成員招募中！】  **展開新的職涯旅程，一起塑造創意未來～**  嶼嶼行銷是一家短影音行銷公司，擅長「說故事」，協助創作者打造獨特的特色內容。團隊執行頻道規劃，協助建立鮮明的人設IP，根據IP設定制定出專屬剪輯風格。 目前「嶼嶼行銷創意」短影音行銷團隊擴大增才，熱情邀請可以一起激盪創意的人才加入，創造更多火花！期待你與我們一起成長茁壯～  //嶼嶼行銷創意執行長-林弘毅// 帶領著「嶼嶼行銷創意」短影音製作團隊協助品牌打造熱門內容與帳號，合作案例包含（僅列部分）：「戴蒙老闆好機車」、「可以沙龍-KIKO」、「淨淨笙闆」、「雪倫的隱藏版生活」、「Mei-GMT揪團購」、「汪喵星球」
14181739,專案管理助理/專員,耿舜企業股份有限公司,台中,台中市,台中市西屯區,行銷/企劃/專案管理,傳統製造/精密工業,38000~65000 (period=4),月薪,38000,65000,0,0,傳統無AI,無,0,0,0,0,1.	收集市場訊息，分析趨勢，研究客戶開發方向。 2.	執行新產品/新專案項目開發專案之規劃、執行、設計及發展進度掌控、成本控制及結案程序。 3.	預估各專案成本，並擬定預算。 4.	管控各專案進度，確保各專案符合時程規劃。 5.	管控各專案的品質。 6.	協助專案的規劃、執行與追蹤檢討。 7.	執行開發階段各項會議策劃、召集、記錄及進度跟催等工作。 8.	進行跨部門溝通協調，以利專案之執行。 9.	協調新產品導入量產與上市。 10.	發展商品銷售計劃與推廣執行。 11.	進行客戶溝通及訴願處理。 12.	政府相關新創補助案申請與執行。  ※ 有ESG實績經驗者佳
15183464,[智慧建築] Product Specialist 產品專員 - 消防,SIEMENS_西門子股份有限公司,台中,台中市,台中市西屯區,行銷/企劃/專案管理,文教/補教培訓,面議,面議,,,1,0,傳統無AI,無,0,1,0,0,What you will do: •  負責西門子消防產品之技術支援，包含新產品導入、工程師教育訓練與技術文件整理 •  為國外原廠技術聯繫窗口，負責技術問題回報與解決方案溝通 •  與行銷部門合作進行產品推廣，並支援業務團隊銷售活動與客戶簡報 •  協助業務團隊提供專案解決方案，並處理現場技術問題與客戶技術諮詢 •  支援消防相關專案之系統設計，包含系統配置建議與圖面繪製  What we are looking for: • 大學以上學歷，工程相關科系   • 具備管理火警系統或潔淨氣體系統現場實務經驗為佳 • 具有電子廠、飯店、商辦等場所消防工程執行實務經驗更佳 • 中等英語聽說讀寫能
14236861,商開專案管理專員-台中（實體面試補助車馬費）,中美兄弟製藥股份有限公司,台中,台中市,台中市北區,行銷/企劃/專案管理,傳統製造/精密工業,面議,面議,,,1,0,傳統無AI,無,0,0,0,0,1. 協助專案規劃、執行與控制。 2. 確保專案之執行與持續改善。 3. 專案會議資料製作與記錄 4. 跨部門整合與溝通協調。 5. 主管交辦事項。 （面試補助車馬費台中縣市600元，台中縣市以外800元） 
15095825,永續專案人員(台中辦公室),隆芳興業股份有限公司,台中,台中市,台中市南屯區,行銷/企劃/專案管理,生技/醫療保健,38000~42000 (period=0),月薪,38000,42000,0,0,傳統無AI,無,0,0,0,0,1. 企業社會責任及健康安全專案管理及改善追蹤〈FEM、SLCP等〉 2. 其他主管交辦事項
15406690,Lion Taichung 招募｜公關,友朋國際娛樂有限公司,台中,台中市,台中市西屯區,行銷/企劃/專案管理,文教/補教培訓,300~300 (period=0),時薪折算,48000,48000,0,0,傳統無AI,無,0,0,0,0,工作時間｜週三～週五 薪資待遇｜時薪 300 元 福利制度｜享勞健保 額外獎勵｜帶桌另有抽成（實際面議）  【工作內容】 ・現場招呼、接待客人 ・與顧客互動，維持良好顧客關係 ・協助訂位、帶位及客戶接待 ・介紹店內活動及消費方式 ・關心顧客現場體驗與需求 ・維繫熟客及建立長期客戶關係 ・協助帶動現場氣氛 ・配合店內活動及公關相關工作  ・個性活潑、善於與人互動 ・具服務熱忱及良好溝通能力 ・有責任感、配合度佳 ・有公關、夜店、餐酒館或服務業經驗佳 ・無經驗可培訓  工作地點｜台中西屯
10904433,【總管理處】行銷企劃美編人員,惠朋國際股份有限公司,台中,台中市,台中市西屯區,行銷/企劃/專案管理,傳統製造/精密工業,33000~9999999 (period=2),月薪,33000,33000,0,0,傳統無AI,無,0,0,0,0,1.熟MAC系統、 需會操作Photoshop、Illustrator。 2.設計製作公司產品型錄、DM、說明書、產品包裝、展覽海報製作等事務。  3.網站與官方粉絲頁維護。  4.與相關配合廠商接洽、溝通。   5.簡報製作、熟印前完稿作業、具設計提案執行能力。 6.平面拍攝與影片剪輯(會攝影技術尤佳)。  7.執行主管賦予各項工作任務。 8.面試請攜帶作品。 
15053823,南區親子館～專職專案人員（臺中市香柏木健康關懷協會承辦）,香柏木健康事業股份有限公司附設臺中市私立香柏木居家長照機構,台中,台中市,台中市南區,行銷/企劃/專案管理,生技/醫療保健,36050~9999999 (period=2),月薪,36050,36050,0,0,傳統無AI,無,0,0,0,0,"~~專職專案人員（全職）~~  主要工作內容 • 規劃及辦理親職教育講座 • 規劃及辦理親子活動 • 親子遊戲空間設計與佈置 • 親職溝通 • 管理及執行教玩具租借服務 • 兒童發展篩檢  待遇：月薪 36,050 元＋證照加給 2,000 元  上班時間：自115年8月1日起，週二～週六 8:30–17:30 （週日排班／補休） 休假制度：補休／輪休  履歷資格 國內外大專（院）校以上社工、社福、幼教、幼保、護理相關科系畢業。 高中職以上幼兒保育、護理相關科系畢業，並具有 2 年以上兒童福利直接服務經驗。 具保母證照者尤佳。  聯絡人員 • 單位主管：林督導 • 電郵：sdchildcent"
13832244,【JC科技】網路/社群行銷專員,鉅誠實業有限公司,台中,台中市,台中市西區,行銷/企劃/專案管理,電子商務/數位零售,35000~45000 (period=0),月薪,35000,45000,0,0,傳統無AI,無,0,0,0,0,1.參與短影片、社群貼文討論 2.即時貼文需求 3.參與公司短片拍攝(需在影片中露臉) 4.口碑操作，KOL媒合。 5.熟悉社群經營管理 (Facebook、IG、PTT或Dcard、Line...等)，具備話題創造能力，提升公司曝光率及點閱率 6.擅長網路文字表達與溝通。 7.經營Facebook粉絲團、Instagram、LINE@、Youtube。 每週討論貼文主題與方向，以時事流行梗創造話題。 8.熟悉社群網站、網路平台、粉絲團經營等行銷操作。 9.負責電子報、EDM及各種宣傳文案的設計、製作與發送 10.撰寫官網部落格文章 11.發想、執行電商平台活動 12.完成總經理交代事項 13
15056271,業務訓練發展部_教育訓練人員-台中,智匯保險經紀人股份有限公司,台中,台中市,台中市西屯區,行銷/企劃/專案管理,文教/補教培訓,34999~45000 (period=2),月薪,34999,45000,0,0,傳統無AI,無,0,0,0,0,1.商品或行銷訓練規劃與執行  2.業務培訓規劃及執行 3.公司各項政令宣導、執行  4.各項教育訓練作業(如：6H法遵、高齡教育訓練...等) 5.上級主管交辦事項  
15366317,網路行銷美編,于凡室內設計有限公司,台中,台中市,台中市南屯區,行銷/企劃/專案管理,廣告行銷/公關顧問,35000~35000 (period=2),月薪,35000,35000,0,0,傳統無AI,無,0,0,0,0,### 品牌行銷｜短影音企劃・拍攝・剪輯  我們希望找的，不只是會拿相機、會剪影片的人， 而是對「空間、設計、美感與生活」有感覺， 能透過影像，把于凡想傳達的設計理念與品牌溫度說出來。  如果你喜歡室內設計、生活美學，也熟悉 Instagram、Reels、短影音內容， 歡迎加入我們，一起把好的設計變成更多人看得見、感受得到的內容。  【工作內容】  ・品牌短影音內容企劃與發想   依照于凡的品牌方向，規劃 Reels／短影音主題、腳本及拍攝方式。  ・短影音拍攝與剪輯   包含完工作品、設計師分享、工地紀錄、公司日常、品牌活動等內容拍攝與後製。  ・社群內容企劃   協助 Instagram
10655626,電商助理,樂維科技有限公司,台中,台中市,台中市大雅區,行銷/企劃/專案管理,電子商務/數位零售,31000~34000 (period=2),月薪,31000,34000,0,0,傳統無AI,無,0,0,0,0,1、電商平台相關作業 2、商品銷售規劃與資料蒐集 3、商品維護、行政作業事務 4、喜歡3C及寵物商品、有電商實務經驗 5、思維敏捷執行力 6、其他主管交辦事項
15218141,行銷助理（台中地區）,佑達泌尿科診所,台中,台中市,台中市南屯區,行銷/企劃/專案管理,生技/醫療保健,35000~9999999 (period=0),月薪,35000,35000,0,0,傳統無AI,無,0,0,0,0,1. 配合各部門需求進行協調與溝通，協助行銷專案順利推進 2. 現場活動協助與協調，掌握執行進度並即時回報 3. 進度追蹤與管控，確保各項任務如期完成 4. 處理行銷相關行政事務（文件整理、資料建檔、廠商聯繫、報價單／請款等） 5. 完成主管交辦之其他事項  
15404345,T3-企劃人員(中區)(2600063),財團法人中衛發展中心,台中,台中市,台中市西屯區,行銷/企劃/專案管理,其他服務/工商貿易,39000~9999999 (period=3),月薪,39000,39000,0,0,傳統無AI,無,0,0,0,0,1.執行桃園、臺中、南投、雲林等區域業務推動及政府計畫專案，如：伴手禮、地方商圈、永續旅遊、工藝相關、青農相關等計畫工作項目內容。 2.獨立企劃專案工作，可執行企劃案發想、規劃、撰寫、籌備、執行及管考，並評估執行效益與精進檢討建議。 3.蒐集國內外產業發展趨勢，規劃具發展潛力之新興商模。 4.配合計畫攻案需求進行商情收集、研究、報告撰寫、簡報製作。 5.協助受輔導企業媒合各式政府輔導資源。 6.配合處理執行專案業主與主管各項臨時交辦業務。 7.配合中心相關行政庶務工作。  薪資將依個人學歷、經歷及專業能力做為核薪依據。
14022798,品牌行銷專員 (Brand Marketing Specialist),"RiConnect, Inc._振鈺數位服務股份有限公司",台中,台中市,台中市北屯區,行銷/企劃/專案管理,資訊科技/軟體網路,面議,面議,,,1,0,傳統無AI,無,0,0,0,0,【工作內容】 1. 社群媒體、官網及行銷活動文案撰寫。 2. 對外聯繫協調：外包設計、供應商、合作夥伴。 3. 展會活動規劃及接待。 4. 完成主管交辦事項。  【工作技能】 1. 口語表達佳，善溝通、應對得體。 2. 細心、有責任感，能同時處理多項工作。  
15107131,臺中市團委會櫃檯服務暨課務人員(西屯學習中心),社團法人中國青年救國團,台中,台中市,台中市西屯區,行銷/企劃/專案管理,其他服務/工商貿易,30000~31000 (period=0),月薪,30000,31000,0,0,傳統無AI,無,0,0,0,0,1. 負責櫃檯行政，包含學員報名、課程諮詢、收銀、電話接聽及教師聯繫。 2. 協助課程前置作業，包含教室設備及空中懸吊課程輔具準備。 3. 經營社群平台（Facebook、LINE、Instagram），包含貼文發布、內容維護及訊息回覆。 4. 製作課程宣傳素材（DM、圖文、影音），具美編設計能力者佳。 5. 協助課務執行、活動支援及其他主管交辦事項。
14136253,誠徵興趣與工作結合來融入生活的夥伴(中古車銷售業務),德泉汽車有限公司,台中,台中市,台中市太平區,行銷/企劃/專案管理,電子商務/數位零售,30000~300000 (period=0),月薪,30000,300000,0,0,傳統無AI,無,0,0,0,0,"這裡是台中德泉汽車,正在看簡介的你 也許你是剛踏入社會的新鮮人 又或是正要覺醒的轉職更生人 人生有許多的夢想與目標想要實現 無奈卻被目前的工作岡位有所侷限 在當年踏入業務生涯的我年僅19歲 踏入業務生涯之前也是領著固定薪資 深刻體會到如果想要提高自己的收入 想過更美好的生活必須要做決心改變 決定改變的那一年我將自己的心態歸零 全心全意投入中古車銷售業務這個行業 從最基礎的洗車整備牽車雜工開始做起 經過4年多的努力在我23歲那年選擇創業 成立了【德泉汽車有限公司】有了新的挑戰 至今一步一步走來靠著優良的口碑持續成長 並在我25歲的時候成功買入人生的第一間房 公司穩定的成長讓我在30而立之前就能達"
14988106,專案計畫管理師,和司特股份有限公司,台中,台中市,台中市南屯區,行銷/企劃/專案管理,其他服務/工商貿易,40000~9999999 (period=3),月薪,40000,40000,0,0,傳統無AI,無,0,0,0,0,若您喜愛專案推進並與人交流，非常歡迎加入我們，一起做有挑戰、也很有成就感的事！  【工作內容】 1.計畫及專案管理與推動、執行進度追蹤。 2.單據整理、經費結報及核銷作業。 3.計畫成果彙整、報告書撰寫。 4.計畫執行相關會議(含紀錄及追蹤)及活動辦理。 5.其他主管交辦事項及其他相關之業務推動與執行。   ►採季獎金制度 ►細心、有責任感，能夠在壓力下有效地處理多工 ►具備良好的溝通能力和團隊合作精神，能夠與不同部門有效溝通協調
11086013,愛賺錢／愛自由／愛玩樂的你～推！推！→不動產業務專員,永慶不動產文心大墩加盟店_樂安居不動產管理顧問有限公司,台中,台中市,台中市西屯區,行銷/企劃/專案管理,其他服務/工商貿易,40000~100000 (period=0),月薪,40000,100000,0,0,傳統無AI,無,0,0,0,0,1.開發房屋及土地市場。 2.針對客源進行電話行銷與客戶經營開發銷售。 3.提供不動產買賣仲介服務。 4.提供不動產租賃仲介服務。
14579466,賣場試飲人員(大買家國光店),光泉牧場股份有限公司,台中,台中市,台中市大里區,行銷/企劃/專案管理,傳統製造/精密工業,196~196 (period=0),時薪折算,31360,31360,0,0,傳統無AI,無,0,0,0,0,1.賣場產品推廣面銷人員。 2.飲品試喝推廣。 3.補貨及整理賣場檯面。  *工作時間：六日 12:30-22:00 (輪休) *工作地點：大買家國光店(臺中市大里區大明里國光路二段710號)
15309685,數位行銷及社群企劃人員,安頡儀器有限公司,台中,台中市,台中市北區,行銷/企劃/專案管理,生技/醫療保健,50000~80000 (period=3),月薪,50000,80000,0,0,傳統無AI,無,0,0,0,0,"＜高績效獎金＞  如果醫療是一場對話，我們需要你來當翻譯  你是說故事的人－自媒體與影音內容  你要規劃醫師短影音內容藍圖——從構思、腳本到分鏡,一手掌握。你也要管理外部攝影、剪輯，確保每支影片不只是拍完，而是拍對、拍好，傳遞正確且良善專業知識  你是資源的整合者－KOL 合作  跟著走進市場，找到真正適合的KOL領袖，醫護病溝通、合規把關，全都要在你手上順暢運轉。  你是數據的翻譯者－SEO 與全渠道經營  你要懂病患在搜尋框裡打的每一個字背後的焦慮與需求，把它轉化成一篇篇真正被搜尋引擎看見、被讀者信任的衛教文章。你要熟練操作 Google Analytics 4 & Search Cons"
15389927,B2C 電商營運專員,一芝軒企業有限公司,台中,台中市,台中市神岡區,行銷/企劃/專案管理,電子商務/數位零售,40000~45000 (period=2),月薪,40000,45000,0,0,傳統無AI,無,0,1,0,0,負責日本 B2C 電商平台日常營運與銷售管理。 維護 ICS Japan 官方 EC 網站商品、價格、庫存與促銷內容。 規劃及評估楽天市場、Yahoo! Shopping、Amazon Japan 等日本電商通路。 商品日文頁面建立、商品說明、圖片與銷售訴求優化。 規劃新品上市、庫存出清、期間限定、套裝組合、Coupon 等促銷活動。 追蹤商品售價及日本市場競爭品牌與網路店家價格。 分析網站流量、轉換率、營業額、毛利、客單價及廣告成效。 協助日本消費者訂單、售前與售後客服。 與台灣總公司、日本公司及相關合作店家溝通協調。 每月提出電商銷售成果及下一階段改善方案。
15171125,亞洲大學學生事務處課外活動與服務學習組約聘僱行政助理,亞洲大學,台中,台中市,台中市霧峰區,行銷/企劃/專案管理,文教/補教培訓,29800~36420 (period=0),月薪,29800,36420,0,0,傳統無AI,無,0,0,0,0,一、學歷：國內（外）大學畢業。 二、基本條件： 1.曾任職於大專校院學務處相關職務者且具辦理大型活動經驗者優先 2.曾協助專案計畫推動執行、成果彙整等工作 3.具溝通協調能力，挫折容忍度高，有責任心及服務熱忱，具學生社團經驗 4.熟諳美工軟體(如Adobe Photoshop、Adobe Illustrator) 5.具電腦文書與公文撰寫經驗者佳 6.具溝通協調能力、抗壓性強、積極活潑樂觀、有責任心與細心   
15051871,行政助理秘書,貝伯盈智慧運營有限公司,台中,台中市,台中市南區,行銷/企劃/專案管理,廣告行銷/公關顧問,面議,面議,,,1,0,傳統無AI,無,0,0,0,0,1. 協助行銷活動的執行與追蹤。 2. 規劃及編輯圖文、影片等內容素材。 3. 社群經營與維護，包括Facebook、Line、YouTube等社群平臺。 4. 網路平臺的商品置入與設定。 5. 參與實體及線上行銷活動企劃。 6. 完成主管交辦事項。  行銷助理是公司行銷部門的重要角色，負責協助行銷團隊推展及執行行銷活動，並在社群媒體上營造話題及增加追蹤者，這個職位有很好的發展前景，並且可以深入瞭解行銷相關知識，對於想要從事行銷相關工作的求職者是一個很好的起點。 歡迎符合資格的求職者提供履歷表，我們期待您的加入！
15104976,Amazon亞馬遜電商營運專員(木入森Moreson),仁和生物科技股份有限公司,台中,台中市,台中市清水區,行銷/企劃/專案管理,生技/醫療保健,40000~50000 (period=4),月薪,40000,50000,0,0,傳統無AI,無,0,1,1,0,你是否想在品牌成長的關鍵時刻，成為帶領官網與電商平台衝刺的核心推手! 我們正在尋找一位懂系統，兼具策略思維與數據分析力的夥伴，讓品牌在數位市場中更具影響力。  職務說明 ：【此職務需具有至少1-2年Amazon電商平台經驗】 *工作內容: •	Amazon 平台商品上架與資料建置（產品資訊、規格、圖片等）  •	商品頁內容優化（標題、Bullet Points、Description）  •	協助商品上架流程與專案進度執行  •	Amazon Seller Central 基本操作與後台設定  •	市場與競品資料蒐集與分析（關鍵字 / 定價 / 競品頁面）  •	基本數據整理與成效追蹤（曝光 
13867903,業務人員(中區),光洲照明科技有限公司,台中,台中市,台中市大雅區,行銷/企劃/專案管理,傳統製造/精密工業,37000~50000 (period=0),月薪,37000,50000,0,0,傳統無AI,無,0,0,0,0,"均采集團經營理念 創造出產品的價值，維持產品的品質，這是我們的固執。 堅持 : 用心做好每一個動作每個細節，產品一出公司必須是最佳狀態。 創新 : 不斷的產品開發及更新，符合這個瞬息萬變的時代。 團隊 : 北中南均有公司,全體公司人員都能討論、溝通、互相配合、創造良好的工作環境。  公司能給妳的是甚麼 1.三節獎金+生日禮金+不定時的聚餐 2.均采集團-照明市場優質品牌形象(每年的建材展覽,YOUTUBE.IG曝光) 4.照明產業的北中南公司團隊 5.全系列LED照明產品  1.區域產品銷售規劃，拓展市場，維繫舊客戶,達成業績目標。 2.產品報價及產品展示，能操作基本Excel表格。 3.自備"
14920327,韓國服飾選品-創意行銷企劃,打開衣櫃有限公司,台中,台中市,台中市北屯區,行銷/企劃/專案管理,電子商務/數位零售,35000~50000 (period=3),月薪,35000,50000,0,0,傳統無AI,無,0,0,0,0,【工作內容】 * 數位內容與多媒體社群運營（IG／FB／小紅書） * 視覺美學實作： 具備自主設計能力（Canva），產出社群圖文與 GIF 素材 * 協助新品上架、商品文案、網站更新（Shopify） * 分析貼文表現與廣告數據，優化互動與轉換率 * 活動策略規劃與業績轉換（上新、VIP活動、節慶檔） * 與門市協作拍攝素材，維護品牌整體調性與視覺一致性  【工作條件】 * 熟悉社群媒體運營（IG／FB／小紅書） * 具基本影像剪輯能力（Canva、VN、Premiere 皆可） * 對時尚、美感與內容敘事具敏銳度 * 若具服飾品牌社群經驗者優先  【工作地點】 台中市北屯區  【工作時間】
15062954,企劃行銷,視保眼科診所,台中,台中市,台中市北區,行銷/企劃/專案管理,生技/醫療保健,35000~9999999 (period=0),月薪,35000,35000,0,0,傳統無AI,無,0,0,0,0,【企劃小編】職務內容 社群平台經營與維運： 負責品牌社群（FB、IG、Threads、LINE@）的貼文撰寫、視覺排版與發佈排程規劃。  社群互動與私訊管理： 負責 FB、IG 粉絲私訊回覆與留言互動，維護品牌社群熱度與顧客關係。  廣告視覺素材產製： 運用 Canva、PS 或 AI 獨立設計符合品牌調性的社群圖文、懶人包及活動宣傳圖。(會PS 或 AI佳)  影音內容企劃： 負責 YouTube 影片及 Reels 短影音之腳本構思、創意發想與拍攝規劃。  主管交辦事項處理： 彈性執行主管指派之專案任務，並協助團隊行政庶務與行銷成效整理。
15405573,電商社群行銷專員,美康生物科技有限公司,台中,台中市,台中市西區,行銷/企劃/專案管理,生技/醫療保健,33000~45000 (period=0),月薪,33000,45000,0,0,傳統無AI,無,0,0,0,0,※有接觸過KOL/網紅合作等經驗※ ※電商平台營運經驗至少1年以上※   【工作任務】 1. 電商平台營運：商品上下架/訂單處理、商品資訊更新、頁面內容維護等 2. KOL合作開發：尋找適合品牌的KOL、網紅、直播主等，聯繫洽談合作與後續執行 3. 社群平台經營：負責IG、FB等社群文章撰寫、日常維護與互動經營 4. 其它主管交辦事項   【我們特別喜歡這樣的夥伴】 有責任感 & 執行力 溝通能力強，能與KOL、外部合作夥伴及內部團隊順利協作 對社群、電商、網路行銷有興趣，喜歡觀察市場與流行趨勢 主動積極、反應快 喜歡接觸新事物，具備一定的企劃思維與創意   【額外加分條件】 以下為加分條件，
14951227,中區 市場訪價員,藥專家生技有限公司,台中,台中市,台中市中區,行銷/企劃/專案管理,生技/醫療保健,200~300 (period=0),時薪折算,32000,48000,0,0,傳統無AI,無,0,0,0,0,中區 市場訪價員  職務說明： 主要包含收集、記錄、回報 市場價格資訊、價格與趨勢。 職務內容依照公司內部需求安排， 會涵蓋實地訪價、電話／網路訪價、神秘客等不同形式 工作成果是提供公司以及銷售部門市場情報、資訊 以利公司下決策使用。   區域：台中、彰化、南投  (依公司安排)  備註：入選後 詳細工作內容 會由葉經理說明 
14491573,電動車充電樁規劃師1~2名(台中烏日高鐵特區)*需具相關證照,鎂瀚潔電科技股份有限公司,台中,台中市,台中市烏日區,行銷/企劃/專案管理,傳統製造/精密工業,40000~55000 (period=0),月薪,40000,55000,0,0,傳統無AI,無,0,0,0,0,❤️ 歡迎 加入最有前景的 電動車充電 新能源事業 !!! ***  需具丙級室內配線技術士證照 或  丙級工業配線技術士證照 或 用電設備檢驗技術士證照 或以上  工作項目 1.	負責協助特斯拉與各大廠牌電動車車主進行充電座安裝實地勘察。 2.	負責場勘後文件製作、建檔、追蹤。 3.	負責管委會、區權會安裝充電座規劃說明。 4.	負責住家、社區、商場等區域新增充電設備規劃。 5.	負責協助客戶安裝充電座後的相關Q&A技術支援。 6.	協助主管交辦事項。 7.	進階能負責大型案場的專案開發與執行。 8.	公司提供Tesla公務車。 ***需會用蘋果Apple筆電操作應用與蘋果Apple手機
13116141,中部營業人員(台中),台灣YKK股份有限公司_台灣華可貴股份有限公司,台中,台中市,台中市西屯區,行銷/企劃/專案管理,傳統製造/精密工業,38000~41000 (period=2),月薪,38000,41000,0,0,傳統無AI,無,0,1,0,0,"- 工作內容：YKK產品之銷售、業務開發、客戶服務、負責相關接單工作 - 英文中等以上 - 熟悉OFFICE軟體 (word, excel, powerpoint, etc)操作。 "
14418787,行銷人員-中區資源中心,財團法人伊甸社會福利基金會,台中,台中市,台中市北區,行銷/企劃/專案管理,其他服務/工商貿易,33000~34000 (period=0),月薪,33000,34000,0,0,傳統無AI,無,0,0,0,0,我們在招募對行銷有興趣的夥伴，藉由連結資源來消弭社會不平等，為台灣這塊土地貢獻，創造這個世代的價值。  [為什麼要加入我們] – 43年的本土公益品牌，行銷企劃合作範疇廣泛。 – 福利制度完整，組織文化重視愛與包容。 – 自我實現的管道，體驗不同職涯。  [工作內容] 1. 企業專案募款業務提案 2. 企業募款開發與客戶管理 3. 企業專案活動規劃、執行 4. 企業志工、受贈等活動規劃與執行 4. 伊甸品牌活動規劃、執行 5. 其他主管交辦事項
15103218,行政助理,呼密藍莓農場,台中,台中市,台中市霧峰區,行銷/企劃/專案管理,傳統製造/精密工業,34000~36000 (period=0),月薪,34000,36000,0,0,傳統無AI,無,0,0,0,0,1.農產品及加工品包裝出貨 2.客戶連繫與建檔 3.農場行政及環境整理 4.網路文書(小編) 5.網路客服及電話客服 6.展售服務業務 7.產品業務開發助理 8.農場其它雜項行政業務 
13743094,G02-日本線手配(台中),雄獅旅行社股份有限公司,台中,台中市,台中市烏日區,行銷/企劃/專案管理,其他服務/工商貿易,35000~9999999 (period=0),月薪,35000,35000,0,0,傳統無AI,無,0,1,0,0,1.飯店、餐廳、景點、巴士等元件預約/修改/取消/確認 2.供應商合約簽訂 3.元件價格談判與相關帳務處理 4.供應商關係聯繫維護 5.其他主管交辦事項 6.外站緊急狀況處理  ◆ 備註： ★每月績效獎金另計。 ★手配語言加給另計: 日語N1資格者$3000，N2資格者$2000。
14805745,行銷小幫手（計時工讀）,荷仕電信通訊聯盟_由鉅事業有限公司,台中,台中市,台中市西屯區,行銷/企劃/專案管理,文教/補教培訓,196~196 (period=0),時薪折算,31360,31360,0,0,傳統無AI,無,0,0,0,0,**需略懂 製圖 軟體，製作DM或海報 **略懂 文案活動 撰寫 規劃檔期活動 **主管交代事項  每日上班2-4小時，時間可安排 需耐性、細心／善於溝通／冷靜 *善於安排時間／認真負責者  **懂越南文尤佳   【公司簡單認識】 我們是中部最大電信聯盟-荷仕電通，在中彰投有16家包含遠傳電信、台哥大電信、三星門市。 總公司座落於台中市西屯區逢甲商圈附近，後勤團隊包含倉管、行政、物流，全力支持門市的貨品需求與銷售!   透過資源整合，教育訓練，提供暢通升遷管道，及建構完善福利制度 讓每位工作夥伴實現夢想，照顧家人!
15312433,專案管理人員,台偉精密科技股份有限公司,台中,台中市,台中市東區,行銷/企劃/專案管理,傳統製造/精密工業,40100~9999999 (period=0),月薪,40100,40100,0,0,傳統無AI,無,0,0,0,1,1. 具獨立撰寫執行計畫書、品管計畫書與操作手冊之能力。 2. 能將技術圖紙轉為通俗文字，串接業主、研發與產線。 3. 可徹底執行時程與進度掌控。 4. 具備撰寫演講簡報之能力 5. 現場簡報答詢經驗者佳。 6. 熟悉現場驗收經驗佳。 7. 對合約規範高度敏銳，能適應交貨各結點的嚴格時限。 8. 其他主管交辦事項。 9. 可加班佳。
15404669,行銷助理,職人洋行股份有限公司,台中,台中市,台中市南屯區,行銷/企劃/專案管理,電子商務/數位零售,35000~9999999 (period=4),月薪,35000,35000,0,0,傳統無AI,無,0,0,0,0,我們正在尋找細心、負責且具備多元實務經驗的夥伴加入團隊！如果你熟悉電商出貨流程、具備良好的溝通能力，並能獨立完成各項營運事務，歡迎投遞履歷！ ▍工作內容 1.商品文案 • 商品上下架與資料建檔維護。 • 撰寫吸睛、易讀的商品文案（如產品介紹、社群/促銷短文）。   • 基礎圖片編修與排版。 2.客戶服務與溝通   • 回覆各平台顧客訊息、處理線上客服問題。   • 協助處理退換貨、客訴等問題並妥善回報與追蹤。 3.行政與庶務支援   • 基礎行政事務處理、檔案整理與資料記錄維護。   • 主管交辦之營運支援事項。 4 倉儲與物流作業   • 負責線上購物訂單撿貨、包貨與出貨作業。   • 倉庫
12888106,#適合在校生(或夜校生)#可彈性上下班「近東海大學」【台中工業區-財團法人】行政助理(周休二日),東慧國際諮詢顧問股份有限公司,台中,台中市,台中市西屯區,行銷/企劃/專案管理,傳統製造/精密工業,29500~29500 (period=0),月薪,29500,29500,0,0,傳統無AI,無,0,0,0,0,⭐彈性上下班，工作單純，極少加班⭐ ⭐適合在校生(或夜校生)、國考生⭐ 一周上班天數三天以上(若每週四天以上是算全時月薪、三天以內是時薪)   【工作內容】 1.協助處理檢驗報告製作及相關文件整理歸檔工作。 2.其他主管交辦事項(安排會議、協助資料確認、經費核銷)。 *熟悉Office 軟體操作(excel、powerpoint、word、Outlook) *文字表達能力良好，細心者佳 *有工作經驗，活潑積極正向思考特質。 *具備不錯的溝通協調能力與EQ *能接受挑戰且具應變能力。 *願意接受有限期之約聘工作者(最長12個月)  *【其它】： *願意接受有限期之約聘工作者 *學科背景：管理學科
15397865,數位行銷專員,風采有限公司,台中,台中市,台中市西屯區,行銷/企劃/專案管理,廣告行銷/公關顧問,面議,面議,,,1,0,傳統無AI,無,0,1,0,0,我們正在尋找一位具備數位行銷基礎、對 SEO 有興趣的行銷夥伴，參與網站 SEO、數據分析及內容優化等工作。你將透過實際操作累積經驗，逐步培養網站優化與數位行銷能力，與團隊一起成長。  【工作內容】 1. 協助執行 SEO 策略，包括關鍵字研究、網站內容及 SEO 優化，提升網站自然搜尋曝光與流量。 2. 協助外部連結建設，建立高品質反向連結。 3. 追蹤分析網站流量、關鍵字排名及收錄等 SEO 數據。 4.依據關鍵字研究與搜尋趨勢，協助規劃及撰寫 SEO 文章。 5. 協助檢視網站基礎設定、HTML 及網站結構，並與設計公司及 IT 團隊協作，推動網站優化。 6. 協助數位廣告投放及成效追蹤
14566345,專案人員(勞動部相關專案),中華民國工業區廠商聯合總會,台中,台中市,台中市西屯區,行銷/企劃/專案管理,傳統製造/精密工業,33000~38000 (period=6),月薪,33000,38000,0,0,傳統無AI,無,0,0,0,0,【1】本職為定期契約人員 【2】協助專案計畫執行、活動辦理及支援 【3】協助會務工作 【4】其他臨時交辦事項
14970503,【亞尼活力】產品行銷企劃｜保健食品(上班地點：台中市大雅區鄰近洲際棒球場),亞尼活力有限公司,台中,台中市,台中市大雅區,行銷/企劃/專案管理,生技/醫療保健,37000~42000 (period=2),月薪,37000,42000,0,0,傳統無AI,無,0,0,0,0,如果你已經有一些行銷經驗，不想只停留在「把企劃做完」，而是開始想知道： - 這個活動有沒有成效？ - 消費者為什麼買？ 那你可能很適合這個職位。我們不期待你一開始什麼都會，更重視你是否願意主動思考、推進事情，並從執行結果中持續找到更好的做法。  【你會負責的工作】 1｜產品經營 負責3-4支保健食品的產品行銷企劃、檔期活動與業績追蹤，持續思考產品還有哪些成長機會。  2｜行銷企劃 規劃商品頁、銷售文案，以及社群、KOL、口碑、短影音、EDM等行銷溝通方向，並整合內外部資源執行。 ※不需要一個人包辦所有行銷工作，重點是能提出企劃、整合資源並推進執行。  3｜成效追蹤與優化 追蹤產品業績與行銷活動
13800697,信實重慶店(西屯區)【不動產經紀人】高獎金制/福利佳/薪優,信實重慶有限公司,台中,台中市,台中市西屯區,行銷/企劃/專案管理,文教/補教培訓,面議,面議,,,1,0,傳統無AI,無,0,0,0,0,我們提供~  ●完善教育訓練      -學長姊一對一教學，不僅理論上的指導，更親自帶著你跑!    -店長主管親自輔導，立即解決反對問題，累積更多實戰經驗！    ●強大聯賣系統/百人直營體系              -信實總店      -信實台中青海特許加盟店(西屯)      -信實台中漢口特許加盟店(北區)      -信實復興特許加盟店(南區)      -信實崇德特許加盟店(北屯區)      -信實邸家特許加盟店(北區)      -信實文心特許加盟店(西屯)      -信實重慶店（西屯）      -信實仁平特許加盟店(北屯)      -信實黎明邸家特許加盟店(南屯) 
15224954,不動產代銷百億聯銷案-專案副理與櫃檯行政(可銷售),譯鑫廣告有限公司,台中,台中市,台中市北屯區,行銷/企劃/專案管理,廣告行銷/公關顧問,39000~9999999 (period=0),月薪,39000,39000,0,0,傳統無AI,無,0,0,0,0,工作內容如下: 1.需熟悉銷售接待中心各項行政事務。 2.具備協助案場事務管理與銷售熱忱。 3.態度積極正向、自主性強、善溝通、具良好EQ及溝通能力。 4.公司型態年輕有活力，能具備一定的社交能力。 5.建立與管理公司文件檔案，包括文書處理、資料建檔、歸檔及後勤業務。 6.協助支援部門各項業務工作。  【職位要求】 1.具備不動產營業員證照佳。 2.具汽、機車駕照。 3.對代銷業有企圖心和主動學習的熱忱。  4.具備高度的職業道德和保密意識，能夠處理敏感的公司資訊。 5.熟悉Microsoft Office（Word、Excel）及相關辦公軟體。 
15374758,醫材業務專員-中區,沛旭生科股份有限公司,台中,台中市,台中市西屯區,行銷/企劃/專案管理,生技/醫療保健,40000~60000 (period=0),月薪,40000,60000,0,0,傳統無AI,無,0,0,0,0,1. 提供專業醫材操作和醫療知識教育訓練，無相關經驗亦可。 2. 配合業務主管拜訪客戶，進行關係維護，不須負責業績。。 3. 提供產品臨床應用說明，教導醫院、診所相關人員正確操作使用醫療器材。 4. 依醫院醫療器材操作使用規範，協助業務主管共同完成任務。 5. 參與標案作業、醫學會議與產品推廣活動。 6. 主要服務區域：台中、苗栗、彰化、南投。
15397228,美編行銷助理,蒲菲科技有限公司,台中,台中市,台中市大甲區,行銷/企劃/專案管理,電子商務/數位零售,29500~35000 (period=0),月薪,29500,35000,0,0,傳統無AI,無,0,0,1,0,- 維護網站後台，商品上架、關鍵字優化與促銷設定 - 撰寫商品頁文案、型錄與圖像美編 - 規劃短影音腳本，協助拍攝與剪輯 - 協助行銷活動與廣告素材製作 - 管理專案時程與文件，跨部門協作 - 主管交辦事項  專注跨境電商成長，從平台維運到內容美編與銷售數據，讓品牌在國際市場快速累積口碑與營收。 想在全球市場磨練成長曲線？加入我們，用數據與內容打造高轉化商品頁！
15317331,業務經理(急徵),未來農場工程股份有限公司,台中,台中市,台中市梧棲區,行銷/企劃/專案管理,傳統製造/精密工業,60000~9999999 (period=0),月薪,60000,60000,0,0,傳統無AI,無,0,1,0,0,職務內容 1. 客戶開發與關係管理  市場拓展： 開發潛在客戶與策略合作夥伴。 關係維繫： 經營既有客戶關係，提升滿意度。 客訴處理： 妥善處理客戶抱怨與異常事件（NC）。  2. 專案評估與提案管理  可行性評估： 進行新專案的前期評估與分析。 提案與報價： 編制專案提案報告與商務報價單。 合約與標案： 準備投標文件並參與合約條款協商。  3. 專案執行與管理  跨部門協調： 整合工程、採購、行政與人資等內部資源。 進度與控制： 嚴格控管專案進度（Milestones）、品質與成本。 問題排除： 協調並解決跨部門衝突與突發議題。 驗收與請款： 追蹤專案驗收進度並協調請款流程。  條件要求 學
14969263,營運企劃特助,泰孟閣_凬鯪羽實業社,台中,台中市,台中市北區,行銷/企劃/專案管理,電子商務/數位零售,40000~9999999 (period=3),月薪,40000,40000,0,0,傳統無AI,無,0,0,0,0,核心定位與個人獨立職責  - 核心定位：泰孟閣社群帳號的「總操盤手」與品牌靈魂推手（主理人 Nina 主要對接窗口）。負責深度掌握主理人的動向、神務行程與品牌核心精神，靈活控管全渠道的推廣節奏與帳號調性，對帳號的「社群影響力、信眾互動黏性與推廣轉化結果」負有直接營運責任，透過發佈、推播與排程，極大化社群曝光、互動與流量引導。 - 獨立工作範疇 (5大核心重點)： 1. 主理人動態掌握與隨拍捕捉**：儘可能與 Nina 深度行程綁定，隨時捕捉第一手神務、跑廟、信眾互動與推廣隨拍素材。 2. 社群貼文與限動推廣落地：負責 IG 雙帳號的日常限動或貼文、影片發佈，每日發布具備高互動性與強導流誘因的限
12454935,【台中辦公室】業務專員,炎洲流通股份有限公司,台中,台中市,台中市大雅區,行銷/企劃/專案管理,其他服務/工商貿易,32000~9999999 (period=0),月薪,32000,32000,0,0,傳統無AI,無,0,0,0,0,1.開發潛在客戶，拓展市場，以達成業績目標。 2.負責國內業務接洽及訂單處理。 3.處理帳款回收等相關事宜。 4.定期拜訪客戶，維繫穩定客戶關係。 5.配合外務相關工作(物流配送及倉儲管理)。  ※ 試用期滿，達業績目標者，業務獎金另計。
13124046,無經驗可#擺脫死薪水長工時#剛入職也可領高薪#完善教學,幸福第一站股份有限公司,台中,台中市,台中市北屯區,行銷/企劃/專案管理,文教/補教培訓,29500~100000 (period=0),月薪,29500,100000,0,0,傳統無AI,無,0,0,0,0,無經驗ok 只要你帶著熱忱的心 無私經驗教學讓你短時間就上手 提供優質的工作環境 只要你有心，人人都可以拿高薪~   ◎租屋工作內容 我們圍繞三個工作核心 1、委託 2、回報經營 3、帶看銷售  ◎為什麼要選擇幸福第一站？ 幸福第一站是燊鼎地產股份有限公司不動產租賃自有品牌，深耕大台中地區已超過十年（台灣房屋6間直營模式），從租賃、代管、買賣、代銷、建設真正的一站式服務，各部門業務緊密連結，我們不是只讓你單純委託 帶看而是體現房地產真正的生態。  ◎幸福第一站優勢 1.結合公司各部門台灣房屋6間店 梧桐建設，每月新增上百件物件，配案無煩惱。 2.自有內網系統，找尋物件、行銷不用愁 3.我們是一
15012731,【台中】包租代管業務人員【不可兼職、高獎金％數+累積底薪制】無經驗可培訓,豐家租賃住宅服務股份有限公司,台中,台中市,台中市西屯區,行銷/企劃/專案管理,文教/補教培訓,2000~25000 (period=0),面議,,,1,0,傳統無AI,無,0,0,0,0,您好！ 這是台灣目前正在蓬勃發展的新興行業，非傳統仲介，主要的工作就是協助房東出租及管理 公司從代租代管起家，2025年預計擴大營運至全台灣，經營版圖包含雙北，桃園，新竹，台中，台南等都會區 熱烈歡迎對包租代管、房地產有興趣的人才一起加入! 除一般包租代管外，另有政府社會住宅案件可供開發! 【不可兼職、不可兼職、不可兼職】  這是一個藍海的市場～需要優秀的人才！！ 公司提供豐富的資源： 1. 個人辦公桌及文具 2. 公司電話免費打 3. 行政、影印、專職秘書   在公司團隊及教育訓練 有資深學長姐分享業務心得，完整教育訓練 產業小白沒關係，讓您在最短的時間內快速的熟稔以及發展完善的業務   薪
15405183,永續管理師 E4,財團法人塑膠工業技術發展中心,台中,台中市,台中市西屯區,行銷/企劃/專案管理,傳統製造/精密工業,40000~9999999 (period=3),月薪,40000,40000,0,0,傳統無AI,無,0,0,0,0,1. 主導撰寫自主及政府專案計畫，企劃提案將策略轉化為具體成果 2.自主及政府專案計畫執行與進度管控，掌握產業政策脈動，推動計畫落地與商機媒合 3.依專案進行廠商開發、辦理產業相關論壇、座談會、展示交流與媒合會等活動 4.配合專案會議安排、資料彙整、績效追蹤、行政作業及其他臨時交辦事項 5.具備專案計畫書撰寫、簡報製作能力 6.配任主管指派任務
15350167,行銷助理---長期工讀,中良工業股份有限公司,台中,台中市,台中市大雅區,行銷/企劃/專案管理,傳統製造/精密工業,196~196 (period=0),時薪折算,31360,31360,0,0,傳統無AI,無,0,0,0,0,1. 色卡製作 2. 季度樣冊製作 3. 政策性產品樣冊製作 4. 數位樣冊平台資料keyin
15094191,產品行銷 PM / 資深產品行銷 PM,錦鉅城股份有限公司,台中,台中市,台中市南屯區,行銷/企劃/專案管理,廣告行銷/公關顧問,40000~9999999 (period=0),月薪,40000,40000,0,0,傳統無AI,無,0,0,0,0,一、行銷策略規劃 ● 制定產品整體行銷策略，涵蓋品牌定位、渠道規劃與年度推廣節奏。 ● 持續進行市場調查與競品分析，掌握趨勢動態，優化品牌定位與用戶獲取策略。  二、付費投放管理 ● 統籌 Meta、Google UAC 等付費渠道策略與預算分配。 ● 與代理商協作推進素材測試與投放優化，追蹤 CPI、ROAS、首付轉換等核心指標。  三、活動企劃與執行（線上／線下） ● 規劃並主導線上促購活動、社群互動與版本行銷節點。 ● 統籌線下活動執行（場地、流程、廠商協調），確保品牌曝光與轉換目標達成。 ● 規劃 KOL／直播合作方案，擴大品牌聲量。  四、社群與通路經營 ● 負責 Facebook 
14771190,活動企劃,諾曼地創意行銷有限公司,台中,台中市,台中市烏日區,行銷/企劃/專案管理,廣告行銷/公關顧問,33000~9999999 (period=0),月薪,33000,33000,0,0,傳統無AI,無,0,0,0,0,1. 負責各類活動的規劃、安排與執行（如：年度活動、公關活動、節慶活動、通路活動、產品推廣活動、公司形象活動及企業品牌活動）。 2. 負責活動企劃案的發想與撰寫。 3. 負責活動現場的統籌、監督管理與執行。 4. 負責公司刊物及行銷刊物的企劃。 5. 負責公司行銷商品企劃。 6. 設計活動相關文宣。 7. 負責公關、接待及新聞稿撰寫發稿。 8. 負責現場活動主持。 9. 撰寫結案報告。 10. 執行定期行銷活動資訊的更新與維護。 
14597621,花市賣場,禧樹景觀股份有限公司,台中,台中市,台中市北屯區,行銷/企劃/專案管理,其他服務/工商貿易,29500~39000 (period=0),月薪,29500,39000,0,0,傳統無AI,無,0,0,0,0,有熱情的心，不怕熱，對植物喜愛，肯吃苦，如果您符合我們的要求，請盡快申請並表達您對這個職位的興趣。
14937414,營運主管助理,必創系統有限公司,台中,台中市,台中市西屯區,行銷/企劃/專案管理,資訊科技/軟體網路,面議,面議,,,1,0,傳統無AI,無,0,0,0,0,1. 協助營運管理與績效追蹤  2. 專案管理與跨部門協作  3. 市場與競品調查 
14863913,主管特助,必創系統有限公司,台中,台中市,台中市西屯區,行銷/企劃/專案管理,資訊科技/軟體網路,面議,面議,,,1,0,傳統無AI,無,0,0,0,0,1.協助主管進行資源協調與橫向聯繫 2.基本系統、產品問題排除 3.跨部門專案執行追蹤及溝通協調整合 4.協助主管管理整體開發專案之流程改善 5.執行主管之交辦事項，並提供分析，協助決策  6.熟悉Excel或試算表以及PPT製作 7.具備優良主觀能力 8.善於團隊協作 
11594147,業務代表,齊瑞室內裝修企業有限公司,台中,台中市,台中市北屯區,行銷/企劃/專案管理,廣告行銷/公關顧問,32000~80000 (period=0),月薪,32000,80000,0,0,傳統無AI,無,0,0,0,0,"1.開發潛在客戶，拓展市場。 2.定期拜訪客戶，維繫客戶關係。 3.負責國內業務接洽及訂單處理。 4.簡報提案，國內業務接洽。 5.產品報價及產品展示，處理帳款回收事宜。 6.維繫客戶，說明公司各項訊息、活動及產品。 7.無須經驗對業務有企圖心。 8.基本有機車,最好有汽車。 9.具有業務經驗尤佳"
13659795,電商專員,今口香調理食品股份有限公司-總公司,台中,台中市,台中市太平區,行銷/企劃/專案管理,電子商務/數位零售,36000~50000 (period=3),月薪,36000,50000,0,0,傳統無AI,無,0,0,0,0,拓展公司業務，電商運營是我們線上門面，能夠透過線上工具與行銷團隊密切合作，我們期待你了解冷凍食品產業操作，共同達成公司營運目標。  工作內容： 1.負責網站營運與維護 （包含商品上下架、文案撰寫能力、商品及庫存管理） 2.電商行銷活動內容發想及文案撰寫、提案和執行活動 3.電商通路營運管理（例：91APP、MOMO、蝦皮等） 4.具有基本美感能與設計溝通banner與企劃製作 5.與KOL/KOC洽談合作經驗 6.完成上級交代之其他部門支援事項
14064357,電商團購業務專員,欣陽生醫科技股份有限公司,台中,台中市,台中市西區,行銷/企劃/專案管理,生技/醫療保健,38000~60000 (period=3),月薪,38000,60000,0,0,傳統無AI,無,0,0,0,0,"★公司特色：   1.【分紅獎勵制度】  不僅有常態業績獎金,更有多元化KPI分紅獎勵，每賺的每一分錢，都會有一定比例回饋給工作夥伴！ 2.【順暢晉升管道】 依年度表現與公司營運狀況，提供順暢晉升管道，不只是調薪機會，更是徹底發揮實力的舞台，您的薪酬、由您的實力掌握！  3.【透明獎勵制度】 注重獎勵的透明度，讓每一分獎金清楚透明，每次努力茁壯的成果，都經由清楚且透明的回饋機制，認真回報打拼的您！ 4.【積極市場成長】 無論資深或資淺的升遷機會均等，有無經驗大家都站在同樣起跑點，憑藉優異工作能力，發展機會提供給對未來有目標的您！   5.【完整教育訓練課程】  完整的訓練與培養計畫，其中包含近"
15309920,影音行銷企劃,鼎紳企業社,台中,台中市,台中市南屯區,行銷/企劃/專案管理,廣告行銷/公關顧問,40000~65000 (period=2),月薪,40000,65000,0,0,傳統無AI,無,0,0,0,0,【工作內容】 ‧ 負責 IG Reels、TikTok、YouTube Shorts 短影音題材發想。 ‧ 撰寫影片標題、前三秒鉤子、口播腳本、分鏡及貼文文案。 ‧ 將貸款知識、工作日常及生活題材，轉化成簡單、有共鳴的短影音內容。 ‧ 協助影片拍攝，包含鏡位安排、現場流程及口播引導。 ‧ 負責影片剪輯、字幕、音效、配樂及封面製作。 ‧ 觀察觀看次數、完播率、互動率等數據，持續調整影片方向。 ‧ 配合製作社群及廣告所需的影音素材。  ---應徵請附作品集，讓我們更了解您--- • 不定期團隊聚餐 拍攝收工、專案完成或影片成效破標，大家一起吃點好的。  • 零食、飲料補給 維持腦袋有梗、面對鏡頭有
15248308,資訊系統導入工程師,台灣翔登股份有限公司,台中,台中市,台中市西屯區,行銷/企劃/專案管理,傳統製造/精密工業,面議,面議,,,1,0,傳統無AI,無,0,0,0,0,1.擔任各部門 ERP 系統的第一線支援窗口，受理使用者問題並提供操作指導與問題排查  2.規劃並執行 ERP 新功能、新模組上線的教育訓練課程，製作操作手冊與 SOP 文件  3.依各位單位需求設計電子表單流程（BPM管理平台，使用者端設定）  4.協同 資訊與各部門推動資訊系統落地  5.負責 HR 新系統（升版後）的使用者培訓、帳號管理與日常操作問題支援  6.協助 ERP 帳號與權限管理，定期執行帳號盤點（配合 ISO 27001 要求）  7.支援各廠區系統操作巡迴輔導，確保各部門能正確使用相關資訊系統  8.彙整單位的系統需求，回報 IT 主管評估排  我們提供： 完整的技術引導。
14481937,數位行銷專員,華府旅行社股份有限公司,台中,台中市,台中市西區,行銷/企劃/專案管理,廣告行銷/公關顧問,38000~40000 (period=4),月薪,38000,40000,0,0,傳統無AI,無,0,0,0,0,"1.負責公司及旗下所屬網站產品維護及資料更新。 2.具備seo觀念，導入產品文案設計。 3.規劃網站廣告版位排程。 4.每季行銷主題規劃。 5.產品電子報,e-flyer及各種宣傳文案 6.社群平台（FB)圖文編輯。 7.熟悉社群平台操作及分析佳 8.熟悉Canva  **需有旅行社相關行銷經驗為佳**"
4302755,研發主管(台中工業區),台灣妙管家股份有限公司,台中,台中市,台中市西屯區,行銷/企劃/專案管理,傳統製造/精密工業,45000~9999999 (period=6),月薪,45000,45000,0,0,傳統無AI,無,0,0,0,0,1. 統籌新品開發、既有產品優化及技術移轉作業，規劃並推動配方改善、製程優化與研發進度管理。   2. 確認產品測試、品質標準及標示合法性，並督導產品開發相關技術文件之建立與管理。   3. 負責化粧品與清潔用品相關法規資訊蒐集、內部佈達、登錄申報及稽核應對，並對接環境部、化學局等主管機關。   4. 支援工廠端化學品管理、量產導入及製程問題改善，協助處理開發、生產及技術相關異常。   5. 推動大型專案執行，整合研發、品保、生產、採購、業務及企劃等跨部門需求，確保專案進度如期完成。   6. 負責部門日常管理、工作分配與進度追蹤，協助團隊培訓與專業能力提升。
14868436,網路小編,汎特車業,台中,台中市,台中市南區,行銷/企劃/專案管理,傳統製造/精密工業,30000~9999999 (period=0),月薪,30000,30000,0,0,傳統無AI,無,0,0,0,0,1.負責行銷企劃案的撰寫、規劃，籌備、執行公司的行銷活動與媒體活動（如：促銷活動） 2.建立、推廣、經營IG FB TIKTOK 與管理現有品牌、產品以及公司整體的形象，並負責相關文宣資料的規劃與製作 3.拍車照 修圖、做廣告圖 拍短影音 剪片 4.對機車有簡單的認識
15403724,短影音企劃,博威診所,台中,台中市,台中市北屯區,行銷/企劃/專案管理,生技/醫療保健,35000~38000 (period=0),月薪,35000,38000,0,0,傳統無AI,無,0,0,0,0,【我們在找這樣的你！】  我們要找「懂梗、敢玩、對流量有野心」的內容企劃！  * 不怕聊敏感話題： 聽到「蛋蛋大小」、「晨勃」、「射精感」 不會害羞尷尬，反而能一眼看出這裡面有什麼爆點。  * 抓得住社群心理： 知道近期的熱梗、深度活網愛好者，能夠敏銳地捕捉出社群的風向  * 會講人話：能把枯燥、複雜的醫學文獻，翻譯成一般人在社群上聽得懂、想討論的口語段子。  【你的日常工作】 1. 爆款選題與腳本創作     * 發想 TikTok / Reels / Shorts 的短影音主題與腳本。     * 把醫學知識寫成有梗、有轉發力的影片台詞。     * 設計影片的視覺張力與對話節奏。  2.
14861729,業務專員,臺灣港務重工股份有限公司,台中,台中市,台中市清水區,行銷/企劃/專案管理,傳統製造/精密工業,50000~9999999 (period=6),月薪,50000,50000,0,0,傳統無AI,無,0,0,1,0,臺灣港務重工股份有限公司（TIPH）為重件運輸與吊裝作業之專業承攬商，以臺中港為主要據點深耕離岸風電產業供應鏈，服務對象涵蓋國內外各類大型設備製造商及工程承包商。  【職位概述】  本職位為資深業務人員，負責回應客戶詢價需求、主導備標期間之內部溝通與文件彙整、擔任與客戶間疑問澄清的窗口、依內控流程處理客戶訂單（含追加減）及請款事宜，並於專案啟動前主導內部交接，確保執行單位充分掌握客戶需求、合約條件及相關約定，讓運輸服務得以依協議順利推進。視經驗累積，將逐步擔任特定客戶窗口，定期或不定期拜訪客戶、維護關係。  本職位將任職於本公司臺中港區辦公室，依業務需要不定時拜訪國內客戶或出席商務洽談。我們尋
15402408,有質感的自己：新智性夥伴的「AI 賦能 × 高階資產顧問」之路,永慶不動產經貿敦化店_安邦地產有限公司,台中,台中市,台中市北屯區,行銷/企劃/專案管理,生技/醫療保健,50000~9999999 (period=0),月薪,50000,50000,0,0,傳統無AI,無,0,0,0,1,做一個懂市場、有質感的自己：新優雅的時代的「AI 賦能 × 高階資產顧問」之路  你是否曾想過，跨入高回報的房產領域，一定得頂著烈日發傳單、無效守街、靠應酬與體力硬撐嗎？  在安邦 AI 團隊，我們已經全面顛覆了傳統房仲的作業方式。 我們主張：「AI 負責準備，人負責判斷與關係。」 透過自建的專案級 AI 系統（Codex、Skills 模組化工作流程），我們把繁複重複的底層行政與市場功課交給科技，具備細膩溝通特質的夥伴，能以最優雅、高效的節奏，直接躍升為高階客戶信賴的資產顧問。   一、 你的 AI 專屬數位團隊：告別瑣碎庶務，專注高價值成交 加入我們，你不需要自己摸索、熬夜做功課，團隊已將
12241137,Project Manager 專案經理,慧穩科技股份有限公司,台中,台中市,台中市西屯區,行銷/企劃/專案管理,資訊科技/軟體網路,面議,面議,,,1,0,傳統無AI,無,0,0,0,1,工作內容：  1、與客戶進行需求訪談協調，並整合制定專案規格文件，向客戶和主管提案專案開發計畫。  2、專案規劃管理：包含專案範圍、專案交付及上線等規劃，並訂定專案各階段里程碑。  3、專案執行管理：與開發團隊合作，討論規格需求、追蹤並彙報專案進度和識別專案風險，確保專案符合時程規劃。  4、協助專案測試及追蹤檢討，負責成果交付品質檢查、協助客戶導入。  5、專案溝通管理：與客戶之溝通協調以利軟體專案之執行。  6、專案資源管控及風險管理。    其他條件：  1、具備自動化設備相關經驗尤佳。  2、具備影像辨識相關經驗尤佳。  3、具備軟體專案管理經驗尤佳。  4、具備AI軟體專案管理經驗尤
15383248,【未來可部份遠距工作/穩定NPO】數位學習與知識溝通企劃人員,社團法人台灣福氣社區關懷協會,台中,台中市,台中市梧棲區,行銷/企劃/專案管理,廣告行銷/公關顧問,40000~9999999 (period=3),月薪,40000,40000,0,0,傳統無AI,無,0,0,0,0,【我們在找這樣的你】  本團隊累積了許多第一線照顧經驗，而好的知識，需要被「說得懂、學得會、找得到」。  你會和照顧專業團隊一起，把長照知識轉化成影片、圖卡、線上課程及數位學習內容，讓第一線工作者、家庭照顧者與一般大眾，都能更容易理解與使用。  如果你喜歡把複雜內容說簡單、把專業知識變得有趣又實用，這會是一份很適合你的工作。  【工作內容】 一、專業內容轉譯與數位教材企劃（35％） 1. 將長照與舒適照顧專業內容轉譯為圖文、短影音、FAQ及數位教材。 2. 依工作者、家庭照顧者及一般大眾等不同對象，調整內容語言與呈現方式。 3. 與照顧專業團隊合作，確保內容兼具正確性、易懂性與實用性。 4. 
14471460,專員(工作地點：台中),台灣金聯資產管理股份有限公司,台中,台中市,台中市西區,行銷/企劃/專案管理,其他服務/工商貿易,36000~60000 (period=2),月薪,36000,60000,0,0,傳統無AI,無,0,0,0,0,1.不動產估價、土地開發評估。 2.房屋修繕規劃、發包、工作進度與品質管理。 3.不動產銷售、出租管理、製作業務報表。 4.前述工作相關行政事務。
14677146,網路行銷/社群小編/美編,開森派對有限公司,台中,台中市,台中市中區,行銷/企劃/專案管理,電子商務/數位零售,29500~35000 (period=0),月薪,29500,35000,0,0,傳統無AI,無,0,0,0,0,***社群小編/粉專小編/訊息回復接單*** 1.FB 粉絲專頁/line 訊息回覆、協助問題回覆、客人接待。 2.FB 粉絲專頁貼文管理、照片拍攝及基本排版。  3.粉專及IG四格插畫設計及內容編排、IG限動製作。  4.公司文宣美編設計、一般行政工作。  5.負責傳達及說明公司各項活動及產品。  6.通路行銷活動及異業合作活動規劃執行。 7.熟Photoshop、illustrator，及發印。
15057992,業務助理,銓瑞複材科技股份有限公司,台中,台中市,台中市神岡區,行銷/企劃/專案管理,傳統製造/精密工業,35000~40000 (period=0),月薪,35000,40000,0,0,傳統無AI,無,0,1,0,0,"主要工作是協助業務團隊處理後勤支援、行政文書與訂單流程，確保銷售運作順暢。 1.訂單與出貨管理：處理客戶訂單、追蹤出貨進度、安排物流與處理退換貨。 2.文書與報表處理：製作報價單、合約書、請款單，以及整理業績與銷售數據報表。 3.客戶與廠商聯繫：第一線回覆客戶或廠商的常見問題、查詢產品價格與追蹤交期。 4.資料維護管理：更新並維護客戶基本資料、產品資訊及相關檔案建檔。 5.跨部門與主管協調：協助業務人員與倉儲、財務或採購部門溝通，並完成主管交辦事項。 6.完成主管交辦事項  要求條件： 1.數位工具應用：使用 Office (Word, Excel, PowerPoint)。具備 ERP 系統"
15313325,T3-行銷推廣(中區),財團法人中衛發展中心,台中,台中市,台中市西屯區,行銷/企劃/專案管理,其他服務/工商貿易,37500~9999999 (period=2),月薪,37500,37500,0,0,傳統無AI,無,0,0,0,0,1. 執行桃園、台中、南投、雲林等區域業務推動及政府計畫專案，如：觀光工廠、地方商圈、永續旅遊、工藝產業及社區工藝等計畫工作項目內容。 2. 撰寫計畫書及計畫相關文件工作，並依工項進行行銷推廣規劃並執行。 3. 專案管理及客戶關係管理。 4. 活動規劃與辦理。(訓練課程、政策宣導、成果展示、媒合會、展售會等) 5. 其他主管交辦事項，並配合單位主管工作調度與分配。
15380703,內容行銷專員｜身心保健品牌,德創生技有限公司,台中,台中市,台中市西區,行銷/企劃/專案管理,生技/醫療保健,36000~48000 (period=4),月薪,36000,48000,0,0,傳統無AI,無,0,0,0,0,『你寫的每一篇，都是有人開始理解自己身體的第一步。』 如果你喜歡把複雜的事講明白，而且不想再寫自己都不信的東西， 歡迎加入我們。  你負責把品牌的「知識」變成品牌的「內容資產」  工作內容： ㄧ、AIO、SEO。 二、月刊、電子報。 三、KOL 合作內容審稿。 四、影片部門合作。  要求： 我們不誇大療效。保健食品不是藥，你寫的每一句話都要經得起科學與法規檢驗。這是限制，也是這份工作最有價值的專業。  其他加分： 1. 品牌力。 2. 文獻轉譯能力。 3. SEO。 4. 數據力。  請協助提供最滿意的作品或自我介紹影片，將會優先安排面試。
15259089,【黑沃咖啡】電商業務助理,黑沃餐飲股份有限公司,台中,台中市,台中市霧峰區,行銷/企劃/專案管理,電子商務/數位零售,32000~33000 (period=2),月薪,32000,33000,0,0,傳統無AI,無,0,0,0,0,如果您喜歡咖啡，也喜歡挑戰自己， 別懷疑，您就是我們要尋找的夥伴！  黑沃咖啡目前正在擴大徵才尋找 【電商業務助理】一職，歡迎擁有熱忱的您加入我們！ 我們深信集結專業的人才，打造一支頂尖團隊，從產地到品嚐一杯咖啡，力求每個環節的高品質與專業表現。  ▸主要工作項目 1. 各通路後台相關操作。(商品上下架、物流單號回填、活動設定…等。)  2. 國內業務相關業務處理。 3. 各通路訂單建立、銷貨單轉銷、帳款核對、庫存管理。 4. 跨部門溝通與各通路窗口溝通、客訴處理，及內部協調工作。 5. 製作並整合各通路業績報表。 6. 相關文書資料建立、統整、歸檔。 7. 協助主管交辦事項。 8. ERP系
14921145,資深企劃專員,森宇建設有限公司,台中,台中市,台中市南區,行銷/企劃/專案管理,廣告行銷/公關顧問,38000~45000 (period=2),月薪,38000,45000,0,0,傳統無AI,無,0,0,0,0,【工作內容】 1.品牌定位與活動推廣：根據公司品牌定位，能「獨立」完成專案企劃發想與提案簡報製作，設計並執行品牌推廣計劃，提高品牌知名度和影響力。 2.品牌與產品經營：推廣、經營品牌、產品以及公司整體形象，並提供銷售工具（如：產品型錄、簡介、行銷簡報等）及其他相關的業務支援。 3.社群經營規劃：品牌官網、社群媒體貼文維護、限時動態及短影音企劃編輯。 4.異業合作洽談：維持與相關產業及媒體良好的合作關係。 5.活動規劃與執行：負責各類活動的規劃、安排與執行（如：年度活動、公關活動、節慶活動、通路活動、產品推廣活動、公司形象活動及企業品牌活動）。 6.影音與文案創作：拍攝照片影片，對畫面有感及具備
12819470,玩轉社群・創造流量｜網路行銷專員｜一起打造品牌影響力,比米特國際有限公司,台中,台中市,台中市西區,行銷/企劃/專案管理,其他服務/工商貿易,38000~50000 (period=3),月薪,38000,50000,0,0,傳統無AI,無,0,0,0,0,【招募啟事：行銷企畫專員加入我們熱情滿滿的團隊！】 我們深信每一次的行銷不僅是產品推廣，更是一場創意和策略的盛宴。現在，我們正尋找一位充滿熱情、思維敏捷的行銷企畫人才，與我們一同打造創新且效果卓越的數位行銷專案！  【關於這個職位】 作為我們團隊的行銷企畫專員，您將: 1.專案創意發想：從市場趨勢與品牌需求出發，策劃具有創意且整合性的數位行銷專案。 2.全盤專案監督：從規劃到實施，再到成果評估，全面監控專案進度與品質。 3.協力團隊合作：與各部門專才共謀策略，促進專案的圓滿成功。 4.建立團隊信賴：保持密切溝通，深入了解需求，提供量身定制的策略建議。 5.數據驅動優化：基於數據分析，不斷調整與
15385044,議員服務處－網路行銷小編,金瑲國際股份有限公司,台中,台中市,台中市龍井區,行銷/企劃/專案管理,其他服務/工商貿易,250~300 (period=0),時薪折算,40000,48000,0,0,傳統無AI,無,0,0,0,0,【工作內容】  經營 FB、IG、Threads、YouTube 等社群平台。 撰寫貼文、製作圖卡及短影音。 蒐集時事與地方議題，主動發想內容。 協助拍照、錄影、剪輯及活動紀錄。 完成主管交辦事項。  【條件】  熟悉社群操作及基本文案。 會 Canva、CapCut 或其他設計剪輯工具佳。 對時事、公共事務有敏感度。 主動、負責、具溝通協調能力。   歡迎應屆畢業生、社會新鮮人及相關科系學生應徵，有作品集佳。 
13292101,R01A 台中分公司-旅遊產品規劃師 (需具日文N2以上溝通能力),易遊網旅行社股份有限公司,台中,台中市,台中市西屯區,行銷/企劃/專案管理,電子商務/數位零售,35000~40000 (period=0),月薪,35000,40000,0,0,傳統無AI,無,0,1,0,0,【工作內容】 1.台中出發日本航線團體商品上架與維護 2.供應商資源取得與價格談判 3.配合公司行銷團隊推廣商品 4.協助各銷售通路接單、問題解決，並共同達成績效目標  【其他條件/加分條件】 1.需具日文N2以上溝通能力 2.期望您具備積極主動的學習力與工作態度   歡迎對觀光產業、電商平台感興趣的所有求職者及具身心障礙、原住民的您加入易遊網團隊!
14883629,企劃助理,摩德公關顧問有限公司,台中,台中市,台中市西屯區,行銷/企劃/專案管理,廣告行銷/公關顧問,30000~9999999 (period=0),月薪,30000,30000,0,0,傳統無AI,無,0,0,0,0,專案協助與資料整理： * 協助主管蒐集市場資料、競品動態與產業趨勢，整理成簡報或報告 * 製作與彙整專案文件，提供決策參考 品牌與行銷支援： * 搜集並整理品牌新聞稿、媒體露出，進行分析與歸納 * 追蹤競品媒體曝光，整理成對照報告 * 協助建立並維護媒體名單與合作紀錄 活動規劃與執行支援： * 協助活動專案行政、廠商聯繫、資料整理與現場執行 * 協助追蹤活動成效，彙整數據與報告 企劃參與與發展： * 參與行銷專案討論，提供創意與想法 * 協助撰寫初步行銷企劃草稿與簡單提案 * 累積品牌與行銷專案經驗，未來可進一步承接企劃任務
13127276,擴大徵才｜百萬級高專招募，下一站，挑戰更高收入 年收入300萬以上房仲，下一站在哪？ 我們提供的是成交平台，不只是高獎金。,有巢氏房屋12期逢甲聚利加盟店_聚利地產有限公司,台中,台中市,台中市西屯區,行銷/企劃/專案管理,文教/補教培訓,面議,面議,,,1,0,傳統無AI,無,0,0,0,0,房仲高手其實最在乎，我們通通有： ①高成交率 → 有巢氏房屋中區績效第二、人效第一，成交效率高。 ②多客源 → 每月投入大量廣告，穩定帶進買方來電 ③高分潤 → 高專拆55% ④品牌識別度 →台灣知名房仲四品牌聯賣，品牌曝光與案源更完整。  我們擁有： ✔ 店長20年實戰經驗 ✔ 每月教育訓練 ✔ AI科技成交系統 ✔ 高總價客戶經營 ✔ 商用不動產培訓  【歡迎加入 有巢氏房屋-12期逢甲聚利團隊】 如果你想突破收入瓶頸、提升成交能力，加入聚利團隊，我們提供的不只是高獎金，更是一套能持續創造成績的成交系統、完整教育訓練與團隊支持。期待你的加入，下一位高收入房仲，就是你。
14063719,藝術專案經理,入矩雕塑有限公司,台中,台中市,台中市霧峰區,行銷/企劃/專案管理,傳統製造/精密工業,35000~9999999 (period=4),月薪,35000,35000,0,0,傳統無AI,無,0,1,0,0,我們正在尋找一位具有藝術／設計背景、具備專案管理及溝通協調能力的「藝術專案經理」。 此職位主要負責雕塑、公共藝術、建築藝術及企業藝術合作等專案，從客戶需求、藝術提案、設計確認，到作品製作、進度管理、運輸、安裝及最終交付，統籌整體專案執行。 你將是藝術家、客戶、設計團隊、工廠及各合作廠商之間的重要溝通窗口。  【主要工作內容】 一、藝術專案管理 1、負責雕塑、公共藝術、建築藝術及藝術合作專案 2、建立專案執行時程與工作計畫進度 3、整合專案合作工作人員 4、專案結案及成果整理 二、客戶與合作單位溝通 1、與建設公司、建築師、室內設計師、企業客戶等溝通 2、追蹤客戶確認事項、安排會議、場勘及簡報 
15377070,永久底薪16萬+佣最高60%商仲台中分行專案協理,長誠地產股份有限公司,台中,台中市,台中市西屯區,行銷/企劃/專案管理,文教/補教培訓,160000~160000 (period=4),月薪,160000,160000,0,0,傳統無AI,無,0,0,0,0,【我們相信，卓越的專業值得優渥的起點。長誠地產提供永久保障底薪 16萬元，讓您在專注於商仲專業修煉、與企業主深度對話的同時，擁有無後顧之憂的尊嚴與底氣。】  應徵【專案協理】須符合下列事項並擇一提供相關證明： 1、最近２年千萬業績之超級業務 2、全連鎖體系業績名列前茅者 3、最近５年平均年收入500萬者  您怎能不愛商仲？ ◎商仲能為商業創造新價值並促進交易活絡帶動經濟繁榮 ◎挑戰更大規模標的使得心智與能力及經驗獲得大幅成長 ◎常與企業家或經營者交流可增進知識改變思維寬闊視野 ◎培養識貨能力及獨到眼光可持續協助客戶拓展事業版圖 做商仲就該選長誠地產 ◎專為商仲設計的結案導向培訓模式快速成長為業
15401497,業務行銷助理,洛華納醫學科技股份有限公司,台中,台中市,台中市西屯區,行銷/企劃/專案管理,生技/醫療保健,32000~38000 (period=2),月薪,32000,38000,0,0,傳統無AI,無,0,0,0,0,1. 協助行銷專案討論並執行 2. 負責社群經營，包括貼文發想、素材製作等 3. 執行廣告內容排版及美編設計 4. 管理客戶資料及提供良好的客戶服務 5. 訂單出貨、庫存管理，協助業務人員處理銷售業務相關之行政作業 6.其他相關行銷業務及主管交辦事項  行銷業務助理是公司業務及行銷部門不可或缺的重要職位，主要負責協助行銷專案執行、社群經營、客戶關係管理，業務支援等工作。隨著網路產業的蓬勃發展，行銷助理在未來將有更廣闊的發展前景。 歡迎熱愛行銷及數位資訊的你加入我們的團隊，期待與你共同創造更美好的未來。
14921069,【外貿協會】專案經理(台中辦事處)#202,怡東人事顧問股份有限公司,台中,台中市,台中市西屯區,行銷/企劃/專案管理,文教/補教培訓,44990~44990 (period=2),月薪,44990,44990,0,0,傳統無AI,無,0,0,0,0,*此為派遣職務，請詳閱內容有意者再投遞* 工作內容： 1.拜訪中部廠商以推廣本會各項服務 2.辦理及支援中部活動，如：研討會、培訓課程等 3.撰寫活動報導、成功案例 4.中部廠商資料庫維護更新 5.聯繫中部產業公協會，蒐集在地需求並提供支援 6. 支援相關行政及主管臨時交辦事項   
15357459,遊戲實況直播主管,星堡有限公司,台中,台中市,台中市西屯區,行銷/企劃/專案管理,文教/補教培訓,面議,面議,,,1,0,傳統無AI,無,0,0,0,0,遊戲實況直播主管｜招聘資格  基本條件 • 具 2 年以上遊戲實況、直播平台、直播公會或娛樂產業管理經驗。 • 曾同時管理至少 5–8 位遊戲實況直播主。 • 熟悉直播主招募、面試、試播、培訓、排班、績效考核及淘汰流程。 • 熟悉 Twitch、YouTube、Facebook Gaming、TikTok LIVE等直播及社群平台。 • 熟悉 OBS、直播推流、麥克風、燈光、擷取卡等基本設備操作。 • 熱愛遊戲，了解熱門遊戲、實況內容及玩家社群文化。 • 具良好的溝通、管理及團隊激勵能力。 • 能配合晚間、週末及大型賽事等重點直播時段。  工作能力要求  • 能依照直播主的外型、個性、遊戲能力
14516560,電商營運專員,MIHOLIFE_永新瓦國際股份有限公司,台中,台中市,台中市北屯區,行銷/企劃/專案管理,電子商務/數位零售,32000~36000 (period=3),月薪,32000,36000,0,0,傳統無AI,無,0,0,0,0,需具備1-2年以上品牌方電商運營經驗(momo、PChome、蝦皮等) 1、 協助電商平台的運營管理，包括產品上架、價格調整、庫存管理等  2、 品牌、產品在電商通路的銷售活動規劃、行銷提案  3、 與平台窗口維持良好互動及溝通爭取更多曝光、提升業績 4、 客服內容和互動優化  5、 網路行銷及服務的成效追蹤 6、 其他主管交辦事項
15403893,"中部市場銷售員 (薪資$50000-$200,000)",雪景實業社,台中,台中市,台中市北屯區,行銷/企劃/專案管理,電子商務/數位零售,50000~9999999 (period=0),月薪,50000,50000,0,0,傳統無AI,無,0,0,0,0,營業產業為傳統早市，下午市，夜市販售。  《工作內容》  1.攤位擺設陳列 2.商品介紹 3.顧客服務 4.能面對顧客推廣試吃與商品 5.銷售區域（台中/苗栗/新竹/彰化 各地區市場）  無經驗可、學歷不限，只要肯做肯學，公司都願意努力栽培。  須有汽車駕照，公司會提供車輛、生財工具、或是自備車輛(佳)。  歡迎無銷售經驗並對銷售有熱枕想挑戰高薪的你/妳，不用怕我們一起打拼。  對銷售有熱情、想賺錢夥伴，歡迎詢問、預約面試 ！
15329080,包租代管人員(無經驗可)(具經驗佳),萬璟資產管理顧問股份有限公司,台中,台中市,台中市南屯區,行銷/企劃/專案管理,文教/補教培訓,10000~9999999 (period=0),面議,,,1,0,傳統無AI,無,0,0,0,0,【 包租代管人員工作內容】  在萬璟，你會學到:  1.如何進行陌生開發  2.不動產租賃媒合與服務  3.如何協助房東與租客進行租屋配對  4.客戶來電諮詢與租賃說明  5.房屋物件勘查與客戶帶看  6.協助政府社會住宅包租代管計畫  7.主管交辦事項 ________________________________________ 【 薪資制度】 本公司主力應徵★★★高專★★★  若有普專需求也可預約面談 我們提供 穩定保障 + 高獎金制度   保障底薪(普專)  開發獎金  成交獎金  只要肯努力，收入沒有天花板   歡迎所有求職者  我們相信能力可以培養，態度才是關鍵。 _______
14683451,專案企劃暨營運管理專員,佳昱股份有限公司,台中,台中市,台中市西屯區,行銷/企劃/專案管理,其他服務/工商貿易,35000~48000 (period=4),月薪,35000,48000,0,0,傳統無AI,無,0,0,0,0,負責公司各類專案之企劃、執行與營運管理，包含一般企業客戶專案、產品開發與客製化專案、政府補助及研發計畫、政府採購標案，以及公司內部營運改善專案。主要工作包括蒐集、分析及整理客戶或政府單位需求，評估專案之技術、商業與執行可行性，撰寫專案企劃書、客戶提案書、服務建議書、政府計畫申請書及相關簡報；規劃專案目標、工作範圍、執行方式、預算、時程、里程碑、任務分工及預期成果；協調業務、研發、採購、生產、品管及財務等部門，追蹤樣品製作、產品測試、設計修改、量產、交貨、驗收、請款、保固及售後服務進度；管理客戶規格變更、追加需求、交期調整及專案風險。另負責蒐集政府補助與政府採購資訊，研讀申請及招標條件，協助準備
15121965,婚禮暨活動企劃業務專員 Wedding & Event Planner,洛蔓利廷股份有限公司,台中,台中市,台中市梧棲區,行銷/企劃/專案管理,其他服務/工商貿易,35000~40000 (period=2),月薪,35000,40000,0,0,傳統無AI,無,0,0,0,0,1.婚禮與活動企劃設計（證婚 / 宴客 / 品牌活動） 2.客戶接待與需求分析（風格、預算、桌數） 3.婚宴方案介紹與銷售（具成交能力） 4.婚禮 / 活動流程規劃與現場控場 5.跨部門協調（外場、廚房、主持人、廠商） 6.客戶關係維護與後續追蹤（提高轉單率） 7.協助婚展、試菜會、說明會、開放日等行銷活動執行   具服務業 / 餐飲 / 宴會經驗佳 具備業務諮詢與銷售能力（能獨立完成接洽與成交） 良好溝通能力與說服力 抗壓性高、形象良好、具親和力為佳
12896588,社群經營小編,葶芙美學有限公司,台中,台中市,台中市北屯區,行銷/企劃/專案管理,其他服務/工商貿易,32000~35000 (period=0),月薪,32000,35000,0,0,傳統無AI,無,0,0,0,0,0經驗沒關係，我們擅長從0培養  最重要的是積極的學習態度與工作態度    工作內容：  - 品牌社群、粉絲團經營與管理（FB、IG、FB社團、Line@主頁）  - 商品行銷文案發想，並與粉絲互動提升社群熱度  - 擁有良好的文字撰寫能力，能跟隨生活時事即時創作貼文  - 手機拍攝及剪輯
12364840,臺中大甲門市銷售_正職人員,阿聰師的糕餅主意_沃農士食品股份有限公司,台中,台中市,台中市大甲區,客服/業務/電商/貿易,傳統製造/精密工業,30300~36000 (period=0),月薪,30300,36000,0,0,傳統無AI,無,0,0,0,0,如果你很愛吃、很愛這塊土地、喜歡分享事物，那這份工作或許很適合你。  在這裡你是我們的糕餅顧問；分享每塊糕餅背後的故事、邀請大家一起品嘗這塊土地帶來的禮物，是每天的日常。  作為阿聰師的糕餅顧問你會有職責，除了要有溫暖的笑容外，還必須要擁有進銷存的管理概念以及商品陳列的技能。  在這裡，不會是一成不變的工作，也不是單打獨鬥。  以下讓我帶你細細的了解工作內容與發展：   【日常工作內容】  介紹及銷售門市商品： 熟悉各種糕餅的口感、風味和背後的故事，並能夠以專業的態度跟顧客聊聊糕餅的不同。 學習和實踐進銷存管理的SOP： 負責商品進貨入庫、銷售管理及庫存管理，確保門市的商品充足和新鮮，也讓你能
15390669,【供餐】台中豐原寵物賣場服務人員,寵天下有限公司,台中,台中市,台中市豐原區,客服/業務/電商/貿易,電子商務/數位零售,32000~35000 (period=0),月薪,32000,35000,0,0,傳統無AI,無,0,0,0,0,【光66寵物用品批發倉｜招募門市夥伴】  喜歡毛孩，也喜歡與人互動嗎？ 歡迎加入光66，和我們一起打造舒適、好逛的寵物用品賣場！  ▍工作內容  1. 接待顧客，提供商品介紹與選購建議 2. 協助商品進貨、整理及上架 3. 維持賣場環境整潔與商品陳列 4. 負責櫃檯收銀及基本顧客服務  ▍排班時段  早班｜11:00－20:00 晚班｜13:15－22:15  採排班制，工作期間提供餐點。  ▍員工福利  ・依法投保勞保、健保 ・享有員工購物優惠 ・工作期間提供餐點  ▍我們希望你  ・無相關經驗也可以，我們願意教 ・具寵物用品門市或零售經驗者尤佳 ・喜愛寵物，願意主動了解商品 ・具責任心、服
12071706,聯合徵才｜台中地區｜月薪上看57K,海底撈火鍋股份有限公司,台中,台中市,台中市北區,客服/業務/電商/貿易,生技/醫療保健,38000~57500 (period=0),月薪,38000,57500,0,0,傳統無AI,無,0,0,0,0,"★上班地點： 遠百店▸台中市西屯區台灣大道三段251號12樓 (台中大遠百) 中友店▸台中市北區三民路三段161號A棟14樓 (中友百貨) 廣三店▸台中市西區台灣大道二段459號15樓 (廣三SOGO百貨)  ★工作內容： 外場服務：接待及引導、餐點介紹、協助顧客點餐、桌邊服務及維護環境等。 內場備菜：擺盤傳菜、食材準備、食材調理、廚房清理及維護環境等。 內場傳菜：配鍋、傳送湯鍋、回收餐具、送菜盤、整理餐桌與環境等。  ★薪資：給班排班比照一般正職人員。 實習期間，外場時薪215元、內場時薪210元，經考核通過轉正後另享績效薪資。 正式正職，內外場保底38,000元起。 凌晨00:00後出勤，"
9255026,【無經驗可培訓】JINS_門市銷售人員 (台中地區),台灣睛姿股份有限公司,台中,台中市,台中市西屯區,客服/業務/電商/貿易,電子商務/數位零售,34000~9999999 (period=0),月薪,34000,34000,0,0,傳統無AI,無,0,0,0,0,"★完整培訓，成為「EyeWear 專業顧問」，歡迎您加入！★  【工作內容】 1.顧客接待：主動接待、並協助挑選搭配，讓顧客選購到合適的眼鏡 2.包裝陳列：賣場設計與陳列調整，以吸睛的賣場陳列抓住顧客目光 3.加工調整：提供眼鏡加工的服務，並為顧客客製化調整鏡框 4.進出貨及上架：確保商品不缺貨，以提供顧客良好的消費體驗  【薪資待遇】  ‧ 月薪 34,000元  ‧ 通過顧客接待及鏡框調整檢定 +1,000元  ‧ 不定期業績獎金發放 ‧ 國定假日出勤加給 ‧ 三節獎金(端午/中秋/年終)  【休假制度】 ‧ 門市月休9-11 日，國定假日調移排休  ‧ 符合勞基法的特別休假制度  【調薪"
14307023,儲備店經理｜海外70K｜台中培訓,海底撈火鍋股份有限公司,台中,台中市,台中市北區,客服/業務/電商/貿易,文教/補教培訓,70000~9999999 (period=0),月薪,70000,70000,0,0,傳統無AI,無,0,1,0,0,⭐️你具備跨文化溝通能力與分析判斷力，嚮往站上國際舞台發揮影響力？ 在這裡，你將從營運現場實戰出發，深入參與策略推動、專案規劃與市場拓展，快速累積海外管理實力，成為集團未來的中堅力量！  ★實習安排： 實習期間在台灣受訓至少3～6 個月。 實習結束後，視個人意願與表現安排留台發展或派赴海外市場。 未來海外發展據點為新加坡、阿聯酋、菲律賓、馬來西亞、加拿大、英國、日本、澳洲、印尼、美國、韓國、泰國、越南等  ★工作內容： 1.進行市場調查與分析，洞察市場趨勢、競爭態勢與潛在商機。 2.撰寫專案提案與報告，定期向高階主管匯報進度與成果。 3.協助門店營運：顧客服務、餐點品質、成本控管與現場管理。 
11873314,挑戰月入高薪！寵物直播主持人 (時間極度自由 / 業績全抽成 / 完整培訓),米醬寵物生活館_米醬生活館,台中,台中市,台中市大雅區,客服/業務/電商/貿易,文教/補教培訓,40000~100000 (period=0),月薪,40000,100000,0,0,傳統無AI,無,0,0,0,0,討厭朝九晚五的死板生活？不想你的努力只換來固定的死薪水？ 如果你熱愛毛孩，又擁有一張能言善道的嘴，這裡就是你大展身手的舞台！  我們提供極致自由的工作模式，只要你有能力、敢開口，時間跟金錢都由你自己作主！ 【你的日常任務】  點燃全場： 負責寵物用品直播帶貨，活絡聊天室氣氛，與粉絲熱情互動！ 銷售推廣： 將優質的寵物商品介紹給需要的主人們。 【為什麼要加入我們？】（我們的超強優勢）   收入無上限，自己為自己打拼： 採用「高獎金、業績完全抽成」模式，你的每一分努力都會直接變成戶頭裡的數字！  極致的時間自由： 完全不需要輪班、不用配合公司加班！上下班時間由你「自我排班」，只要業績達標，想怎麼休
15402513,AI房仲（AI系統支援 · 跨界轉業菁英專案）,永慶不動產經貿敦化店_安邦地產有限公司,台中,台中市,台中市北屯區,客服/業務/電商/貿易,生技/醫療保健,50000~9999999 (period=0),月薪,50000,50000,0,0,傳統無AI,無,0,0,0,1,「AI 負責準備，人負責判斷與關係。」  一、 職務定位：從體力盲忙，升級為「AI新智性房產生活策展人」 這不是一份在烈日下發傳單、無效守街或靠應酬搏感情的傳統房仲工作，而是一份結合現代科技工具與生活品味的「高階資產顧問」職務。  我們秉持「真誠、有質感、懂市場」的品牌原則，徹底顛覆傳統作業模式：  「AI 負責準備，人負責判斷與關係。」 透過團隊自建的專案級 AI 系統（Codex、Skills 模組化流程與自動化排程），將底層繁雜重複的行政庶務交給科技，讓具備細膩溝通特質、重視生活質感的轉業夥伴，發揮共情與生活洞察優勢，專注於高價值的客戶諮詢與資產規劃。   二、 團隊專屬「AI系統支援」
15406658,櫃檯人員,景棠國際有限公司,台中,台中市,台中市西區,客服/業務/電商/貿易,其他服務/工商貿易,35000~35000 (period=0),月薪,35000,35000,0,0,傳統無AI,無,0,0,0,0,【工作內容】 1. 迎賓接待：熱忱、親切地接待每位預約及來訪顧客，提供舒適的環境體驗。 2. 引導帶位：協助引導顧客入座，並帶領顧客進入專屬美容包間。 3. 預約與客訴管理：負責電話、訊息（Line/IG等）預約排程管理與行程提醒。 4. 環境維護：維持櫃檯及接待大廳的整潔與美觀，營造舒適放鬆的空間氛圍。 5. 行政與金流協助：日常收銀、帳務核對及主管交辦事項。
13757084,業務人員,諾可傢飾設計工作室,台中,台中市,台中市北屯區,客服/業務/電商/貿易,其他服務/工商貿易,1000~150000 (period=0),時薪折算,160000,160000,0,0,傳統無AI,無,0,0,0,0,1.駐點開發，拓展市場，以達成業績目標。 2.訂單處理及輪流值班。 3.負責窗簾丈量、產品報價及產品展示，並處理帳款回收相關事宜。 
15406925,THE SHIBUYA STORE | 台中中友百貨短期活動工讀生 | 日本知名服飾品牌官方代理,豆象設計股份有限公司,台中,台中市,台中市北區,客服/業務/電商/貿易,電子商務/數位零售,200~210 (period=0),時薪折算,32000,33600,0,0,傳統無AI,無,0,0,0,0,【職缺名稱】 台中中友百貨｜日系服飾短期活動工讀生  【品牌介紹】 我們是日本服飾品牌 ROJITA、Amavel 的台灣正規代理店，主打日系少女、地雷系、量產型、古典可愛等風格。  這次將於中部百貨舉辦期間限定活動，招募短期活動工讀夥伴。喜歡日系服飾、樂於與客人互動，或想累積百貨與服飾銷售經驗者都很歡迎加入。  ・ROJITA 官方 IG：https://www.instagram.com/rojita_official/ ・Amavel 官方 IG：https://www.instagram.com/amavel_official/  【活動檔期】 ・10/29～11/12 ・正式檔期前將
15406195,行政助理,宓夏有限公司,台中,台中市,台中市神岡區,客服/業務/電商/貿易,電子商務/數位零售,45000~45000 (period=0),月薪,45000,45000,0,0,傳統無AI,無,0,0,0,0,助理小幫手
6514796,"業務助理【薪資32,000~36,000元】",英辰食品有限公司,台中,台中市,台中市大里區,客服/業務/電商/貿易,傳統製造/精密工業,32000~36000 (period=0),月薪,32000,36000,0,0,傳統無AI,無,0,0,0,0,"1.以親切熱懇態度詢問客戶隔日需送貨產品數量。  2.key in出貨單產出撿貨數量表列印銷貨單。 3.出貨貨品清點管理，確保出貨準確度。 4.應收帳款整理(核對前天貨款金額並製作日報表)。 5.月結客戶帳款整理。 6.解決客戶的問題及回報客戶的狀況 7. 執行KPI績效。 8.完成主管交辦事項。  ◆上班時間:AM 7:00~PM 15:30    (薪資32,000~36,000元)依工作經驗及能力敘薪 ◆中午休息30分鐘 ◆午餐供膳 ◆每日可固定加班1小時   "
10742749,《營運管理部》台中門市3C營運專員（兼職）,點子數位股份有限公司,台中,台中市,台中市東區,客服/業務/電商/貿易,電子商務/數位零售,196~200 (period=0),時薪折算,31360,32000,0,0,傳統無AI,無,0,0,0,0,1. 負責網路拍賣 (商品上架下架、商品拍照修圖、問與答回覆、電話訂單處理)  2. 門市服務，維護客戶關係，解決顧客問題，維持並提升客戶滿意度，提供產品售後服務 3. 專營中古3C產品，包括電腦、筆電、手機、平板、相機、鏡頭，涵蓋主要3C品牌 4. 協助店面全新、二手買賣  營業時段：週一 ～ 週日 12：00 ～ 21：00 （時間可彈性選擇） 每週需排班2～3天（六、日可上班者佳）/ 每週排班至少18～24小時  加入我們的福利  1.你會有一台iMac，陪你時髦有品味的快樂工作  2.漂亮的工作環境和開心的工作氣氛  3.我們不加班就能完成負責的工作甚至更多，因為團隊有積極的態度  4
15179003,老闆加薪了☆時薪210元☆台中機場-工作人員(長期兼職),萬通世界人力資源股份有限公司,台中,台中市,台中市沙鹿區,客服/業務/電商/貿易,其他服務/工商貿易,210~9999999 (period=0),時薪折算,33600,33600,0,0,傳統無AI,無,0,0,0,0,想在機場工作嗎？ 不用相關經驗，想在機場工作快來應徵!  【工作內容】 ．執行出入境行李卸載、分流及行李過X光機操作 ．機艙環境清潔與備品補充（如座椅、扶手、置物區擦拭等） ※ 工作內容單純，會有現場人員帶領 ※ 此為長期職缺，需可穩定配合排班(寒暑假短期不適合)  【工作時段】 可選擇以下其中一個時段，固定班別 ▸ 15:00～22:00  ▸ 14:00～19:00  ※ 每週需配合上班 4～5 天 ※ 需配合排班，非週休二日  【薪資福利】 ♦時薪210元 ♦具勞健保、團保、退休金提撥等 ♦享期滿獎金、久任獎金 ♦享健檢補助費 ♦任職滿半年享三節及生日禮券 ♦其他補助(結婚、生育、喪葬津
15133067,【派駐國家公園】八仙山國家森林遊樂區售票人員,泓廣保全股份有限公司,台中,台中市,台中市和平區,客服/業務/電商/貿易,其他服務/工商貿易,33000~33300 (period=2),月薪,33000,33300,0,0,傳統無AI,無,0,1,0,0,工作職務需求： 1. 高中職以上畢業具相關經驗者) 2. 略通英語尤佳  工作內容 : 1.	負責國家森林遊樂區收費站收費工作及人員進出管制、登記及檢查 2.	收費站及周遭設施及環境清潔維護檢查 3.	電腦文書處理、接聽電話及遊樂區內各項規定執行及宣導等業務 4.     緊急突發事件通報及處理 5.    機關得因業務需要，調整僱用人員之工作內容，並應配合機關稽核作業。 6.    每日辦理收費站周遭設施及環境清潔巡檢。 7.    協助收費站各項表單、報表等填寫製作。 8.     協助長官臨時交辦事項。   
13498666,業務人員(中區),光洲照明科技有限公司,台中,台中市,台中市大雅區,客服/業務/電商/貿易,傳統製造/精密工業,37000~60000 (period=0),月薪,37000,60000,0,0,傳統無AI,無,0,0,0,0,"均采集團經營理念 創造出產品的價值，維持產品的品質，這是我們的固執。 堅持 : 用心做好每一個動作每個細節，產品一出公司必須是最佳狀態。 創新 : 不斷的產品開發及更新，符合這個瞬息萬變的時代。 團隊 : 北中南均有公司,全體公司人員都能討論、溝通、互相配合、創造良好的工作環境。  公司能給妳的是甚麼 1.三節獎金+生日禮金+不定時的聚餐 2.均采集團-照明市場優質品牌形象(每兩年的建材展覽,YOUTUBE.IG曝光) 4.照明產業的北中南公司團隊 5.全系列LED照明產品  1.區域工程專案客戶，拓展市場，維繫舊區域客戶,達成業績目標。 2.開發及維繫客戶族群則已專案客戶例如:建設.營造.廠"
13854563,【台中區】市場銷售專員《保障10-20萬 》▁ ▂ ▃ 單/雙人組皆可 ▃ ▂ ▁,MOOMA_慕瑪時尚有限公司,台中,台中市,台中市西屯區,客服/業務/電商/貿易,文教/補教培訓,面議,面議,,,1,0,傳統無AI,無,0,0,0,0,前三個月保障雙人組10萬/單人5萬 抽成獎金另計     —————————————————————    零成本創業  提供車輛及生財器具  零囤貨壓力  採合作寄賣共享利潤    高業績抽成  銷售技巧憑本事發揮  高時間彈性  休息放假期間不受擾    無相關經驗  短期培訓即可上手  無合約制度  生涯規劃不受約束  無階級制度  自主要求達成目標  無業績考核  收入高低取決在己      【我要做什麼 ??? 】    ① 晨間駕車至中區《台中 · 彰化 · 南投》早市攤位。  ② 擺設商品並陳列門面。  ③ 銷售至市場人潮退散。  ④ 收拾器具並打包商品上車。  ⑤ 約莫下午二至
14353639,全職收服員(大里公司),羊羊得益企業有限公司,台中,台中市,台中市大里區,客服/業務/電商/貿易,傳統製造/精密工業,32000~60000 (period=0),月薪,32000,60000,0,0,傳統無AI,無,0,0,0,0,我們是【嘉南羊乳台中總經銷】經營近40年，事業正在擴大版圖，也非常需要認同正向理念的您，秉持著愛同事愛公司，一家人一條心，一起共同加入這個大家庭，期待您的認同與到來，高薪徵才:   1、工作時段：週一至週五  12：30~21：30。   2、工作內容：A收款期間依照公司編排路線a.於收款前彙整相關文件b.至客戶處執行收款服務c.當日貨款繳回公司。                             B非收款期間依照公司安排區域執行新客戶開發。                             C視狀況支援下午時段之安親班收送羊乳。   3、交通工具：使用個人汽機車。   4、收入計
15222856,工務內勤助理-台中,立乙科技有限公司,台中,台中市,台中市北屯區,客服/業務/電商/貿易,資訊科技/軟體網路,38000~9999999 (period=2),月薪,38000,38000,0,0,傳統無AI,無,0,0,0,0,工程文件製作、管理及工程進度追蹤 工程圖資修改及標示，Autocad 2D 參加專案會議(電話會議或是實體會議) 工程庶務處理 主管交辦事項  ### 須具備有效期限一年以上的職安卡完訓證明(或報到前完成上課)。 ### 須具備3個月內公立醫院勞工體檢報告(報到前提供)。
14877344,【EN安全帽】台中區 正職門市人員,EN安全帽_吚恩安全帽專賣店有限公司,台中,台中市,台中市北區,客服/業務/電商/貿易,電子商務/數位零售,30000~30000 (period=0),月薪,30000,30000,0,0,傳統無AI,無,0,0,0,0,1.負責介紹及銷售門市商品。 2.提供顧客之接待與需求服務（如：電話諮詢、調貨、修改、包裝及退換貨處理）。 3.負責商品進貨入庫、銷售管理及庫存管理。 4.負責商品寄貨包裝、陳列工作。 5.維持店櫃週遭之整潔。 6.支援台中區 兩家門市 台中一中店、台中精誠店
8738397,**房地產經紀人員** 保障底薪加高獎金高抽成&完整教育訓練,中信房屋中科國安加盟店_鑫德信不動產仲介經紀有限公司,台中,台中市,台中市西屯區,客服/業務/電商/貿易,文教/補教培訓,35000~120000 (period=0),月薪,35000,120000,0,0,傳統無AI,無,0,0,0,0,本店累積超過23年的客源，提供業務最強大的資源 配合完整教育訓練，店長親自領銜，社會新鮮人，百萬年薪不是夢！  ✅ 品牌加持，中信集團： 獲得永續經營傑出獎的房仲品牌，第21屆金仲獎獲獎最多的房屋仲介品牌。 廣受客戶信任，經營績效經常名列前矛、連年獲獎！  ✅ 在地深耕超過23年： 在台中西屯區開業超過23年，蟬聯超過八年全國經營品質獎前三名，有多年的經驗及對市場的高度熟悉 掌握西屯市場資源，累積客源量多給業務提供更多客源，繼續創造更多業績！  ✅ 新鮮人前6個月保障底薪： 突破職場困境，挺你安心學習，新人成交高獎金發放。  ✅ 超高獎金等你來爭取： 高獎金獎勵夥伴業績達標，業績累加越高抽成越
13883683,<Museum of Illusions 幻覺博物館>品牌業務開發專員,Museum of Illusions 幻覺博物館_佳貝有限公司,台中,台中市,台中市西區,客服/業務/電商/貿易,其他服務/工商貿易,38000~60000 (period=2),月薪,38000,60000,0,0,傳統無AI,無,0,0,0,0,一、通路與業務開發 開發企業合作、團體客戶與異業合作機會 規劃 B2B 、B2C專案（包場、企業活動、聯名合作） 建立合作名單並持續拓展市場  二、提案與成交管理 撰寫企劃提案與報價 負責商務談判與簽約流程 管理銷售Pipeline與成交轉換  三、客戶關係管理（CRM） 維繫既有客戶關係 處理客戶需求與售後回饋 蒐集市場資訊並回饋內部  四、績效與執行 達成業績目標與KPI，並享有業績獎金 製作業務報表與銷售分析，持續優化銷售策略 跨部門協作（行銷 / 營運），確保專案有效執行  
15027442,業務助理、國貿助理,安鋒實業股份有限公司,台中,台中市,台中市南屯區,客服/業務/電商/貿易,其他服務/工商貿易,35000~42000 (period=2),月薪,35000,42000,0,0,傳統無AI,無,0,0,1,0, 我們正在尋找一位細心、積極且具跨部門溝通的業務助理，協助內勤團隊完整主管交辦事項。  1.文書資料整理與歸檔，產品說明書與目錄傳打整理。 要求一定的Word 排版、打字速度、Excel資料彙整等能力  2.樣品分裝作業、寄出、收件。  3.客戶相關資料文件整理、核對，與客戶電聯確認資料收件。  4.官網產品資料上架、更新。  5.協助撰打國外廠商往來信件與國貿作業相關事宜。  6.其他主管交辦事項。
15402502,短期假日兼職-新光台中 <韓國食品展銷售人員> *10/24~11/1 期間假日五天都上班*,韓華國際股份有限公司,台中,台中市,台中市西屯區,客服/業務/電商/貿易,電子商務/數位零售,2000~2000 (period=2),面議,,,1,0,傳統無AI,無,0,0,0,0,"適合 *賺取短期收入*  或正處於 *轉職空檔*   【工作內容】商品推廣銷售、結帳、補貨 *有相關經驗 *  【工作地點】新光台中三越 10樓 *10/24~10/26、10/31~11/1 這五天都上班* 【工作時間及待遇】       A：全天班 (配合百貨營業時間,休息用餐:中午及晚上各一小時) 日薪2000元       B：計時班 12:00~21:00(休息用餐一小時不計薪) 時薪200元       (假日都需配合上班並於平日安排輪休)  1.擁有好的自我形象管理，能為產品銷量帶來助益 2.主動、熱情、善於溝通，這是你的強項 3.有第一線銷售經驗(收銀機操作)者尤佳 為了將美味"
13937764,儲備幹部,錠嵂保險經紀人股份有限公司_中十一營業處(林芳生),台中,台中市,台中市北屯區,客服/業務/電商/貿易,其他服務/工商貿易,50000~90000 (period=0),月薪,50000,90000,0,0,傳統無AI,無,0,0,0,0,儲備主管 專案主任  專案襄理 洽訂保險契約與保險相關服務與組織管理人才
15401543,【歡迎即刻加入】業務助理,頌勝科技材料股份有限公司,台中,台中市,台中市西屯區,客服/業務/電商/貿易,傳統製造/精密工業,32000~40000 (period=0),月薪,32000,40000,0,0,傳統無AI,無,0,0,0,0,1.銷售之發票開立及請款作業。 2.協助主管交辦事項。 3.熟悉鼎新Workflow ERP 操作者優先。 【任職條件】 1.學歷背景：大學以上，商業相關科系，歡迎應屆畢業生。 2.需專業證照：丙級會計證照。  
14874436,玩具店門市PT人員(台中大雅區),貝克漢文化事業有限公司,台中,台中市,台中市大雅區,客服/業務/電商/貿易,資訊科技/軟體網路,196~196 (period=0),時薪折算,31360,31360,0,0,傳統無AI,無,0,0,0,0,1、 維持賣場內環境整潔 2、 維持賣場內商品整潔 3、 商品庫存及盤點作業 4、 商品建檔及商品歸位 5、 完成主管各項交辦事項 6、 熟悉office作業軟體優先錄取 7、 商品備貨、補貨、出貨及訂貨 8、 提供消費者諮詢服務、結帳等有關客戶服務相關事宜 9、 迎賓介紹、發放會員單 ★賣場內沒有提供冷氣，夏天較為炎熱若您可以接受上述工作環境再投遞履歷表 ★假日需支援全天班
15357259,電訪人員,嶼曜開發顧問有限公司,台中,台中市,台中市南屯區,客服/業務/電商/貿易,其他服務/工商貿易,200~220 (period=0),時薪折算,32000,35200,0,0,傳統無AI,無,0,0,0,0,# 【土地開發 電訪小尖兵】兼職招募中！  ## 一句話介紹這份工作 不用懂建築、不用懂法律，只要會聊天、不怕生，就能來幫忙「挖寶」——找出願意賣地、換地、合作開發的地主，你就是我們的第一線情報員！  ## 這份工作在做什麼？ - 依照名單撥打電話，用輕鬆自然的方式跟地主聊聊他們的土地 - 簡單介紹我們的土地開發合作方案，了解對方是否有出售、合建或開發的意願 - 把聊天內容整理成簡單紀錄，交給後續的專案窗口跟進 - 就是這樣！不用逼單、不用死纏爛打，你只是負責「開啟話題」的那個人  ## 為什麼這份工作意外地有趣？ - 每通電話都是一個未知的小故事，你會聽到各種阿伯阿姨的土地回憶錄 - 不用背
15199249,【愛民眼鏡行】門市人員(台中，有眼鏡銷售經驗者),上光隱形眼鏡城,台中,台中市,台中市東區,客服/業務/電商/貿易,電子商務/數位零售,45000~9999999 (period=0),月薪,45000,45000,0,0,傳統無AI,無,0,0,0,0,(福利優 / 薪可面談)  我們在找，不只是員工，而是一起做事業的人。  我們是一群熱愛服務的眼鏡人，對眼鏡有自己的美感與堅持。  我們相信，付出就會有收獲，一分耕耘就會得到一分果實。 我們重視：你的每個努力，你的每個為公司著想的心。  如果你也喜歡「一起把事情做好」的感覺，你會很適合這裡。   ✦工作內容  視力檢查與專業驗配（眼鏡 / 隱形眼鏡）  顧客接待與需求分析  鏡片加工、鏡框調整與維修  商品陳列與門市空間維護  商品包裝與出貨處理  參與品牌社群內容（拍攝 / 分享）  ✦ 員工福利 保險：勞保/健保 教育：定期技術訓練 獎金：銷售獎金 休假：月休8天+特休（依勞基法）  
11501917,金融助理,旺鑫當舖,台中,台中市,台中市西屯區,客服/業務/電商/貿易,其他服務/工商貿易,29500~9999999 (period=0),月薪,29500,29500,0,0,傳統無AI,無,0,0,0,0,●保障底薪+獎金●  ●每日上班三小時●  ●挑戰高薪●    1.積極樂觀、樂於挑戰高額業績獎金  2.開發潛在客戶，拓展市場，以達成業績目標。  3.定期拜訪經銷客戶，維繫穩定客戶關係。  4.處理帳款回收相關事宜。  5.負責業務推展，傳達及說明公司各項業務重大訊息、活動及產品。 
6461421,不動產業務(只需標配3+1)新人薪獎半年30萬/教育訓練 (無經驗可、店貓相伴、彈性工時配合生活、不必天天坐辦公室）,永慶不動產臺中逢甲福星加盟店_家鼎不動產經紀有限公司,台中,台中市,台中市西屯區,客服/業務/電商/貿易,生技/醫療保健,面議,面議,,,1,0,傳統無AI,無,0,0,0,0,從事不動產業務只要有「標配3+1」 一切沒有想像的難！  [一支手機] 能拍照、能聯絡客戶、能經營社群發文  [一台筆電] 能整理物件、查詢資料、製作廣告  [一台機車] 能跑現場、拍物件、帶客人看房  再加上一個最重要的—— 願意學、願意跑、願意開口的你。  剩下不會的，我們教你！歡迎先到店了解30分鐘，聽完工作及獎金制度後再決定職涯規劃！  ————————————  永慶真的不一樣！ 成為永慶人，讓生活開始不一樣。 【價值百萬訓練】180天培養房地產專業知識。 【師徒達人】專職學長姐帶領學習，團隊運作學習成長更快速。 【科技系統】結合雲端科技平台及行動工作精準聰明工作。 【創造薪資】升遷
15391550,汙水用戶接管現場業務工程師,金安興工程有限公司,台中,台中市,台中市北屯區,客服/業務/電商/貿易,其他服務/工商貿易,面議,面議,,,1,0,傳統無AI,無,0,0,0,0,施工地點：台中市各區（目前多以北屯、南屯為主）  工作內容： 1. 一般民宅、大樓改管用戶接洽及現場簡報說明。 2. 改管相關合約洽談。 3. 基本電腦操作及文書處理。 4. 主管交辦相關工作事項。 5. 協助工地現場工程相關事務。 6. 需配合台中市各區工地現場工作。  條件要求： 1. 具工程相關實務經驗者佳。 2. 具備良好溝通及應對能力，能與住戶進行接洽、說明。 3. 熟悉基本電腦操作及文書處理。 4. 需具普通重型機車及汽車駕照。 5. 能配合工地現場工作及公司工作安排。
15389917,【台中】金融徵審人員【固定晚班】,二十一世紀數位科技股份有限公司,台中,台中市,台中市西屯區,客服/業務/電商/貿易,資訊科技/軟體網路,29500~32000 (period=0),月薪,29500,32000,0,0,傳統無AI,無,0,0,0,0,1. 申辦案件線上核對。 2. 申辦案件電話徵信。 3. 評估申請額度及信用調查作業。 4. 資料處理與維護。 5. 其它主管交辦事項。 
13822057,豐原彩券行櫃檯人員-中班,招財屋彩券行,台中,台中市,台中市豐原區,客服/業務/電商/貿易,電子商務/數位零售,32000~9999999 (period=0),月薪,32000,32000,0,0,傳統無AI,無,0,0,0,0,徵長期穩定配合門市人員，須培訓(短期勿試) 1. 銷售台灣彩劵、運動彩劵及刮刮樂 2. 店內環境整理 3. 盤點帳務 4. 無彩劵行經驗可 5. 春節期間須配合排班
15351692,【富X產險】行政助理/台中北屯區- 701JK,萬寶華企業管理顧問股份有限公司,台中,台中市,台中市北屯區,客服/業務/電商/貿易,其他服務/工商貿易,32000~32000 (period=0),月薪,32000,32000,0,0,傳統無AI,無,0,0,0,0,"1.理賠文件AI協作檢核校對:針對OCR系統辨識的資料，進行檢核校對。 2.電腦資料輸入KEY IN(中文每分鐘/60字以上) 3.電話接聽(需口齒清晰、主動服務、具應變能力) 4.整理列印文件及歸檔文件等工作。  【條件】 高中/專科以上畢 有行政經驗優先  薪資：$31,000+全勤$1000  【此為派遣職務，視工作狀況續約】"
14857114,中區醫療業務專員-跟刀業務,國揚生技有限公司,台中,台中市,台中市中區,客服/業務/電商/貿易,生技/醫療保健,50000~9999999 (period=3),月薪,50000,50000,0,0,傳統無AI,無,0,0,0,0,【工作內容】 1. 關係經營：現有客戶拜訪，能用心經營區域，將客戶關係維護好。 2. 開發潛在客戶(陌生開發)：拓展市場以達成或超越業績目標，有企圖心與魄力。 3. 銷售及推廣公司產品: 有目標執行力及自我時間管理能力。 4. 支援業務工作、開刀房跟刀：需進入手術室協助醫師正確使用產品或設備。 5. 提供產品說明及諮詢服務。 6. 產品報價及採購流程處理。  本公司著重於業務推廣，跟刀比重約佔工作量20%、業務推廣約佔工作量80%  【其他條件】 1. 享有優渥的業績獎金 2. 具護理、外科助手等醫療相關背景尤佳 3. 良好溝通技巧，喜團隊合作者 4. 具抗壓性、學習心與企圖心者 5. 需自備
14058261,門市人員(大雅區)(須配合輪班),裕芳食品_鑫裕芳有限公司,台中,台中市,台中市大雅區,客服/業務/電商/貿易,生技/醫療保健,34000~40000 (period=0),月薪,34000,40000,0,0,傳統無AI,無,0,0,0,0,"追求環境極致的乾淨，這是做食品的堅持 追求工作效率的達成   遊覽車多，要掃廁所   薪水:底薪加獎金(依工作表現升薪水)34000-40000  有試用期 試用期3個月試用期薪水30000 全職門市需早晚輪班,有經驗者佳  休假:月休8天 (排班制) 早班8:00-21:00(輪班)(會依照排班調動） 1.負責介紹及銷售門市商品。 2.提供顧客之接待與需求服務（如：電話諮詢、調貨、修改、包裝及退換貨處理）。 3.負責商品進貨入庫、銷售管理及庫存管理。 4.負責商品包裝、陳列及促銷品換檔工作。 5.維持門市內外週遭之整潔。 6.主管交辦事項 7.需長時間久站及走動 8.活動期間及過年期間需配合"
9063230,行政俱樂部接待員 Executive Lounge Guest Relations Officer,日月千禧酒店股份有限公司,台中,台中市,台中市西屯區,客服/業務/電商/貿易,其他服務/工商貿易,40000~41000 (period=0),月薪,40000,41000,0,0,傳統無AI,無,0,1,0,0,"1.貴賓接待服務  2.協助貴賓、旅遊、住宿、餐飲等資料提供及服務  3.職務內容半數從事貴賓餐飲及酒水服務  4.具有親和力及服務熱忱,喜愛與人交談者佳  5.英或日文聽說流利者佳"
15398497,國貿訂單人員,瑟菲克斯科技股份有限公司,台中,台中市,台中市南區,客服/業務/電商/貿易,傳統製造/精密工業,面議,面議,,,1,0,傳統無AI,無,0,0,1,0,1.客戶訂單處理確認與安排出貨事宜。 2.有效率完成回覆客戶業務與廠內之間的信件 3.協助進出口相關作業事務及交期確認 4.處理業務相關報表彙整統計及訂單作業處理。 5.負責一般文書資料處理及歸檔工作 6.主管交辦事項。  ※依學經歷敘薪評估 ※細心謹慎且能團隊合作  ※因應擴編計劃，預計2026年第四季廠區搬遷至台中精密機械科技園區 搬遷前的上班地點為原廠區: 台中市南區樹義路62號 
14590962,國小/業務專員(中區),南一書局企業股份有限公司(總公司),台中,台中市,台中市大雅區,客服/業務/電商/貿易,生技/醫療保健,35000~44000 (period=2),月薪,35000,44000,0,0,傳統無AI,無,0,0,0,0,加入我們，成為教育出版的推動者！透過創新與專業的服務，提升教師與學生的學習體驗，成為台灣最具影響力的教育集團。  【工作項目】 1、教科書推廣與服務：提供專業的產品介紹和售後服務與學校及教師建立良好關係。 2、教學活動及研習辦理 ： 協助舉辦各類教學活動、教學研討會及座談會，提高產品知名度和品牌價值。 3、公司產品銷售推廣：推廣公司產品，定期收集市場反饋，以優化產品推廣策略。 4、服務範圍：苗栗縣、台中市、彰化縣、南投縣區域等國小學校。  如果你對教育充滿熱情，並希望在這個充滿挑戰與機會的行業中發光發熱，歡迎加入我們的團隊！一起為教育的未來努力，攜手共創美好的學習環境。   【南一業務全區招募
15171195,徵同事【人資招募】同事好相處｜氣氛輕鬆不死板,首誠人力資源有限公司,台中,台中市,台中市大雅區,客服/業務/電商/貿易,文教/補教培訓,30000~9999999 (period=0),月薪,30000,30000,0,0,傳統無AI,無,0,0,0,0,"✨ 同事好相處｜氣氛輕鬆不死板 ✨ 年輕團隊｜顏值在線每天上班不無聊 ✨ 內勤職缺｜不用風吹日曬也能拚高薪   【工作內容】求職者媒合／電話聯繫／門市接待／資料建檔 【工作地址】台中市大雅區中山北路582號 【休假制度】週休六日(紅就休)   人資專員 ■ 09:00～18:00 ➜ 月收 $30K～50K↑   獎金制度 ■ 季獎金 ➜ $3,000 / 季 ■ 招募獎金 ➜ $2,000～$10,000 / 月 ■ 駐廠獎金 ➜ $1,000～$10,000 / 月 ■ 在職加薪 ➜ $0～$10,000 / 月  辦公室舒適乾淨｜同事好相處｜主管願意教 ✔ 完整培訓 ✔ 正常發揮月薪 +"
15377328,行政助理(工讀可),金色博士生活文化創意國際股份有限公司,台中,台中市,台中市西區,客服/業務/電商/貿易,其他服務/工商貿易,200~9999999 (period=0),時薪折算,32000,32000,0,0,傳統無AI,無,0,0,0,0,本公司所從事為長照師資課程單位 歡迎開朗有責任心的您投遞履歷  上班時間為14：00-19：00 時間可彈性安排  此工作職務行政助理/主要協助行政事務工作 以上若有作品歡迎攜帶面試  三、其他工作內容 支援執行長與行政管理師後端工作 1. 負責一般文書資料處理工作。 2. 維護、更新、管理各類文件檔案（如：合約、會議記錄、書目資料、活動文件）和資料庫系統。 3. 完成工作時程表，管理行事曆，並負責會議協調與安排。 
12880621,業務人員,劦辰傳媒有限公司,台中,台中市,台中市烏日區,客服/業務/電商/貿易,電子商務/數位零售,32000~100000 (period=0),月薪,32000,100000,0,0,傳統無AI,無,0,0,0,0,銷售對象： 臉書直播主、IG直播主、電商平台 工作內容： 批發各類產品例如：手錶、精品各類包款、服飾、廠拍、臉書系統業務  1.保障底薪:3萬2千元 2.高額獎金制度 3.年終獎金 4.員工旅遊 5.公司不定期聚餐 6.特休假 7.汽車津貼、油費津貼、過路費實報實銷 8.勞保、健保、勞工退休金(6％公司提撥) 9.上班時間:08:00－17:00、月休8天 10.見紅就休 11.三節禮金或禮品 12.年終獎金 1須備汽車交通工具  #無經驗可 #歡迎挑戰高薪  意者請先投遞履歷我們會盡快與你聯絡 喬韻事業有限公司 統一編號:63305000   王經理－LINE：L05281210    09
12430012,【台中】電商客服專員,智生活科技股份有限公司,台中,台中市,台中市北區,客服/業務/電商/貿易,電子商務/數位零售,36000~39000 (period=0),月薪,36000,39000,0,0,傳統無AI,無,0,0,0,0,我們需要對工作有熱情，勇於接受挑戰的夥伴。歡迎加入我們的團隊。  電話接聽 受理公司各項服務售後客訴處理(顧客服務、訂單管理、廠商客訴、退費處理與各項異動服務)。 線上(智生活app、LINE@)即時回應顧客問題、售後服務、客訴處理。 跨部門協調與進度追蹤 客戶服務後關懷、有效名單外撥締結、及回購電訪。 日常行政工作支援、資料建檔與整理。 配合主管其他交辦事務
14727781,門市收銀小姐,澤胖男食品商行,台中,台中市,台中市太平區,客服/業務/電商/貿易,電子商務/數位零售,30000~32000 (period=0),月薪,30000,32000,0,0,傳統無AI,無,0,0,0,0,1.櫃檯收銀  2.包裝麵包  3.薪水三萬 有勞健保  4.月休8天 排休  5.上班時間 12:00 - 20:00  6.個性外向佳
12129285,青年【房仲】陪跑計畫｜從第一筆成交到百萬收入,有巢氏房屋12期逢甲聚利加盟店_聚利地產有限公司,台中,台中市,台中市西屯區,客服/業務/電商/貿易,文教/補教培訓,1000~100000 (period=0),時薪折算,160000,160000,0,0,傳統無AI,無,0,0,0,0,"給願意努力、想改變收入的人｜零經驗也能挑戰高收入 專人陪跑 × AI系統 × 完整培訓 × 新人培育獎勵38,000元  ✔ 新人培育獎勵 38,000 元（依培訓進度及考核分階段發放） ✔ 完整教育訓練，從零開始建立專業能力 ✔ 專人一對一陪跑，協助完成第一筆成交 ✔ AI 科技成交系統，提高工作效率 ✔ 高獎金制度，收入沒有天花板 ✔ 明確晉升制度，打造長期職涯發展  我們團隊擁有： ✔ 店長20年實戰經驗 ✔ 每月教育訓練 ✔ AI科技成交系統 ✔ 高總價客戶經營 ✔ 商用不動產培訓 ✔ 團隊共同成交，不讓新人單打獨鬥  如果你願意學，我們願意教；如果你願意努力，我們願意投資你。 我們不"
15341368,半導體設備類業務工程師,新台實業股份有限公司,台中,台中市,台中市大雅區,客服/業務/電商/貿易,其他服務/工商貿易,50000~70000 (period=4),月薪,50000,70000,0,0,傳統無AI,無,0,1,1,1,"1. 我們非單純貿易商：具備二手機台測試、翻修改造、技術研發與維修之實體硬實力與工程團隊。 2. 完整賦權：將你定位為 Project Owner，完整主導 Customer ➔ Engineering ➔ Delivery 全流程，培養你成為 Business Manager。  【公司簡介】 CIN TAI FORMOSA ENTERPRISE CO., Ltd. 專注於半導體設備工程與製程技術服務，主要涵蓋： • ALD / CVD / EPI / Diffusion Furnace / Wet Process Equipment • 半導體設備翻修與改造 (Retrofit / Upg"
14769589,藍海高端西服顧問/高獎金/達標獎金/時間彈性,薩維爾皇家西服商行,台中,台中市,台中市東區,客服/業務/電商/貿易,傳統製造/精密工業,30000~200000 (period=0),月薪,30000,200000,0,0,傳統無AI,無,0,0,0,0,【挑戰百萬年薪#可兼職】(無經驗可、不限年齡) 專職、兼職自己選，職涯規劃你做主  除了一天共3小時業務會議外 時間自主安排 今天在咖啡廳開會，明天也能在海邊踩沙灘。  業績做好，在家睡覺老板都懶得管你  達標就放飛 工作生活隨你安排  老闆比你還愛玩 讓你拚得有成就，玩得更盡興！  如果你嚮往找一個能帶來歡樂又能拚業績的業務工作，那就別錯過了！  Join us   讓「工作」和「好玩」劃上等號！  單件平均 10000至 100000元以上（另有公司達標獎金） 一個月內可上手、認真一個月成交5件以上很自然  ◆ 其他獎勵 １、高績效獎勵 ２、半年獎金 ３、年度獎金 ４、業績競賽獎勵 ５、績
10641737,URBAN RESEARCH台中三井OUTLET店 正職銷售人員,URBAN RESEARCH_台灣城市搜索股份有限公司,台中,台中市,台中市梧棲區,客服/業務/電商/貿易,電子商務/數位零售,33000~42000 (period=0),月薪,33000,42000,0,0,傳統無AI,無,0,0,0,0,1.喜歡Fashion、Select Shop、負責介紹及銷售門市商品。 2.溝通能力強、 提供顧客之接待與需求服務（如：電話諮詢、調貨、修改、包裝及退換貨處理）。 3.負責商品進貨入庫、銷售管理及庫存管理。 4.負責商品包裝、陳列及促銷品換檔工作、具備銷售經驗者佳。 5.維持店櫃週遭之整潔。  ★歡迎附上平日的穿搭，與我們分享你的穿搭風格★
13814663,業務助理,發宇企業有限公司,台中,台中市,台中市南屯區,客服/業務/電商/貿易,其他服務/工商貿易,33000~9999999 (period=0),月薪,33000,33000,0,0,傳統無AI,無,0,0,0,0,1. 處理及追蹤客戶訂單，協助客戶對於商品價格的查詢及報價 2. 負責進銷存相關單據之整理及核對。 3. 協助產品訂購及貨品追蹤。 4. 應收應付帳款整理及對帳 5. 協助業務人員處理銷售業務相關之公司內部行政作業     
5147163,計時/兼職夥伴-遠雄台中 (時薪$196起),21風味館_二十一世紀生活事業股份有限公司,台中,台中市,台中市東區,客服/業務/電商/貿易,其他服務/工商貿易,196~9999999 (period=0),時薪折算,31360,31360,0,0,傳統無AI,無,0,0,0,0,1. 連鎖速食店產品製作與顧客服務。 2. 例行性清潔工作。 3. 每週彈性排班(每次上班至少4小時)。 4. 歡迎學生、二度就業、政府專案及中高齡等所有求職者(無經驗可)。
10561067,誠徵房地產行銷開發業務，無經驗 有培訓 底薪 歡迎面試,三灜地產集團_尚峰不動產有限公司,台中,台中市,台中市北屯區,客服/業務/電商/貿易,文教/補教培訓,35000~9999999 (period=0),月薪,35000,35000,0,0,傳統無AI,無,0,0,0,0,誠摯邀請您來面試了解  歡迎加入台灣房屋最強冠軍團隊      唯有鑽石 才能琢磨出鑽石  堅強陣容 優質管理 完善教育訓練      來吧！別怕！築夢路上 我們一起完成
14294335,【台中】固定4小時兼職客服,聯華電信股份有限公司,台中,台中市,台中市南屯區,客服/業務/電商/貿易,其他服務/工商貿易,14000~16000 (period=0),月薪,14000,16000,0,0,傳統無AI,無,0,0,0,0,"1.接聽客人來電電話,進行電腦派遣 或線上電話服務(非遠端) 或客訴處理 2.通暢的升遷管道(表現良好者可轉正職)  3.每天4H，排班制，月休8-10天，    以下固定時段請參考，六日一天需能排班，投遞時請註明應徵時段：    晚：16-20/20-24    大夜：00-04/04-08 4.須配合加班20H/月，必要時須延長工時，加班2H/天左右"
15377322,行政,金色博士生活文化創意國際股份有限公司,台中,台中市,台中市西區,客服/業務/電商/貿易,其他服務/工商貿易,34000~9999999 (period=0),月薪,34000,34000,0,0,傳統無AI,無,0,0,0,0,本公司所從事為長照師資課程單位 歡迎開朗有責任心的您投遞履歷  上班時間為10：00-19：00 時間可彈性安排  此工作職務行政助理/主要協助行政事務工作 一、需會基礎美編(公司有時會作課程招生需要會作DM) 二、有寫過政府計畫案或標案經驗佳 以上若有作品歡迎攜帶面試  三、其他工作內容 支援執行長與行政管理師後端工作 1. 負責一般文書資料處理工作。 2. 維護、更新、管理各類文件檔案（如：合約、會議記錄、書目資料、活動文件）和資料庫系統。 3. 完成工作時程表，管理行事曆，並負責會議協調與安排。 
11662908,【保障底薪+車輛津貼+高獎金】中部地區國內業務人員,陶然居有限公司,台中,台中市,台中市北區,客服/業務/電商/貿易,文教/補教培訓,40000~100000 (period=3),月薪,40000,100000,0,0,傳統無AI,無,0,0,0,0,本職缺初試為視訊面試 錄取後須至高雄公司教育訓練4天，住宿及交通由公司負擔  【核心職責】 戰略版圖拓展 (Market Expansion)： 主導中部地區的市場佈局，精準開發建設公司、室內設計師及精品廚衛通路，全力衝刺並達成區商業績目標。  通路深耕與關係維護 (Channel Management)： 規劃高效率的拜訪行程，深耕現有通路商與經銷商網絡。不僅是銷售，更要成為客戶信賴的顧問，建立長期穩定的戰略合作關係。  市場洞察與業績管理 (Sales Analysis & Reporting)： 具備敏銳的商業嗅覺，第一時間蒐集市場動態與競品情報。負責撰寫業務報表並進行系統化的銷售數據分
14788571,紅番霧峰門市人員／早班,紅番運動休閒用品有限公司,台中,台中市,台中市霧峰區,客服/業務/電商/貿易,電子商務/數位零售,30000~32000 (period=0),月薪,30000,32000,0,0,傳統無AI,無,0,0,0,0,門市／店員／專櫃人員 1. 介紹及銷售門市商品。 2. 提供顧客之接待與需求服務。 3. 負責商品包裝、陳列等工作。
15394200,台灣虎航電話客服(台中)(約聘)-日語,遠欣股份有限公司,台中,台中市,台中市西區,客服/業務/電商/貿易,其他服務/工商貿易,31000~34000 (period=2),月薪,31000,34000,0,0,傳統無AI,無,0,1,0,0,~我們的聘僱完全符合勞基法，工作雖忙但充實，讓你感受到職場的成就感與保障。~ 這是一個幫人解憂(有關處理訂票、改簽、退款等...)的工作，協助旅行者旅行服務協助 主要工作： *提供友善、專業服務，解答疑問和處理問題 *處理訂票、改簽、退款等相關事宜 *協助處理乘客的投訴和糾紛 *與航空公司內部的各個部門合作 *維護客戶資料庫，準確記錄和更新相關資訊  ★ ★我們的客服中心是一個充滿活力且具有國際化環境的工作場所。這裡不僅與來自世界各地的乘客互動，更與各個部門緊密合作。我們致力於提供卓越的客戶服務，解答疑問，處理預訂、改簽和退款等事務，確保每一位乘客都能享受到舒適、便利和安心的旅行體驗★ ★  
15069863,NMR勤美門市╱服飾計時店員/服飾工讀,米斯特服裝有限公司,台中,台中市,台中市西區,客服/業務/電商/貿易,電子商務/數位零售,196~196 (period=0),時薪折算,31360,31360,0,0,傳統無AI,無,0,0,0,0,銷售 :NMR店內服飾   請附上穿搭照 或者FB/IG MAIL:mmj03299@gmail.com  NMR 台中勤美店 電話：04-23213148 地址：台中市西區美村路一段149巷12-1號 營業時間：14:00~22:00 1.負責介紹及銷售門市商品。  2.提供顧客之接待與需求服務（如：電話諮詢、調貨、包裝及退換貨處理）。  3.負責商品進貨入庫、銷售管理及庫存管理。  4.負責商品包裝、陳列及促銷品換檔工作。  5.維持店櫃週遭之整潔。   福勵:  保險福利：勞保、健保  衣著福利：員工制服  娛樂福利：員工定期聚餐  其他福利：員工在職教育訓練  品牌官網:https:/
14918353,【中投】品牌通路代表｜保障待遇/獎金無天花板/擴編見紅休,富頡國際股份有限公司,台中,台中市,台中市西屯區,客服/業務/電商/貿易,生技/醫療保健,41000~120000 (period=0),月薪,41000,120000,0,0,傳統無AI,無,0,0,0,0,"【5年，60款優勢產品】 擴編招募成長快速，多年研發背景，旗下60種品項皆取得衛服部上市許可，已有穩定客戶。由您代表公司專責中部區域，服務客戶。  【專業訓練/挑戰自我】 1.成熟資源： 該區域已有成熟既定客戶，入職提供教育訓練，非從零摸索。 2.專業導向：「療程用專利產品」以專業為前提，非盲目銷售。  【透明薪資制度】 1.實質保障： 正職保障底薪 $40,000 起（非虛浮獎金結構）。 2.雙重獎勵： 1.獎金提成(無上限)，2.當月績優再享（$3,000 - $11,000/月） 3.交通津貼： 針對中部外勤需求，提供完整的交通/油資補貼。  【明確工作內容】 1.通路維護： 定期拜訪中"
10956422,業務專員/儲備幹部(台中區),華辰保全股份有限公司,台中,台中市,台中市北屯區,客服/業務/電商/貿易,其他服務/工商貿易,29500~35000 (period=0),月薪,29500,35000,0,0,傳統無AI,無,0,0,0,0,"1.負責公司保全系統、監控系統業務開發銷售。  2.開發潛在客戶，拓展市場，以達成業績目標。  3.報價與取約。  (依個人開發案件數,另有業務獎金)"
15127716,停車場計時人員(魚中魚清水店),魚中魚樂活有限公司,台中,台中市,台中市清水區,客服/業務/電商/貿易,其他服務/工商貿易,220~220 (period=2),時薪折算,35200,35200,0,0,傳統無AI,無,0,0,0,0,1.引導顧客停車及接待。  2.管理顧客停車場車輛。  3.協助顧客搬運物品（有時需要搬運重物）。  4.其他主管交辦事項。  
12557058,SABON 保養香氛｜店鋪櫃檯助理(約聘期限一年) - 台中地區,英屬維京群島商華敦國際有限公司台灣分公司,台中,台中市,台中市西屯區,客服/業務/電商/貿易,其他服務/工商貿易,32600~35000 (period=0),月薪,32600,35000,0,0,傳統無AI,無,0,0,0,0,◆ 工作地點：台中新光三越中港店/台中三井Lalaport北館(依公司規定)  【工作內容】 1. 協助門市產品進貨及盤點 2. 協助門市商品效期管理 3. 協助門市之顧客商品包裝 4. 協助門市備品進貨及庫存管理 5. 協助門市簡易文書處理 (需會使用word/excel) 6. 協助門市櫃檯整潔維護 7. 協助門市動線控管 8. 協助門市結帳收銀 9. 協助其他主管交辦事項   源自法國的香氛保養  1997年，兩個孩提時代的朋友在旅行途中尋獲70年前澳洲當地古老手工皂配方，在特拉維夫開設手工香皂店，並以希伯來語的香皂一詞的SABON為名。  從匠人製作的手工皂開始，逐漸擴展至身體保養與居
15337188,【溫妮優格】正職人員,溫妮日和實業有限公司,台中,台中市,台中市西區,客服/業務/電商/貿易,生技/醫療保健,32000~40000 (period=3),月薪,32000,40000,0,0,傳統無AI,無,0,0,0,0,⦁ 嚴格執行消毒清潔作業，維持環境與食品衛生安全 ⦁ 精準完成優格分裝與庫存管理，確保品質穩定 ⦁ 負責門市正常營運：商品銷售、收銀與顧客服務 ⦁ 協助新品推廣、行銷活動與維護品牌健康形象 ⦁ 對工作有熱情、對銷售有目標感
14041500,【臺中總公司】業務 (底薪38K-48K以上 ，業績獎金另計),新誼資訊股份有限公司,台中,台中市,台中市南區,客服/業務/電商/貿易,資訊科技/軟體網路,38000~9999999 (period=0),月薪,38000,38000,0,0,傳統無AI,無,0,0,0,0,1.負責公司軟體產品銷售、業務推展及客戶服務。 2.開發潛在客戶，拓展市場，以達成業績目標。 3.業務接洽及訂單處理、產品報價、產品展示。  4.具備行銷展示能力、可跨縣市進行專案簡報 。 
15386992,PM業務助理,太平洋廚電_來永實業股份有限公司,台中,台中市,台中市豐原區,客服/業務/電商/貿易,傳統製造/精密工業,32000~35000 (period=0),月薪,32000,35000,0,0,傳統無AI,無,0,1,0,0,【關於這個職務】 來永實業（太平洋廚電） 為排油煙機與廚房電器的設計製造廠， 以外銷為主，產品行銷歐美、 日本、 澳洲、 香港與東南亞等地。 業務部的專案人員負責承接國外客戶的案子， 一個案子從開發階段到量產通常橫跨數月。 PM業務助理是專案人員的左右手， 負責讓專案的資訊不漏接、 進度不脫節。 【工作內容】 1.	專案文書與紀錄 -	會議紀錄整理與追蹤事項彙整 -	專案資料建檔、 產品簡報與報表製作 -	客訴案件建檔與後續追蹤 2.	專案進度跟進 -	追蹤各階段進度， 向相關單位確認回覆狀況 -	彙整進度狀況， 提供專案人員與主管掌握 3.	跨部門與對外聯繫 -	與開發、 品保、生管、 資材
15400457,短期門市時薪人員(台中三井),Snow Peak_台灣雪諾必克企業股份有限公司,台中,台中市,台中市梧棲區,客服/業務/電商/貿易,其他服務/工商貿易,210~230 (period=0),時薪折算,33600,36800,0,0,傳統無AI,無,0,0,0,0,1. 戶外用品 解說、販售  2. 客戶服務，基本產品維修  3. 店面陳列擺設管理  4. 庫存盤點、管理  5. 店面產品展示陳列  6.主管交辦事項 7.上班時間內含一個小時休息時間 8.休假為排休制(依照一例一休新制)  *快閃店展期需配合到班15天/約120小時 *上班期間為11/1-12/24 *面試地點:台中市西屯區龍德路2段500號(Snow Peak 台中直營店)
14675444,客服專員,立彩建設有限公司,台中,台中市,台中市西區,客服/業務/電商/貿易,其他服務/工商貿易,33000~9999999 (period=4),月薪,33000,33000,0,0,傳統無AI,無,0,0,0,0,1.辦理收款業務。 2.協助與客戶簽約、對保、產權移轉及交屋等作業。 3.協助辦理客戶工程變更與修繕工程服務。 4.協助輔導社區成立管委會。 5.協助處理客訴及建立顧客關係。 6.客戶文件資料建檔、管理、更新及一般行政作業。  7.主管交辦事項
15026784,【虎山焱】老虎城購物中心麻辣火鍋新品牌 → 內場人員（43 K - 49 K）,圓夢家文創行銷有限公司,台中,台中市,台中市西屯區,客服/業務/電商/貿易,廣告行銷/公關顧問,43000~9999999 (period=2),月薪,43000,43000,0,0,傳統無AI,無,0,0,0,0,【職務說明】 老虎城購物中心，新火鍋品牌即將開張！ 招募現場營運人員，加入開店先鋒隊！ 從籌備到開業，你就是門店關鍵角色。 負責現場服務、出餐協調與營運流程。 讓顧客滿意、店裡順暢運作──你的舞台。 想挑戰新品牌、創造爆紅門店？快來加入！  【工作內容】 1 . 負責食材前置處理、備料及基本切配作業。 2 . 火鍋湯底製作與餐點出餐準備。 3 . 依照標準作業流程製作餐點，確保品質穩定。 4 . 協助出餐流程，維持出餐速度與正確性。 5 . 維持廚房環境清潔，落實食品衛生安全規範。 6 . 配合內場分工與主管安排，完成相關支援工作。  【任職條件】 1 . 具１年以上餐飲業內場經驗，火鍋業經驗
15383316,中區業務專員(苗中彰雲投),台灣所立克股份有限公司,台中,台中市,台中市大雅區,客服/業務/電商/貿易,其他服務/工商貿易,45000~9999999 (period=6),月薪,45000,45000,0,0,傳統無AI,無,0,0,0,0,"1.	管理、溝通、服務區域包含:(苗中彰雲投)之獨立保養廠, 經銷商以確保達成業績 2.	維持、服務原廠車廠及大型獨立保養廠 3.	持續開發潛在客戶並推廣本公司產品以提高市占率,   針對獨立保養廠通路提出通路促銷及活動方案以刺激銷售 4.	市場訊息蒐集及分析、客戶銷售方案的策畫及執行 5.	定期與主管進行績效檢討及回報進度  積極細心、善溝通協調者及了解設備/手工具/保修市場尤佳。 歡迎有志者加入我們行列。 "
15265725,業務助理,晴日旅行社股份有限公司,台中,台中市,台中市西區,客服/業務/電商/貿易,其他服務/工商貿易,32000~35000 (period=0),月薪,32000,35000,0,0,傳統無AI,無,0,0,0,0,◆ 協助業務蒐集、整理所需資料。  ◆ 旅行社行政事務。  ◆ 客戶資料及相關文件整理、建檔與維護。  ◆ 日常客戶接待工作、協助業務電話接聽。 ◆ 刷卡與結帳。 
15215534,業務助理(台中),鈦沅股份有限公司,台中,台中市,台中市西區,客服/業務/電商/貿易,生技/醫療保健,35000~40000 (period=3),月薪,35000,40000,0,0,傳統無AI,無,0,0,0,0,1. 製作報價單、處理處理訂單及出貨退貨管理  2. 瑕疵不良品相關文件處理、追蹤、存檔 3. 協助倉庫：處理進出貨條碼掃描作業、定期庫存盤點、倉庫環境維護  4. 基本文書能力：熟悉Excel、Word、Outlook及操作ERP作業系統 5. 執行主管或業務交辦事項，支援各部門運作 6. 工作細心負責，具高度配合度， 能獨立作業 7. 需協助送貨   
13731707,【蔬果門市人員】固定晚班｜11:00-20:00｜穩定排班,擎燁有限公司,台中,台中市,台中市大雅區,客服/業務/電商/貿易,其他服務/工商貿易,33000~40000 (period=0),月薪,33000,40000,0,0,傳統無AI,無,0,0,0,0,• 協助市場門市開店、收店作業  • 蔬果上架、補貨、整理及包裝  • 維持門市整潔與商品陳列  • 協助搬運蔬果（約10～20公斤，備有推車等輔助工具）  • 協助門市日常營運及主管交辦事項  •工作內容固定，熟悉後容易上手 排班方式：採一頭班
15088052,內勤業務人員,立均企業社,台中,台中市,台中市西屯區,客服/業務/電商/貿易,其他服務/工商貿易,29500~60000 (period=0),月薪,29500,60000,0,0,傳統無AI,無,0,0,0,0,【工作內容】   協助客戶評估貸款條件與適合方案，提供專業諮詢服務。   公司與多家銀行及融資機構合作，協助客戶順利完成貸款申請流程。  ✔ 無相關經驗也沒關係   ✔ 只要肯學、態度積極，公司會提供完整教學與協助   ✔ 想提升收入、改變現況，這份工作很適合你  【工作優勢】   1. 公司提供案件資源，不需自行陌生開發   2. 配合多家銀行，方案選擇多元    3. 休假制度比照銀行行事曆   4. 免費下午茶、零食飲品應有盡有 5. 上班時間 9:00–18:00  歡迎來面試聊聊，聊得開心覺得滿意一起加入我們團隊。 
11524084,誠徵 AI智能學習顧問(業務津貼40000+高獎金)-台中營運處,飛騰學習顧問有限公司,台中,台中市,台中市北區,客服/業務/電商/貿易,文教/補教培訓,40000~300000 (period=0),月薪,40000,300000,0,0,傳統無AI,無,0,0,0,0,歡迎有心於教育、幫助學生免於辛苦補習的熱血老師加入！ 工作內容： 1.全國首創 Ai智能學習系統銷售，需外勤 2.電話約訪，提供客戶諮詢服務 3.熟悉產品相關細節，產品解說、推廣及銷售 4.無經驗亦可 5.喜與人互動、具親和力、主動積極、溝通無礙、隨機應變強、學習態度佳、基礎抗壓 6.公司提供完整SOP教育訓練 7.保障津貼40000元/月 （這部份只看出勤） 沒有倒扣機制！！！ 另含高獎金制度（這部份才看績效） 8.升遷制度暢通透明 可以當事業經營 創造被動收入   公司願意盡力照顧每一位優秀人才，有挑戰高薪企圖心的人，歡迎加入飛騰，一起飛黃騰達！  Ai是趨勢 更是現在進行式 歡迎搭乘順風
5958344,國貿人員,協正金屬實業有限公司,台中,台中市,台中市大里區,客服/業務/電商/貿易,傳統製造/精密工業,35000~55000 (period=3),月薪,35000,55000,0,0,傳統無AI,無,0,1,1,0,1.協助新市場/客戶拓展與開發；現有市場/客戶維護。 2.協助處理銷售業務相關作業。 3.例行事項、公司行政文書作業及主管交辦事項。 4.具備英文簡報、溝通能力及與國外客戶洽談、書信往來的語文能力尤佳。 5.熟悉國際貿易流程及有實際外銷業務經驗者佳。
15345048,純內勤 ! 周休六日(見紅休)【台中南屯】知名電信-帳務催收專員 (保障底薪+催收獎金)#M655,寶華國際人力顧問股份有限公司,台中,台中市,台中市南屯區,客服/業務/電商/貿易,其他服務/工商貿易,30000~9999999 (period=0),月薪,30000,30000,0,0,傳統無AI,無,0,0,0,0,"➤【工作內容】   針對逾2或3個月以上應繳帳款，進行外撥提醒用戶繳費。  ➤【需求特質】   1. 勤快認真願意學習    2. 有催收經驗者尤佳   ➤【工作時間】班段為09：00-18：00   ➤【休假制度】週休二日(見紅休)   ➤【工作待遇】$30,000(底薪)+催收獎金  ★歡迎加LINE詢問，LINE ID : powerhr620★ 《加LINE後請告知您的姓名以及應徵職缺，謝謝^^》)"
14432987,外勤業務,上浤醫藥生技股份有限公司,台中,台中市,台中市西屯區,客服/業務/電商/貿易,生技/醫療保健,32000~40000 (period=2),月薪,32000,40000,0,0,傳統無AI,無,0,0,0,0,1.銷售B2B保健食品，開發潛在客戶，拓展市場，以達成業績目標。 2.定期拜訪客戶，維繫客戶關係。 3.業績目標執行並定期與主管做業務彙報與檢討  ▶配有公務車、公務手機、公務筆電 ▶每季依業績達成給予業績獎金 ▶完善升遷制度 ▶大學以上不限科系，具有銷售特質與企圖心，公司內部定期教育訓練  業績表現優異可挑戰到百萬年薪以上，期待有自信的你加入我們的業務團隊！ 
15354429,【新人保底業績獎金】門市正職銷售人員（新光中港_晶碩光學隱形眼鏡門市）,晶澈科技股份有限公司_晶碩光學集團,台中,台中市,台中市西屯區,客服/業務/電商/貿易,電子商務/數位零售,34700~48000 (period=0),月薪,34700,48000,0,0,傳統無AI,無,0,0,0,0,我們正在尋找對時尚與隱形眼鏡有熱情的你，加入我們的專業團隊！  【工作內容】 提供顧客專業服務，介紹與銷售隱形眼鏡及相關商品 商品陳列、擺設，維持門市環境整潔與舒適  【工作時間與休假】 依門市營業時間排班，包含早班、晚班、全日班 每月依當年度常日班行事曆安排休假 平均每日工作時數約 9 小時  【上班地點】 新光中港門市:台中市西屯區臺灣大道三段301號B1(新光三越中港店B1，beautySTAGE店內)  [支援門市] 漢神洲際門市：台中市北屯區崇德路三段865號(近74快速道路、洲際棒球場) 逢甲門市：台中市西屯區逢甲路21號1樓(近逢甲大學校門口) 台中一中門市：台中市北區育才街6巷
14507811,【TABI Vintage 旅著-台中古著古董婚紗】招募_長期兼職 / 正職培訓夥伴,TABI Vintage‧旅著,台中,台中市,台中市西區,客服/業務/電商/貿易,電子商務/數位零售,35000~9999999 (period=2),月薪,35000,35000,0,0,傳統無AI,無,0,0,0,0,【具備條件】 -擁有1年以上全職工作經驗，具創意，留意時尚趨勢 -知道何謂「古著」，喜歡搭配衣服，關注美的事物，重視細節 -有自律精神、處事謹慎、待人以誠、願意學習 -具備基礎的攝影、剪輯能力（iPhone/專業相機） -曾擔任服裝模特/曾擔任客服工作/會基礎手工縫紉技術者加分 -每週至少可排5天班，其中周四下午及晚上需參與IG直播銷售（會先培訓、練習），詳細時間可再討論  【職務內容】 -協助上架商品、環境維護、接待客人、寄貨、送改衣服、商品拍攝、直播介紹、客服工作、官網商品更新 -有機會協助客人搭配日常服飾/婚紗禮服，與婚紗行業的夥伴合作 -其他主管交辦相關事項 （除基本薪資及勞健保以外，
10192273,卓越專案人員(承攬約),凱基人壽保險股份有限公司_聖達通訊處(林良錦經理)(凱基中嘉網 第26051201號),台中,台中市,台中市西區,客服/業務/電商/貿易,生技/醫療保健,1~99999 (period=0),面議,,,1,0,傳統無AI,無,0,0,0,0,歡迎主動積極、願意學習，想要開創屬於自己事業的菁英夥伴加入我們的行列。 ◎全方位需求導向銷售與服務： 提供客戶專業且量身訂做的風險規劃管理，能夠全方位照顧到人生各階段的所有財務需求，針對企業或個人可能面臨的風險，設計、解說及銷售各種不同類型的保險（如：壽險、儲蓄險、醫療險、意外險、投資型保險等）。  ◎個人的成長學習： 各職級完整教育訓練課程，培養個人行銷技能、組織發展、經營團隊與領導統馭之能力。 ◎挑戰收入無上限： 願意發展個人潛能，激發旺盛企圖心，為自己打造源源不絕持續性被動收入。 ◎創造事業價值與工作成就感： 用愛與關懷幫助他人、成就自己，透過保單的承諾與服務成就事業使命。
15391426,行政審計客服(補班),勝浤有限公司,台中,台中市,台中市太平區,客服/業務/電商/貿易,資訊科技/軟體網路,38000~9999999 (period=4),月薪,38000,38000,0,0,傳統無AI,無,0,0,0,0,1. 負責線上文字客服，回覆客戶相關問題與需求。 2. 接聽客戶來電，說明並回覆業務相關內容。 3. 記錄客戶問題案件，協助後續處理，並完成報表登記與追蹤。 4. 協助提供產品相關資訊，並進行客戶申辦資料之審核與流程處理。 5. 協助帳務核對、支出項目查核及相關資料整理。 6. 完成主管交辦事項及其他行政作業。
11062078,"宮原眼科挖冰技術人員(月薪40,000元起)",日出乳酪蛋糕_日日出股份有限公司,台中,台中市,台中市中區,客服/業務/電商/貿易,生技/醫療保健,40000~40000 (period=0),月薪,40000,40000,0,0,傳統無AI,無,0,0,0,0,◎職務內容及具備條件		 1.專職挖冰淇淋		 2.冰品盤點、庫存整理		 3.門市冰淇淋品質把關		 4.能配合輪班以及輪調不同門市		 5.具備良好體力		   ◎同仁福利 每日上班可享有一球任選口味冰淇淋  ◎其它福利 1.基本保障		 勞保、健保、勞退提撥		 		 2.整體薪酬		 階級認證(依照考核進度調整薪資)		 績效獎金		 留才獎金(滿五年以上正職同仁)		 分紅(主管及滿七年以上正職同仁)		 年終		 介紹獎金(任職滿六個月以上)		 		 3.其它福利		 年度健康檢查		 生日禮金、聚餐基金		 同仁購物優惠		 四節禮物:春節、端午節、中秋節、母親節		 飲料吧、
15372421,【長期兼職人員】-Nail Labo台中門市,台灣娜拉波股份有限公司,台中,台中市,台中市西區,客服/業務/電商/貿易,電子商務/數位零售,196~196 (period=2),時薪折算,31360,31360,0,0,傳統無AI,無,0,0,0,0,徵求具美感、喜歡學習新鮮事物的你加入！  工作內容：  1.商品銷售結帳、顧客接待服務（美甲、美牙） 2.商品進貨整理、貼標上架 3.協助官網訂單抓貨、出貨事宜 4.協助賣場補貨上架及賣場維護 5.協助美甲色卡製作 6.拍攝產品宣傳影片（Reels／短影音） 7.介紹商品特性，協助顧客選擇 8.其他主管交辦事項  ＊有美甲或銷售經驗佳 ＊具備短影片製作經驗佳 ＊排班制，每週需上班 4～5 天 ＊上班時間：11:00～20:00 ＊國定假日休、週日公休（若遇年度盤點，會再視情況調整） ＊面試時可攜帶相關作品
15371096,MINOTTI 台中｜精品家具銷售顧問 Luxury Furniture Consultant,水岸國際有限公司,台中,台中市,台中市西屯區,客服/業務/電商/貿易,電子商務/數位零售,43000~9999999 (period=0),月薪,43000,43000,0,0,傳統無AI,無,0,0,0,0,# MINOTTI 台中｜精品家具銷售顧問 Luxury Furniture Consultant  義大利頂級家具品牌｜設計 × 美學 × 銷售**  ## 【WATERSIDE × MINOTTI】  WATERSIDE 清歡國際生活傢飾創立於1999年，長期專注於國際頂級家具、設計與生活美學，並自成立以來即正式引進義大利頂級家具品牌 **Minotti**。  Minotti 創立於1948年，以精緻工藝、當代設計與完整的空間美學聞名全球，產品廣泛運用於高端住宅、豪宅、酒店及商業空間。  在 WATERSIDE，我們不只是銷售家具，更透過對產品、材質、比例與空間的理解，協助客戶及室內設計
13185538,【台中】M0低天數提醒繳款專員【免證照+保障底薪+高獎金】【組織擴編】,二十一世紀數位科技股份有限公司,台中,台中市,台中市西屯區,客服/業務/電商/貿易,文教/補教培訓,29500~55000 (period=2),月薪,29500,55000,0,0,傳統無AI,無,0,0,0,0,職務內容:  1. 針對消費性逾期帳款以電話、簡訊、書信通知客戶繳納逾期的分期款項。 2.提供客戶繳款問題諮詢與後續追蹤。 3. 分期付款契約書管理、帳單補寄、客戶聯絡資料更新。 4. 記錄維護客戶資料。 5.零經驗可，提供完整教育訓練。 6.每月按個人業績表現額外發放績效獎金，保障底薪不倒扣。  ★上班時間 09：00-18：00 (日班) ★ 
15328801,船務人員(台中NTC辦公室),隆宏昌興業股份有限公司,台中,台中市,台中市西屯區,客服/業務/電商/貿易,其他服務/工商貿易,34000~38000 (period=2),月薪,34000,38000,0,0,傳統無AI,無,0,1,1,0,1. 貨物進出口安排 2.其他主管交辦事項 ＊英文讀、寫能力中等〈主要為報關文件閱讀及撰寫〉
15391612,台中門市人員(南屯區)(工讀生),圓展配件行,台中,台中市,台中市南屯區,客服/業務/電商/貿易,電子商務/數位零售,196~196 (period=0),時薪折算,31360,31360,0,0,傳統無AI,無,0,0,0,0,誠徵充滿熱誠活力的夥伴 1.  時薪工讀生(至少每月可上100小時左右) 2. 通過考核後達標獎金 3. 輪班/排班制/全日班 4. 提供勞保/勞工退休金/健保/團險 5. 專業知識課程在職教育訓練 6. 【工作條件】 ・具普通重型機車駕照 ・需自備機車，能配合門市間支援、調貨或其他工作需求
15300933,Passion24 業務專員,YUN DING FOOD & BEVERAGE_蕓鼎企業股份有限公司,台中,台中市,台中市西屯區,客服/業務/電商/貿易,生技/醫療保健,42000~9999999 (period=3),月薪,42000,42000,0,0,傳統無AI,無,0,0,0,0,你喜歡開發新市場，也享受把一個好產品帶進更多通路、讓更多人看見的成就感嗎？ 加入蕓鼎，你將成為自有機能飲品品牌 PASSION 24 的市場拓展夥伴，負責運動場域、販賣機、餐飲與多元通路的開發及經營。 PASSION 24 致力於讓健康飲食變得更輕鬆、美味、有趣。除了既有機能果汁產品外，品牌近期更與 林書豪共同研發推出「JLIN × PASSION 24 果力水」，持續拓展運動飲品市場。 如果你喜歡與人互動、勇於挑戰陌生開發，並期待親手參與品牌成長與市場布局，歡迎加入我們。  【工作內容】 1.開發運動場館、健身房、販賣機、餐飲及其他潛力通路，拓展品牌市場版圖。  2.維護既有客戶關係，追蹤銷
15329013,【台中】和平之風 - 災害援助推廣與募款專員【月薪39K–60K・工時7小時・完整培訓】,社團法人和平之風協會,台中,台中市,台中市北區,客服/業務/電商/貿易,生技/醫療保健,39000~9999999 (period=0),月薪,39000,39000,0,0,傳統無AI,無,0,0,0,0,這份工作將會代表國際救援組織「和平之風」進行勸募與推廣：  【關於和平之風】 來自日本的和平之風，是一個深耕國際人道救援近30年的組織。自1996年起走進全球40多個國家與災區，包含日本震災、台灣花蓮地震、黎巴嫩難民危機，以及近年的俄烏戰爭等人道現場。  從災害緊急救援、醫療與物資支持，到災後重建與社區陪伴，和平之風持續在世界各地提實際援助，只為讓每一個受影響的人，都能重新擁有安全與有尊嚴的生活。  【這份工作在做什麼？】 你將在百貨商場、交通樞紐、市集展覽等場域，與民眾互動，介紹公益團體的行動與影響力，邀請願意支持的人，透過定期捐款，成為長期支持者。這不只是介紹公益，更是讓重要的救援行動得以
14049240,業務助理,易豐影像科技股份有限公司,台中,台中市,台中市南屯區,客服/業務/電商/貿易,資訊科技/軟體網路,33000~50000 (period=0),月薪,33000,50000,0,0,傳統無AI,無,0,0,0,0,1.陪同協助業務主管與團隊到校說明簡報與洽談 2.需有駕照會開小客車 3.處理主管交待的事項及處理庶務性工作。 5.具有學習意願優先錄取 
15284649,解決方案顧問Solution Consultant(台中),敦擎科技股份有限公司,台中,台中市,台中市西屯區,客服/業務/電商/貿易,資訊科技/軟體網路,38000~60000 (period=0),月薪,38000,60000,0,0,傳統無AI,無,0,0,0,0,✔ 了解客戶產品開發流程 ✔ 分析 CAD / PDM 導入需求 ✔ 規劃最佳解決方案 ✔ 提供產品展示與簡報 ✔ 與技術顧問共同完成專案 ✔ 建立長期客戶關係 
10717221,一般業務代表（承攬性質，非勞動契約）,南山人壽保險股份有限公司_順全通訊處,台中,台中市,台中市東區,客服/業務/電商/貿易,廣告行銷/公關顧問,面議,面議,,,1,0,傳統無AI,無,0,0,0,0,招攬保險.服務保戶 關於保險業務員報酬部分，係依實際招攬業績（實收保險費）的比例計算，本網頁所顯示待遇部分係因欄位選項受限，故為簡要記載  1. 當各位求職者收到來自於本廣告之聯絡人或承辦人之聯絡訊息時，並不代表南山人壽保險股份有限公司已同意與各位求職者締結任何勞務契約關係。 2. 不論各位求職者是否已取得保險業務員資格，以及是否參加南山人壽提供相關訓練，縱已收到本廣告頁面承辦人或聯絡人之通知，然尚未與南山人壽成立任何承攬、委任、勞動、居間或其他勞務契約關係。須待各位求職者取得業務員資格，並待南山人壽執行登錄前盡職調查後，南山人壽始將回覆是否同意登錄申請及締結契約。 3. 各位求職者就本職務之
15405536,業務助理,白水國際資產管理股份有限公司,台中,台中市,台中市西屯區,客服/業務/電商/貿易,其他服務/工商貿易,30000~35000 (period=0),月薪,30000,35000,0,0,傳統無AI,無,0,0,1,0,1. 輸入、處理並追蹤客戶訂單，並將訂單資料存檔備份。 2. 保持與客戶間之聯繫，回覆e-mail，並確認交貨期。 3. 提供出貨文件，協助業務人員控管出貨，並處理進出口事宜。 4. 定期提供業務銷售狀況報表，以供業務人員或主管參考。 5. 協助業務人員處理銷售業務相關之公司內部行政作業。 6. 協助業務人員整理客戶資料（如：公司基本資料、交易記錄、問題處理狀況）。 
13185072,【台中】 金融徵審人員【無經驗可】,二十一世紀數位科技股份有限公司,台中,台中市,台中市西屯區,客服/業務/電商/貿易,資訊科技/軟體網路,29500~9999999 (period=2),月薪,29500,29500,0,0,傳統無AI,無,0,0,0,0,1. 申請資料之線上核對。  2. 申請案之電話徵信。  3. 評估申請額度及信用調查作業。  4. 資料處理與維護。  5. 其它主管交辦事項。  
12114375,文件人員,泰昌行國際運輸有限公司,台中,台中市,台中市西區,客服/業務/電商/貿易,其他服務/工商貿易,32000~35000 (period=0),月薪,32000,35000,0,0,傳統無AI,無,0,0,1,0,1.負責進出口報關之行政作業，並匯整製作報關文件。 2.處理、審核進出口報關之資料與文件。 3.海空運出口文件提單輸入至系統並核對確實  4.核對供應商文件/費用是否正確  5.客戶電話/信件往來確認文件、船期等聯絡事項  6.與海外代理進行文件上的聯絡 7.負責應付帳款之請款工作，並處理業務部門訂單後續事宜。
15398317,精品門市銷售人員,拾壹月精品_立帆企業社,台中,台中市,台中市西區,客服/業務/電商/貿易,電子商務/數位零售,35000~40000 (period=0),月薪,35000,40000,0,0,傳統無AI,無,0,0,0,0,▍門市營運與客戶服務 台中門市日常開店、關店流程與環境維護 到店客戶接待、商品介紹與銷售 電話、LINE、社群客服訊息回覆 客戶關係維護與後續追蹤 協助商品陳列與拍照建檔  ▍收購服務接待 預約收購客戶接待與流程協助 收購前的溝通與資料建檔 協助鑑定師完成收購作業 收購後的客戶維繫  ▍直播銷售 每週固定參與門市直播銷售 商品介紹、與線上客戶互動、成交促成 直播前的商品準備與現場布置 直播下單訊息整理與後續出貨協助  ▍同業／直播主進駐對接 接待來店直播的同業與外部主播 場地使用規範說明、設備教學與現場支援 同業及直撥主進駐排程管理與需求協調 進駐期間商品與場地的管理  ▍其他 每日銷售與進出
14716723,【大夜班 居家辦公×年薪14up】專案支援專員｜高額夜班津貼，靜夜高效最首選,宇宙寰宇科技有限公司,台中,台中市,台中市西屯區,客服/業務/電商/貿易,資訊科技/軟體網路,47500~52500 (period=2),月薪,47500,52500,0,0,傳統無AI,無,0,1,0,0,【工作內容】 1. 第一線回覆B2B客戶需求，進行問題排查，並提供解決方式或提報給相關單位。 2. 協助處理日常業務及主管交辦事項。  【需求能力】 1. 具備獨立的英文讀寫能力，在即時通訊軟體上以英語文字形式與客戶應對。(工作中80%需要使用英文讀寫) 2. 對問題的理解能力與邏輯觀念佳，主動積極有責任感。 3. 抗壓性高，具備團體合作特質及對客戶服務有高度熱忱  ---------------------------------------------------------------------  【Job Responsibilities】 1.Serve as the first 
14716710,【居家辦公×年薪14up】專案支援專員｜跨時段支援，培養全方位實戰力,宇宙寰宇科技有限公司,台中,台中市,台中市西屯區,客服/業務/電商/貿易,資訊科技/軟體網路,41500~52500 (period=2),月薪,41500,52500,0,0,傳統無AI,無,0,1,0,0,【工作內容】 1. 第一線回覆B2B客戶需求，進行問題排查，並提供解決方式或提報給相關單位。 2. 協助處理日常業務及主管交辦事項。  【需求能力】 1. 具備獨立的英文讀寫能力，在即時通訊軟體上以英語文字形式與客戶應對。(工作中80%需要使用英文讀寫) 2. 對問題的理解能力與邏輯觀念佳，主動積極有責任感。 3. 抗壓性高，具備團體合作特質及對客戶服務有高度熱忱  ---------------------------------------------------------------------  【Job Responsibilities】 1.Serve as the first 
6017754,(台中分公司)期貨營業員,永豐期貨股份有限公司,台中,台中市,台中市南屯區,客服/業務/電商/貿易,其他服務/工商貿易,29500~35000 (period=2),月薪,29500,35000,0,0,傳統無AI,無,0,0,0,0,期貨相關業務開拓。 (依業績狀況核發業績獎金)
15252747,工廠ISO品管顧問(服務中部地區客戶)(週休三日),航展國際有限公司,台中,台中市,台中市南區,客服/業務/電商/貿易,其他服務/工商貿易,50000~70000 (period=6),月薪,50000,70000,0,0,傳統無AI,無,0,0,0,0,※本公司為新成立之公司，實施週休三日制度，星期一至星期四09:00~12:00、13:30~17:00工作、並配合政府休假日彈性施行連休假期。  1.具備面對面傾聽客戶需求，與協助企業客戶解決問題的熱忱。 2.具備持續鑽研ISO標準之輔導與稽核訓練的上進心，及團隊合作的精神。 3.願意配合公司未來發展的需要，接受相關專業的工作指派與訓練。 4.協助企業客戶建立ISO管理系統，與提升運作績效。 5.針對客戶在ISO專業之個別需要，能規劃輔導方案與課程內容。 6.診斷企業客戶在ISO標準有關的管理制度問題，能提供客戶有效的解決方案。 7.支援企業經營管理專業團隊的輔導工作。  備註︰ 1.需具備工
13463187,櫃檯人員,新加坡商全美世界控股有限公司台灣分公司,台中,台中市,台中市西區,客服/業務/電商/貿易,其他服務/工商貿易,32000~37000 (period=4),月薪,32000,37000,0,0,傳統無AI,無,0,0,0,0,1. 辦理直銷商入會、產品購買、訂貨與退換貨處理。 2. 提供客戶服務及解答問題，如制度、獎金等。 3. 客訴及會員問題處理。 4. 可配合公司活動支援、跨部門協助及加班，週六可輪班。 5. 接聽服務中心電話。 6. 環境維護。 7. 執行主管交辦事項。
14935255,部門行政助理｜宏驎科技,宏驎科技股份有限公司,台中,台中市,台中市大雅區,客服/業務/電商/貿易,傳統製造/精密工業,33000~38000 (period=0),月薪,33000,38000,0,0,傳統無AI,無,0,0,0,0,1. 出貨報告範本製作及修正 2. 支援部門會議安排及記錄、資料彙整及簡報製作  3. 系統專案建立、執行、進度追蹤警示 4. 學習料Bom 建置與維護 5. 部門行政作業執行 6. 主管交辦事項  【需要的特質】  1. 團隊合作，積極參與專案。 2. 動作快、機動性高，能在指定時間內完成交付任務 。 3. 具成長思維，願意學習。 4. 具備良好的專案管理能力，大學時是商業管理/工業管理/機械工程等皆可。  我們對您的想像是： 『具備好奇心、耐心以及細心的特質之外，亦有良好的邏輯思考能力。』 　 有心學習的你，在這過程中將可學到汽車高端零件在投產之前就解決或發覺可能的製造問題，並將學到相伴您
15403726,"【SUO 所/台中勤美店】吧檯領班(薪資45,000元~48,000元，內含全勤及工作績效獎金)",尊鴻餐飲企業股份有限公司_ JAI 宅、HUN 混、sung 嵩、SUO 所、DUM DUM,台中,台中市,台中市西區,客服/業務/電商/貿易,其他服務/工商貿易,45000~48000 (period=0),月薪,45000,48000,0,0,傳統無AI,無,0,0,0,0,"｜薪資福利｜ 1.  月薪45,000元起 2. 特休旅遊金$1,500/日、月達標獎金$3,000、引薦獎金$3,000-$6,000、年度績效獎金、年資調薪機制，努力得到充分回報。 3. 特休旅遊補助：工作與生活達到平衡是我們所期許，公司贊助特休假期費用 4. 春節公休：除夕、初一、初二集團店休，讓你與家人共享團圓時光 (百貨門市依百貨規則執行)  不論你是剛進餐飲 還是在這個產業走了一段路  如果你想找一個可以留下來的地方 我們會認真對待每一個夥伴  我們不會說這份工作輕鬆 但我們相信一件事—— 辛苦，應該換得到成長 也換得到底氣   ◆ 留下來的人，我們用制度對待 【年度調薪】 你變強"
15309711,專業二手車銷售人員培育中心,恩曜車業有限公司,台中,台中市,台中市南屯區,客服/業務/電商/貿易,傳統製造/精密工業,60000~9999999 (period=0),月薪,60000,60000,0,0,傳統無AI,無,0,0,0,0,1.開發潛在客戶，維護既有客戶關係。 2.接待來店及線上詢問客戶，提供專業購車諮詢。 3.介紹車輛規格、配備、車況及價格，協助客戶選購適合車款。 4.安排試乘、試駕及成交洽談，完成銷售流程。 5.協助辦理貸款、保險、過戶等相關作業。 6.收購二手車，進行車況初步評估及估價。 7.維護車輛展示區及車輛資料，確保資訊正確完整。 8.定期追蹤客戶需求，提供售後服務，提高客戶滿意度。 9.達成公司訂定之銷售目標及相關績效指標。 
14659237,從業人員（台中大里）,羊羊得益企業有限公司,台中,台中市,台中市大里區,客服/業務/電商/貿易,其他服務/工商貿易,32000~80000 (period=0),月薪,32000,80000,0,0,傳統無AI,無,0,0,0,0,本公司擁有優秀的經營團隊，秉持「客戶至上、服務第一、以客為親、感情行銷」的經營理念及『誠、愛、熱、勤、和、一』的企業文化的精神，追求企業永續經營成長、創造「客戶、員工（分銷商）、公司」三贏局面、我們重視每一位員工及分銷商、除了有良好的工作環境，也提供學習及成長的空間、公司不斷努力、希望能達到「一家人一條心」最終之企業文化精神。 高薪徵才:  1.從業人員：08:30~17:30，中間休息1小時，可安排適合你的工作內容或其它工作時段，工作時間以8小時爲限，國定例假日休。  2.全職：基本工資加獎金....等，平均月入約32000~80000元。兼職：時薪196～250元。  3.依工作態度、經驗
14900598,韓國服飾選品-門市銷售人員,打開衣櫃有限公司,台中,台中市,台中市北屯區,客服/業務/電商/貿易,電子商務/數位零售,30000~35000 (period=3),月薪,30000,35000,0,0,傳統無AI,無,0,0,0,0,【門市銷售營運人員】Open Wardrobe｜台中 Open Wardrobe 是一間以「靜奢、質感、生活品味」為核心的女裝選品店，位於台中，同時經營實體門市與線上官網。我們正在尋找一位熱愛服裝、擅長與人互動的夥伴，加入我們的門市團隊。  【工作內容】 顧客接待與試穿服務，提供搭配建議 熟悉商品知識，引導整套購買 收銀結帳與門市銷售流程 門市日常維護（陳列整理、補貨上架、開閉店作業） 訂單出貨協作、商品建檔輔助 配合上新日、活動場地準備   【我們希望你】 對穿搭有基本審美，認同質感、低調的品牌風格 喜歡與人互動，服務態度自然親切 細心負責，能獨立執行日常後勤作業 能配合彈性排班（含週末、上
13006489,業務助理(台中)_無經驗可｜預計 2027 年 1 月到職,鑫捷科技股份有限公司,台中,台中市,台中市西屯區,客服/業務/電商/貿易,傳統製造/精密工業,30000~33000 (period=0),月薪,30000,33000,0,0,傳統無AI,無,0,0,0,0,鑫捷科技（鑫捷資訊整合）2027 擴大招募 《想踏入資訊／科技產業嗎？歡迎從業務助理開始累積實力！》  鑫捷科技是一家資訊系統整合服務商，擁有多家原廠合作夥伴資格， 服務客戶遍及半導體、製造、物流、教育及政府單位等領域， 目前，我們在台灣北、中、南皆設有服務據點，持續穩健成長中！  在這裡，每位夥伴都有發揮能力的舞台， 我們希望你能在工作中持續成長、累積成就， 也相信員工是公司最重要的夥伴與資產。  ※ 本職缺預計於 2027 年 1 月到職。 為了讓我們更認識你，務必請投遞履歷時請詳細分享： 1、你的個人特質，以及認為自己的優點與缺點 2、未來兩年的短期工作規劃 3、未來三年的中期職涯展望 
13078762,助理,車富永國際有限公司,台中,台中市,台中市大里區,客服/業務/電商/貿易,電子商務/數位零售,35000~9999999 (period=0),月薪,35000,35000,0,0,傳統無AI,無,0,0,0,0,協助老闆處理日常行政事務，包括文件整理、行程安排及會議記錄 負責客戶接待、電話聯繫及售後服務跟進。  
14985399,藥局計時人員（烏日-全品藥局）,全能家診所,台中,台中市,台中市烏日區,客服/業務/電商/貿易,生技/醫療保健,196~9999999 (period=0),時薪折算,31360,31360,0,0,傳統無AI,無,0,0,0,0,＊熟悉保健食品相關知識。 ＊門市營養品、美妝品、藥品之銷售、諮詢。 ＊專業衛教諮詢。 ＊顧客關係維護與服務。 ＊商品庫存管理、上架、陳列、盤點及清潔。 ＊執行主管交辦事項。 ＊無經驗可，有藥局門市經驗者尤佳。
13100145,外貿助理,長諺工業股份有限公司,台中,台中市,台中市西區,客服/業務/電商/貿易,傳統製造/精密工業,40000~40000 (period=0),月薪,40000,40000,0,0,傳統無AI,無,0,0,0,0,1.外貿相關文件資料處理 2.外貿相關系統維護 3.外貿相關部門溝通 4. 其他主管交辦事項
13251686,筑淨門市小編(提供宿舍),筑淨茶苑_筑淨茶行,台中,台中市,台中市和平區,客服/業務/電商/貿易,文教/補教培訓,32000~70000 (period=0),月薪,32000,70000,0,0,傳統無AI,無,0,0,0,0,筑淨茶苑為新式茶苑，以「一期一會，一茶一景」為品牌主軸，藉由「好茶好景」，呼籲珍惜人生中每一 次與人品茶的機會。 以「自是一道風景」為理念，與每一位來筑淨的人，進行一場與自己對話。  歡迎加入我們團隊，體驗海拔2400公尺的筑淨生活，上班看美景，下班後數流星，邊工作邊體驗秘境生活，還可以存夢想基金，再也不是夢想!  【夥伴特質】 1. 個性活潑、正向、喜歡和人交流相處 2. 對客戶服務態度親切且具有服務業的熱誠！ 3. 具有責任心、細心、企圖心且抗壓性高  【工作內容】 1. 負責介紹茶葉及銷售門市相關活動 2. 協助顧客點餐/帶位/結帳 4. 工作內容不粗重，但雜事繁瑣必須記憶力要好 5. 
15404162,汽車銷售業務,輪䡌車業,台中,台中市,台中市大里區,客服/業務/電商/貿易,電子商務/數位零售,50000~200000 (period=0),月薪,50000,200000,0,0,傳統無AI,無,0,0,0,0,【工作內容】  1. 中古汽車銷售與客戶接待 2. 了解客戶需求，提供適合的車輛介紹與購車諮詢 3. 負責車輛展示、試乘及銷售流程 4. 提供汽車貸款、保險等相關諮詢服務 5. 維護客戶關係及售後服務 6. 開發潛在客戶與維持既有客戶關係 7. 完成主管交辦之相關工作  【職務特色】 ・提供車源、客源及相關工作資源 ・無汽車業經驗可，公司提供實務學習 ・完善獎金抽成制度，依個人業績表現核發 ・歡迎新車業務、房仲、業務相關工作經驗者轉職 
13386843,締藏和牛燒肉｜內外場正職夥伴（完整培訓／獎金制度） 月休九日,締藏和牛燒肉_璟暮有限公司,台中,台中市,台中市南屯區,客服/業務/電商/貿易,文教/補教培訓,38000~44000 (period=0),月薪,38000,44000,0,0,傳統無AI,無,0,0,0,0,"【締藏和牛燒肉｜正職夥伴招募中】   薪資待遇 月薪 $38,000～$42,000 以上 （依職級、能力及考核調整）   正職福利  勞保、健保、勞退提撥  三節禮金（春節／端午／中秋）  特休假制度 ・滿半年：3天特休 ・滿1年：7天特休  不定期員工聚餐、員工活動  多項獎金制度 ・考核獎金：$2,000～$3,000 ・全勤獎金：$4,000 ・達標獎金：$3,000～$5,000 ・崗位津貼：$2,200～$3,300 專業知識課程培訓 （紅酒、清酒等專業課程） 完整教育訓練與升遷制度   上班時間 【週一至週四】 16:00－23:00 （實際工時約6小時）  【週五至週日】 10"
13466995,業務助理,艾美建材股份有限公司,台中,台中市,台中市西屯區,客服/業務/電商/貿易,傳統製造/精密工業,31000~44000 (period=0),月薪,31000,44000,0,0,傳統無AI,無,0,0,0,0,協助業務報價、 案場協助丈量、 與客戶溝通確認訂單 
5186225,台中分公司-旅遊業務人員,行健旅行社股份有限公司,台中,台中市,台中市西屯區,客服/業務/電商/貿易,文教/補教培訓,39000~42000 (period=2),月薪,39000,42000,0,0,傳統無AI,無,0,0,0,0,1. 負責業務銷售，對象包含一般消費者、公司行號、學校機關、及旅行社同業，提供旅遊產品解說、諮詢與銷售。 2. 協助預訂團體旅遊相關食宿安排、付款及相關行政作業。  3. 客戶開發經營、旅遊服務規劃與客戶關係維護。 4. 應徵者需能夠接受高壓挑戰、並接受專業培訓、能夠自我要求成長。 5. 為瞭解公司旅遊產品及認識供應商，有機會可出團考察或擔任領隊職務。
14956354,[中科廠]半導體設備業務人員for載板產業,友威科技股份有限公司,台中,台中市,台中市大雅區,客服/業務/電商/貿易,資訊科技/軟體網路,面議,面議,,,1,0,傳統無AI,無,0,0,0,0,1.真空設備產品推廣。  2.專案執行、業務拜訪。  3.新客戶開發。  4.客戶經營管理。
13560648,【有巢氏房屋 】✤ 不動產營業員✤ 有無經驗皆可✤ 成就夢想✤,有巢氏太平中山富盛加盟店_富盛地產有限公司,台中,台中市,台中市太平區,客服/業務/電商/貿易,文教/補教培訓,35000~100000 (period=0),月薪,35000,100000,0,0,傳統無AI,無,0,0,0,0,你還在害怕跳脫舒適圈？  想有不一樣的人生，卻遲遲不敢踏出那一步嗎？ 別擔心， 你的擔心富盛地產聽到了  我們提供---  最專業的新人訓練  我們提供---  最高規格的公司福利  讓你快速成交，讓你的努力別人看的見 -------------------------------------------------------- 【職務內容】 1.開發房屋及土地市場。 2.針對客源進行電話行銷與客戶經營開發銷售。 3.提供不動產買賣仲介服務。 4.提供不動產租賃仲介服務。 5.負責不動產之代銷代標業務。  -------------------------------------------
14884203,特別助理 / 國貿助理(週休二日),天恕貿易有限公司,台中,台中市,台中市南屯區,客服/業務/電商/貿易,其他服務/工商貿易,37000~39000 (period=3),月薪,37000,39000,0,0,傳統無AI,無,0,1,1,0,【我們在找特別助理/國貿助理夥伴】  喜歡把事情整理得清清楚楚、追蹤進度，也不排斥和國內外廠商聯繫嗎？ 只要你細心、有責任感，具備基本英文能力，歡迎加入我們！  沒有國貿經驗也不用太擔心，主管願意教，會帶你一步一步熟悉工作流程   【工作內容】  ・追蹤國內外廠商訂單進度 ・協助處理訂單及相關英文文件 ・製作及整理進出口、報關相關文件 ・協助業務處理內部行政工作 ・文件整理、資料歸檔及一般文書作業 ・協助部門日常行政事務 ・完成主管交辦事項  【我們希望你】  ・做事細心、有條理、有責任感 ・具備基本英文閱讀及書信能力 ・願意主動溝通、追蹤事情進度 ・熟悉 Word、Excel 基本文書操作 
15402755,英文執行秘書/專員,美康生物科技有限公司,台中,台中市,台中市西區,客服/業務/電商/貿易,生技/醫療保健,40000~45000 (period=4),月薪,40000,45000,0,0,傳統無AI,無,0,1,1,0,"1.具備英文聽說讀寫能力 2.負責老闆國外出差事項 3.負責產品型錄及報告文獻之翻譯 4.招待國外原廠來訪 5.銜接國外產品客服事項 6.協助進出口物流與報關聯繫 7.聯絡接洽國外原廠 8.與國外接洽訂單以及所有國外事務 **有相關醫療領域同性質工作經驗佳**  面試語言占比: 70%英文;30%中文,請有意願者準備英文自我介紹"
15002680,生產管理人員,台灣日東光學股份有限公司,台中,台中市,台中市大雅區,客服/業務/電商/貿易,其他服務/工商貿易,31000~36000 (period=0),月薪,31000,36000,0,0,傳統無AI,無,0,1,0,0,1. 生産管理人員 2. 排程規画、生産掌握及出貨管理 3. 生產/納期協調 4. 熟練EXCEL 5. 問題分析解決/溝通/協調能力 6. 具日文能力者佳 
15402823,【台中市雅潭神區】（大夜班）停車場管理員,俥亭停車事業股份有限公司,台中,台中市,台中市神岡區,客服/業務/電商/貿易,其他服務/工商貿易,196~196 (period=0),時薪折算,31360,31360,0,0,傳統無AI,無,0,0,0,0,停車場管理(需獨立作業)，臨停、繳費機結帳、 機台設備維護(需簡易故障排除)。 各場巡場清潔維護等(需自備機車)。 熟悉公司規章及停管設備簡易保養維修. 傾聽並能迅速回覆顧客問題解決客戶疑問停車場管理， 巡場、清潔、有獨立作業能力、隨機應變能力需提供良民證。
14114711,業務助理,惟聖科技股份有限公司,台中,台中市,台中市北屯區,客服/業務/電商/貿易,資訊科技/軟體網路,36000~40000 (period=4),月薪,36000,40000,0,0,傳統無AI,無,0,0,1,0,1. 支援業務工作內容。 2. 支援業務做客戶資料分析。 3. 安排進出口事宜。 4. 負責確認訂單。 5. 確認產品規格。 6. 負責向船、空運公司訪價。 7. 安排生產出貨，處理出貨報關文件作業。 8. 確認貨物裝運之方法，並準備提貨單、發貨單及其他相關文件。   
13795685,法人金融處-新興金融業務人員(台中地區)Emerging Finance Officer,永豐商業銀行股份有限公司,台中,台中市,台中市南區,客服/業務/電商/貿易,其他服務/工商貿易,35000~9999999 (period=0),月薪,35000,35000,0,0,傳統無AI,無,0,0,0,0,"1.   開發微/小型企業金融(企業貸款)相關業務 2.   負責既有客戶關係維護  3.   經營通路  1.  Develop financial business opportunities for micro and small enterprises, with a focus on corporate lending. 2.  Maintain and manage relationships with existing clients. 3.  Develop and manage business channels."
14433319,行政秘書 (經常性薪資四萬五~五萬五千元),欣鴻人工植牙會館_欣鴻牙醫診所,台中,台中市,台中市太平區,客服/業務/電商/貿易,生技/醫療保健,45000~55000 (period=4),月薪,45000,55000,0,0,傳統無AI,無,0,0,0,0,上班時段為周一~周五上午八點~下午六點， 每月一次周六上班，如有突發狀況周六都需上班。周六上班時會排周三或周四休。 週日固定休， 國定假日依照公司安排休假。 (國定假日:除夕、元旦、清明、中秋、端午、勞動節、雙十、行憲紀念日放假一天， 228、兒童節、教師節、光復節擇日補休)  一、協助行政工作。 如：帳務整理、資料整理繕打、修繕維護聯繫、外出銀行郵局、資料印刷品管理、追蹤、彙整、歸檔。 二、電腦文書處理工作（院內表格製作、簡報製作或更新、診間電腦資料更新等） 三、機動性支援內外勤事務 四、主管臨時交辦事項 五、老闆私人事務處理 :訂機票、行程安排、採購比價...等。  *有駕照且會開車可上路
12044918,宅配訂單出貨客服人員,阿布潘水產股份有限公司,台中,台中市,台中市北屯區,客服/業務/電商/貿易,電子商務/數位零售,30000~35000 (period=0),月薪,30000,35000,0,0,傳統無AI,無,0,0,0,0,(1) 出貨、理貨包裝 (2) 網站更新管理 (3) 訊息回覆、總機客服  (4) 其他主管交待事項  *有電商經驗或客服經驗者優先錄取   【上班時間】 ◆早班 09:00~18:00 ◆需配合六、日及國定假日上班 ◆採排休制 
11547656,客服小編,佑宇興業有限公司,台中,台中市,台中市潭子區,客服/業務/電商/貿易,文教/補教培訓,36000~9999999 (period=4),月薪,36000,36000,0,0,傳統無AI,無,0,0,0,0,職務定義： 以良好的溝通能力和同理思維，高效處理線上(社群)各平台問題；同時需具備現場服務能量，讓遠端線上與實體服務的體驗達成一致品質。 主要職責： 1、客戶互動： 官LINE即時訊息回覆。(熟悉LINE操作) 2.接聽來電，提供初步諮詢與引導。 3.接待臨櫃客戶，協助基本行政流程、文書處理、行政庶務工作與現場服務。 4.客戶問題解決： 具備良好的溝通能力，能理解客戶需求，提供專業且有效的解答和解決方案  5.客戶反饋收集： 收集並整理客戶反饋，將信息傳達給相關部門，協助改進產品和服務。 6.品牌聲譽管理： 監控線上品牌聲譽，及時處理負面評論和言論，維護品牌形象。  註：每周二為上班日進行全員
13655745,行銷專員,台灣人壽保險股份有限公司_日暘通訊處(陳炫赫) (核准文號:中一增字第1150201號),台中,台中市,台中市西區,客服/業務/電商/貿易,其他服務/工商貿易,0~200000 (period=0),面議,,,1,0,傳統無AI,無,0,0,0,0,工作內容為業務招攬、組織及培育業務團隊，實際報酬係依招攬業 績(實收保險費)的約定比例計算。至於本網頁所顯示工作待遇部分，因欄位選項受限，故為簡要記載
15265623,【台中】社會住宅辦公室業務⾏政秘書，能立即到職尤佳,豐家租賃住宅服務股份有限公司,台中,台中市,台中市西屯區,客服/業務/電商/貿易,其他服務/工商貿易,30000~9999999 (period=3),月薪,30000,30000,0,0,傳統無AI,無,0,0,0,0," 您好 我們是台灣⽬前正蓬勃發展的新興⾏業-包租代管 2024年預計擴⼤營運⾄全台灣，熱烈歡迎對包租代管、房地產有興趣的⼈才⼀起加入!  ⼀.【⼯作內容】 1. 審核社會住宅契約 2. 製作市府⽉請款報表 3. 辦公室維護、收發信件等 4. 使⽤集團系統，ERP、⾃創管理系統等 5. 協助業務完成報件等事項 6. 主管交辦事項  ⼆.【⼯作要求】 1.  細⼼、配合度⾼ 2. 基本文書處理能⼒(Word、Excel) 3. 電話接聽 4. 溝通能⼒  三.【上班時間】 上班時間：9:00-18:00，周休⼆⽇，⾒紅休。 薪資：試⽤期30,000，表現佳者可提前轉正，正式員⼯⽉薪32,000 獎"
12265198,【 微醺光廊 】外場人員（35 K－40 K）,圓夢家文創行銷有限公司,台中,台中市,台中市西屯區,客服/業務/電商/貿易,文教/補教培訓,35000~40000 (period=2),月薪,35000,40000,0,0,傳統無AI,無,0,0,0,0,【微醺光廊】 是藝術與餐飲交融的夢幻之地，每一刻都充滿驚喜與創意！ 我們正在招募熱愛創造與分享的人才，加入這場視覺、味覺與情感交織的旅程。  【工作內容】 1 . 餐點＆飲品服務：提供餐點、酒水、飲料，介紹菜色，維護顧客關係。 2 . 點餐與收銀：處理點餐、收銀及出餐服務，確保流程順暢。 3 . 餐點品質確認：出餐前檢查餐點符合標準，維持用餐品質。 4 . 開店準備與清潔：確保用餐環境乾淨整潔，餐具、設備保養到位。 5 . 快速應變與協助：遇突發狀況或高峰期，迅速支援同事保持流程順暢。 6 . 培訓與標準作業：參與培訓與計畫，熟悉公司標準流程與沿桌服務。 7 . 活動支援：配合餐酒館主題活動或
14431525,台中門市專員,博源行有限公司,台中,台中市,台中市南屯區,客服/業務/電商/貿易,電子商務/數位零售,33000~40000 (period=2),月薪,33000,40000,0,0,傳統無AI,無,0,0,0,0,博源行有限公司（TK東京衛浴）以超過40年的水電材料銷售經驗，成功將傳統的經銷底蘊融入在地品牌營運中，致力於提供消費者絕佳的衛浴體驗。自2019年成立自主品牌以來，我們已迅速在全台擴展，創造了優質的產品與服務口碑，並引領衛浴市場新潮流。加入我們，您將成為打造衛浴新視界的一份子，參與這份嶄新的品牌使命！  工作內容: 1.FB、line網路的訊息管理回覆、門市參觀的銷售服務、售後客服服務 2.傾聽並能迅速回覆顧客問題解決客戶疑問 3..熟悉公司規章及客服作業流程 4.承諾顧客之事項後續處理，相關需求表單填寫等 5.定期與主管檢視顧客滿意度，並調整日後客服技巧改善及調整 6.陳列商品、清潔櫥窗、維
13249679,【台中后里】外商科技大廠-安檢員 月休8~9天 薪43K起,萬安國際保全股份有限公司,台中,台中市,台中市后里區,客服/業務/電商/貿易,文教/補教培訓,43164~47088 (period=0),月薪,43164,47088,0,0,傳統無AI,無,0,0,0,0,⭐歡迎無經驗者加入，有新人訓練認真聽，努力學，絕對會！  《請看清楚工作內容，方可以長長久久》 【 內 部 】工作內容： (１) 負責科技廠所有進、出人員執行檢查管制品，例：隨身碟、記憶卡等儲存用品。 (２) X光機操作檢查，是否攜帶管制品（由公司進行培訓）。 (３) 無塵室巡邏（須穿著無塵服，並符合無塵室規定，會有額外獎金！）。 (４) 其他協助事項。  【 外部 】工作內容： (１) 人員及車輛進出識別證、通行證檢查。 (２) 負責換證、門禁管制、車輛出入交通指揮、巡邏、工作安全維護工作。 (３) 其他臨時交辦勤務。  《很重要！固定班！》 【上班時段】12小時（含休息時間） 日班：07:
13343009,大里國民暨兒童運動中心-泳池主管,舞動陽光股份有限公司,台中,台中市,台中市大里區,客服/業務/電商/貿易,其他服務/工商貿易,38500~9999999 (period=0),月薪,38500,38500,0,0,傳統無AI,無,0,0,0,0,1. 泳池秩序維護、安全警戒管理。 2. 救生員/游泳教練管理。 3. 游泳課程營運管理、業務開發。 4. 泳池清潔、設施設備與機房執行管理。 5. 協助場館年度活動執行與籌備。 6. 主管交辦事項。
13456715,業務助理 [擴編],世明科技實業有限公司,台中,台中市,台中市北屯區,客服/業務/電商/貿易,資訊科技/軟體網路,30000~38000 (period=0),月薪,30000,38000,0,0,傳統無AI,無,0,0,0,0,1.估算、報價作業 2.ERP進銷存資料維護(含簡易倉庫管理/盤點、請購/訂貨作業) 3.發包作業 4.合約書作業 5.型錄送審作業/樣品板 6.零星工程應收帳款登錄作業 7.其他主管交辦事項  工作細心、主動積極、負責肯學習且能獨立作業者
14687293,17:00~05:00 門市外送員 （月休15天）,茂峰洋酒_茂峰商行,台中,台中市,台中市中區,客服/業務/電商/貿易,電子商務/數位零售,30000~40000 (period=0),月薪,30000,40000,0,0,傳統無AI,無,0,0,0,0,"1.門市洋酒商品銷售、理貨 2.維護門市及洋酒商品清潔 3.門市洋酒商品外送 (公司提供125cc機車)  【上班時段】 17:00~05:00   【職缺福利】 客人給予小費自得 員工購物享優惠價 宵夜 保險 春節三天雙倍薪 全勤1,000元 月薪會依年資年度調整 "
12439574,BEAMS OUTLET 台中_兼職門市人員,BEAMS_碧慕絲股份有限公司,台中,台中市,台中市梧棲區,客服/業務/電商/貿易,電子商務/數位零售,200~200 (period=0),時薪折算,32000,32000,0,0,傳統無AI,無,0,0,0,0,"1.負責介紹及銷售店內商品。   2.提供顧客所需要的服務。   3.給予顧客服飾搭配建議。   4.進貨,理貨及商品庫存管理。   4.維護店內環境整潔。   5.其它店務相關支援。     http://www.beams.tw/"
14668944,"【台中美村店｜一頭班，月薪33,000–40,000】小鵲sing紅豆餅 門市人員",確信國際有限公司,台中,台中市,台中市西區,客服/業務/電商/貿易,文教/補教培訓,33000~40000 (period=0),月薪,33000,40000,0,0,傳統無AI,無,0,0,0,0,"台中最熱鬧的下午茶戰場，和小鵲幸一起把「最好吃的紅豆餅」帶給更多客人！如果你覺得自己是細節控，這裡就是你的舞台，我們的紅豆餅需要你的用心與講究！   【工作時間】 ◆ 一頭班輪班制，日班：10:00 - 18:30、晚班：11:30 - 20:00 ◆ 工作8小時，月休8-11天 ◆ 春節可休假、六日可輪休  【薪資待遇】 ◆ 起薪： 33,000（台中地區） ◆ 一對一帶訓（約 80 天），教你專業技能：通過一站考核 +500，全部通過+2000  ◆ 通過培訓後，依工作表現、年資調薪  ◆ 個人季績效獎金  【工作內容】 1. 依流程分工：烤餅、備料、包裝、櫃檯、清潔 2. 協助外送  【"
5524701,上櫃公司徵電腦銷售顧問【挑戰百萬年薪】(台中區),茂訊電腦股份有限公司,台中,台中市,台中市西屯區,客服/業務/電商/貿易,生技/醫療保健,31000~150000 (period=0),月薪,31000,150000,0,0,傳統無AI,無,0,0,0,0,"## 加入全台最大筆電連鎖品牌，開啟百萬年薪之路！ 歡迎對電腦產品有興趣，願意學習電腦銷售顧問～ 股票上櫃公司茂訊電腦（代號 3213）旗下【通路事業處】誠摯招募   **電腦銷售顧問（業務性質）**   --- **職務內容：**   - 依據顧客需求，推薦最適合的筆電與周邊設備   - 提供專業諮詢，打造最佳消費體驗   - 持續挑戰業績目標，累積高額獎金與升遷機會 --- ### 薪資與獎金制度 | 項目 | 說明 | | 底薪 | $31,000 元起 | | 每月獎金 | 依業績與原廠獎勵計算，均值5萬起，績優可達15萬/月 | | 年度固定調薪 | 及 年度升遷考核制度 | | 新"
14454739,HOMME PLISSE ISSEY MIYAKE 銷售人員 - 台中區,君梵有限公司,台中,台中市,台中市西屯區,客服/業務/電商/貿易,電子商務/數位零售,37000~60000 (period=0),月薪,37000,60000,0,0,傳統無AI,無,0,0,0,0,『工作職責』 • 推廣品牌的設計理念，拓展品牌知名度及市佔率。 • 以正向積極的態度，與團隊共同達成每日及每月的銷售目標，使店櫃規模穩定成長。 • 透過專業的商品知識及穿搭建議，提供顧客優質的服務。開發新顧客並鞏固主顧客。 • 確實執行商品狀態的維護。正確落實進貨、盤點、退倉等庫存流通管理。 • 維持店櫃商品的陳列及店裝設備狀態，以符合品牌指標及形象。 • 持續掌握商品新訊、精進精品及流行趨勢。給予團隊有效且可執行的建議。 • 相關店務及主管交辦事項的執行。   行動決定價值 由心做起，用手執行，實踐品牌理想  透過敏銳與多元的創造力，推廣品牌知名度，拓展品牌市場佔有率。   經營成就遠景 透
13184484,積極_熱情的開發業務_餐廳通路_水產食品_底薪+獎金,華馨食品貿易有限公司,台中,台中市,台中市龍井區,客服/業務/電商/貿易,其他服務/工商貿易,37000~60000 (period=0),月薪,37000,60000,0,0,傳統無AI,無,0,0,0,0,1.開發潛在客戶，拓展市場，以達成業績目標， 另服務既有客戶 。 2.定期拜訪經銷客戶，維繫穩定客戶關係。 3.負責業務接洽及訂單處理。 4.負責產品報價及產品展示，並處理帳款回收相關事宜。 5.負責業務推展，傳達及說明公司各項業務重大訊息、活動及產品。 6.需進冷凍庫出貨，裝卸貨物、配送至客戶指定位置。 7.月休八天，餐費，業績獎金另計。 8.其他主管交辦事項 
13184137,鞋廠業務助理,東治實業股份有限公司,台中,台中市,台中市東區,客服/業務/電商/貿易,傳統製造/精密工業,32000~9999999 (period=2),月薪,32000,32000,0,0,傳統無AI,無,0,1,1,0,"1. 處理追蹤客戶訂單的交期/出貨/收款 2. 學習操作公司派工系統，按照訂單需求製作派工單給工廠 3. 出貨後協助船務部製作出貨文件給客戶 4. 保持與客戶的正常聯繫，即時回覆客戶e-mail 5. 保持良好的跨部門溝通，積極協助解決生產中的相關問題。 6. 具備商業英文文書能力，熟悉Excel, Word...等相關軟體之操作與應用。  "
15405466,【中部】行政倉管人員,茂業智慧安防有限公司,台中,台中市,台中市太平區,客服/業務/電商/貿易,資訊科技/軟體網路,33000~35000 (period=3),月薪,33000,35000,0,0,傳統無AI,無,0,1,0,0, 工作內容 案場進出料件管理及追蹤。 維修品進度追蹤與管理。 進、出貨訂單處理、庫存盤點及報表製作。 一般文書、行政事務及文件資料管理。 電話接聽、訪客接待及公司業務協助。 掌握海運／空運進貨時效及貨運進度。 職務條件  ※ 具備良好配合度、抗壓性及應變能力。 ※ 細心負責、反應快，具良好溝通能力。 ※ 具基本外語能力，熟悉 Word、Excel 操作。 ※ 具行政、進出貨或庫存管理經驗者佳。  發展願景  公司為知名門禁品牌 SOYAL 台中特約經銷商，主要從事門禁、指紋／臉部辨識考勤、中央監控、IP 智慧影像及智慧安防系統整合服務。  公司持續朝智慧安防與系統整合方向發展，歡迎具責任感、學
15300742,正職門市人員（資材部）,共式策劃股份有限公司,台中,台中市,台中市西區,客服/業務/電商/貿易,其他服務/工商貿易,30000~32000 (period=0),月薪,30000,32000,0,0,傳統無AI,無,0,0,0,0,工作內容：商品製作、商品管理、進口作業協助、商品出貨 能力要求：具基礎花藝能力，對花店行業能有觀察及批判能力 
14996149,國際精品銷售_Store Supervisor/ Assistant Store Manager (台中市),Longchamp_ 瓏驤股份有限公司,台中,台中市,台中市西屯區,客服/業務/電商/貿易,其他服務/工商貿易,面議,面議,,,1,0,傳統無AI,無,0,0,0,0,主要任務:  協助區營運經理管理及經營所駐之店(櫃)，包含但不限於負責帶動該店(櫃) 團隊達成業績、做好管理店務、落實顧客服務、並切實執行公司及主管交辦之所有工作。   主要職責: 一、業績管理 -負責帶動全店(櫃)人員達成公司所設定之業績目標  二、人員管理 -負責管理所駐店(櫃)所有人員準時出勤 -負責管理所駐店(櫃)所有人員依照公司規定排班 -負責所駐店(櫃)所有人員於執勤時切實做好所有工作 -負責所駐店(櫃)遇緊急事故時，妥善安排人員及營運等所有相關工作 -負責反映所駐店(櫃)人員、或商場主管、或顧客等之需求予公司了解並積極尋求改善辦法  三、店務管理 -負責管理所駐店(櫃)之進銷存 
15402981,門市正職人員（台中）,英萬實業股份有限公司,台中,台中市,台中市西屯區,客服/業務/電商/貿易,電子商務/數位零售,33000~35000 (period=0),月薪,33000,35000,0,0,傳統無AI,無,0,0,0,0,1. 櫃位、店面現場商品陳列、補貨、銷售與結帳 2. 顧客接待應對與商品說明 3. 維持現場整潔美觀 4. 日結盤點
15211452,【台中】凍卵諮詢顧問（不限科系，無經驗可！）,愛生育生物科技股份有限公司,台中,台中市,台中市西屯區,客服/業務/電商/貿易,生技/醫療保健,38000~9999999 (period=0),月薪,38000,38000,0,0,傳統無AI,無,0,1,0,0,"加入我們，一起成為創造生命的溫暖推手！  我們提供： 1. 完整帶領與訓練制度，無經驗也能快速上手！ 2. 無大夜班，週日固定休假！掌握工作與生活平衡。 3. 業績獎金制度。您的付出，我們全力肯定！ 4. 需於新竹院受訓1-2年，提供員工宿舍/外訓補助5,000元。  【工作內容】 •	提供凍卵療程與生育規劃相關諮詢  •	協助客戶了解服務流程與方案內容  •	維繫客戶關係並追蹤需求  •	與醫療及客服團隊合作提供完整服務  •	協助舉辦線上／線下推廣活動  •	達成團隊目標與服務品質   【這個職務適合】 •	對女性健康與生育議題有興趣  •	具良好溝通與同理能力  •	喜歡與人互動並具服務"
15268606,{總公司職缺}國貿人員,T4清茶達人_晴天美食股份有限公司,台中,台中市,台中市豐原區,客服/業務/電商/貿易,資訊科技/軟體網路,35000~42999 (period=4),月薪,35000,42999,0,0,傳統無AI,無,0,0,1,0,1.維繫國外客戶，協助解決問題，應對進退合宜。 2.處理訂貨、出貨安排及出口、裝櫃相關作業。 3.有食品進出口相關經驗。 4.需有團隊精神、細心、負責任、態度積極、獨立完成工作之能力。 5.完成主管機動性交辦事項及庶務性行政工作。 6.熟悉基本office軟體、電腦操作。 7.了解ERP系統，有連鎖通路進銷經驗佳。 
14704262,船務/報關人員,哈德亞洲有限公司,台中,台中市,台中市北屯區,客服/業務/電商/貿易,傳統製造/精密工業,35000~40000 (period=4),月薪,35000,40000,0,0,傳統無AI,無,0,1,1,0,"德商在台分公司徵才.   1. 需要具備基本國際貿易技能.  2. 外語能力( 英文)需求中等以上, 必須直接聯繫及面對德國同事與歐洲客戶.  3. 初始工作為船務, 後續將學習採購作業, 分擔部分採購工作.  4.  有自行車產業經驗, 是加分的條件.   5. 工作地點: 台中.  公司詳實資料, 請參閱公司網頁:  www.hartje.de        "
15169799,國內業務 (中部),米德奈股份有限公司,台中,台中市,台中市霧峰區,客服/業務/電商/貿易,傳統製造/精密工業,40000~50000 (period=4),月薪,40000,50000,0,0,傳統無AI,無,0,0,0,0,1. 開發潛在客戶，拓展市場，以達成業績目標。 2. 定期拜訪經銷客戶，維繫穩定客戶關係。 3. 負責國內業務接洽及訂單處理。 4. 負責產品報價及產品展示，並處理帳款回收相關事宜。 5. 負責業務推展，傳達及說明公司各項業務重大訊息、活動及產品。 6. 進行商品行銷，產品特色分析介紹，並提供產品購買的建議。 7. 提供售後服務，處理客戶端之問題，給予完善的處理。 8. 察覺客戶交易之異常狀況，並負責客訴問題之處理。 9. 有機械設備相關經歷者尤佳。 10. 底薪加業務獎金。 
10284007,理貨人員-豐原門市,永豐包材有限公司,台中,台中市,台中市豐原區,客服/業務/電商/貿易,其他服務/工商貿易,31000~32000 (period=0),月薪,31000,32000,0,0,傳統無AI,無,0,0,0,0, 1.進出貨管理、需搬運、裝卸商品    (肯學習、有耐心、有責任感 )  2.處理主管交待事項  3.享排休津貼  4.享勞健保.6%勞退     正職員工享有三節禮金、員工不定期專屬優惠     上班時間:上午7:00~下午16:00                      上午9:00~下午18:00 5.新進人員工作滿三個月會依據個人能力考核調薪      
15356911,業務助理,宜盛富企業有限公司,台中,台中市,台中市南屯區,客服/業務/電商/貿易,其他服務/工商貿易,34000~35000 (period=0),月薪,34000,35000,0,0,傳統無AI,無,0,0,0,0,協助主管處理一些文件以及電腦系統上的文件  需要會騎摩托車 
15277641,業務部-行政業務助理(台中),海沃創意行銷股份有限公司,台中,台中市,台中市東區,客服/業務/電商/貿易,其他服務/工商貿易,34000~9999999 (period=0),月薪,34000,34000,0,0,傳統無AI,無,0,0,0,0,這是一個房地產的入門工作，主要工作如下：  【工作技能】 • 文書處理／排版能力： Microsoft Office 基本辦公應用 (Word、PowerPoint、Excel）  【工作內容】 • 資料統整／建檔／歸檔 • 行政事務／庶務管理： 文件收發檔案管理、零用金管理 辦公用品詢.比.議價／訂購／維護 • 客服接待： 電話接聽／轉接／過濾 洽詢或申訴電話處理 • 電訪聯繫／廠商接洽 • 接待與需求服務事項 • 合約拆款製作、協助簽約流程 • 協助驗屋、交屋 • 其他主管交辦事項  這個職位對公司的運作至關重要，能夠為公司的發展帶來穩定的內部支援和外部銷售成果。在這個職位上，您將有機會學
15395198,徵求逢甲G's house女裝服飾銷售人員,嗚哩服飾店,台中,台中市,台中市西屯區,客服/業務/電商/貿易,電子商務/數位零售,38000~55000 (period=0),月薪,38000,55000,0,0,傳統無AI,無,0,0,0,0,1.負責介紹及銷售門市商品。 2.提供顧客之接待與需求服務（如：電話諮詢、調貨、修改、包裝及退換貨處理）。 3.負責商品進貨入庫、銷售管理及庫存管理。 4.負責商品包裝、陳列及促銷品換檔工作。 5.維持店櫃週遭之整潔。 6.有責任感，積極達成業績目標。 7.需要懂銷售對銷售服飾有興趣。 8.有銷售熱誠，健談不怕生。 公司特色 員工旅遊/員工認股/員工購物優惠/定期聚會/生日會/享勞健保
15247328,主管助理兼行政總務,永朔實業有限公司,台中,台中市,台中市西區,行政/總務/法務,其他服務/工商貿易,32000~32000 (period=0),月薪,32000,32000,0,0,傳統無AI,無,0,0,0,0,1. 負責總經理日常接送及公務外出駕駛。 2. 協助主管餐點採買、文件遞送及臨時交辦事項。 3. 車輛日常清潔、保養及定期檢查安排。 4. 辦公室庶務管理及總務工作執行。 5. 協助採購辦公用品及物品管理。 6. 協助公司行政作業及跨部門支援。 7. 配合主管及公司營運需求，處理其他交辦事項。 8.協助主管處理私人事務  註：每日需開車外出辦事。
14908636,外場正職人員(中班),太子悅養生會館,台中,台中市,台中市西屯區,行政/總務/法務,其他服務/工商貿易,33000~38000 (period=0),月薪,33000,38000,0,0,傳統無AI,無,0,0,0,0,工作地點：  太子悅養身會館   1.為顧客帶位或安排座位  2.告知顧客店內相關的規定以及週遭環境的資訊  3.協助顧客使用店內各項設施以及活動  4.有養身館經驗尤佳  5.月休八天
15401127,"新鮮人到專業者，清楚的升遷路徑！【台中文心店】內場正職$42,000",貳樓餐飲集團 SECOND FLOOR CAFE(桃園以南)_貳樓美食股份有限公司,台中,台中市,台中市南屯區,行政/總務/法務,文教/補教培訓,42000~42000 (period=0),月薪,42000,42000,0,0,傳統無AI,無,0,0,0,0,【來貳樓，一起創造讓人放鬆、也讓自己成長的空間】 在貳樓，我們相信空間不只是用來用餐，而是用來讓人彼此靠近的地方。 我們打造的是一種能拉近人與人之間距離的氛圍—— 讓客人能在這裡放鬆、卸下疲憊； 也讓夥伴能在這裡找回自己的節奏，重新感受生活的步伐。 在這樣的環境裡，每一次互動都是溫度、每一句問候都是真誠。 貳樓是一個讓人安心停留、重新充電、並且找到彼此的地方。  【我們需要這樣的新血加入】 在貳樓，學習是一種日常。無論你是剛踏入職場的新鮮人、尋求轉職方向的探索者，或已準備在餐飲產業深耕，貳樓提供完整教育訓練、明確的升遷路線與真實的陪伴，協助夥伴持續累積實力。 為打造更透明、可預期且與個人成長緊
14451216,服務部助理,開名電機股份有限公司,台中,台中市,台中市潭子區,行政/總務/法務,傳統製造/精密工業,31000~36000 (period=0),月薪,31000,36000,0,0,傳統無AI,無,0,0,0,0,協助物料進貨、銷貨及庫存管理，建制資訊化系統 1.進貨、出貨、入庫。 2.庫存數量清點歸納及整理。 3.客戶維修及保養報價處理. 4.出貨單及發票開立.
14965204,總務組 總機人員,臺中市立老人復健綜合醫院(委託財團法人中國醫藥大學興建經營),台中,台中市,台中市北屯區,行政/總務/法務,生技/醫療保健,33000~9999999 (period=0),月薪,33000,33000,0,0,傳統無AI,無,0,0,0,0,1.院區內線轉接、查詢作業。 2.院區廣播作業。 3.電話接聽。 
9205367,內勤人員,宇盛藥品有限公司,台中,台中市,台中市北屯區,行政/總務/法務,生技/醫療保健,29500~32000 (period=0),月薪,29500,32000,0,0,傳統無AI,無,0,0,0,0,1.負責一般文書資料處理工作。 2.維護、更新、管理各類文件檔案和資料庫系統。 3.品管及貨運件查核 4.庫存報表的成立與監控庫存量。 5.處理客戶事宜。 6.電話行銷。
13847230,【香氛/精油】出貨廠務人員,樸真國際股份有限公司,台中,台中市,台中市大里區,行政/總務/法務,其他服務/工商貿易,29500~34000 (period=0),月薪,29500,34000,0,0,傳統無AI,無,0,0,1,0,【工作內容】 １、依訂單進行出貨流程，包含理貨、包裝、貼標、出貨。 ２、處理出貨文件記錄及廠商帳款請款相關作業。 ３、登打宅配單，安排與聯絡物流。 ４、協助進出口報關相關資料 ５、其他主管交辦事項。  【我們期待你所具備的經驗及特質】 １、細心、認真負責，手腳俐落快速。 ２、具良好的團隊合作精神、溝通能力佳。 ３、有出貨相關經驗者佳。
14859438,銀山燒肉櫃台人員36000元,銀山燒肉股份有限公司,台中,台中市,台中市西區,行政/總務/法務,其他服務/工商貿易,36000~36000 (period=2),月薪,36000,36000,0,0,傳統無AI,無,0,0,0,0,1、接待客人，排定預定位置座位 2、整理清潔所負責區域 3、負責聯繫預定客人需求 4、接聽電話 5、KEY IN 當日報表 6、會使用inline  營業時間】 12:00~22:00 依公司規定  【法定項目】 勞保、健保、特休、勞退提撥金、國假、年假  【其他福利】 年終獎金、 三節獎金、公司聚餐、員工用餐優惠、免費員工餐、達標獎金、分紅獎金  【薪獎福利】 1、薪資只含全勤獎金不包括任何加班費及獎金 2、加班費分鐘計算 3、未休完假當月結算換薪資 4、達標獎金  【保險福利】 1、勞保 2、健保 3、勞退6%提撥  【節慶福利】 1、三節獎金 2、尾牙聚餐  【休閒福利】 1、員工聚餐 
12210066,電腦行政人員,金陵山企業股份有限公司,台中,台中市,台中市霧峰區,行政/總務/法務,其他服務/工商貿易,33000~38000 (period=2),月薪,33000,38000,0,0,傳統無AI,無,0,0,0,0,負責園區行政及事務並建檔。
15082882,行政工讀★時薪255★+獎金另計 | 排班彈性,信實文心有限公司,台中,台中市,台中市西屯區,行政/總務/法務,其他服務/工商貿易,255~255 (period=0),時薪折算,40800,40800,0,0,傳統無AI,無,0,0,0,0,工作內容 *負責電話招聘，預約安排面試 *排班彈性，一天排班三小時 *工作簡單易上手，只要你有心，獎金隨你拿 *短期可 *需自備筆電 加分條件:活潑、口條流利 歡迎此特質人才踴躍投遞履歷  地址請Google : 台灣房屋 信實文心店
15316347,行政文書,仰晴光能源科技有限公司,台中,台中市,台中市潭子區,行政/總務/法務,資訊科技/軟體網路,200~200 (period=0),時薪折算,32000,32000,0,0,傳統無AI,無,0,0,0,0,1、熟練使用文書處理軟體，如Microsoft Word、Excel進行資料及圖片輸入和整理。  2、處理公司報告書及各類文書業務等建檔。 3、負責文件檔案的分類管理歸檔，熟悉文件管理系統  4、 執行主管交辦的其他事項
15356156,植裁養護人員(兼職/半日薪)-台中,喬暉建設股份有限公司,台中,台中市,台中市南屯區,行政/總務/法務,其他服務/工商貿易,250~9999999 (period=0),時薪折算,40000,40000,0,0,傳統無AI,無,0,0,0,0,半日職或計時人員 上班日期：每週一、三、五或二、四、六 上班時間：8點-12點或14點-18點 陽臺、露臺植栽澆水除草養護及地面清掃刷洗，鄰近牆面刷洗，頂樓梯側刷洗。
13258192,南屯區身心科 心理諮商櫃台個管師／計畫執行專員,好晴天身心診所,台中,台中市,台中市南屯區,行政/總務/法務,生技/醫療保健,34500~9999999 (period=0),月薪,34500,34500,0,0,傳統無AI,無,0,0,0,0,謝謝你對好晴天身心科心理諮商櫃台個管師／計畫執行專員的職缺感興趣。    ｜關於這個職位｜  好晴天團隊正在找尋擁有卓越計畫案行政能力，和個案管理技能的專業人才加入。  這個職位將負責規劃、執行和管理診所的各項計畫案，同時協助進行相關的個案管理工作，確保每位個案都得到專業與充分的諮商支持。卓越的組織能力、協調能力和溝通技巧會是我們優先考量的錄取條件。    ｜我們的主要工作內容｜  ．計畫案規劃與執行  ．協助個案安排預約諮商  ．電話接聽  ．診所環境打掃    ｜職責與任務｜  ．負責計畫案行政事務，包括安排計畫執行時程、管理執行進度和協調相關資源。  ．策劃並執行個案管理流程，協助進行諮
12659325,生產行政人員,和司特股份有限公司,台中,台中市,台中市西屯區,行政/總務/法務,其他服務/工商貿易,32000~35000 (period=2),月薪,32000,35000,0,0,傳統無AI,無,0,0,0,0,1.原料理貨、倉儲相關進出貨、盤點貨物 2.ERP進、銷貨資料建檔 3.客戶訂單及庫存維護 4.出貨貼標Key in與黏貼 5.處理主管交辦事項  ▶採季獎金制度 ▶此職務需要具備心細、認真、負責、積極、有耐性、抗壓力強、邏輯能力佳!
15118649,整合中心行政專員,衛生福利部臺中醫院,台中,台中市,台中市西區,行政/總務/法務,生技/醫療保健,440000~500000 (period=0),年薪折算,32593,37037,0,0,傳統無AI,無,0,0,0,0,1.  醫院評鑑業務之執行 2.  醫療品質指標(TCPI、醫院持續性監測指標等)相關業務之執行 3.  品管圈活動之執行 4.  醫護相關專案進度追蹤及管理 5.  定期會議籌辦及決議事項追蹤 
14682077,工讀生,寬凌建築師事務所,台中,台中市,台中市北區,行政/總務/法務,文教/補教培訓,196~196 (period=0),時薪折算,31360,31360,0,0,傳統無AI,無,0,0,0,0,誠摯邀請對設計相關科系或非相關科系充滿熱情、認真負責的夥伴加入我們的團隊！ 本職缺歡迎在校學生半工半讀(工作時間為13:30~17:30可微調) (工讀生亦有勞健保)  【職務內容】: ⚪行政作業 ⚪收發公文並記錄，歸檔整理 ⚪公司雜務處理 ⚪收信寄信(需每日去郵局) ⚪公司清潔工作 ⚪訂同事差旅等交通票及飯店 ⚪其他能力範圍內可協助項目  【有關公司】: 寬凌建築師事務所長期專注於公共工程類型案件，類型多元(建築/景觀/室內設計)涵蓋： ⚪遊客中心⚪旅遊服務建築⚪遊憩區整體規劃設計⚪各類展示館⚪各級學校建築 ⚪辦公空間等 非公共工程類型案件涵蓋： ⚪飯店⚪透天⚪民宿⚪小型集合住宅  【公司福
13566098,總務專員,逸奔科技有限公司,台中,台中市,台中市西屯區,行政/總務/法務,資訊科技/軟體網路,33000~9999999 (period=3),月薪,33000,33000,0,0,傳統無AI,無,0,0,0,0,	 1.     行政文書工作處理。 2.	採購及議價等事宜。 3.	處理客戶客服事宜。 4.	準備出貨商品事務。 5.	進出貨及庫存管理。 6.	維護倉庫清潔整齊。 7.	總務庶務相關事務。 8.	處理主管交辦事項。 
15406027,總務室 事務員(司機),亞洲大學附屬醫院,台中,台中市,台中市霧峰區,行政/總務/法務,其他服務/工商貿易,32607~36264 (period=0),月薪,32607,36264,0,0,傳統無AI,無,0,0,0,0,1.駕駛勤務: 執行院內公務車輛駕駛，並協助車輛日常管理及相關勤務事項。 2.協助外包商管理業務: 協助交通共乘車、救護車及停車場等外包等相關業務行政支援業務。 3.協助布品管理業務: 協助布品、制服相關作業。 4.臨時交辦事項／專案 5.具汽車駕駛執照  
15405760,【台中】行政櫃台人員,久鼎金屬實業股份有限公司,台中,台中市,台中市西屯區,行政/總務/法務,傳統製造/精密工業,30000~35000 (period=0),月薪,30000,35000,0,0,傳統無AI,無,0,0,0,0,1.	櫃檯接待與訪客管理 2.	辦公用品及庶務採購管理 3.	差旅行政作業 4.	辦公環境與公共空間管理 5.	會議及行政支援 6.	文件及費用作業 7.	主管交辦事項，協助日常辦公室運作
15352198,行政人員,廣博有限公司,台中,台中市,台中市大安區,行政/總務/法務,電子商務/數位零售,40000~40000 (period=4),月薪,40000,40000,0,0,傳統無AI,無,0,0,0,0,1. 負責一般文書資料處理工作。 2. 維護、更新、管理各類文件檔案（如：合約、會議記錄、書目資料、活動文件）和資料庫系統。 3. 完成工作時程表，管理行事曆，並負責會議協調與安排。 4. 準備會議議程，參與會議並撰寫會議記錄。 5. 負責費用預估、控管及報表製作。 6. 負責收發公文並處理會簽文件。 7. 判斷、分類並分送郵件，回覆郵件，並整理待寄送的郵件。 8. 負責簡單零用金管理，並負責前往銀行進行提存交易。 9. 負責文具用品之預估及請領。 10. 協助辦理員工福利事項。 
15395915,行政助理,豐富醫資股份有限公司,台中,台中市,台中市北屯區,行政/總務/法務,生技/醫療保健,196~9999999 (period=0),時薪折算,31360,31360,0,0,傳統無AI,無,0,0,0,0,1.積極負責、溫和有禮、親切大方，具高度服務熱忱者。 2.必備條件：良好的溝通與協調能力。 3.診所文書、行政庶務、櫃台流水帳務等相關作業。 4.配合診所營運需求，協助藥師處理相關行政及庶務作業。 
15403673,研發文管助理,松讚實業股份有限公司,台中,台中市,台中市豐原區,行政/總務/法務,傳統製造/精密工業,32000~32000 (period=0),月薪,32000,32000,0,0,傳統無AI,無,0,0,0,0,1.文件建檔/管理/維護。 2.電子檔案歸檔與整理。 3.各檢驗規範書建立。 4.會議記錄及資料建置。 5.鼎新系統資料輸入。 6.行政事務處理。   
14954026,【南屯區 西屯區 大里區 社區機動秘書】無經驗可學｜完整培訓升遷機會,福爾摩沙公寓大廈管理維護有限公司,台中,台中市,台中市南屯區,行政/總務/法務,文教/補教培訓,31000~33000 (period=0),月薪,31000,33000,0,0,傳統無AI,無,0,0,0,0,【工作內容】 1.櫃檯接待與客服： 負責現場訪客迎賓、廠商接洽，並作為大樓相關聯絡窗口。 2.通訊與郵務管理： 接聽、過濾並轉接來電，提供留言服務；負責社區掛號、信件與包裹的收發與登記管理。 3.住戶服務與報修： 傾聽並親切處理住戶交辦事項，協助受理與追蹤住戶日常大樓報修事件。 4.行政庶務支持： 協助社區行政文書處理，並完成主管交辦之其他事項。  【工作時間與休假】 休假制度： 月休 10 天（排班制）。 上班時段依各派駐社區案場規定為主。  【條件要求】 經驗限制： 【無經驗可】 公司提供完善的教育訓練，歡迎社會新鮮人或想轉職的夥伴。  工作態度： 工作細心負責、具備良好的溝通表達能力與親
14779334,資料登打人員,禎佶祥實業股份有限公司,台中,台中市,台中市大甲區,行政/總務/法務,傳統製造/精密工業,30000~9999999 (period=0),月薪,30000,30000,0,0,傳統無AI,無,0,0,0,0,誠徵資料處理人員  工作內容：  學習並執行相關作業流程  進行登打與資料輸入，要求快速且準確  條件要求：  學習力強，能迅速上手  打字及資料處理速度快  工作細心、負責  需配合加班 
15393347,【知名電商】職員受僱及教育訓練專員(台中)｜HR人資行政｜夜班(00:00~09:00)_EC,康彼斯顧問股份有限公司,台中,台中市,台中市神岡區,行政/總務/法務,電子商務/數位零售,45000~45000 (period=0),月薪,45000,45000,0,0,傳統無AI,無,0,0,0,0,【職缺資訊】  如果你對 人資行政、員工關係、教育訓練 有興趣，想累積完整 HR 相關經驗，這份工作會接觸到員工從入職、在職到離職的相關流程，也會參與教育訓練安排及員工資料維護。  工作內容以 HR 行政支援、資料管理、流程追蹤與員工問題協助為主，需要細心處理多項任務，也需要與員工及相關單位保持良好溝通。  【主要工作內容】  ① 員工入離職與人事資料  - 協助處理員工 Onboarding／入(離)職流程 - 維護員工資料與相關紀錄，確保資料正確 - 協助處理員工問題並提供必要支援  ② 教育訓練與發展  - 協助安排員工教育訓練課程 - 追蹤訓練執行情況及後續成效  ③ HR 行政支援 
12197270,診所午班助理(兼職),京華牙醫診所,台中,台中市,台中市北區,行政/總務/法務,生技/醫療保健,196~9999999 (period=0),時薪折算,31360,31360,0,0,傳統無AI,無,0,0,0,0,1.診療協助作業 2.約診排程管理 3.廠商溝通協調 
15340366,大夜班｜45000+夜班津貼｜00-09｜台中市神岡區｜人資行政助理｜休六日｜HRM【知名電商】_JX,康彼斯顧問股份有限公司,台中,台中市,台中市神岡區,行政/總務/法務,電子商務/數位零售,45000~9999999 (period=0),月薪,45000,45000,0,0,傳統無AI,無,0,0,0,0,✨台中市神岡區，近『台中國際機場』、『清泉高爾夫球場』 ✨月薪資45000+夜班津貼 ✨上班時間：上班時間:0:00-09:00 ✨固定休六日 ✨具基礎文書處理能力(Excel、word、google sheet) 加分 ✨在外商累積應變能力  【工作內容】 1. 員工管理與支援（Employee Profile Support） 辦理員工到職（Onboarding）及離職（Offboarding）相關作業。 協助處理員工問題，並提供必要的支援與協助。 2. 教育訓練與發展（Training and Development） 協助安排員工教育訓練課程。 追蹤教育訓練成效，確保員工技能持續提升。
14642551,秘書(台中CBD辦公室),隆芳興業股份有限公司,台中,台中市,台中市西屯區,行政/總務/法務,其他服務/工商貿易,31000~34000 (period=2),月薪,31000,34000,0,0,傳統無AI,無,0,0,0,0,1.行政庶務處理採購及溝通。 2. 接待貴賓。 3. 其他主管交辦事項。  *有餐飲服務經驗者佳
13930014,台中西區建檔人員32K/固定日班見紅休/知名人壽/純建檔不需銷售  WC,全球人事顧問股份有限公司,台中,台中市,台中市西區,行政/總務/法務,其他服務/工商貿易,30000~32000 (period=0),月薪,30000,32000,0,0,傳統無AI,無,0,0,0,0,"【工作內容】 1.客戶資料建檔相關作業。 2.其他主管交辦行政作業。 3.常態性加班，加班費實報實銷  【薪資】 30,000+全勤獎金2,000  【待遇】 勞保、健保、勞退、特休  【地點】 台中西區五權路2-107號  【上班時間】 08:30~17:30 固定日班見紅休"
15404717,庶務助理 (兼職),益豐國際股份有限公司,台中,台中市,台中市西屯區,行政/總務/法務,電子商務/數位零售,196~196 (period=2),時薪折算,31360,31360,0,0,傳統無AI,無,0,0,0,0,【工作內容】  1.協助一般行政/庶務工作事項 2.公司歷年合約/用印/商標/保險/董事會/證書等等文件及資料整理與歸檔 3.支援固資盤點及統整列管文具與電腦周邊用品 4.其他主管交辦事項
12523113,兼職隨車人員,臺中市私立華盛頓國民小學,台中,台中市,台中市潭子區,行政/總務/法務,文教/補教培訓,600~800 (period=0),時薪折算,96000,128000,0,0,傳統無AI,無,0,0,0,0,1.隨校車出勤負責學生上下車安全2.管理學生車上秩序
15365473,長照行政人員,財團法人台中市順天宮輔順將軍廟附設私立輔順仁愛之家,台中,台中市,台中市北區,行政/總務/法務,生技/醫療保健,32000~33000 (period=0),月薪,32000,33000,0,0,傳統無AI,無,0,0,0,0,應徵條件:需有照服員結業證明或護理相關證書  工作內容：  1. 辦理銀行現金存款、提款、匯款、轉帳作業。 2. 執行一般現金收付作業。 3.行政庶務 4. 評鑑相關文件整理 5.臨時交班事項 6. 主管交辦事項
14289821,工讀生｜資訊處理／行銷助理／AI 工具應用,源洋制服時裝有限公司,台中,台中市,台中市沙鹿區,行政/總務/法務,傳統製造/精密工業,200~200 (period=0),時薪折算,32000,32000,0,0,傳統無AI,無,0,0,0,0,1.協助主管文書處理 2.協助主管 資訊、伺服器相關處理 3.一日二至四小時協助處理事務 4.需懂Chat GPT，本地AI 5.資訊工程科系大四生者佳  
12106926,行政助理,佳沃建築設備集成有限公司,台中,台中市,台中市西區,行政/總務/法務,文教/補教培訓,30000~9999999 (period=0),月薪,30000,30000,0,0,傳統無AI,無,0,0,0,0,歡迎具有主動積極、具學習心態者，成為我們的工作夥伴 主要工作內容: 1. 需學習AUTOCAD及機電系統設計。 2. 協助圖面繪製。 3. 送審文件撰寫及彙整。文書資料處理工作。 4. 處理例行性工作（如：環境清潔、訪客接待）。 5. 需外出辦理公務(如相關機關送件、寄信、雜項採買、文件用印....等)。 6. 處理主管交辦事項。  無經驗可培訓 視工作能力敘薪。 到職後依各階段考核評估後調整薪資。
14987786,行政助理,台灣骨王生技股份有限公司,台中,台中市,台中市大雅區,行政/總務/法務,生技/醫療保健,30000~40000 (period=0),月薪,30000,40000,0,0,傳統無AI,無,0,0,0,0,主要職責： 1. 文書處理與資料建檔（Word、Excel、PPT 等） 2. 管理與更新各類文件與資料庫系統（合約、會議記錄、書目資料、活動文件等） 3.具備閱讀與檢視研發設計圖面之能力，協助部門進行圖面文件流轉與基本檢查  4.協助完成研發部醫療器材品質管理相關文件製作與追蹤 5. 支援部門主管進行專案協調與行政安排 6. 跨部門行政聯繫支援（如：研發部與採購、法務、品保等單位對接） 7. 協助請購流程，並追蹤、回報採購進度 8. 處理日常行政與庶務事宜，協助維持部門高效運作 9. 主管交辦事項處理與主動回報  任職要求:  學歷：相關領域專業或具備相關工作經驗。 技能：優秀的組織和時間管
12278359,網站上架助理,歐鎷數位資訊股份有限公司,台中,台中市,台中市西屯區,行政/總務/法務,資訊科技/軟體網路,30000~31000 (period=0),月薪,30000,31000,0,0,傳統無AI,無,0,0,0,0,1.協助公司案件網站上架。 2.負責主管交辦事項。
15396686,[新竹]行政老師,精粹文教有限公司,台中,台中市,台中市烏日區,行政/總務/法務,文教/補教培訓,40000~45000 (period=0),月薪,40000,45000,0,0,傳統無AI,無,0,0,0,0,1.協助班部行銷規劃與執行 2.協助班部人員安排與監督 3.講師協調與協助
15384808,豐原-供應中心助理員,亞洲大學附屬醫院,台中,台中市,台中市豐原區,行政/總務/法務,生技/醫療保健,29500~9999999 (period=0),月薪,29500,29500,0,0,傳統無AI,無,0,0,0,0,1.配送和清洗醫療衛材 2.操作滅菌鍋 3.具第一種壓力容器操作技術證尤佳(執照津貼另計) 4.值、加班費另計 5.中秋、端午及年終豐厚獎金另計  上班地點：儲備期間霧峰區/豐原區預計115年底營運 
15352730,逢甲大學/人力資源處/計畫人員(約聘助理) 1名,逢甲大學,台中,台中市,台中市西屯區,行政/總務/法務,文教/補教培訓,36300~36300 (period=0),月薪,36300,36300,0,0,傳統無AI,無,0,0,0,0,"徵才單位：逢甲大學/人力資源處 擬聘職稱：計畫人員(約聘助理) 人數：1人 擬起聘日期：115年11月2日 工作待遇：月薪36,300元  應徵條件：【本職缺以學士第一年敘薪，每月薪資36,300元】 1.具學士以上學位者。 2.熟悉辦公應用軟體文書處理。 3.可獨立作業、表達及溝通能力佳、主動細心負責、抗壓性強、學習意願高。 4.具商管、資訊或法律等相關專業背景尤佳。  檢附資料： 以下檢附資料請於115年10月16日(星期五)前寄達本校人力資源處(以郵戳為憑)，信封請註明「應徵逢甲大學人力資源處計畫人員(約聘助理)」，應徵資料請自留底稿，恕不退還。 1.最高學歷畢業證書影本 2.詳細履歷及"
14017238,［台中廠］工務文書助理,味全食品工業股份有限公司,台中,台中市,台中市霧峰區,行政/總務/法務,傳統製造/精密工業,30600~9999999 (period=0),月薪,30600,30600,0,0,傳統無AI,無,0,0,0,0,1.工務報價單、請購及相關資料登打與整理。  2.工務文件、設備維修／保養紀錄及各類表單填寫、建檔與歸檔。  3.協助廠商報價資料彙整及工程案件資料整理。  4.使用 Word、Excel 建立及維護相關資料。  5.協助工務課日常行政作業及文件追蹤。  6.其他主管交辦事項。
14917163,【西屯主任秘書-夜班】無經驗可學｜完整培訓升遷機會,福爾摩沙公寓大廈管理維護有限公司,台中,台中市,台中市西屯區,行政/總務/法務,文教/補教培訓,38000~43000 (period=0),月薪,38000,43000,0,0,傳統無AI,無,0,0,0,0,【工作內容】 1.櫃檯接待與客服： 負責現場訪客迎賓、廠商接洽，並作為大樓相關聯絡窗口。 2.通訊與郵務管理： 接聽、過濾並轉接來電，提供留言服務；負責社區掛號、信件與包裹的收發與登記管理。 3.住戶服務與報修： 傾聽並親切處理住戶交辦事項，協助受理與追蹤住戶日常大樓報修事件。 4.行政庶務支持： 協助社區行政文書處理，並完成主管交辦之其他事項。 5.協助會議開立 6.財務報表製作  【工作時間與休假】 休假制度： 月休 10 天（排班制）。 上班時段依各派駐社區案場規定為主。  【條件要求】 經驗限制： 【無經驗可】 公司提供完善的教育訓練，歡迎社會新鮮人或想轉職的夥伴。 工作態度： 工作細
15375588,【DAYKEY】資料處理人員,代崎有限公司,台中,台中市,台中市西屯區,行政/總務/法務,其他服務/工商貿易,31000~36000 (period=2),月薪,31000,36000,0,0,傳統無AI,無,0,0,0,0,＊會計相關科系者佳  1. 會計資料 文中系統Key in處理，傳票編製帳務登打作業。 2. 庫存資料 文中系統Key in處理，辦理稅務申報作業。 3. 應收應付帳款管理、對帳及相關帳務處理。 4. 配合月結作業，定期至銀行辦理相關業務。
13382708,【日系】生産管理事務員【無經驗歡迎｜國內外研修機會｜幹部培育職｜夏季連休】,建上工業股份有限公司,台中,台中市,台中市南屯區,行政/總務/法務,傳統製造/精密工業,32000~35000 (period=0),月薪,32000,35000,0,0,傳統無AI,無,0,0,0,0,①生產計畫排程與進度管理，確保客戶交期達成。 ②客戶需求、生產能力及物料供應狀況分析與協調。 ③物料需求規劃（MRP）及請購作業管理。 ④生產工時、生產效率及產能數據分析。 ⑤ERP系統操作及生產相關資料維護。 ⑥庫存管理、料帳差異分析及改善追蹤。 ⑦跨部門協調（製造、品保、採購、倉儲），推動生產順利進行。 ⑧生產異常、交期異常及庫存異常之原因分析與改善。 ⑨各項生產管理報表製作及主管交辦事項。   快來加入建上工業這個充滿活力與溫暖的大家庭！一起書寫屬於我們的成功故事！
15086098,櫃台總機,鉅眾資產管理顧問股份有限公司,台中,台中市,台中市南屯區,行政/總務/法務,其他服務/工商貿易,30000~35000 (period=0),月薪,30000,35000,0,0,傳統無AI,無,0,0,0,0,1.訪客、貴賓接待。 2.人員進出差勤管理。 3.總機電話系統管理。 4.信件管理。 5.訂餐管理。 6.會議室支援(會議茶水準備)。 7.主管交付事項。
14830931,行政人員(台中),台力人力國際有限公司,台中,台中市,台中市西屯區,行政/總務/法務,其他服務/工商貿易,32000~33000 (period=2),月薪,32000,33000,0,0,傳統無AI,無,0,0,0,0,1.移工入境加退保文件及送工資料 2.解約驗證文件及預約 3.體檢通知 4.移工返鄉文件辦理 5.續聘文件簽署 6.其他主管事項交辦
15380766,[國際專案]財務助理,歐策資訊有限公司,台中,台中市,台中市南區,行政/總務/法務,文教/補教培訓,35000~40000 (period=0),月薪,35000,40000,0,0,傳統無AI,無,0,0,0,0,我們正在尋找優秀的夥伴加入我們的團隊， 為我們全球金融投資合作夥伴提供專業的財務系統數據查核與資料結算的服務！ 如果你對Fintech領域相關產業的財務工作充滿熱忱，這將是你發展職涯的絕佳機會！  [工作概述] • 協助專案系統平台日常財務作業及對帳。 • 核對各項財務憑證與相關資料，確保資料正確性。 • 整理、彙整及核對數據。 • 協助處理客戶及內部部門相關財務需求。 • 配合不同班別同仁進行工作交接，確保資訊完整。  [職能需求] • 需配合六、日與國定假日輪值早班。 • 熟悉 Excel 基本操作與資料整理能力 • 對數字及數據具備良好的敏銳度，細心且重視正確性。 • 具責任感、自律性，
13138881,行政會計總務｜品牌升級｜線上線下整合｜制度建立,得康健康事業有限公司,台中,台中市,台中市南屯區,行政/總務/法務,生技/醫療保健,38000~50000 (period=4),月薪,38000,50000,0,0,傳統無AI,無,0,0,0,0,★【得康理念：具自然醫療專業背景的健康生活公司】  得康是一間具自然醫療專業背景的健康生活公司。 開發真正有幫助、高CP值的健康生活產品，帶進更多家庭的日常生活中。 未來也會結合自身自然醫療專業背景，發展更多健康教育相關服務！  ◆因此，得康希望找到願意一起參與制度建立、具彈性&成長思維的夥伴！  ★【工作內容】  ▲目前已有基礎SOP，並有同仁協作分工，未來會依公司成長逐步優化&升級！  1.會計／行政 •　帳務處理&出納：憑證、應收應付、零用金、出納 •　稅務申報：配合會計師事務所作業 •　財務資料整理 •　行政文書  2.總務／採購 •　裝修／設備相關行政協作 •　採購詢價、比價&廠商聯
15232838,港風中科-翻譯兼總務人員,日商奧村組營造股份有限公司台灣分公司,台中,台中市,台中市西屯區,行政/總務/法務,其他服務/工商貿易,56500~9999999 (period=0),月薪,56500,56500,0,0,傳統無AI,無,0,0,0,0,工作內容 • 具備日檢N1溝通及翻譯能力，能協助會議或文件翻譯 • 具備基本IT 能力，了解公司網路架構、資訊安全等，能協助解決基本 IT 問題 • 協助總務及行政事務處理（資材與財產管理、採購、零用金等） • 協助內業相關工作（文件彙整、出勤與計價資料處理） • 辦公室日常庶務及信件收發   工作福利 • 一般上班時段為日班，周休二日 • 依照勞基法發放加班費 • 有出勤、住宅補助津貼
12890697,行政教務,安心專業幼教機構_臺中市私立安心幼兒園,台中,台中市,台中市清水區,行政/總務/法務,文教/補教培訓,32000~40000 (period=0),月薪,32000,40000,0,0,傳統無AI,無,0,0,0,0,1.行政事務:學生資料建檔與處理/教室清潔/書籍訂購/招生相關事宜 2.會計收納事務:學費收取與報表製作/現金流動相關事務/薪資資料彙整
15307312,台中-董事長室秘書長,嘉磐建設事業股份有限公司,台中,台中市,台中市南屯區,行政/總務/法務,廣告行銷/公關顧問,面議,面議,,,1,0,傳統無AI,無,0,0,0,0,【工作內容】 一. 團隊領導與人才管理 (Secretariat & Fleet Management)  董事長室團隊管理： 督核秘書日常事務（如：行程安排、文件簽核流程、商務差旅規劃、訪客接待），確保工作產出符合董事長標準與精準度。   二. 跨部門溝通與專案推動 (Project Coordination)  跨部門溝通窗口，追蹤各事業部專案進度，確保經營決策有效執行。  主導主管交辦之特殊專案之策劃與執行。  三. 經營決策輔助 (Executive Support)  *協助主管進行每日行程的篩選與優先順序判斷，優化時間管理。  *協助處理董事長之公共事務、社會公職相關事宜及重要人脈
9083156,行政助理,臺中市私立知愛家托嬰中心,台中,台中市,台中市西屯區,行政/總務/法務,文教/補教培訓,29500~33000 (period=0),月薪,29500,33000,0,0,傳統無AI,無,0,0,0,0,要會office系統 會開車/具備車者尤佳 
15057617,計畫案專任助理(台中),台灣職業健康護理學會,台中,台中市,台中市中區,行政/總務/法務,生技/醫療保健,36300~41200 (period=2),月薪,36300,41200,0,0,傳統無AI,無,0,0,0,0,1.執行計畫各類行政事務和管考(含經費核銷及控管、公文簽辦、會議及活動辦理等)。 2.辦理計畫執行成果彙整及報告撰寫。 3.配合本計畫總辦公室辦理各項資料彙整及回覆。 4.配合參加本計畫相關會議及活動。 5.其他臨時交辦事項。  工作特性要求(活潑、樂於助人、能多元學習) 1.親和力佳、高EQ 2.具良好人際溝通連絡的技巧與能力 3.個性積極主動 4.嫻熟電腦文書應用軟體。 
12917132,乳攝團隊行政人員,茂盛醫院,台中,台中市,台中市北屯區,行政/總務/法務,其他服務/工商貿易,29500~32000 (period=0),月薪,29500,32000,0,0,傳統無AI,無,0,0,0,0,1.至衛生所或社區掛號、問卷填寫事務 2.建檔篩檢名冊 3.每月底作帳及一般行政事務 4.篩檢耗材準備及盤點 5.配合晚班及假日班出勤 6.另有績效獎金
15176751,營造業內勤文書助理人員,喬光科技股份有限公司,台中,台中市,台中市龍井區,行政/總務/法務,傳統製造/精密工業,420000~9999999 (period=0),年薪折算,31111,740741,0,0,傳統無AI,無,0,0,0,0,【職位概述】 我們正在尋找一位具備良好溝通協調能力、對數字敏銳且處事細心的夥伴。本職位主要協助業務團隊服務營建商、營造廠及工程顧問公司，負責從前端報價到後端出貨的文件流程管理，確保各項工程專案能順利推進。  【主要工作職責】 1. 工程專案支援： 協助業務人員整理投標文件、標單製作及送審資料彙整。 根據設計圖面或規格需求，進行產品初步數量估算與詢價對接。  2. 報價與訂單管理： 製作專業報價單，並追蹤客戶回簽進度。 負責系統訂單錄入，核對工程項目代碼、單價與總金額。  3. 帳務整理： 協助業務核對每月應收帳款，整理請款發票與相關對帳單據。   【條件要求】 學歷/經驗：大專以上畢業；具營造
15386489,Lab Intern(實驗室專案實習生),藝康企業股份有限公司,台中,台中市,台中市西屯區,行政/總務/法務,其他服務/工商貿易,220~9999999 (period=0),時薪折算,35200,35200,0,0,傳統無AI,無,0,0,0,0,1.實驗室專案支援 • 樣品接收、分類、編號及前處理 • 基礎實驗及水質檢測 • 實驗設備、耗材及樣品管理  2.數據與報告整理 • 彙整實驗及水質分析數據 • 整理實驗結果、圖表及專案報告 • 建立並維護實驗數據及歷史紀錄
12339718,緻宸中醫診所-全職診所助理(日班),緻宸中醫診所,台中,台中市,台中市大雅區,行政/總務/法務,生技/醫療保健,29500~35000 (period=0),月薪,29500,35000,0,0,傳統無AI,無,0,1,0,0,協助醫師治療、現場/線上/電話接待、診所環境清掃…等，診所內事務及主管交辦事項。    須不怕針、血。  須有基礎溝通、計算能力。  須聽得懂基礎台語及英文。  *會說簡易台語及英文者佳。    因本診所位於大河旁，須不怕蚊蟲(如蟑螂、蜘蛛、螞蟻、蚊子⋯等)  *害怕者將不予安排面試請見諒。    每月班表皆為排班制，以固定週一至週五「早、午班」為主，週末須按需求排班(每月約0-2日，以每月班表實際需求為準)  *試用期約3-6個月，薪資同職缺薪資。  *試用期可能須安排晚班及假日班訓練，以面試後實際討論試用期時間為準。    《平日》  早班：08:30-12:45  午班：14:15-18
14999396,行政助理,洛蔓利廷股份有限公司,台中,台中市,台中市梧棲區,行政/總務/法務,其他服務/工商貿易,33000~36000 (period=0),月薪,33000,36000,0,0,傳統無AI,無,0,0,0,0,1.協助行政庶務與文件整理作業 2.協助部門日常行政支援與資料彙整 3.協助專案流程追蹤與內部溝通聯繫 4.協助行政文書與日常庶務處理 5.社群平台內容更新與經營 6.短影音拍攝、剪輯與後製 7.協助品牌自媒體內容發想與執行 8.主管交辦事項處理
15323117,採購行政助理(計時),協進橡膠工業股份有限公司,台中,台中市,台中市北屯區,行政/總務/法務,傳統製造/精密工業,196~9999999 (period=0),時薪折算,31360,31360,0,0,傳統無AI,無,0,0,0,0,【採購行政助理(計時)】歡迎加入我們的行列！   準備好掌握採購與行政的多元技能，並與充滿活力的團隊一起合作嗎？ 你將會接觸到的內容：   1. 整理分類訂單，協助製作出口文件、采購文件歸檔，還要跟得上訂單進度的腳步！   2. 製作相關的採購行政報表，熟悉excel 文件處理，成為資料管理好手！   3. 配合主管分配的其他任務，與團隊攜手完成工作挑戰！   無論妳或你，都是我們尋找的工作夥伴！   只要你熱愛學習，擁有良好的細心與作業能力，我們都會讓你在這裡成長得更快更棒！   準備好加入了嗎？
13029596,總務管理師,佑宇興業有限公司,台中,台中市,台中市潭子區,行政/總務/法務,其他服務/工商貿易,40000~9999999 (period=4),月薪,40000,40000,0,0,傳統無AI,無,0,0,0,0,- 廠區/辦公室/停車場之環境維護與設備保養規劃 - 固定資產建檔、標示、盤點、折舊與報廢作業 - 總務工程修繕與發包（請購、採購、驗收、帳務彙整） - 對外合約管理與文件歸檔 - 清潔、保全、園藝、公務車保養等外包廠商管理 - 公司物業維護與異常處理 - 公司節慶儀式、尾牙與大型活動之場地安排 - 郵務、物品收發與一般庶務行政 - 建立SOP並持續優化流程 - 主管交辦及專案支援（公益相關事務、文化節PT召募）  負責辦公環境與資產維護、外包管理與修繕發包，確保營運順暢並提升同仁工作體驗；具備完整總務專業，發展可朝設施/資產管理或總務管理者邁進。 若您擁有紮實的總務執行力與跨部門協作經驗，立
7335694,催收人員,雙城投資顧問有限公司,台中,台中市,台中市南屯區,行政/總務/法務,其他服務/工商貿易,45000~47000 (period=2),月薪,45000,47000,0,0,傳統無AI,無,0,0,0,0,1、法律催收相關事務。 2、需有法務經驗1年以上。
14594894,總經理特助,鉅鎰通運有限公司,台中,台中市,台中市梧棲區,行政/總務/法務,其他服務/工商貿易,50000~100000 (period=0),月薪,50000,100000,0,0,傳統無AI,無,0,1,0,0,本職務徵求英語流利，具有主動積極、及樂於挑戰之雙語人才。  工作內容：  1.	執行主管交辦事項，並隨行陪同主管工作行程。 2.	協助董事長執行決議事項及各項專案，追蹤掌握進度並落實完成。  3.	跨部門溝通整合與協調。  
13938834,交通組員,臺中市私立華盛頓國民小學,台中,台中市,台中市潭子區,行政/總務/法務,文教/補教培訓,32000~36000 (period=2),月薪,32000,36000,0,0,傳統無AI,無,0,0,0,0,1.規劃、調整學生校車路線。 2.車輛調派。 3.學生乘車、車輛安全管理。 4.其他交辦事項。
15248952,會計行政助理【總公司】,慕溏股份有限公司,台中,台中市,台中市西區,行政/總務/法務,電子商務/數位零售,32000~34000 (period=0),月薪,32000,34000,0,0,傳統無AI,無,0,1,0,0,我們是 Pierre Hermé，享譽全球的法國糕點品牌，由被譽為「甜點界的畢卡索」的 Pierre Hermé 創立。我們以精緻的馬卡龍、創新的糕點以及高端的甜點文化聞名，為顧客帶來極致的味覺享受。 隨著 Pierre Hermé Taiwan 持續成長，我們正在尋找一位細心負責、具良好邏輯、溝通能力佳的會計行政助理加入團隊。 如果您對此職務有興趣，並樂於在快速成長的品牌環境中學習與發展，歡迎加入 Pierre Hermé Taiwan，與我們一同打造專業且溫暖的工作環境。  工作內容 1. 負責公司及門市零用金管理、撥補與盤點。 2. 審核、整理各項憑證及單據，確保符合公司規範。 3. 開
14627693,工讀生,沙鹿旗艦分校_臺中市私立泓睿文理短期補習班,台中,台中市,台中市沙鹿區,行政/總務/法務,文教/補教培訓,300~500 (period=0),時薪折算,48000,80000,0,0,傳統無AI,無,0,0,0,0,1. 補習班活動人有扮演並協助發傳單 
15253055,總務助理,金豐禾企業股份有限公司,台中,台中市,台中市北區,行政/總務/法務,其他服務/工商貿易,30000~33000 (period=0),月薪,30000,33000,0,0,傳統無AI,無,0,0,0,0,【總務助理】滿期調薪+年度調薪 1.倉庫的關鍵守護者：負責貨物進出庫、盤點與補貨物流管理（我們重視效率，讓你流汗也流得有成就感！）。  2.辦公室的神隊友：協助公司資產設備採購、維護、報修與進度追蹤，維持辦公室的最佳運作狀態。  3.靈活的專案支援：參與公司各類有趣專案，與團隊一起腦力激盪、互相支援。  4.獨立作戰能力：能自主規劃工作進度、妥善完成任務，給你充分發揮的空間！  ※ 通過3個月考核即享薪資調整，每年還有年度調薪機會！
15084147,工讀生,憶傑科技股份有限公司,台中,台中市,台中市西屯區,行政/總務/法務,文教/補教培訓,29500~36002 (period=0),月薪,29500,36002,0,0,傳統無AI,無,0,0,0,0,工讀生｜工程・行政支援｜無經驗可  【工作內容】  我們正在尋找認真、負責、願意學習的工讀夥伴，協助公司日常行政、產品整理及工程相關支援工作。  工作內容將依當日公司及專案需求安排，皆有公司同仁或工程人員帶領。  協助產品、設備及材料整理、分類與清點。  協助出貨前產品整理、包裝及相關準備工作。  協助工程人員準備施工工具、材料及設備。  配合工程人員至學校或客戶現場，協助設備搬運、定位及安裝相關工作。  協助科技琺瑯黑白板、智慧教室及視聽設備等工程現場作業。  協助完工後工具清點、環境整理及設備清潔。  協助公司文件整理、資料建檔及簡易行政工作。  協助倉庫及工作區域整理，維持物品擺放整齊。
14723109,行政家服,Leader School_大都會文教事業有限公司附設臺中市私立大都會探索幼兒園,台中,台中市,台中市西屯區,行政/總務/法務,文教/補教培訓,38000~9999999 (period=3),月薪,38000,38000,0,0,傳統無AI,無,0,0,0,0,1. 幼保相關科系畢業者尤佳 2. 家長服務  3. 行政文書事務與園務工作 4. 上放學值勤導護 5. 具基本美語聽說能力者佳 
14221425,內勤人員(南屯),宇盛藥品有限公司,台中,台中市,台中市南屯區,行政/總務/法務,生技/醫療保健,29500~33000 (period=0),月薪,29500,33000,0,0,傳統無AI,無,0,0,0,0,1.負責一般文書資料級管制藥品處理工作。 2.維護、更新、管理各類文件檔案和資料庫系統。 3.品管及貨運件查核 4.庫存報表的成立與監控庫存量。 5.處理客戶事宜。 6.需要到總部學習(北屯區)1-2天.公司有補津貼 7公司有明確的升遷管道並有3節.特休.意外險.團險加重 
11815118,工作人員,康威兒有限公司,台中,台中市,台中市龍井區,行政/總務/法務,其他服務/工商貿易,200~200 (period=0),時薪折算,32000,32000,0,0,傳統無AI,無,0,0,0,0,桶裝水桶清洗 協助外務送貨工作 行政及接聽電話 會電腦尤佳
13004389,接待服務櫃台【台中｜大墩會館】,泰晶殿皇家SPA莊園_金泰美有限公司,台中,台中市,台中市西屯區,行政/總務/法務,生技/醫療保健,35000~40000 (period=0),月薪,35000,40000,0,0,傳統無AI,無,0,0,0,0, ・門市預約與貴賓接待 ・行政排班與帳務處理 ・維持服務品質與現場整潔 ________________________________________  ▌品牌與企業發展 泰晶殿創立於2006年，深耕健康療癒產業近20年，目前全台設有多家養生會館，隸屬康博集團健康生活服務體系。 集團整合醫美診所、自媒體品牌與健康生活產業，持續拓展服務版圖，打造結合健康、美麗與生活品質的療癒服務品牌。 泰晶殿致力提供顧客舒適優雅的療癒空間與細緻服務體驗，同時提供夥伴穩定且具發展性的職涯平台。 ________________________________________  ▌福利制度與發展環境 ・泰晶殿重視
11017666,QA－品保行政文書,井田國際醫藥廠股份有限公司,台中,台中市,台中市大甲區,行政/總務/法務,生技/醫療保健,29500~30000 (period=0),月薪,29500,30000,0,0,傳統無AI,無,0,0,0,0, 核心專業  1.具備 PIC/GMP及ISO 9001 相關品質管理體系文件管制概念，協助PIC/GMP品質系統之執行與維護。  2.熟悉行政流程，具備撰擬公文、會議紀錄、備忘錄及各類規章之能力。  3.官方相關申報、資料申請及變更申請。  4.供應商評估及原料、產品留樣管理。  5.協助產品年度評估資料彙整。  6.協助內、外部稽核活動，執行CAPA處理。  8.物料管理。  9.其他主管交辦事務。    職務人格特質  1.溝通協調：具備良好的溝通技巧，能主動跨部門聯繫並解決行政流程中的障礙。  2.時間管理：能有效分配工作時間，並在規定期限內完成多項交辦任務。   加分條件  1.諳電
13808801,《小旅宿》飯店櫃台人員,二八樹巷藝術有限公司,台中,台中市,台中市西屯區,行政/總務/法務,其他服務/工商貿易,30000~9999999 (period=2),月薪,30000,30000,0,0,傳統無AI,無,0,1,0,0,一間小旅店的櫃檯人員，熟悉旅店業務，有基本外語能力，熱誠親切，喜歡文創、設計、藝術者尤佳，有心與旅店一同成長，一起打造溫馨的小旅館。  月休8到10天(紅字天數) 福利：工作考核通過享三節獎金、生日禮金、績效獎金、餐食津貼、不定時聚餐或點心！ 
14686982,醫事室病歷檔案組 事務員/組員,臺中市立老人復健綜合醫院(委託財團法人中國醫藥大學興建經營),台中,台中市,台中市北屯區,行政/總務/法務,生技/醫療保健,31000~9999999 (period=0),月薪,31000,31000,0,0,傳統無AI,無,0,0,0,0,1.電子病歷、病歷記錄質與量審查、掃描等病歷資訊管理業務 2.病歷品質指標監測等業務 3.各項評鑑病歷作業(醫院評鑑、HIMSS評鑑、電子病歷評鑑業務) 4.病歷管理委員會議業務 5.其他行政業務及主管交辦事項 6.具病歷資訊管理師證照 7.具OFFICE軟體操作及統計分析能力 8.具備電子病歷管理相關業務經驗
14759910,專案助理,挪威商立恩威驗證股份有限公司台灣分公司,台中,台中市,台中市烏日區,行政/總務/法務,其他服務/工商貿易,面議,面議,,,1,0,傳統無AI,無,0,1,0,0,1. 具公共工程中大型專案經驗佳 2. 負責文件收發與紀錄歸檔 3. 負責專案請款文件準備 4. 負責審查廠商請款文件檢查 5. 能配合出差(台北、通霄、高雄) 6. 須具備英文溝通能力，TOEIC>750 7. 公司提供差旅補貼 8. 專案約~2028/12     
15199038,警衛人員,大力卜股份有限公司,台中,台中市,台中市神岡區,行政/總務/法務,傳統製造/精密工業,33000~37000 (period=6),月薪,33000,37000,0,0,傳統無AI,無,0,0,0,0,1.負責廠區安全、環境清潔之維護 2.廠區人員、車輛、貨物進出管制 3.須配合輪班制度 4.其他主管交辦事項
15307693,【兼職】森活管家,陸府建設股份有限公司,台中,台中市,台中市南屯區,行政/總務/法務,其他服務/工商貿易,1800~2000 (period=3),時薪折算,288000,288000,0,0,傳統無AI,無,0,0,0,0,FOREST LIVING 陸府森活聚落 以「源於生活，更勝渡假」為核心理念，重新定義建築與生活的關係。 在這裡，服務不是制式流程，而是一場場貼近人心的生活設計。 因此，我們期待你加入—— 成為串聯住戶與理想生活之間的「溫度接點」， 讓日常被用心對待，也是讓家真正美好、有感的體驗策劃者。 如果你嚮往有質感、有溫度、有意義的服務工作，歡迎加入我們， 在每一個細節中，創造自然無限好的真實感受。   【工作內容】  1. 精品級接待與禮賓支援 依據服務禮儀標準，提供住戶與訪客溫暖禮貌的迎賓接待、諮詢引導與即時服務支援，並具備獨立接待與單獨當班之應對能力。  2. 輕食與飲品服務執行 遵循標準作業流程
12171947,行政人員,帝傑有限公司,台中,台中市,台中市大雅區,行政/總務/法務,電子商務/數位零售,30000~40000 (period=0),月薪,30000,40000,0,0,傳統無AI,無,0,0,0,0,我們公司主要是在經營電子商務家具產業  歡迎有熱忱、細心、肯打拼的人一起加入我們的團隊！    工作內容：  1.協助主管處理相關事務。 2.主動積極、有效率、細心負責、配合度高且重視團隊精神。 3.協助會計發票整理存檔、報帳憑證審核、開立發票等事宜。 4.帳務請款及發票作業處理。 5.抗壓性高，溝通協調能力佳。 6.可配合加班。
13721954,朝聖行旅早中班櫃台兼職人員,漫旅國際管理顧問有限公司,台中,台中市,台中市北區,行政/總務/法務,其他服務/工商貿易,196~196 (period=0),時薪折算,31360,31360,0,0,傳統無AI,無,0,0,0,0,1.客戶接待、入住與退房處理作業。  2.提供旅遊諮詢服務，協助旅客安排相關事宜 3.櫃檯行政事務處理。  4.住客安全維護 & 臨時狀況危機處理。  5.工作區域清潔與環境維護。  6.完成主管交辦事項 *熟悉靈知系統佳
12159063,飯店櫃檯人員 月休8~10天 起薪3萬（莿桐花文創微旅),漫旅國際管理顧問有限公司,台中,台中市,台中市中區,行政/總務/法務,其他服務/工商貿易,30000~32000 (period=3),月薪,30000,32000,0,0,傳統無AI,無,0,0,0,0,1.	對櫃台與客服工作有興趣，具高度服務熱忱、耐心及應變能力。 2.	接洽訂房事宜，包含住宿諮詢、訂房下單、各通路開關房設定及客評回覆等。  3.	客訴處理，維護旅客住房體驗。 4.	具客服、飯店櫃台、訂房工作經驗者佳(無經驗可)。 5.	擅長溝通技巧，熟悉顧客抱怨處理。 6.     需配合排休，國定假日補休，依法提供勞健保及特休 7.     另有業績獎金、三節禮金、生日禮金   早班：07:00~15:00 中班：15:00~23:00 *熟悉靈知系統佳(無經驗可)
15405203,急徵(南區工學北路)-社區秘書,忠正公寓大廈管理維護有限公司,台中,台中市,台中市南區,行政/總務/法務,其他服務/工商貿易,32000~32000 (period=0),月薪,32000,32000,0,0,傳統無AI,無,0,0,0,0,【工作內容】 1. 提供飯店式禮賓接待服務，維持親切、有禮的服務態度。 2. 負責社區櫃檯管理及住戶日常生活服務。 3. 文件、表單整理、歸檔及保存，並完成主管交辦事項。 4. 協助公文遞送、信件收發及一般電腦文書作業。 5. 協助維持櫃檯環境整潔及現場服務品質。  【職務條件】  ．具親和力及服務熱忱，樂於學習、主動積極。 ．細心負責，具良好溝通及應對能力。 ．具物業管理、飯店、休閒餐飲相關經驗者佳。 
15376664,心容中醫・醫療服務-高階專員 (37000 起薪),心容中醫診所,台中,台中市,台中市北區,行政/總務/法務,生技/醫療保健,37000~60000 (period=2),月薪,37000,60000,0,0,傳統無AI,無,0,0,0,0,最新的職務與條件說明，請務必仔細參閱 https://wp.me/P9oA8X-6lI (心容中醫官網)  【工作內容】  01.預約掛號事務。 02.收費帳務核對。 03.文字訊息回覆。 04.極致醫療服務。 05.精準客戶管理。 06.物件品項整理。 07.針傷打理支援。 08.精細打掃清潔。 09.藝廊與空間整理。 10.營運與決策優化 ...  每個月底都必須各自獨立完成一份「 工作意向調查表 」。  特殊加分項目：平面設計、空間擺設微調、文字文章社群管理。  ⎯⎯⎯⎯⎯⎯⎯⎯⎯⎯⎯  【 工作時間 】  週二 ~ 週六：上班時間為 13:30 ~ 22:00 (期間用餐時間半小時，為
15389527,臨時活動工讀(台中)(部門：E-06),網曜管理顧問有限公司,台中,台中市,台中市西屯區,行政/總務/法務,其他服務/工商貿易,200~200 (period=0),時薪折算,32000,32000,0,0,傳統無AI,無,0,0,0,0,論壇現場執行人員（一日兼職/現領） 【工作時間與地點】 時間：10/6（二）08:00–17:00（休息 1–2 小時） 地點：烏日高鐵站內 薪資：時薪 200 元（當日現領，含勞保）  【工作內容】 協助現場簽到、拍照記錄及活動執行 會場佈置與復原（需搬重、久站）  【應徵條件與注意事項】 具活動或論壇支援經驗者佳 需自備交通工具，錄取後於當日自行前往 服裝：黑色上衣、包鞋 隨身攜帶個人水瓶（現場提供午餐）
14006804,中班櫃台醫務人員,格林威治動物醫院,台中,台中市,台中市南屯區,行政/總務/法務,生技/醫療保健,35000~50000 (period=2),月薪,35000,50000,0,0,傳統無AI,無,0,0,0,0,【基本要求】  1. 細心、反應快、願意學習、有同理心。 2. 主動、細心且獨立作業。 3. 能與團隊合作、願意溝通、抗壓性好。  【福利制度】  1. 勞健保、勞退提撥6%、。 2. 不定期員工聚餐、春酒、尾牙 。 3.  三節獎金、全勤獎金、各項獎勵金 4. 績效分紅。 5. 員工制服。 6. 員工寵物院內看診享優待折扣。  【上班時間】 A:下午2點~晚上12點 B:晚上9點~清晨4點 輪A、B班  【工作內容】  1.櫃台掛號、電話接聽、住出院辦理、門診結帳、寵物登記。 2.藥局配藥。 3.處方飼料、耗材、藥品倉儲管理。 4. 進出貨管理。 5.環境整潔維護。 6.一般庶務性行政工作(
14823160,醫學美容行政櫃台人員,新惠生醫院,台中,台中市,台中市豐原區,行政/總務/法務,生技/醫療保健,31700~31700 (period=3),月薪,31700,31700,0,0,傳統無AI,無,0,0,0,0,我們正在尋找親切細心、具服務熱忱的你，成為診所第一線的重要門面，一起為顧客打造安心、專業的醫美體驗。  【工作內容】  • 櫃檯接待服務 接待來訪顧客、電話接聽與轉接、引導流程與基本諮詢說明  • 行政與病歷管理 資料輸入、病歷建檔與歸檔、文件收發與行政庶務  • 掛號與收費作業 掛號、收費、帳務處理、零用金管理（具健保批價經驗佳）  • 顧客關係維護 顧客諮詢與衛教說明、客訴初步處理、關係維繫  • 行程與排程安排 醫師與顧客預約管理、行事曆與療程時段協調  【我們希望你具備】  • 親切有耐心，具良好溝通與服務態度  • 熟悉基本電腦操作與文書處理（Word、Excel、診所系統）  • 
15209767,(中區)行政人員,曙光教育事業機構_元大教育事業股份有限公司,台中,台中市,台中市中區,行政/總務/法務,文教/補教培訓,35000~9999999 (period=0),月薪,35000,35000,0,0,傳統無AI,無,0,0,0,0,"1.負責班務 2.行政作業 3.學員服務及聯繫 4.具責任心 細心,耐心 活潑開朗 喜歡與人接觸"
15334069,台中外商【 行政人員】General Admin_月薪42K UP_不限行政經驗_歡迎二度就業_TCS_890,藝珂人事顧問股份有限公司,台中,台中市,台中市烏日區,行政/總務/法務,其他服務/工商貿易,40000~9999999 (period=0),月薪,40000,40000,0,0,傳統無AI,無,0,1,0,0,"想找一份穩定的行政工作？ 如果你具備工作經驗、細心負責、擅長處理日常事務，即使沒有行政背景也歡迎投遞！  【公司介紹】 德國的全球風力發電設備與再生能源公司，成立於1984年，專注於陸域風力發電機、設備維運及綠色能源解決方案，全球約13,000名員工。 長期深耕台灣風電市場，目前在台灣設有服務據點，主要負責風力發電機的運轉與維護（O&M），提供穩定且專業的再生能源服務。  【工作地點】 台中  【薪資待遇】 月薪 NT$42,000 UP  【工作內容】 ・維護辦公室日常運作及辦公用品採購 ・負責信件、快遞及郵務相關作業 ・管理員工電信合約及相關行政事務 ・使用 SRM 系統進行辦公室預約及需"
15295811,清潔行政人員,佳美先進化學股份有限公司,台中,台中市,台中市西屯區,行政/總務/法務,其他服務/工商貿易,29500~32000 (period=3),月薪,29500,32000,0,0,傳統無AI,無,0,0,0,0,1.	規劃環境清潔計畫。 2.	執行環境清潔作業，維護公司各區域環境衛生。 3.	盤點及採購清潔用品及所需備品。 4.	協助總務事務(盤點及請購文具用品及零食)。 5.	協助/支援櫃台事務。 6.	協助外出寄信、送洗實驗衣物…等。 7.	其他主管交辦事項。  
14403623,行政會計助理,世康生技股份有限公司,台中,台中市,台中市北區,行政/總務/法務,生技/醫療保健,30000~33000 (period=3),月薪,30000,33000,0,0,傳統無AI,無,0,0,0,0,協助處理財務作業、會計作業與部門行政事務等相關業務。  公司預計115/11/1搬遷至台中市南屯區新富路529號
15238376,教學教務組員,臺中市私立葳薾幼兒園,台中,台中市,台中市北區,行政/總務/法務,文教/補教培訓,35000~42000 (period=0),月薪,35000,42000,0,0,傳統無AI,無,0,1,0,0,1、協助專任教師之出勤紀錄核對、鐘點費統計與相關報表整理。  2、處理幼兒部辦公室日常教務行政流程（如電子與紙本簽呈請採核銷等）。  3、統整各班教學資料、課程進度，並負責教材教具與學生學習檔案的管理。  4、協助校內中外師在教學行政需求上的溝通與協調。  5、參與校內各類主題活動（如節慶活動、成果展、畢業典禮等）的企劃發想與流程安排協助。  6、活動期間協助現場流程推進以及跨部門協調。  10、互相支援教學教務相關事務。  11、配合校區發展需求，完成主管交辦的其他行政專案與同仁間的業務互助。  職務需求 大學以上畢業，教育、幼教、外語、管理相關科系尤佳。 具行政、教務、活動企劃或幼教相關工
15338358,FADO(總部)主管助理,法朵FADO_法朵服飾,台中,台中市,台中市梧棲區,行政/總務/法務,電子商務/數位零售,45000~9999999 (period=4),月薪,45000,45000,0,0,傳統無AI,無,0,0,0,0, 工作內容:處理一般庶務(如門市事務、能獨立執行外務、以及廠商聯繫具良好溝通能力者佳)  我們重視工作態度與責任感，希望找到願意與公司一起成長、共同解決問題的夥伴。  *需有汽車駕照(需會開手排車) 
14879828,實習/工讀生 (台中店）,西敏藝術設計股份有限公司,台中,台中市,台中市西屯區,行政/總務/法務,其他服務/工商貿易,196~196 (period=0),時薪折算,31360,31360,0,0,傳統無AI,無,0,0,0,0,1.團隊精神，個性擅溝通、表達能力佳、積極熱情、樂於學習且個性主動。  2.服裝相關科系或有同業之相關工作經驗者尤佳。  3.協助處理庶務性工作及庫存管理。 4.完成主管交辦事項。  5.協助門巿人員處理相關事宜。  6.提供顧客之接待與需求服務。 7.針對客戶不同的場合與需求建議挑選搭配的禮服與後續服務。  
12261840,總務人員,山野電機工業股份有限公司,台中,台中市,台中市大肚區,行政/總務/法務,傳統製造/精密工業,31000~32500 (period=2),月薪,31000,32500,0,0,傳統無AI,無,0,0,0,0,1. 一般行政事務處理（信件收發、印鑑／門禁／公務車管理）。 2. 總務庶務用品管理（制服／事務用品／零用金管理）。 3. 廚房、守衛聯繫窗口。 4. 固定資產管理。 5. 總務相關管理辦法維護。 6. 辦理各類活動（ex:健檢、大掃除、普渡...等）。 7.碳盤查、AEO、ISO資料維護。 8.廠區修繕維護及聯繫。 9. 其他總務相關工作事項、主管交辦事項。
15385279,人資行政專員,馬韓科技有限公司,台中,台中市,台中市后里區,行政/總務/法務,生技/醫療保健,35000~40000 (period=2),月薪,35000,40000,0,0,傳統無AI,無,0,0,0,0,本職位主要負責台灣辦公室／Site 的人資及行政支援，並作為台灣員工與海外總部（HQ）之主要聯絡窗口。需與海外總部密切合作，協助處理員工報到、人事資料、勞健保、出勤及請假、招募面試、政府機關申辦及辦公室行政等事項。  1. 新進人員報到 協助安排新進人員之台灣在地報到事宜。 與新進人員協調 VSO appointment 日期及相關安排。 發放、收集及追蹤新進人員所需文件。 收集員工照片、銀行資料及其他必要資訊。 協助發放公司設備及物品，例如筆記型電腦、制服及其他公司用品。 確認所有文件及物品均已完成交付，並追蹤未完成事項。  2. 勞健保行政 準備及提交勞工保險及全民健康保險相關文件。 協助
15209765,(中區)行政人員,曙光教育事業機構_元大教育事業股份有限公司,台中,台中市,台中市中區,行政/總務/法務,文教/補教培訓,30000~45000 (period=0),月薪,30000,45000,0,0,傳統無AI,無,0,0,0,0,"1.負責班務 2.行政作業 3.學員服務及聯繫 4.具責任心 細心,耐心 活潑開朗 喜歡與人接觸 (每年固定調薪)"
15273035,私人行政秘書 (經常性薪資五萬~六萬五千元),欣鴻人工植牙會館_欣鴻牙醫診所,台中,台中市,台中市太平區,行政/總務/法務,生技/醫療保健,50000~65000 (period=4),月薪,50000,65000,0,0,傳統無AI,無,0,0,0,0,上班時段為周一~周五上午九點~下午六點， 隔周六上班，周六上班時會排周三或周四休，週日固定休。  國定假日依照公司安排休假。 (國定假日:除夕、元旦、清明、中秋、端午、勞動節、雙十、行憲紀念日放假一天， 228、兒童節、教師節、光復節擇日補休)   一、機動性支援內外勤事務 二、協助日常行程安排及接送（需具備駕駛能力） 三、協助教導外籍看護簡單家務及料理製作。 四、協助訂購生活用品及各項物品。 五、負責交辦事項及代辦事務。 六、協助行政庶務及日常事務管理。 七、其他主管交辦事項 八、與主管外出開會需具備會議同步紀錄能力  *有駕照且會開車可上路(高速公路)，自備機車可外出 *擅長電腦使用(Wo
15108277,契約行政助理(病房書記),臺中榮民總醫院,台中,台中市,台中市西屯區,行政/總務/法務,其他服務/工商貿易,33815~9999999 (period=0),月薪,33815,33815,0,0,傳統無AI,無,0,0,0,0,1、護理部二級單位各類醫材計價及查核、財產及二級庫存管理。 2、病患入(出)院(含治療)或手術報到等行政程序、轉院、轉床、病危、死亡等相關行政作業及診斷書申請。 3、病歷管理。 4、各類物品請修。 5、更衣室門禁管理。 6、協助護理長電腦文書處理、文件及公文管理。 7、執行主管分配業務及臨時交辦事宜。
15065215,廠務部助理,新廣業股份有限公司,台中,台中市,台中市后里區,行政/總務/法務,傳統製造/精密工業,35000~40000 (period=3),月薪,35000,40000,0,0,傳統無AI,無,0,0,0,0,1.廠務專案進度追蹤，跨部門溝通協調  2.協助主管交辦事項與日常行政作業 3.文書資料整理、建檔與歸檔管理 4.請購單、採購單、驗收單等文件整理 5.設備相關採購溝通與開發 6.簡易圖面繪製與修改 
15308188,工程行政文書/公共工程內業專員,定宏營造股份有限公司,台中,台中市,台中市西屯區,行政/總務/法務,其他服務/工商貿易,面議,面議,,,1,0,傳統無AI,無,0,0,0,0,公共工程投標與文件作業 1.投標文件準備與資料彙整（含服務建議書協助）。 2.投標前文件整理、審視與裝訂。 3.計畫書製作與排版（施工計畫書、品管計畫書、職安計畫書等）。 4.合約書製作、用印與管理。  工程履約內業作業 1.協助現場工務辦理請款計價與估驗資料整理。 2.辦理工程追加減帳及相關文件整理。 3.廠商請款資料彙整與追蹤。 4.工程開工、竣工、驗收資料整理。 5.結算書與相關履約文件整理。  工地文件與資料管理 1.施工日誌彙整與歸檔。 2.施工照片整理與建檔。 3工程資料輸入、轉換、整合與建檔管理。 4.公文收發與會簽作業。 5.文件歸檔與專案資料管理。 6.協助用印流程辦理。  
7634955,行政人員,又萬興國際人力仲介有限公司,台中,台中市,台中市西屯區,行政/總務/法務,其他服務/工商貿易,32000~9999999 (period=2),月薪,32000,32000,0,0,傳統無AI,無,0,0,0,0," 此行政工作,需有 ""移工仲介行政工作""實際經驗,薪資31000起+1000全勤=32000(試用期後,依能力調薪)  (後段 能獨立作業者,32000以上,薪資可面談) (前段 能獨立作業者,33000以上,薪資可面談)   **多年以上行政經驗者,一條龍完成申辦流程者,薪資35000以上,辦件獎金 另議**   需有機車駕照,偶爾需外出,( 就學中 勿擾!) 偶爾需配合加班,例如:評鑑時  "
12266847,行政總務/生管助理,達源貼合股份有限公司,台中,台中市,台中市大安區,行政/總務/法務,傳統製造/精密工業,30000~32000 (period=0),月薪,30000,32000,0,0,傳統無AI,無,0,0,0,0,1. 負責一般文書資料處理工作。 2. 維護、更新、管理各類文件檔案（如：合約、會議記錄、書目資料、活動文件）和資料庫系統。 3. 清潔維護辦公室、宿舍及會議室等，以使同仁有舒適的辦公環境。 4. 負責文件追蹤、資料彙整與檔案管理。 5.完成主管交代事項
14298234,台中 - 行政人員,亞太資源管理顧問股份有限公司,台中,台中市,台中市西屯區,行政/總務/法務,其他服務/工商貿易,30000~40000 (period=0),月薪,30000,40000,0,0,傳統無AI,無,0,0,0,0,1. 協助資料輸入、建檔、系統資料維護及文件歸檔 2. 處理公司內外部公文及相關行政流程 3. 協助外籍勞工相關文件之列印、分類、申請及資料更新 4. 協助仲介評鑑資料準備及移工後續服務相關行政作業 5. 其他主管交辦事項
12121655,【台中】 業務一部 - 業務助理,良展新科技股份有限公司,台中,台中市,台中市北屯區,行政/總務/法務,傳統製造/精密工業,30000~35000 (period=2),月薪,30000,35000,0,0,傳統無AI,無,0,0,0,0,尋找自律、細心、責任心的夥伴!  【工作內容】 1. 客戶資料建檔、維護(使用ERP)。 2. 客戶之溝通聯繫及關係維護(須接聽電話)。 3. 訂單追蹤管理(使用ERP)。 4. 每月訂單彙總。 5. 有業務助理經歷者佳。 6. 主管交辦事項。  
15374823,健康台灣深耕計畫-1 部份工時人員,亞洲大學附屬醫院,台中,台中市,台中市霧峰區,行政/總務/法務,生技/醫療保健,196~196 (period=0),時薪折算,31360,31360,0,0,傳統無AI,無,0,0,0,0,1.協助單位主管交辦事項。 2.協助計畫相關行政作業，包括資料彙整、經費核銷、進度追蹤及 成果資料整理。 
15388524,托嬰中心全職廚工行政,臺中市私立緻宸托嬰中心,台中,台中市,台中市大雅區,行政/總務/法務,生技/醫療保健,34000~36000 (period=0),月薪,34000,36000,0,0,傳統無AI,無,0,0,0,0,工作內容 《廚房工作》 •協助嬰幼兒副食品、老師餐食準備 •食材清洗、烹調及餐後廚房清潔等 •協助環境整理、採買、及簡單庫存 •配合主管交辦之其他廚務相關事項 《文書工作》 •按要求完成每日建議餐點照、美編 •完成每日餐點留藥登錄及清潔列表  工作時間 •週一至週五08:00-17:00見紅休 （實際上班時間可面議確認調整）  薪資待遇 •月薪34000元（依經驗可議）  條件要求 •注重衛生、細心負責、動作伶俐 •有托育人員資格優先錄取（如保母證等） •有廚房餐飲工作經驗或保母經驗者佳 •有嬰幼兒備餐工作經驗者佳  備註 •錄取後需配合入職健康檢查(自費)、每年健康檢查(公費) •目前僅廚房
14185429,兼職工讀生,臺中市私立樂揚文理短期補習班,台中,台中市,台中市梧棲區,行政/總務/法務,文教/補教培訓,196~250 (period=0),時薪折算,31360,40000,0,0,傳統無AI,無,0,0,0,0,1. 協助公司文件之建檔、管理。 2. 負責郵件及內部文件之收發。 3. 協助處理庶務性行政工作（如：文具用品採買）。 4. 負責外出送件、物件寄送及簡易銀行業務處理。 5. 負責電話接聽及顧客問題解答。 6. 支援會議行政工作（如：會議前置茶水準備）。 7. 負責辦公室環境與設備之清潔與維護。 8. 支援各部門的業務及活動。 
15095314,行政助理 -【萊特薇庭】,萊特薇庭_新薇股份有限公司,台中,台中市,台中市西屯區,行政/總務/法務,其他服務/工商貿易,30000~33000 (period=2),月薪,30000,33000,0,0,傳統無AI,無,0,0,0,0,1. 一般文書資料處理整理及歸檔工作。 2. 處理庶務性行政工作（如：事務機器叫修維護、文具用品採買等）。 3. 收發公文並處理會簽文件。分類、審核文件資料並掃描、輸入系統。 4. 零用金管理，辦理核銷事宜。 5. 外出郵寄送件及銀行業務處理。(交通津貼) 6.處理臨時薪資作業及加退保檔案。 7.出勤明細整理及薪資作業。 8.入銀行收款作業。 9.主管交付工作事項。
15389293,醫工／總務,茂盛醫院,台中,台中市,台中市北屯區,行政/總務/法務,其他服務/工商貿易,38000~40000 (period=2),月薪,38000,40000,0,0,傳統無AI,無,0,0,0,0,1. 各棟大樓機房巡檢 2. 紀錄值班輪值 3. 各單位物品、設備維修 4. 機房設備保養維護 5. 工程發包執行與監工 6. 需輪值on call 7. 執行主管交辦事項  ※需有防火管理員、乙級廢棄物專責人員資格 ，執照津貼另計 
12726728,早安有喜-復興店-計時伙伴,早安有喜_潤慶商行,台中,台中市,台中市南區,行政/總務/法務,其他服務/工商貿易,220~250 (period=0),時薪折算,35200,40000,0,0,傳統無AI,無,0,0,0,0,煎台，炒台，沙拉台，飲料區，pos區 工作態度良好、出勤正常好相處 時薪220元起 會依學習進度、工作能力調整為 230、240、250元
15351130,行政助理人員,正意食品股份有限公司,台中,台中市,台中市霧峰區,行政/總務/法務,其他服務/工商貿易,29500~29500 (period=0),月薪,29500,29500,0,0,傳統無AI,無,0,0,0,0,1.行政文書資料處理 2.帳務單據整合作業 3.內部資料建檔歸檔 4.銷售及訂單接洽 5.進出貨盤點管理 6.業務聯繫與客戶服務 7.執行主管交辦之事項
12487315,早晚班行政總機櫃檯（薪資35000以上、需有相關經驗）,維多SPA養身館_維多瘦身美容有限公司,台中,台中市,台中市北區,行政/總務/法務,廣告行銷/公關顧問,35000~9999999 (period=2),月薪,35000,35000,0,0,傳統無AI,無,0,0,0,0,1.接應電話並篩選來電、提供諮詢服務  2.協助網路線上廣告刊登  3.處理客人來電與線上預約  4.提供聯繫或廣播的服務  5.處理工作場所臨時性的行政事務    *歡迎+賴詢問詳細薪資&工作內容    Line:spa288711
15212778,【北屯校區小學部 】 學務處-生教組長,葳格學校財團法人,台中,台中市,台中市北屯區,行政/總務/法務,文教/補教培訓,41000~9999999 (period=2),月薪,41000,41000,0,0,傳統無AI,無,0,0,0,0,1. 常規管理 日常常規：主持集會秩序、推行生活競賽、強化學生禮貌與儀容規範。 導護放學：規劃上放學秩序、安排導護人力、協助小一暑期適應活動。 2. 安全教育與個案處理 防災演練：辦理寢室、防震、防火及校車等各項逃生演習。 個案處理：處理並記錄校園偶發事件與特殊學生問題，提出後續追蹤。 主題講座：舉辦性平、法治與資安教育宣導講座。 3. 校園巡檢 場域巡查：負責課間課後巡視、午間餐廳秩序管理、上放學交通管理。 重要典禮：籌辦學生集會與頒獎禮節訓練。 House 制度：統整 House 榮譽制度之計分與表揚機制。 4. 行政作業 個案系統：建立並維護雲端系統，完整記錄學生與家長訪談。 交通行政：
15103732,【健身工廠現場徵才】10/3 (六) 10:00-15:00 臺中市政府「原住民就業資源聯合博覽會」,健身工廠_柏文健康事業股份有限公司,台中,台中市,台中市西區,行政/總務/法務,生技/醫療保健,29500~200000 (period=0),月薪,29500,200000,0,0,傳統無AI,無,0,1,1,0,臺中市政府「原住民就業資源聯合博覽會」  徵才時間： 115年10月3日（星期六）10:00-15:00 徵才地點： 台中世界貿易中心 1 館(臺中市西屯區天保街 60 號) ✨歡迎至現場了解職缺✨  招募職缺： 【培訓私人教練】 ▶️工作內容 1.規劃一對一課程，協助學員達成目標 2.分享正確健身知識，推廣運動文化 3.現場指導會員及維護使用安全 4.管理健身設備、維持現場運作等現場勤務 5.重於自我鍛鍊、精進教學技巧 ▶️徵求條件 : CPR+AED證照、體適能運動發展協會C級健身指導員證照 ▶️薪資報酬 : 法定月薪/高額獎金   【兼職教練】 ▶️工作內容 1.協助於現場指導會員及使用
14422543,慈光基金會 庶務人員,財團法人台中市私立慈光社會福利慈善事業基金會,台中,台中市,台中市東區,行政/總務/法務,文教/補教培訓,35000~40100 (period=0),月薪,35000,40100,0,0,傳統無AI,無,0,0,0,0,一、服務理念 財團法人台中市私立慈光社會福利慈善事業基金會，秉持佛家慈悲濟眾之心懷及儒家幼人之幼之精神，以創辦附設慈馨兒少之家、慈馨少年家園、慈光社區心理諮商所暨扶助貧孤兒童及少年等社會福利慈善事業為目的。主要以安置教養貧孤及家庭遭重大變故的兒童及少年，使其身心得以均衡發展，採取「以家童/少年為中心的家庭經營服務模式」，關懷兒少全人發展，協助兒少與原生家庭關係之修復，培養生活自理及自立生活能力與問題解決能力，成為獨立自主個體，為邁入社會做準備。 我們邀請願意在助人專業領域中，以行政專業知能提供服務，同時也能透過在機構內於助人專業的學習，協同關心本會附設機構失依之兒少，讓孩子與自己的生命經驗更加
14407871,緻宸中醫診所-兼職診所助理(晚班+假日班),緻宸中醫診所,台中,台中市,台中市大雅區,行政/總務/法務,生技/醫療保健,196~9999999 (period=0),時薪折算,31360,31360,0,0,傳統無AI,無,0,0,0,0,本職務需安排「假日晚班」，無法配合者請勿輕易投履歷，每月班表皆為排班制。  以固定「平日晚班+假日晚班」為主，如六日「早、午班」想額外排班者，可在面試時提出另議。    職務內容：  協助醫師治療、現場及電話接待、診所環境清掃…等，診所內事務及主管交辦事項。    注意事項：  須不怕針、血  須有基礎溝通能力  因本診所位於大河旁，須不怕蚊蟲(如蟑螂、蜘蛛、螞蟻、蚊子⋯等)    上班時段：  晚班：18:30-22:00  假日早班：08:45-12:15  假日午班：13:45-17:15    員工福利：  每半年增薪考核、滿年資增薪考核、額外團保、全勤獎金、三節獎金、生日禮金、年終獎
14738910,庶務行政助理｜【潮港城餐飲集團】,潮港城餐飲集團_潮港城事業股份有限公司,台中,台中市,台中市南屯區,行政/總務/法務,其他服務/工商貿易,32000~34000 (period=0),月薪,32000,34000,0,0,傳統無AI,無,0,0,0,0,⎯⎯⎯⎯⎯⎯大集團營運後盾，從基礎行政邁向專業總務管理的第一步⎯⎯⎯  【您將負責的核心任務】  ✔紀錄與文件管理：協助館內各項設備保養、維修與檢修作業之紀錄整理、資料建檔與文件檔案管理  ✔異常通報與追蹤：當現場發生設備異常或故障狀況時，負責進行系統通報，並持續進行後續修繕進度之追蹤處理  ✔定期檢查與更新：協助工務團隊進行定期保養紀錄的檢查，並即時更新後台資料庫，確保數據正確性  ✔突發狀況協調：遇突發狀況或環境災害時，負責第一時間的標準通報流程，並與相關協力單位進行緊急聯繫  ✔庶務與工務支援：協助處理日常總務、工務及庶務相關事務之跨部門協調、行政請款與後勤支援  ✔專案協力：配合執行其
12439733,長期工讀生,飛事達國際展覽設計有限公司,台中,台中市,台中市烏日區,行政/總務/法務,廣告行銷/公關顧問,196~196 (period=0),時薪折算,31360,31360,0,0,傳統無AI,無,0,0,0,0,1.收集整理客戶名單與詢問聯絡設計需求 2.協助業務人員處理文書工作雜項事務 3.展覽會場活動相關工作支援
12642628,日語教育事業部工讀生,東禾國際教育文化事業有限公司,台中,台中市,台中市西區,行政/總務/法務,文教/補教培訓,215~250 (period=0),時薪折算,34400,40000,0,0,傳統無AI,無,0,1,0,0,本公司為外語補習班，歡迎對外語有興趣者加入我們的行列！  1.平面設計 2.人物拍攝 3.影片拍攝、剪輯、後製、動畫 4.具備創意發想、良好溝通、充滿熱情、主動積極 5.具備時間管理、獨立完成作業、具英文/日文溝通能力為佳 6.其他公司交辦之事宜  **請自備電腦**  公司網站：http://www.welearnjapanese.com *投遞履歷時請附上設計作品、影片作品的網址連結，以便提升面試機會 
14852674,業務助理/行政人員 (36K-40K依能力調整),永盛整合工程股份有限公司,台中,台中市,台中市烏日區,行政/總務/法務,其他服務/工商貿易,36000~40000 (period=2),月薪,36000,40000,0,0,傳統無AI,無,0,0,0,0,歡迎有責任感、工作細心、能獨立作業、溝通協調能力佳的人才加入！  1. 處理客戶訂單相關工作，追蹤及回覆。 2. 估算工程、圖面和標單，工程建材/廠商詢、比價、審核。 3. 完成主管交辦事項。
15173919,【長春藤診所-台中】禮賓接待員,長春藤全球健康生物科技股份有限公司,台中,台中市,台中市西區,行政/總務/法務,生技/醫療保健,35000~9999999 (period=4),月薪,35000,35000,0,0,傳統無AI,無,0,0,0,0,在每一次療癒與蛻變的開始， 我們需要一位溫暖而細緻的您。  我們是一家專注於高端醫美與健康管理的服務中心， 不只是提供療程與空間， 我們更重視從顧客踏進門的那一刻起， 所感受到的尊重、安心與專屬的關懷。  現在，我們正在尋找一位《VIP資深服務專員》  您將是顧客的第一道微笑、第一句問候， 也是串連顧客與醫療團隊之間的重要橋樑。 從迎賓接待、會員服務到細節體驗， 讓每一位貴賓都感受到「被重視」與「被照顧」。  【你將參與的工作】 • 接待VIP貴賓，提供高品質迎賓與引導服務   • 協助預約安排與會員服務管理   • 提供館內諮詢與療程基本說明（非醫療）   • 即時回應顧客需求，協調相關單位
15403105,櫃檯行政,台中市私立第五大道美語會話短期補習班,台中,台中市,台中市西屯區,行政/總務/法務,文教/補教培訓,30000~36000 (period=0),月薪,30000,36000,0,0,傳統無AI,無,0,0,0,0, 櫃檯行政、招生、接待、訂餐、總務、課程內容介紹、每月開收費單、零用金管理、配合與協助跨部門事務等      
15094112,行政導師,伊德美語_臺中市私立伊德文理短期補習班,台中,台中市,台中市西區,行政/總務/法務,傳統製造/精密工業,30000~34000 (period=0),月薪,30000,34000,0,0,傳統無AI,無,0,0,0,0,1. 導師日常行政事項   確認學生出席、未到班聯繫   影印講義考卷、批改考卷、作業檢查/回收   協助老師上課的行政事務(學生課堂完成事項確認、整理資料、投影操作、錄影)   課後輔導、平日輔導安排、學生證照考試規劃   學生學習狀況聯繫(家長電訪、Line訊息回復)   環境清潔/維護 2. 招生活動配合   電訪、發DM、DM加工。 3. 其他主管交辦事項 
15404058,假日工讀生,裕美婚紗館,台中,台中市,台中市南屯區,行政/總務/法務,其他服務/工商貿易,200~200 (period=0),時薪折算,32000,32000,0,0,傳統無AI,無,0,0,0,0,1. 協助禮服部門整理禮服。 2. 協助客戶選擇禮服。 3. 協助處理庶務性行政工作（如：文具用品採買）。 4. 負責電話接聽及顧客問題解答。 5. 負責環境與設備之清潔與維護。 6. 支援各部門的業務及活動。 
14070999,Senior Product Designer(台中市政府旁),新加坡商鈦坦科技股份有限公司台灣分公司,台中,台中市,台中市西屯區,傳播藝術/設計,資訊科技/軟體網路,72000~9999999 (period=6),月薪,72000,72000,0,0,傳統無AI,無,0,0,0,0,在這裡，你不只是執行設計，而是從 0 到 1 打造產品的關鍵推手。 作為資深產品設計師，你將扮演產品體驗與設計策略的推動者，不僅參與設計，更要主導從策略到落地的全流程，並影響跨部門的產品決策。 我們在尋找：不只想趕稿，更想在設計路上持續成長的你。  【工作內容】 1. 產品全流程設計：負責 Web 產品的流程規劃、介面設計、互動設計、視覺設計與維護，能獨立主導大型或複雜專案。 2. 跨團隊策略協作：與產品負責人、開發團隊協作制定策略，組織跨部門會議，明確專案範疇並探索最佳解決方案。 3. 使用者導向思維：主動蒐集並分析利益關係人回饋，靈活應對需求變動，確保兼顧產品價值與使用者體驗。 4. 設計
14365986,平面設計╱美編人員,波妮美髮工作坊,台中,台中市,台中市南屯區,傳播藝術/設計,資訊科技/軟體網路,40000~70000 (period=0),月薪,40000,70000,0,0,傳統無AI,無,0,0,0,0,我們品牌是 korewa hair salon   品牌IG    https://www.instagram.com/reel/DF-wFN-yHS9/    公司官網    https://korewahairsalon.com/    1. 與其他部門合作，協同執行專案    2. 設計製作活動文宣、印刷品、商品輔銷品製作物、網頁美感、設計美編設計等    3. 進行圖稿、文案的排版設計，聯絡印刷廠，進行估價、打樣之事宜    4. 熟繪圖軟體具獨立完稿執行能力(Adobe Photoshop、Illustrator...)    5.其他主管交辦事項  6.熱衷於使用社群、熟悉經營且維
15401155,兼職攝影助理,景陞股份有限公司(籌備處),台中,台中市,台中市南屯區,傳播藝術/設計,其他服務/工商貿易,200~200 (period=0),時薪折算,32000,32000,0,0,傳統無AI,無,0,0,0,0,職務名稱：拍攝執行小幫手  工作內容  單純執行拍攝： 依據現成的完整腳本、指令或現場指示，使用手機或相機進行畫面拍攝。  無須負擔繁雜後期： 完全不需要想腳本、策劃內容，也完全不需要剪輯後製！ 拍完交檔即可收工。  人格特質與需求  具備基本的審美觀，能抓好畫面角度、運鏡流暢。  細心、配合度高，能聽懂拍攝指令。  有無拍攝經驗皆可（有簡單手機拍攝經驗尤佳）。  工作時間與地點  時間： 彈性配合（依專案或每週拍攝需求調整）。
15185199,場佈人員(無經驗可),博菲廣告有限公司,台中,台中市,台中市北屯區,傳播藝術/設計,傳統製造/精密工業,30000~35000 (period=0),月薪,30000,35000,0,0,傳統無AI,無,0,0,0,0,1.協助展覽、活動現場佈置施工。 2.商品視覺陳列施工。 3.協助大圖輸出後製加工。 4.配合團隊完成專案工程。 5.需配合夜間進場(非經常性)。  無經驗可培訓，有相關經驗佳  歡迎肯學習、配合度高、具責任感的夥伴加入。 具相關經驗或駕照者佳。
15101669,電商美編上架專員,臺灣喜佳股份有限公司,台中,台中市,台中市太平區,傳播藝術/設計,電子商務/數位零售,35000~40000 (period=3),月薪,35000,40000,0,0,傳統無AI,無,0,0,0,0,1.公司官網及各大電商平台的商品上架與頁面維護。 2.製作商品圖片、Banner、活動頁、LINE OA及社群宣傳素材。 3.協助縫紉機、縫紉周邊商品及課程的商品視覺與內容呈現。 4.協助商品攝影、修圖及簡易影音素材製作。 5.配合電商活動及主管安排，完成各項設計與上架工作。  職務條件 ◆熟悉 Photoshop、Illustrator 等設計軟體。 ◆具電商美編、商品設計或網頁視覺相關經驗。 ◆具商品攝影、修圖或影音製作經驗者佳。 ◆對商品視覺及電商行銷有興趣，能兼顧美感與效率。 ◆有零售／生活用品相關經驗或作品集者佳。  相關經驗2年以上
15257307,桿弟,有限責任臺中市清泉崗桿弟勞動合作社,台中,台中市,台中市清水區,傳播藝術/設計,其他服務/工商貿易,40000~9999999 (period=0),月薪,40000,40000,0,0,傳統無AI,無,0,0,0,0,需熟悉高爾夫禮儀及規則，為球手提供球道碼數判斷、擊球距離建議及風向分析，駕駛電動球車確保行車安全、場地維護與確保球場安全、整潔，以及整體服務過程中的專業態度。 
14655810,【TikTok娛樂主播｜在家兼職｜台北全區】,劦辰傳媒有限公司,台中,台中市,台中市烏日區,傳播藝術/設計,文教/補教培訓,200~9999999 (period=0),時薪折算,32000,32000,0,0,傳統無AI,無,0,0,0,0,無經紀約｜無違約金｜無經驗可｜線上面試 符合新人方案條件，即享直播保底時薪200元！  喜歡聊天、唱歌、跳舞或分享生活嗎？ 公司提供完整培訓、短影音剪輯及流量扶持，協助你從零開始經營TikTok帳號，打造個人特色並提升直播收益。  【工作內容】  1. 進行TikTok娛樂互動直播，內容可包含聊天、唱歌、跳舞、才藝表演及生活分享。 2. 每月至少開播13天，每個開播日至少2小時，直播時段自由安排。 3. 經營TikTok短影音，公司協助內容規劃與影片剪輯。  【公司提供的培訓與資源】  ✓ 符合條件享保底時薪200元 ✓ 主播禮物提領比例提高至55% ✓ 禮物收益可依規定申請當日提領 ✓ 每月
13980312,審稿組版美工人員,易豐影像科技股份有限公司,台中,台中市,台中市南屯區,傳播藝術/設計,資訊科技/軟體網路,32000~45000 (period=2),月薪,32000,45000,0,0,傳統無AI,無,0,0,0,0,具有平面紙類印刷設計拼板組版實務經驗
15404432,直播小幫手,宓夏有限公司,台中,台中市,台中市神岡區,傳播藝術/設計,電子商務/數位零售,45000~9999999 (period=0),月薪,45000,45000,0,0,傳統無AI,無,0,0,0,0,協助直播現場準備（商品整理、擺設）   •  協助主播控場   • 出貨整理與訂單簡單處理   •  其他交辦事項   條件需求：   • 細心、有責任感、不怕忙   • 反應快，能配合直播時間   • 有電商／直播經驗佳…
14081966,美編設計師,易豐影像科技股份有限公司,台中,台中市,台中市南屯區,傳播藝術/設計,廣告行銷/公關顧問,31000~45000 (period=3),月薪,31000,45000,0,0,傳統無AI,無,0,0,0,0,1..行銷活動廣宣BANNER、EDM相關圖文編排、數位媒體廣告及社群圖設計。 2.包裝設計、印刷發包管理等工作。 3.承接全台設計學院印刷業務.需協助部門團隊事務相關之執行事項。 
15145057,設計師｜總經理室-行銷設計部,采威國際資訊股份有限公司,台中,台中市,台中市西屯區,傳播藝術/設計,資訊科技/軟體網路,45000~50000 (period=3),月薪,45000,50000,0,0,傳統無AI,無,0,0,0,0,1.	品牌視覺與平面設計(50%)：負責公司品牌形象及各類行銷視覺設計，包含品牌主視覺、產品宣傳素材、社群圖文、簡報、印刷品等，並依品牌規範延伸設計，維持對外素材的視覺一致性與品質。 2.	UI/UX設計(30%)：網站介面設計，能獨立從Wireframe到Prototype的完整流程，優化使用者操作邏輯與數位產品視覺體驗。 3.	庶務與行銷支援(20%)：協助行銷活動支援、日常行政庶務處理。 4.	主管交辦事項 
13957607,秘書助理,攝徒映像工作室,台中,台中市,台中市外埔區,傳播藝術/設計,廣告行銷/公關顧問,35000~45000 (period=2),月薪,35000,45000,0,0,傳統無AI,無,0,0,0,0,1、會開車 2、擁有組織能力 3、有行政統籌經驗 4、規劃老闆日常行程  如有其他專業能力，(例如剪輯、拍攝..等) 歡迎在面試中展現，可額外面談加薪
15103358,"Graphic Designer,Packaging",史丹利七和國際股份有限公司_美商,台中,台中市,台中市西屯區,傳播藝術/設計,傳統製造/精密工業,面議,面議,,,1,0,傳統無AI,無,0,0,0,0,"Position Overview:  Within the Global Tools & Storage division of Stanley Black & Decker we are currently looking for a Graphic Designer to join our Packaging organization.  In this role, you will design and execute production packaging for global brands. The right candidate will be a self-starter a"
12594664,水電繪圖人員,揚利行,台中,台中市,台中市東區,傳播藝術/設計,其他服務/工商貿易,32000~45000 (period=0),月薪,32000,45000,0,0,傳統無AI,無,0,0,0,0,水電及其他工程繪圖人員   1. 繪製、修改工程設計圖、施工圖或竣工圖。 2. 檢視工程設計圖、施工圖及相關資料，進行必要修正，以符合設計概念。    一到五加班底薪1.33倍 六日加班日薪2000元  
15391688,設計人員,入矩雕塑有限公司,台中,台中市,台中市霧峰區,傳播藝術/設計,資訊科技/軟體網路,32000~9999999 (period=0),月薪,32000,32000,0,0,傳統無AI,無,0,0,0,0,我們正在尋找具備設計能力及 3D 軟體操作經驗的設計師，具備良好的溝通能力、抗壓性強，能準時交付專案，並能接受建設性回饋。 歡迎對設計工作有熱忱、具備美感與創意，並能獨立完成設計工作的你加入我們。  【工作內容】 1. 負責協助完成專案相關設計與 3D 圖繪製 2. 依需求進行設計發想、繪製及修改 3. 3D 模型製作、材質及視覺呈現 4. 設計圖面及相關文件製作 5. 配合公司專案進行設計與溝通 6. 其他主管交辦之設計相關工作
13425015,包裝運輸 、佈卸展人員,諄顏企業有限公司,台中,台中市,台中市西區,傳播藝術/設計,其他服務/工商貿易,34000~38000 (period=0),月薪,34000,38000,0,0,傳統無AI,無,0,0,0,0,"  1.本公司從事藝術品包裝、運輸、佈卸展。 2.主要工作是藝術品運輸搬運、展場布置。 3.因搬運都是以藝術品為主，需具備細心.耐心。 4.具備美學或是藝術相關背景佳。 5.需會備駕駛3.5噸貨車(手排)。 6.對藝術品運輸與展務工作具高度熱忱，目標在專業領域中累積經驗並持續精進，期望未來    能在公司培養下發展為現場管理或主管職。   工作地點為各地美術館及文化場所 希望有責任感,細心對藝術品有興趣的伙伴加入我們的行列  "
15319744,品牌經營部行銷企劃專員,台灣農創興業股份有限公司,台中,台中市,台中市霧峰區,傳播藝術/設計,電子商務/數位零售,35000~38000 (period=3),月薪,35000,38000,0,0,傳統無AI,無,0,0,0,0,1.	行銷專案活動規劃，跨部門協調合作。 2.	產品行銷文案撰寫及活動規劃執行。 3.	能夠根據公司需要進行宣傳片的製作。 4.	協助各種項目的拍攝工作。 5.	主管交辦之專案業務。
14460514,文創商品設計師,卡特島有限公司,台中,台中市,台中市太平區,傳播藝術/設計,其他服務/工商貿易,32000~45000 (period=3),月薪,32000,45000,0,0,傳統無AI,無,0,1,0,0,【工作內容】  ◆ 平面設計 ◆ 平面包裝設計 ◆ 文創商品設計、協助設計平面校正（並非3D產品設計） ◆ 平面三視圖繪製(玩具公仔概念設計) ◆ 印刷品發包看色廠商溝通 ◆ 協助基礎攝影美術規劃 ◆ 自律、抗壓性高（設計節奏較快） ◆ 能夠獨立完成設計工作  【條件資格】 ◆ 2年以上美術相關工作經驗 ◆ 需熟悉印前設計，印刷相關知識、完稿相關知識。 ◆ 擅長photoshop、illustrator、indesign ◆ 須附上作品連結 ◆ 團隊協作能力及溝通能力良好  【加分條件】 ◆ 插畫繪製 ◆ ３Ｄ建模 ◆ 外語能力  ◆ 熟悉台灣原創IP角色或是自己有在經營IP ◆ 基礎攝影 ◆
15334848,正兼職直播互動人員,祐閔企業社,台中,台中市,台中市西屯區,傳播藝術/設計,資訊科技/軟體網路,35000~9999999 (period=0),月薪,35000,35000,0,0,傳統無AI,無,0,0,0,0,網路融入生活已是常態 而直播是一個自由自主的行業 讓我們從娛樂中賺錢  全程不公開真實身分，開直播和線上會員互動交談 隱私安全性高、不需接觸會員、非公眾人物 隨開隨播，操作簡單 關掉即下班，完全不影響個人的私生活  【工作優勢】 ✅可至公司上班「免費」提供場地電腦設備 ✅免綁約、無任何額外費用 ✅只以暱稱上線、隱私性高 ✅內建美肌美顏自由調整修飾 ✅完美利用零碎時間 額外多一份收入 ✅手機即可在家上班 ✅無經驗也可試上  【工作內容】 1. 開啟視訊直播以打字or開麥與線上會員互動 2. 任何話題自由發揮 3. 不需才藝尬聊也可以哦  ▲不怕鏡頭者佳，想和有表情笑容的人互動很正常 ▲無偏見佳，
15400176,禮服,亞太之星婚紗攝影名店,台中,台中市,台中市沙鹿區,傳播藝術/設計,其他服務/工商貿易,29500~35000 (period=0),月薪,29500,35000,0,0,傳統無AI,無,0,0,0,0,專業穿搭建議：了解禮服版型與材質，依據新人的身形、氣質與婚禮需求， 推薦最合適的禮服。試穿服務接待：引導顧客、陪伴試穿、 協助穿脫禮服並調整夾子或裙撐。 方案與產品介紹：說明婚紗攝影包套、租借價格或相關婚禮周邊產 店務與日常維護禮服整理維護：檢查禮服狀況、送洗前後點收、燙衣、收納歸位。 基礎修改針線：部分職缺會需要簡易縫補、調整禮服尺寸。 環境整潔維持：維護試衣間與店面環境的乾淨舒適。  這個職位在服裝設計和開發公司中非常重要，有很大的發展前景。  如果您對這個職位感興趣，請盡快申請並表達您的興趣。
15207257,「正兼職」視訊直播主,依琳多媒體企業社,台中,台中市,台中市西屯區,傳播藝術/設計,廣告行銷/公關顧問,30000~80000 (period=0),月薪,30000,80000,0,0,傳統無AI,無,0,0,0,0,使用智慧型手機或電腦設備開著視訊與線上會員回覆互動粉絲經營， 直播內容不拘：最熱話題、生活、流行、興趣、電影、動物、唱歌、跳舞... 面對鏡頭不排斥、基本能力表達、且願意學習應對及技巧即可。
12791921,直播助理,來跨買國際貿易有限公司,台中,台中市,台中市北屯區,傳播藝術/設計,電子商務/數位零售,32000~35000 (period=0),月薪,32000,35000,0,0,傳統無AI,無,0,0,0,0,1. 幫助直播主在行政方面的工作。 2. 協助直播的開場前準備、開播中到下播後收播。 3. 負擔直播執行層面的所有事物。 4. 擔任直播場景、商品陳設、鏡面美化及現場執行等工作。
14770576,德州撲克計分荷官-逢甲店正職人員(晚夜班),樂玩國際德州撲克競技協會,台中,台中市,台中市西屯區,傳播藝術/設計,其他服務/工商貿易,39000~9999999 (period=0),月薪,39000,39000,0,0,傳統無AI,無,0,0,0,0,● 洗牌、發牌、計分牌清點 ● 維持比賽牌局進行流暢，並確保玩家無違規行為 ● 處理協會會員活動相關事宜與營運報表整理 ● 協助經營社群及會員群組賽事資訊推廣 ● 協會內部佈置及場地環境整理維護 ● 基礎美編技能 ● 主管交辦事項
14315196,【台中】繪圖設計人員/助理,方俊工程有限公司,台中,台中市,台中市后里區,傳播藝術/設計,文教/補教培訓,37000~40000 (period=2),月薪,37000,40000,0,0,傳統無AI,無,0,0,0,0,"方俊工程有限公司 Fang Jun Engineering Co., Ltd. ◆ 主要承接於科技廠◆   ※此職位需有相關經驗※ ※需自備相關證照及個人手工具※  工作內容： 1. 負責案場相關圖面資料的準備、整理與管理。 2. 協助現場測量作業，並準確紀錄案場特殊細節與現況。 3. 依據現場實際需求，繪製及修改 2D 平面圖、3D 模型及各類施工圖。 4. 協助現場施工團隊進行圖面溝通與問題釐清，確保施工內容符合設計需求。 5. 施工完成後，負責辦理竣工圖面繪製及相關檔案資料整理。 6. 配合案場規範於無塵室環境作業，需穿著無塵服並遵守廠區安全規定。 7. 其他與本職務相關，並經廠區、業主"
8341270,繪圖人員（薪48000，午餐津貼、三節獎金另計）,智誠實業股份有限公司,台中,台中市,台中市大雅區,傳播藝術/設計,其他服務/工商貿易,48000~56000 (period=2),月薪,48000,56000,0,0,傳統無AI,無,0,0,0,0,1.拆圖，修改機構裝置、工具設計圖及說明。 2.提供零件圖及建立零件表。 3.修改設計以改良生產問題。 4.設計按比例縮小或實物大小的物件藍圖。 5.熟悉 Inventor 3d 者佳
14986595,【急徵】團課有氧/Zumba / 拳擊有氧 / K-POP 流行舞老師（台中多點派班｜歡迎教學新秀、斜槓人才）,社團法人中國青年救國團,台中,台中市,台中市西屯區,傳播藝術/設計,文教/補教培訓,500~600 (period=0),時薪折算,80000,96000,0,0,傳統無AI,無,0,0,0,0,"歡迎熱愛 ""瘦身燃脂""教學、能帶動""高能量""氣氛的有氧師資加入!  【課程類型】  1.動態類： Zumba、派對有氧、拳擊有氧 、iParty、 Hi-Lo。  2.塑身類： 墊上核心、皮拉提斯 (Pilates)、肌力訓練、Tabata。  3.舞蹈類： K-POP 流行舞、街舞、MV 舞蹈。  【工作內容】  1.課程設計與執行:依學員程度調整強度  2.班級經營： 營造高能量、高互動的學習氛圍，提升學員運動表現與黏著度。  3.基礎課務行政： 點名紀錄、維護教學環境設備。  ※台中 8 大學習中心媒合： 西屯、北屯、復興、中科、大里、圓環南、中山、清水中心 可依您的交通動線，靈活洽談多"
15278258,工程繪圖人員,日新國際工程有限公司,台中,台中市,台中市西屯區,傳播藝術/設計,其他服務/工商貿易,38000~55000 (period=0),月薪,38000,55000,0,0,傳統無AI,無,0,0,0,0,1. AutoCAD施工圖繪製。 2. 施工圖修改及整合。 3. 竣工圖整理。 4. 協助工程估算及材料統計。
14501855,廣播電台_工程人員/助理,石川傳媒集團_台灣番薯傳播事業股份有限公司,台中,台中市,台中市南區,傳播藝術/設計,廣告行銷/公關顧問,34000~9999999 (period=0),月薪,34000,34000,0,0,傳統無AI,無,0,0,0,0,1.成音設備檢查及設備維修 2.發射站各機器、紀錄各設備運行情況、檢查天線及用電情況紀錄及保養 3.UPS放電測試及假負載測試 4.發射機數據紀錄 5.監聽收音機主持人節目連線及異常品質處理 6.設備環境維護及清潔 7.協助電台評鑑資料  *須具備汽車駕照 
12925387,大夜班-德州撲克牌競發牌員  (荷官),臺中市鈦普牌競協會,台中,台中市,台中市西屯區,傳播藝術/設計,文教/補教培訓,34502~45000 (period=0),月薪,34502,45000,0,0,傳統無AI,無,0,0,0,0,1.處理協會會員活動相關事宜 2.協會專業發牌員 3.環境衛生維護 4.主管交代事項  ◎無經驗可 ◎公司培訓指導到您能獨立掌控遊戲進行流程及引導玩家動作。 培訓內容: ＊德州撲克相關國際賽事規則 ＊德州撲克遊戲與發牌流程  
14081897,璽氏夫人經紀助理,天璽生化科技有限公司,台中,台中市,台中市西屯區,傳播藝術/設計,電子商務/數位零售,30000~45000 (period=0),月薪,30000,45000,0,0,傳統無AI,無,0,0,0,0,1.具修圖、剪輯影片、腳本發想、影片拍攝及工作側拍能力 2.經營管理社群營運、短影音企劃發想、個人IP經營 3.時間觀念良好，抗壓性高、責任感強 4.基本平面拍照、錄影技巧（會有專人協助指導），擅影片剪接優先錄用 5.擁有駕照、可配合外勤與不定時工時者 6.協助排定拍攝、 錄音、宣傳等行程   檢附無肇事紀錄及無犯罪記錄證明。 
15186420,機電行政,立穩營造股份有限公司,台中,台中市,台中市烏日區,傳播藝術/設計,其他服務/工商貿易,38000~48000 (period=0),月薪,38000,48000,0,0,傳統無AI,無,0,0,0,0,1.熟知公共工程計畫書撰寫 2.熟悉一般行政作業 3.需具備公共工程三大計劃書，服務建議書及相關資料編整（機電類）能力 4.主管交辦事項 
12679933,室內設計助理,傑生建築室內裝修設計有限公司,台中,台中市,台中市北屯區,傳播藝術/設計,文教/補教培訓,32000~40000 (period=0),月薪,32000,40000,0,0,傳統無AI,無,0,0,0,0,傑生設計｜設計協調助理（未來設計師養成）  我們期待的，不只是完成圖面的夥伴。 我們希望您經過經驗的累積後，能成為真正懂設計、懂工地、懂接案的室內設計師。 如果您想的不只是畫圖，而是想真正理解一個設計案怎麼從0到落地完成， 這個位置會讓您學到比一般助理更多。  在傑生，你會： ✔ 跟著設計師實際跑案場 ✔ 學習現場丈量與施工邏輯 ✔ 參與設計討論與材料選配 ✔ 看懂一個案子的成本結構與利潤 ✔ 參與完整專案流程  **工作內容（成長導向）**  -設計支援 協助製圖、3D建模與施工圖更新 參與材料挑選與設計討論 製作提案簡報與模型  -現場學習 協助丈量與工地拜訪 理解施工流程與工法 與工務、
11267239,塗料技師,晴馨塗裝有限公司,台中,台中市,台中市北區,傳播藝術/設計,其他服務/工商貿易,1568~2500 (period=0),時薪折算,250880,250880,0,0,傳統無AI,無,0,0,0,0,"我們要徵人囉 晴馨藝術塗裝工作坊 徵 藝術塗裝技師 歡迎對藝術牆面有興趣、學習一技之長的朋友加入我們的行列！  了解義大利Novacolor塗料,處理藝術牆面相關製作 徵才條件：以團隊為重心，喜歡服務，熱愛藝術，不怕辛苦  喜歡自己的作品在牆面上展現嗎？ 義大利塗料Novacolor讓您以最直接的方式在現代留下自己的藝術品"
14431070,社群行銷美編助理,安德連鎖藥局_安德生物科技股份有限公司,台中,台中市,台中市西屯區,傳播藝術/設計,生技/醫療保健,33000~37000 (period=0),月薪,33000,37000,0,0,傳統無AI,無,0,0,0,0,加入我們，一起用創意推動健康生活！  我們專注於代理國外頂尖保健品牌與研發自有保健食品品牌，銷售通路遍及全台藥局與自有和其他電商平台。 我們相信視覺創意就是品牌的靈魂，每一個畫面與設計，都是將健康理念傳遞給大眾的重要力量！ 你喜歡做這些的話，請直接來 ✅ 社群貼文超吸睛 ✅ 包裝超好看 ✅ 短影音點擊破表   【社群行銷美編】設計魂爆棚的美編設計+創意十足的社群小編，你將成為品牌推動的靈魂人物！  → 門市銷售各項製作物，如貨架卡、燈箱網貼、平面文宣、海報印刷品、DM之設計及製作，修飾照片。 → 製作銷售平台及社群所需素材，如活動banner、商品圖、說明圖等，能善用AI相關工具者佳。 → 社
11073231,美工行政人員工讀生,得欣企業有限公司,台中,台中市,台中市烏日區,傳播藝術/設計,其他服務/工商貿易,200~200 (period=0),時薪折算,32000,32000,0,0,傳統無AI,無,0,0,0,0,1.文件輸入  2.fb回話  3.客戶回函  4訂單確認  5.畫圖稿
13029324,DCwedding夢幻城堡婚紗禮服秘書(夜校生佳！下午班、假日工讀、無經驗可),圓夢家文創行銷有限公司,台中,台中市,台中市北屯區,傳播藝術/設計,廣告行銷/公關顧問,196~196 (period=0),時薪折算,31360,31360,0,0,傳統無AI,無,0,0,0,0,"*圓夢家文創行銷 夢幻城堡婚禮集團：婚紗部門  我們是協助客戶規劃各種婚禮活動的專業團隊  工作環境 舒服開心 同事年輕活力有朝氣  https://www.wdreamcastle.com/  *我們在尋找  如果你對於婚禮充滿滿腔的熱血  如果你擁有條理清晰機伶的腦袋  如果你擁有關注細微體貼的個性  歡迎加入圓夢家我們一起圓人生的夢想。   *以下人格特質請摸良心自我評估，沒有包含三個以上請勿投履歷喔  熱情、開朗、大方、創新、積極、機伶、體貼、謹慎、美感  *此職務無經驗可,同事好相處 肯學習我們都很願意教學哦  *職務內容  @門市接待 @線上客戶服務  @協助新娘試穿挑選適合的婚紗"
13920987,MY管管-直播小幫手 無經驗可(試用期後享有業績獎金),帝品鴻國際有限公司,台中,台中市,台中市南屯區,傳播藝術/設計,電子商務/數位零售,35000~9999999 (period=0),月薪,35000,35000,0,0,傳統無AI,無,0,0,0,0,你/妳也待膩了一成不變的大企業了嗎？ 歡迎加入工作氛圍愉快且步調快、狠、準的M.Y.M.Y.管管！ 在這裡不需要被擔心你/妳的努力不被看見， 非常歡迎活潑以及肯學習的你們一起跟直播主打拼！  【工作內容】 一、處理直播前置作業 二、使用臉書直播+1系統、以及當日直播產品事先上架 三、熟悉直播台內販售之商品、下播後訂單統整 四、當月直播銷售業績結算 五、負責之直播台商品進貨，須至倉庫協助倉庫人員檢查是否商品有異常並回報給廠商等等 六、直播主交辦事項  【小提醒】 上班時段為平日週一到週五的13：00-21：00，周休二日，見紅休 如當日有直播，則須跟播至結束，週末六、日跟播則依勞基法換算加班費 
13728795,【設計部】助理工程師,泓記精密股份有限公司,台中,台中市,台中市南屯區,傳播藝術/設計,傳統製造/精密工業,32000~46000 (period=0),月薪,32000,46000,0,0,傳統無AI,無,0,0,0,0,1.協助產品、治工具及機台零件繪圖。 2.使用 SolidWorks 進行圖面繪製與修改。 3.協助圖面、ERP／PLM 系統資料整理與維護。 4.設計部日常文書及資料處理。 5.主管交辦事項。
8311297,機械設計助理工程師（薪：48000/月，午餐津貼另計；另提供3節獎金）,智誠實業股份有限公司,台中,台中市,台中市大雅區,傳播藝術/設計,傳統製造/精密工業,48000~9999999 (period=0),月薪,48000,48000,0,0,傳統無AI,無,0,0,0,0,1. 機構，治具設計繪圖。 2. 修改設計尺寸、拆圖出BOM。 3. 設計按比例縮小或實物大小的物件藍圖。 4. 協助追蹤樣品製作進度與試產導入相關事項。 5. 視專案需求加班或投入組裝作業。 6. 執行主管交辦事項。 
15406955,WAKA café 瓦卡咖啡_門市人員兼美編人員,WAKA café 台中向上店_瓦卡國際有限公司,台中,台中市,台中市南屯區,傳播藝術/設計,其他服務/工商貿易,30000~45000 (period=0),月薪,30000,45000,0,0,傳統無AI,無,0,0,0,0,"1.沒有經驗沒關係,只要對咖啡有熱忱喜愛咖啡,想學習更多新事物!歡迎來面試 2.吧檯操作咖啡沖煮 3.基本咖啡豆、器具等銷售工作 4.櫃檯收銀 5.簡單的美編設計 "
14840211,3D建模師 台中總公司,小島玩具股份有限公司,台中,台中市,台中市西屯區,傳播藝術/設計,其他服務/工商貿易,33000~35000 (period=0),月薪,33000,35000,0,0,傳統無AI,無,0,0,0,0,1. 公司內部3D建模工作 2. 商品開發相關工作 3. 展覽及門市佈置外派支援 4. 行政庶務工作 5. 處理主管交辦事項
14636736,印前分色人員,瑞昌彩藝股份有限公司,台中,台中市,台中市南屯區,傳播藝術/設計,傳統製造/精密工業,30000~9999999 (period=0),月薪,30000,30000,0,0,傳統無AI,無,0,0,0,0,1.印前作業分色. 2.會使用Adobe Photoshop、 Illustrator軟體經驗者佳. 3.會CMYK 四色分色原理者佳. 4.完成主管交辦事項.
12714713,設計助理(烏日),巨蛋展覽股份有限公司,台中,台中市,台中市烏日區,傳播藝術/設計,廣告行銷/公關顧問,39200~43700 (period=2),月薪,39200,43700,0,0,傳統無AI,無,0,0,0,0,巨蛋展覽提供活動硬體設備與搭設服務，專案多依據客戶需求與設計概念，轉譯為可實際執行的施工圖面。此職務為客戶、業務與施工團隊之間的重要溝通橋樑，協助專案順利完成。   工作內容： １．依據客戶需求與專案內容，繪製平面圖(illustrator)、施工圖及 3D 示意圖(SketchUp)。  ２．協助將客戶設計需求轉化為可實際執行的圖面，供內部溝通與現場施工使用。  ３．配合業務與專案進度進行圖面調整與更新。  ４．製作與整理內部專案所需圖面資料。   補充說明：  到職後將安排指導員協助帶領，讓新進同仁能按部就班熟悉工作內容與作業流程。  除月薪外，全勤獎金另計。
15238823,CAD/CAM工程師,朕昆科技有限公司,台中,台中市,台中市大雅區,傳播藝術/設計,傳統製造/精密工業,45000~70000 (period=0),月薪,45000,70000,0,0,傳統無AI,無,0,0,0,0,1. 使用電腦軟體將設計圖轉換為CNC控制碼，以驅動製造設備。 2. 將相關文件、圖檔匯集整理，並交付品質審核負責人員進行審核。 3. 檢查完稿和所估計的成本是否足夠精確，以符合相關標準與規範。 4. 提出並說明設計規格。 5. 對製造團隊進行說明，必要時提出修正方案。 6. 對其他技術相關成員進行訓練或管理。 7. 與其他相關工程人員或專案成員協調溝通，共同解決問題。 8.需能獨立作業
15397114,系統櫃設計/繪圖人員,安陞家居有限公司,台中,台中市,台中市北屯區,傳播藝術/設計,廣告行銷/公關顧問,32000~38000 (period=0),月薪,32000,38000,0,0,傳統無AI,無,0,0,0,0,系統櫃設計/繪圖人員  如果你會 AutoCAD，也喜歡空間規劃，希望不只是坐在電腦前畫圖，而是能真正參與一個案子從設計到落地，這份工作很適合你。  你會接觸系統櫃設計、CAD繪圖、拆圖、客戶需求溝通及空間規劃，並實際參與案件從設計 → 報價 → 下單 → 製作 → 安裝的完整流程。  有系統櫃經驗很好，沒有也沒關係，只要具備基本 CAD 能力與空間概念，我們願意帶你熟悉系統櫃實務。  【你會負責的工作】  1.使用 AutoCAD 進行系統櫃繪圖、拆圖及圖面整理 2.依空間尺寸與客戶需求進行系統櫃配置及收納規劃 3.協助客戶需求訪談與設計提案 4.協助現場丈量、尺寸及施工條件確認 5.與工廠
14826047,舞台技術專員,國家表演藝術中心臺中國家歌劇院,台中,台中市,台中市西屯區,傳播藝術/設計,其他服務/工商貿易,34000~50000 (period=6),月薪,34000,50000,0,0,傳統無AI,無,0,0,0,0,1.場館的自動控制設備演出操作執行。 2.自動控制設備維修及保養。 3.劇場技術設備採購。 4.演出道具佈景製作及修復。 5.相關主管指派之工作。 
15381579,【9/10台中咖啡展現領】展場活動進撤場人員,芋艿川_蔬市國際有限公司,台中,台中市,台中市西屯區,傳播藝術/設計,電子商務/數位零售,400~660 (period=0),時薪折算,64000,105600,0,0,傳統無AI,無,0,0,0,0,9/10 台中咖啡展進場 時間：12:00-15:00  協助展場佈展與百貨進撤場支援 工作內容簡單！活動場地依專案就近排班  1.  協助木架、道具、展覽貨物搬運 2.  商品整理上架 3.  協助現場工作人員處理臨時交代事項  薪資待遇： 時薪$200-$220 當日現領 （看每場活動複雜程度）
13768196,2D遊戲美術設計,樂澄娛樂有限公司,台中,台中市,台中市西屯區,傳播藝術/設計,資訊科技/軟體網路,36000~9999999 (period=2),月薪,36000,36000,0,0,傳統無AI,無,0,0,0,0,主要工作職責與職務內容: 1、配合美術部門專案 2、使用AI生成遊戲相關美術素材 3、負責遊戲相關繪圖內容 4、其他交辦事項 
13754495,飾品手作編繩設計【限有經驗者】,詮釋新媒體事業有限公司,台中,台中市,台中市神岡區,傳播藝術/設計,電子商務/數位零售,面議,面議,,,1,0,傳統無AI,無,0,0,0,0,【公司介紹】 直播電商的銷售模式已是全世界的共同走向 我們擁有專業的後勤團隊，精心設計的直播場地，強大的硬體設備 提供舒適的居家辦公環境、輕鬆的職場氛圍、綠意盎然的大庭園 誠心邀請充滿熱情的工作夥伴一起加入這個大舞台  【工作內容】 1.手串、項鍊等飾品設計(包含彈力線及編繩手鍊)。 2.具飾品設計、配色或結構設計經驗者佳。 3.重視細節與品質，樂於學習新技法。  【加分條件及特質】 1.擁有基礎手工編繩、扣環或編織相關技能。 2.具備細膩手感與美學敏銳度。 3.具備良好溝通協調能力。 4.態度積極正向，樂觀，活潑外向。  【福利制度】 年終紅包、三節禮品、員購優惠  ※歡迎對美的事物充滿熱情
13361767,【實況】電競主持人 / 直播主,永安形象媒體有限公司,台中,台中市,台中市西屯區,傳播藝術/設計,廣告行銷/公關顧問,40000~75000 (period=3),月薪,40000,75000,0,0,傳統無AI,無,0,0,0,0,【工作內容】  1.主持直播節目：  作為節目的靈魂核心！負責開台直播，發揮你的個人魅力，與聊天室的粉絲進行良好、熱絡的互動與關係維繫。  2.掌控節目節奏：  保持直播節目的順暢進行，具備隨機應變的臨場反應，妥善掌握節目進度，不讓現場冷場。  3.節目梗與素材準備：  開播前準備節目的相關素材（不論是遊戲話題、時事梗、還是現場道具），把綜藝效果開滿，達到最佳節目效果！  4.團隊協同作戰：  配合公司與團隊的規劃，按要求完成其他與直播、社群相關的工作，一起把頻道做大。  【必要條件】  1.具備強大的心理素質與熱情：  面對鏡頭不害羞、說話邏輯清晰，且熱愛與人互動（需對主流遊戲有一定了解與熱
13726372,美編行政助理,帝寶國際保全股份有限公司,台中,台中市,台中市西區,傳播藝術/設計,其他服務/工商貿易,31000~35000 (period=0),月薪,31000,35000,0,0,傳統無AI,無,0,0,0,0,1.美編設計(須帶作品面試) 2.影音檔編輯 3.行政庶務工作 4.總務採購 
15182271,資訊安全組組員,財團法人台中樂成宮,台中,台中市,台中市東區,傳播藝術/設計,其他服務/工商貿易,30500~33500 (period=0),月薪,30500,33500,0,0,傳統無AI,無,0,0,0,0,宗教服務，是一份奉獻及修心養性值得投入的志業。 加入樂成宮的行列，一同齊心推動宗教、文化、慈善之志業，體驗樂育為懷、成仁救難之精神。  工作內容： 一、電腦及周邊設備故障基本排除。 二、行政庶務與文書處理，協助資料整理。 三、社群管理與接聽電話回覆。 四、拍攝照片、錄影記錄與製作海報。 五、光明燈及停車場設備系統維護及狀況排除。
15401604,行銷美編助理,明通化學製藥股份有限公司,台中,台中市,台中市南屯區,傳播藝術/設計,傳統製造/精密工業,31000~35000 (period=0),月薪,31000,35000,0,0,傳統無AI,無,0,0,0,0,1.協助公司產品及活動之簡易廣告文宣製作。 2.製作商品海報、DM、簡易型錄、社群貼文圖片等行銷素材。 3.協助產品圖片基本修圖、裁切、排版及尺寸調整。 4.配合營業單位需求製作促銷活動、商品介紹等相關素材。 5.協助公司各網路平台之簡易圖片及宣傳素材製作。 6.現有文宣及設計檔案之修改、更新與整理。 7.協助印刷品送印前資料確認及與廠商簡單聯繫。 8.協助整理產品照片、圖檔及相關行銷資料。 9.其他主管交辦之行政及營業支援事項。
14832956,印前製稿美工人員,鋒銳印刷設計股份有限公司,台中,台中市,台中市南屯區,傳播藝術/設計,其他服務/工商貿易,32000~38000 (period=2),月薪,32000,38000,0,0,傳統無AI,無,0,0,0,0,1. 熟捻Illustrator與Photoshop工具。 2. 依客戶提供檔案，確認檔案正確性及修改印件需符合要求輸出。 3. 注重細節，追求檔案產出的最高正確率，確保每一個環節都精準無誤。 4. 生產稿件進行拼版及其它印前相關工作處理。 5. 協助設計修稿、排版設計、完稿。
14903156,設計美編人員,樂嵐有限公司,台中,台中市,台中市南屯區,傳播藝術/設計,資訊科技/軟體網路,35000~45000 (period=2),月薪,35000,45000,0,0,傳統無AI,無,0,0,0,0,1.設計製作平面文宣、海報和DM。 2.品牌官網、粉絲專頁社群發文、LINE、instagram、抖音 維護及推廣、具有社群靈敏度 3.短影音製作 4.有跨領域的整合與思考能力，品牌形象能確切掌握，排定活動專案時程， 富創新精神、思考靈活。 5.支援其他相關事務。 6.修改並執行其設計理念。
10379092,企劃助理兼美編,耀驊科技有限公司,台中,台中市,台中市沙鹿區,傳播藝術/設計,資訊科技/軟體網路,30000~60000 (period=2),月薪,30000,60000,0,0,傳統無AI,無,0,0,0,0, 我們公司主要協助企業撰寫政府補助企劃， 助理工作是協助文案撰寫與示意圖製作（類似雜誌，做為補充說明） 文案撰寫會較多，文案撰寫與美編比例為７：３ 工作內容多元豐富，適合喜歡學習，觀察能力好的人，未來的職涯會不錯的發展性。  主要工作內容為協助同事(專案經理)進行 1.文案撰寫 2.示意圖製作 3.資料蒐集與整理 4.協助拜訪及聯絡廠商 5.進行會議記錄 無經驗但有高度興趣學習，還是可以投履歷喔   【應徵特別說明】 投遞之履歷將由主管親自審閱，初審合格者將主動聯繫；若不符合本職缺需求者，恕不予以通知。  
6503741,美編(術)設計人員(台中),鼎澤科技有限公司,台中,台中市,台中市西屯區,傳播藝術/設計,資訊科技/軟體網路,30000~36000 (period=0),月薪,30000,36000,0,0,傳統無AI,無,0,0,0,0,1.大型活動之主視覺，海報、EDM、活動網頁及其它相關平面文宣之設計製作。 2.各項平面文宣設計/ 與廠商對稿/ 發包。  3.期刊、活動大會特刊、簡介型錄或書籍繪本之圖文編輯排版。 4.拍攝及影片剪輯並後製 5.相關科系畢，具相關工作經驗者佳；能獨立作業，熟悉熟影像&美編排版軟體(如：Illustrator、photoshop、InDesig、Adobe Premiere、Adobe  After Effects) 6.社群小編圖文繪製
3777325,袋類針車熟手(樣品課),僑真國際有限公司,台中,台中市,台中市西屯區,傳播藝術/設計,其他服務/工商貿易,30000~32000 (period=2),月薪,30000,32000,0,0,傳統無AI,無,0,0,0,0,"袋類.針車熟手 細心,願意積極努力學習及對工作有熱誠, 配合度高優先錄取"
15290365,徵攝影師｜影像創作者,喜馬拉雅靈性與瑜珈有限公司,台中,台中市,台中市北屯區,傳播藝術/設計,文教/補教培訓,40000~50000 (period=2),月薪,40000,50000,0,0,傳統無AI,無,0,0,0,0,我們正在尋找一位熱愛影像創作、對 YouTube 與新媒體內容充滿熱情的夥伴，一起打造具有影響力的品牌內容。  這份工作將負責 生息 品牌創辦人暨 AKSHAR YOGA 亞洲代表導師 Acharya Somavati（索瑪薇諦） 的日常內容拍攝。Acharya Somavati（索瑪薇諦）長期致力於推廣呼吸法、瑜伽、冥想與身心靈教育，帶領國內外課程、工作坊及印度深度學習旅程，陪伴更多人找回身心平衡與內在力量。  你將從企劃、拍攝、剪輯到內容優化，全程參與影片製作流程，包含長影片、短影音、Vlog 及 Podcast 等多元內容形式，與團隊共同發想主題，透過影像記錄真實故事，打造具有國際視野與
15402497,設計暨行銷企劃專員【請附上相關作品】,飯友國際股份有限公司,台中,台中市,台中市北屯區,傳播藝術/設計,資訊科技/軟體網路,34000~45000 (period=0),月薪,34000,45000,0,0,傳統無AI,無,0,0,0,0,具備基本美學及相關軟體使用知識，設計相關科系畢業 具基本行銷概念。 負責協助主管執行相關行銷規劃執行、美學設計與社群經營等。
15159699,設計助理,台灣順力發有限公司,台中,台中市,台中市太平區,傳播藝術/設計,傳統製造/精密工業,38000~46000 (period=0),月薪,38000,46000,0,0,傳統無AI,無,0,0,0,0,1.協助工程師2D/3D繪圖、修改。 2.協助現場組裝問題溝通、排查。 3.部門相關技術文件製作。 4.主管交辦其他設計相關事項。
15048277,美工助理,皇冠特殊印刷廠股份有限公司,台中,台中市,台中市太平區,傳播藝術/設計,傳統製造/精密工業,29500~30500 (period=2),月薪,29500,30500,0,0,傳統無AI,無,0,0,0,0,1. 獨立完稿作業。 2. 整理輸出版材。 3. 現場印刷對色。 4. 主管交辦事項。 
15228162,室內設計師助理,senstudio 森本堂空間美學設計_森本堂室內裝修有限公司,台中,台中市,台中市西屯區,傳播藝術/設計,廣告行銷/公關顧問,36000~42000 (period=0),月薪,36000,42000,0,0,傳統無AI,無,0,0,0,0,     *你需要做的事        幫設計師把腦中的藍圖或手繪草稿變成能施工的圖。        可以去工地吃點灰、量尺寸，跟工地師傅打好關係。        處理設計師交代的小雜事，保持專案順暢運行。     * 應徵條件        會用軟體是基本（AutoCAD、Sketchup 必須熟練）。        抗壓性高、冷靜，被改圖時不會輕易掉眼淚。        肯學、敢問、不怕累。      *你需要挑戰的任務        精準繪圖：繪製與整理平面、立面、施工圖及 3D 彩圖。        案場實戰：跟隨設計師前往現場丈量、拍照並記錄特殊細節。        溝通協調：協助與
15081353,平面設計專員,昊鑫騰達有限公司,台中,台中市,台中市西屯區,傳播藝術/設計,資訊科技/軟體網路,30000~40000 (period=0),月薪,30000,40000,0,0,傳統無AI,無,0,0,0,0,【遊戲內容設計】				 				 1. 負責遊戲解說圖檔及草圖，與客戶及主管討論，並依需求進行調整。				 2. 利用電腦繪圖創造活動、遊戲設計概念。				 				 【CIS導向網站及行銷內容設計】				 				 1. 將品牌概念具體化，開發圖形、產品插圖及公司標識，已建立品牌高辨識度與信任感。				 2. 規劃企業視覺形象與視覺創意策略，設計並依需求編排網站版面。				 3. 活動與品牌相關排版與輸出，規劃企業視覺形象與視覺創意策略。											
14591846,電商平面設計師【擴編】(應屆畢業生可),鉄川創研有限公司,台中,台中市,台中市南區,傳播藝術/設計,電子商務/數位零售,34000~49000 (period=0),月薪,34000,49000,0,0,傳統無AI,無,0,0,0,0,1.需熟悉PS、AI，製作電商圖文、平面設計及其他設計需求 2.電商商品攝影，需具備修圖及編排美感、平面設計能力 3.影音拍攝及剪輯，會使用剪映(電腦版)，剪輯軟體PR、AE(則一) 4.產品上架管理 5.其他主管交辦事項  <職位需求> ◆自我管理能力佳、可獨立完成作業、規劃進度 ◆具備責任感，不遲到早退、不拖欠工作，主動回報進度 ◆做事小心謹慎，積極主動學習、有解決問題與溝通的能力 ◆個性仔細，檔案分類不粗心，加分!  <福利> ◆自身能能力許可，基本上不加班 ◆除電商特定節日固定上班(一年中約有2至3天)，其他時間自由排班 ◆了解電商如何運作並獲利 ◆第一線了解機車相關最新消息 ◆可參與
13861824,（台中館）攝影助理/寶寶拍攝引逗師,沐比專業攝影_彤禎文化有限公司,台中,台中市,台中市北屯區,傳播藝術/設計,其他服務/工商貿易,30000~40000 (period=0),月薪,30000,40000,0,0,傳統無AI,無,0,0,0,0,• 上班時間： 09:30 - 18:30（含休息時間）。 • 休假制度： 月休 8-10 天（排休制，平均週休二日）。 • 國定假日另計（遇國假依法給予額外補休或調休）。 • 負責每一場拍攝（孕婦、週歲、新生兒）的場景佈置、道具陳列與視覺風格調整。 • 拍攝現場需獨立負責各年齡層小孩（含 30 天內新生兒）的情緒逗引、姿勢固定與安全引導。 • 協助攝影師進行燈光架設、器材準備及拍攝節奏掌握。 • 本職位專注於現場實作與互動，無須負責照片後期調色與修圖。 • 負責攝影棚道具歸位、器材維護與環境整潔。
15300615,蝦皮平台直播主（兼職/工讀）,琵克郡工作室,台中,台中市,台中市西屯區,傳播藝術/設計,電子商務/數位零售,200~300 (period=0),時薪折算,32000,48000,0,0,傳統無AI,無,0,0,0,0,於蝦皮平台(https://tw.shp.ee/Dvmy1FV)直播介紹產品，主要銷售商品以穿戴甲、女裝、貼身衣物、生活用品為主。  需獨力作業，適應環境強的人，會提供行前教育協助直播，免擔心！  闆娘親自帶領與教學從0到1手把手，尋求一起努力的夥伴。  此工作必須不怕生、喜歡與人互動、並且要勇於嘗試與學習、願意接受各種挑戰。  有直播或是銷售的經驗為加分項目。  抗壓力與責任心和工作態度都非常重要，歡迎有意願想嘗試直播工作的新手皆可討論與聯繫。
14972149,【台中｜大里】】工程部人員 (藝術品包裝/運輸/進撤場),翔輝運通股份有限公司,台中,台中市,台中市大里區,傳播藝術/設計,其他服務/工商貿易,40000~9999999 (period=0),月薪,40000,40000,0,0,傳統無AI,無,0,0,1,0,職務說明 本職位為 藝術品包裝與運輸工程人員，實際參與藝術品包裝、展覽進撤場與物流作業。  本公司提供完整訓練 不要求具備藝術品包裝經驗，歡迎有木作、裝潢、展覽、設備、物流等相關背景，願意學習專業技術者應徵。 此為長期穩定職位，非短期臨時工。  工作內容 1. 藝術品及客戶委託物件之專業包裝作業 2. 美術館、畫廊、拍賣行、藝術家或藏家之藝術品進撤場作業 3. 協助檢視物件狀況，拍照、紀錄並回報業務單位 4. 執行客戶物品接回、運送作業 5. 海、空運進出口驗關、領貨作業 6. 協助倉庫理貨、移倉、盤點及現場作業  ※ 本職務為現場實務型工作，需配合進撤場、輪班及國內外出差。
13489974,設計助理,沐恩室內裝修有限公司,台中,台中市,台中市大里區,傳播藝術/設計,廣告行銷/公關顧問,面議,面議,,,1,0,傳統無AI,無,0,0,0,0,1.協助設計師修圖、完稿 2.蒐集設計相關資料 3.丈量工地尺寸、工地放樣 4.處理雜項事務 5.聯繫廠商
14904325,【瑞祥水果_整合行銷部】 資深品牌視覺操盤手,新亞洲國際實業股份有限公司,台中,台中市,台中市西區,傳播藝術/設計,電子商務/數位零售,45000~60000 (period=6),月薪,45000,60000,0,0,傳統無AI,無,0,0,0,0,【你的主線任務 (工作內容)】  【線上視覺企劃與廣告投放】(核心轉換)  高轉化率圖文產出： 敏銳捕捉水果色澤，針對季節果品與活動，快速產出具備強大購買力的廣告素材與一頁式銷售頁。  廣告操盤與社群回覆： 負責 Meta (FB/IG)、LINE 等社群日常推播，操作數位廣告投放與預算控管。親自參與第一線社群互動，用高情商的文字回覆將流量轉化為實質訂單。  【實體門市視覺陳列 (VMD)】(線下體驗)  溫度與質感的展現： 設計並維護充滿溫度的門市價格標籤與產地故事牌，確保標示清晰且符合品牌高端調性。  店內營銷氛圍： 負責實體超市店內活動海報、POP 及視覺陳列美化，讓門市每一個角落都成為
14671940,網頁設計師,三司達企業股份有限公司,台中,台中市,台中市西屯區,傳播藝術/設計,資訊科技/軟體網路,32000~39000 (period=0),月薪,32000,39000,0,0,傳統無AI,無,0,0,0,0,*首備條件需會程式撰寫HTML / CSS / Java Script / Bootstrap !! 1. 設計與製作公司形象規範、網站視覺風格。 2. 使用各種軟體製作專案網頁。 3. 與業務、企劃、程式設計等相關人員配合，協同執行專案。 4. 規劃與掌控專案時程及成本。 5. 設計電子報與用戶端互動平台，並進行維護。 6. 負責網頁程式的開發設計與修正更新。 7. 協調其他網頁設計師，進行網站連結設計之相關事項。 8. 負責網站更新與管理。  
13146130,門市人員(台中),奕昇有限公司台中分公司,台中,台中市,台中市西區,傳播藝術/設計,生技/醫療保健,29500~35000 (period=2),月薪,29500,35000,0,0,傳統無AI,無,0,0,0,0,奕昇公司誠徵熱愛植物、細心負責的門市人員及兼職助理，加入我們的綠意團隊，歡迎對植物有興趣的同伴  【工作內容】： 	•	環境整潔維護：每日清潔櫃體、桌椅、地面與廁所，確保門市整潔明亮。 	•	植物照護管理：負責澆水、除蟲、換盆等日常植物照顧，維持植物健康狀態。 	•	顧客服務銷售：提供專業產品介紹與購買建議，協助開立發票及結帳作業。 	•	商品準備與上架：進行組盆、製作苔球、植物上板，並協助商品拍照與網路上架。 	•	外出支援作業：包含寄貨與工廠支援等臨時任務。  【職務條件】 	•	不怕髒、不怕蟲，能適應戶外或園藝環境。 	•	具責任感與服務熱忱，能細心照顧植物及協助客人。 	•	具園藝相關
9933408,平面設計人員,橙希創意行銷有限公司,台中,台中市,台中市南屯區,傳播藝術/設計,廣告行銷/公關顧問,32000~38000 (period=3),月薪,32000,38000,0,0,傳統無AI,無,0,0,0,0,1.喜歡藝術，沉醉美學，享受創作。  2.具備視覺設計提案及執行能力。  3.孰悉設計、排版、美工等軟體。 4.擅長平面設計及修圖/調色，能獨立且高效率作業與掌控工作進度。 5.外稿人員聯繫，印刷廠聯絡溝通、協調及檔案傳送，並請其估價。
14914868,線上活動人員｜月保底30K｜正兼職皆可｜無經驗可｜彈性安排,映日媒體文創工作室,台中,台中市,台中市西屯區,傳播藝術/設計,文教/補教培訓,30000~80000 (period=0),月薪,30000,80000,0,0,傳統無AI,無,0,0,0,0,【線上互動人員｜可兼職｜可遠端】  我們正在尋找喜歡聊天互動、樂於分享生活、對新媒體產業有興趣的夥伴加入團隊。  工作內容主要透過線上直播平台與觀眾進行互動交流，建立良好的活動氛圍與觀眾關係。  【工作內容】  1.透過直播平台與觀眾進行聊天互動  2.分享生活、興趣或個人專長，提升互動品質  3.維持直播內容與活動節奏  4.參與公司提供之培訓課程與活動企劃  5.與團隊共同討論內容方向與互動方式  【我們希望你】  ✓ 喜歡與人聊天交流  ✓ 對直播、新媒體或社群產業有興趣  ✓ 願意學習鏡頭表現與互動技巧  ✓ 工作態度穩定且具責任感  ✓ 無經驗可，公司提供完整培訓  【加分條件】  
15353522,音樂音效師,森嵐資訊有限公司,台中,台中市,台中市西屯區,傳播藝術/設計,資訊科技/軟體網路,面議,面議,,,1,0,傳統無AI,無,0,0,0,0,【工作內容】 • 負責遊戲音樂、背景音樂及各類音效的設計與製作。 • 依遊戲場景、動畫及特效需求製作合適的聲音素材。 • 執行音樂編曲、音效製作、混音及後製等相關工作。 • 與美術、特效及程式團隊合作，將音樂與音效整合至遊戲中。 • 負責音訊素材的整理、歸檔及版本管理。 • 持續優化音訊品質，提升遊戲整體聲音表現。  【條件要求】 • 具 2 年以上遊戲音樂或音效相關工作經驗。 • 熟悉至少一種 DAW 軟體，如 Ableton、Logic、Pro Tools、Cubase、Nuendo 等。 • 具備音樂編曲、音效設計及混音相關能力。 • 具良好音樂感及聲音敏感度，能依遊戲需求製作不同風格的
14372461,音樂音效設計師,樂峰科技有限公司,台中,台中市,台中市西屯區,傳播藝術/設計,資訊科技/軟體網路,35000~50000 (period=2),月薪,35000,50000,0,0,傳統無AI,無,0,0,0,1, 【職務內容】 1、聲音開發規劃  • 依據遊戲機制與架構，蒐集分析風格參考，與開發團隊進行討論，共同定義聲音方向。  2、音樂創作、編寫與音效設計  • 音樂創作：BGM(可Loop)、  • 音效設計：遊戲功能、角色、UI、過場動畫等；合成與後製。 • 與前端程式工程師進行音檔串接溝通、校正。  • 音效清單撰寫、整合文件並進行歸檔。  【專業需求】熟練 DAW：Cubase、 具 MIDI 編曲與各種音樂風格設計能力。 • 熟練各種效果器（EQ、Compressor、Reverb、Delay等）並具良好混音觀念。 • 能將遊戲影像轉譯為具系統性的音樂／音效設計架構，並能清楚解釋設計意圖。
15213157,3D建模人員,力弘科技股份有限公司,台中,台中市,台中市南屯區,傳播藝術/設計,資訊科技/軟體網路,29500~35000 (period=0),月薪,29500,35000,0,0,傳統無AI,無,0,0,0,0,1.能獨立完成貼圖模型製作流程(modeling、uv、textured) 2.熟悉blender、zbrush等建模軟體操作 3.能夠使用photoshop繪製貼圖 4.要會從0到1的建模，以便講解掃描模型拆解 5.主要處理3D掃描/攝影測量取得之3D模型 6.視專案內容可能需要協助3D掃描現地取資料 7.如有Unity使用經驗更佳
14809220,視覺,泰孟閣_凬鯪羽實業社,台中,台中市,台中市北區,傳播藝術/設計,電子商務/數位零售,35000~38000 (period=4),月薪,35000,38000,0,0,傳統無AI,無,0,0,0,0,需自備電腦、平板上班 1. 前台推廣視覺與美編設計：負責全品牌所有前台視覺圖文（包含：宣傳海報、活動宣傳圖、官網商品圖後製、官方 LINE 圖文選單、多頁訊息、社群推廣圖、影片封面）之設計與後製，確保前台視覺質感統一。 2.影片現場拍攝與掌鏡：主導短影音、宣傳片之現場鏡頭掌鏡，負責捕捉符合視覺標準之動態畫面與質感 B-roll 素材 3. 商品商業攝影與初調：依據官網上架規劃，於辦公室微型棚獨立進行聖物打光、佈景與標準化商業棚拍，並完成顏色、光線與細節之後期製作。 4.AI 視覺工具應用：熟練運用 AI 視覺生成工具，輔助產出前台高質感背景、設計素材與宣傳圖面。 5.數位視覺資產管理：所有設計
14864986,工業設計師,競風國際股份有限公司,台中,台中市,台中市西區,傳播藝術/設計,傳統製造/精密工業,35000~35000 (period=0),月薪,35000,35000,0,0,傳統無AI,無,0,0,0,0,"1.具有產品外觀設計能力 2.經本司指導後,能熟悉3D繪圖軟體者 3.熟悉工作事務後,依對工作的熟悉程度調整 4.有影像處理,平面設計,結構設計之基礎者更佳"
15380915,設計繪圖人員,凱得森傢俱有限公司,台中,台中市,台中市大雅區,傳播藝術/設計,傳統製造/精密工業,38000~45000 (period=0),月薪,38000,45000,0,0,傳統無AI,無,0,0,0,0,1. 需要熟練使用Rhino 2. 孰悉AutoCAD 2D製圖 3.將產品畫成加工圖 4.協助產品開發設計 5.根據圖面完成CNC程式編寫(入職後公司培訓)
14964781,系統櫃拆單製圖專員,一嶼空間制作室內裝修有限公司,台中,台中市,台中市南屯區,傳播藝術/設計,廣告行銷/公關顧問,35000~40000 (period=0),月薪,35000,40000,0,0,傳統無AI,無,0,0,0,0,-現場丈量、繪製下單圖  -系統櫃排程、現場監工  -系統櫃收尾  -僅負責公司全案設計的系統櫃
6982429,美編設計人員(薪資範圍32000-45000）,綠屋家居有限公司,台中,台中市,台中市北屯區,傳播藝術/設計,電子商務/數位零售,32000~45000 (period=0),月薪,32000,45000,0,0,傳統無AI,無,0,0,0,0,●GREEN HOUSE 綠屋家居 想要成為「世界上最北歐時尚的品牌」。我們誠徵能夠在「超冒險型」企業裡，永遠面對挑戰、團隊合作，創造嶄新GREEN HOUSE的工作夥伴。  ● 完善教育訓練：不論是正職員工亦或兼職夥伴，只要您願意學習，不斷提升自我，還有機會成為店長一展長才。  ● 升遷制度透明：每3個月到半年會進行考核，正職員工亦或兼職夥伴可藉由考核調整薪資。  工作事項  1. 網站視覺規劃   2. 電子商務平台修圖   3. 電子商務產品拍攝協助   4. 電子商務站內、外banner製作   5. 活動文宣廣告平面設計   6. 剪輯影片  7.完成主管交辦事項     
11690945,百貨商場設計工讀生,金典綠園道_日華金典國際酒店股份有限公司中港分公司,台中,台中市,台中市西區,傳播藝術/設計,資訊科技/軟體網路,196~196 (period=0),時薪折算,31360,31360,0,0,傳統無AI,無,0,0,0,0,1.檔期活動平面與網路製作物設計 2.FB與IG社群宣傳影像拍攝與撰文 3.館內專櫃POP製作 4.協助行銷事務處理  工作專業條件說明 1.熟悉MAC系統及Adobe系列Photoshop、Illustrator軟體 2.對FB與IG社群宣傳有興趣 3.視覺傳達等設計藝術相關科系(在校生可) 4.請於履歷中附上個人作品集之檔案或連結  
12966939,短影音企劃主管(獎金另計),劦辰傳媒有限公司,台中,台中市,台中市烏日區,傳播藝術/設計,其他服務/工商貿易,38000~58000 (period=0),月薪,38000,58000,0,0,傳統無AI,無,0,0,0,0,工作內容 戰略與營運規劃制定 短影音整體的行銷與IP營運策略。 研究市場趨勢、時事、迷因與競品分析。 規劃各平台的發布節奏與散布策略。 團隊領導與製作管理 帶領編導、攝影與後製團隊執行專案。 審核創意主題、拍攝腳本與產出品質。 協調拍攝現場、剪輯流程與跨部門溝通。 數據追蹤與優化分析  TikTok、Instagram Reels、YouTube Shorts 等平台數據。 追蹤觀看數、互動率及導購轉化率。 根據成效數據隨時調整內容方向。
14467748,設計人員/業務助理,國登廣告有限公司,台中,台中市,台中市南屯區,傳播藝術/設計,文教/補教培訓,36500~45000 (period=2),月薪,36500,45000,0,0,傳統無AI,無,0,0,0,0,1.商業設計、業務助理/美編、完稿。 2.與客戶連絡、溝通，瞭解客戶需求 (For 台積電)。 3.公司提供完善教育訓練，歡迎有興趣者加入!! #1.薪資：新進人員到職滿三個月及一年有調薪機會。 #2.獎金：年終獎金、績優員工分紅、激勵獎金、另不定期年度調薪；旅遊或旅遊津貼。 #3.勞退6％另行提撥。
15291799,【尋找神隊友】直播互動搭檔 / 聊聊客服小編 (熟練者優先),新亞洲國際實業股份有限公司,台中,台中市,台中市西區,傳播藝術/設計,電子商務/數位零售,32000~48000 (period=0),月薪,32000,48000,0,0,傳統無AI,無,0,0,0,0, 104 職務說明 (Job Description) 【工作內容】 我們正在尋找一位反應靈敏、口齒清晰，且具備直播與社群客服實務經驗的「神隊友」！ 您不僅是直播主身邊最可靠的搭檔，也是維繫品牌與顧客關係的核心小編。本職位客服回覆採責任性高，需要您具備高度的責任心與機動性。  1. 直播互動與場控 (Livestream Support)  默契搭檔： 在直播過程中與直播主進行互動、搭話、做反應，活絡直播間氣氛，避免冷場。  節奏掌控： 協助提醒直播主流程、活動優惠資訊、商品賣點（如：嚴選高山茶葉特色、季節進口鮮果等），確保直播順暢進行。  前置作業： 執行標準作業流程（SOP），協助直播前商
15325496,品牌營運專員（執行秘書）,喜馬拉雅靈性與瑜珈有限公司,台中,台中市,台中市北屯區,傳播藝術/設計,文教/補教培訓,45000~55000 (period=2),月薪,45000,55000,0,0,傳統無AI,無,0,0,0,0,我們是致力於推廣瑜珈、冥想與身心成長的國際品牌，透過課程、活動與內容，陪伴更多人提升能量、找回內在力量，帶著清明與穩定回到生活。  你將與 Akshar Yoga 亞洲代表導師 Acharya Somavati 密切合作，協助講師日常工作安排，並參與品牌營運、課程規劃、活動執行及國內外專案。  這份工作不只是行政或秘書職務，更是串聯講師、內部團隊與外部合作夥伴的重要角色。你需要掌握各項工作的進度與細節，主動協調資源、追蹤任務，讓每一項計畫順利落地。  如果你喜歡多元的工作內容，擅長溝通協調與解決問題，並希望累積品牌營運及國際專案經驗，我們期待你的加入！  主要工作內容 1.協助 Acharya
15393122,短影音內容企劃／影音拍攝剪輯,亞克科技開發股份有限公司,台中,台中市,台中市大里區,傳播藝術/設計,電子商務/數位零售,38000~50000 (period=4),月薪,38000,50000,0,0,傳統無AI,無,0,0,0,0,公司簡介：  亞克科技成立於1992年，深耕市場30多年。  從汽車用品出發，逐步拓展至親子、戶外與生活用品，經營國際品牌與自有品牌，我們代理Goodyear、Bosch、GLOBBER、POLARBOX，通路涵蓋實體零售、電商、百貨、KOL團購及企業客戶。  面對消費市場的改變，我們持續投入品牌經營、電商、短影音，讓多年累積的商品力與通路力，結合新世代的數位能力。  歡迎喜歡品牌、內容與數位行銷的夥伴加入亞克，一起把好的商品帶進更多人的生活。   我們的需求：  我們正在找一位喜歡「把商品變成內容」的影音夥伴。  你不只是接到腳本後負責拍攝，從題材發想、腳本、拍攝到剪輯，完整參與一支短影音的
14150131,藝術行政,入矩雕塑有限公司,台中,台中市,台中市霧峰區,傳播藝術/設計,其他服務/工商貿易,30000~9999999 (period=2),月薪,30000,30000,0,0,傳統無AI,無,0,0,0,0,我們正在尋找一位細心、負責、具備良好溝通及組織能力的藝術行政夥伴，協助工作室日常行政、藝術作品資料管理及藝術專案相關行政工作。  此職位將與藝術專案經理密切合作，協助維持專案及工作室的行政流程順暢。 1. 負責一般文書資料處理工作。 2. 維護、更新、管理各類文件檔案（如：合約、會議記錄、書目資料、活動文件）和資料庫系統。 3. 完成工作時程表，管理行事曆，並負責會議協調與安排。 4. 準備會議議程，參與會議並撰寫會議記錄。 5. 負責費用預估、控管及報表製作。 6. 負責協助午餐點心訂購與採買。 7. 判斷、分類並分送郵件，回覆郵件，並整理待寄送的郵件。 8. 負責簡單零用金管理，並負責購採
13591733,社群短影音助理及行政小編（美甲主題）,赫絲藝術美甲_赫絲國際有限公司,台中,台中市,台中市南屯區,傳播藝術/設計,其他服務/工商貿易,29500~9999999 (period=0),月薪,29500,29500,0,0,傳統無AI,無,0,0,0,0,社群短影音助理及行政小編 ✨協助行政相關事宜 ✨拍攝剪輯－拍攝剪輯美甲施作 ✨協助腳本發想－美甲相關影片對話 ✨需有交通工具（機車） ✨可輪假日班 ✨上班地點：台中南屯 ✨無美甲經驗可/不限性別
15332863,影視剪輯師／後期製作,屹星影像科技有限公司,台中,台中市,台中市豐原區,傳播藝術/設計,傳統製造/精密工業,40000~55000 (period=0),月薪,40000,55000,0,0,傳統無AI,無,0,0,0,0,工作內容： 商業廣告影片剪輯 品牌形象影片後期製作 活動紀錄與短影音剪輯 字幕、音樂、音效與調色處理 素材整理與檔案管理  我們希望你： 熟悉 Premiere Pro、Final Cut Pro 或 DaVinci Resolve 具備良好的剪輯節奏、美感與畫面敘事能力 能獨立完成剪輯作業並重視細節 加分條件 熟悉 After Effects 具 Photoshop、Illustrator 基礎能力 了解 Motion Graphic 或基本動畫製作  福利制度： 公司提供高規格剪輯工作站（免自備電腦） 公司提供正版剪輯與設計軟體 免費零食、飲品 定期聚餐 完整教育訓練 勞健保、團體意外險 
12260766,繪圖行政專員,由鉅建設股份有限公司,台中,台中市,台中市西區,傳播藝術/設計,其他服務/工商貿易,450000~600000 (period=0),年薪折算,33333,44444,0,0,傳統無AI,無,0,0,0,0,一、工作態度：  1. 具團隊精神與抗壓性、有積極學習態度  2. 具良好主動溝通協調能力  3. 重視工程論理：專業良知、廉潔、本份  二、工作內容 1. 主辦各類工程圖套繪、施工圖繪製及檢討，並負責圖檔管理  2. 協助維護、更新、管理各類文件檔案（如：合約、會議記錄、各類工程文件）和電腦資料庫系統  3. 協助圖面數量計算及換算材料數量  4. 協助文件收發與許可申辦及聯絡事務  5. 協助專案進度提醒及記錄追踨  6. 主管交辦事項及其他行政事務
13986450,室內設計師助理,一嶼空間制作室內裝修有限公司,台中,台中市,台中市北屯區,傳播藝術/設計,廣告行銷/公關顧問,36000~38000 (period=0),月薪,36000,38000,0,0,傳統無AI,無,0,0,0,0,1.具電腦繪圖能力，Autocad、Sketchup、Enscape、Layout  2.繪製施工圖、3D圖。  3.熟練3D渲染者。   4.製作簡報或準備資料。  5.基礎文書處理、工地職務相關庶務。  6.協助選擇裝修材料、窗簾、家具及飾品佈置，以統合室內整體風格設計，營造更舒適的居家感覺。   7.面試時請攜帶紙本作品集及履歷。            設計師個人作品及ig  喜歡風格再投遞:)  https://www.instagram.com/_____________yu_/   
14316275,社群經營小編,部落森數位文創有限公司附設新竹市私立部落森文理短期補習班,台中,台中市,台中市大里區,傳播藝術/設計,文教/補教培訓,196~200 (period=0),時薪折算,31360,32000,0,0,傳統無AI,無,0,0,0,0,1. 影片拍攝、活動紀錄、後製剪輯 2. 影片腳本發想、專案企劃 3. 設計專案控管、文案發想 4. 社群網路內容製作和維護 5. 其他相關職務  本職位負責企劃和執行各種影音專案，包括直播、短片、廣告等，並負責社群媒體的內容製作和維護。這是一個具有挑戰性和成長空間的職位，對於喜歡創意和影音領域的人來說是一個非常好的機會。 如果您對這個職位感興趣並符合要求，請盡快提交申請。
15385341,跨界轉職菁英專班：安邦AI挺你衝百萬(軍人轉職),永慶不動產經貿敦化店_安邦地產有限公司,台中,台中市,台中市西屯區,傳播藝術/設計,生技/醫療保健,50000~9999999 (period=0),月薪,50000,50000,0,0,傳統無AI,無,0,0,0,1,【轉換跑道・成就非凡：安邦 AI 挺你轉業專案・跨界菁英培育班】  告別前一段職涯歷練，您帶走的最強武器不是過去的職稱，而是無可取代的紀律、高抗壓與強悍執行力。  在永慶不動產 安邦 AI 團隊，我們深知具備高度責任感與行動力的特質，正是高端房產市場最渴望的基石。轉換人生跑道，不需要從零摸索，我們用最先進的 AI 數位工具與扎實的實戰傳承，挺您跨入百萬年薪的高產值賽道，把過往淬鍊出的執行力轉化為實質成就！  核心特質，正是您在房產市場的致勝優勢  紀律與執行力：面對快節奏與高壓談判，沉穩、守信與說到做到，正是高資產客戶最信任的特質。 高產值回報：告別固定薪資天花板，業績 50% 起的高額獎金制
11732499,研發行政助理,凱鍶鎂股份有限公司,台中,台中市,台中市大甲區,傳播藝術/設計,傳統製造/精密工業,30000~32000 (period=0),月薪,30000,32000,0,0,傳統無AI,無,0,0,0,0,工作內容 : 1.開發文件資料製作.整理 2.產品拍照.圖檔處理歸檔 3.文件資料校對維護 4.熟悉電腦操作文書軟體 WORD  EXCEL  影像處理軟體 5.會CAD 繪圖軟體尤佳  
12241472,17LIVE官方直播主(無經驗可.在家上班.高獎金),心家娛樂有限公司,台中,台中市,台中市東區,傳播藝術/設計,生技/醫療保健,30000~80000 (period=0),月薪,30000,80000,0,0,傳統無AI,無,0,0,0,0,【心家娛樂 - 17LIVE 官方直播主熱烈招募中！】  我們是心家娛樂有限公司，自2017年成立以來，作為17LIVE內部的專業經紀公司，致力於發掘和培養有潛力的直播人才。 如果你對直播充滿熱情，無論有無經驗，這裡將是你實現夢想的舞台！  不論你是： - 無經驗，但願意學習成長的新手。 - 有經驗，卻遇到瓶頸的資深主播。  只要你肯學，我們提供專業經紀人一對一輔導，幫助你突破自我，打造個人品牌，成為17LIVE大家庭的一員，與我們一起追逐夢想！  【加入我們的優勢】 1. 彈性工作時間：隨時隨地用手機開播，無需面對面。 2. 健康直播環境：我們禁止色情和暴力，堅持正規的直播文化。 3. 薪資
13995186,醫美美編,萊曲靜謐診所,台中,台中市,台中市西屯區,傳播藝術/設計,生技/醫療保健,30000~40000 (period=0),月薪,30000,40000,0,0,傳統無AI,無,0,0,0,0,1.熟稔Photoshop、Illustrator、 InDesign等......平面設計軟體。  2.各數位平台行銷素材設計製作。  3.品牌圖稿、文案撰寫與排版設計製作。 4.具有插畫插圖手繪或電繪能力。 5.擅長人像照片修圖處理 。 6.理解力強、具美感與細膩敏銳度，有豐富的創意。 7.圖像素材與檔案管理。 8.具基本攝影與影音拍攝能力。 9.良好情緒管理能力，願意配合團隊合作。    
8983368,禮服秘書,JOJO婚紗_久久婚紗館,台中,台中市,台中市北區,傳播藝術/設計,文教/補教培訓,30000~70000 (period=0),月薪,30000,70000,0,0,傳統無AI,無,0,0,0,0,"【正職門市人員 & 禮服秘書招募】 我們正在尋找熱情、有服務精神的夥伴，一起加入婚紗的團隊！  薪資福利 	•	正職薪資：30000 ~ 70,000元（依個人專業與業績表現） 	•	現職3個月以上員工平均薪資：35,000 ~ 60,000元 	•	新進人員：試用培訓期2個月，底薪29500元，培訓後可領取獎金與分潤 	•	獎金制度：業績獎金 + 銷售獎金 + 合約分潤  休假制度 	•	月休8天（採排班制，淡旺季略有差異）         •      周四公休、假日禁休  工作內容 	1.	門市接待，提供顧客專業服務與需求協助 	2.	協助回覆官方LINE客戶訊息 	3.	禮服試穿體驗與"
15120874,FB直播助理(有相關經驗待遇可議),KAFEN卡氛_台灣寶樂股份有限公司,台中,台中市,台中市大雅區,傳播藝術/設計,其他服務/工商貿易,33000~38000 (period=2),月薪,33000,38000,0,0,傳統無AI,無,0,0,0,0, 工作內容 1.【直播營運專員｜後台控盤手】  操作「就醬播」系統（入單／標註／加單） 即時回覆留言，帶動觀眾下單節奏 使用 Excel 紀錄業績與銷售數據 協助優化轉單率與直播流程  2.【直播掌鏡助理｜現場節奏操盤】   讓直播「好看又好買」的靈魂人物 負責直播畫面拍攝與切換 即時支援主播互動與留言應對 控制節奏與氣氛，提升觀看體驗 協助打造高留存、高轉換直播內容  3.【直播現場執行｜節目製作支援】   讓整場直播順暢運作的幕後核心 商品、道具、樣品事前準備 現場白板、價格資訊即時更新 協助場地佈置與流程控管 串聯直播前中後所有環節
14996704,蝦皮直播主 正職【獎金無上限】髮品 口罩,畇博科技有限公司,台中,台中市,台中市北屯區,傳播藝術/設計,電子商務/數位零售,38000~100000 (period=0),月薪,38000,100000,0,0,傳統無AI,無,0,0,0,0,【工作內容】 1.蝦皮直播帶貨，介紹商品。 2.與客人互動，維持友善的直播氛圍。 3.協助處理蝦皮等通路之相關客服回復。 4.拍攝商品照片/影片，剪輯短影音上傳社群。 5.其他業務支援並完成主管交辦事項。  【職務需求】 1.做事細心有條理。 2.性格活潑外向，進退得宜。 3.會使用簡易製圖軟體、剪輯軟體者佳。  【公司制度與福利】 1.三節禮金、生日禮金。 2.員工內部購物價。 3.排班制，面試詳談。 4.旺季需配合加班。 5.月薪制享完整勞健保，加班依照時數發放薪資。 6.不定期員工聚餐。
15273341,空調BIM繪圖工程師,兆申機電工程有限公司,台中,台中市,台中市西區,傳播藝術/設計,文教/補教培訓,面議,面議,,,1,0,傳統無AI,無,0,0,0,0,工作說明：  1.操作Revit介面及指令。  2.機電、空調系統整合及CSD/SEM介面檢討。  3.機電、空調系統模型建立。  4.專案執行規劃及時程排定。  5.BIM MEP模型交付及產出(圖說及數量)。  6.繪製、修改CAD圖面。  7.無經驗可，接受內部教育訓練學習。   需求條件：  1.建築、機電、冷凍空調相關科系畢業。  2.具圖面規劃整合及溝通協調能力。  3.具備Revit 及AutoCAD及Office作業系統相關操作。  
12379193,規劃製圖人員,新糧企業股份有限公司,台中,台中市,台中市南屯區,傳播藝術/設計,其他服務/工商貿易,35000~42000 (period=0),月薪,35000,42000,0,0,傳統無AI,無,0,0,0,0,1.熟悉CAD操作   2.2D繪圖    3.協助工地事宜   4.送審資料製作.開立  5.防火認證管理維護 
12409229,繪圖,千易科技工程有限公司,台中,台中市,台中市沙鹿區,傳播藝術/設計,傳統製造/精密工業,35000~40000 (period=0),月薪,35000,40000,0,0,傳統無AI,無,0,0,0,0,1.協助繪製圖面   2.處理工程設計師交辦事項   3.負責與現場施作人員溝通圖面
14667479,【OVVO 電動滑板車自行車】台中影片剪輯腳本企劃人員,日昱股份有限公司,台中,台中市,台中市清水區,傳播藝術/設計,傳統製造/精密工業,34000~50000 (period=0),月薪,34000,50000,0,0,傳統無AI,無,0,0,0,0,工作內容： 1.寫短視頻腳本、分鏡、企劃 2.攝影、剪輯短視頻 3.有想法創意幽默感，對短視頻有高度興趣佳 4.常看ＩＧ、ＦＢ、tiktok短視頻佳 5.具備使用剪輯軟體能力  ★員工福利： 1.提供勞健保、勞退 2.不定期設立獎金活動 3.不定時聚餐 4.三節獎金/禮品 5.年終獎金   ★ovvo是全新的年輕團隊，勇於嘗試各種機會與想法，公司地點位在台中清水市區，但我們不侷限於台中的發展。公司附近位於學區交通飲食方便、環境良好，並且提供優渥的獎金與分紅，讓您在這裡得到充分的成長與發展，期待有創意、有想法、追求工作成就感的您，一起共創佳績！
15319540,開發助理,太宇科技股份有限公司,台中,台中市,台中市南屯區,傳播藝術/設計,傳統製造/精密工業,33000~36000 (period=0),月薪,33000,36000,0,0,傳統無AI,無,0,0,0,0,1.協助工程師繪製圖面、樣品組裝。 2.部門文件與庶務處理。 3.主管交辦事項執行。 4.ERP BOM表建立及維護。 **依意願與能力，未來可轉任開發工程師**  專業技能: 熟Word Excle PowerPoint基礎操作。 工程圖視圖能力與SOLIDWORKS基礎繪製能力 有INFOR ERP、PDM系統操作經驗佳。  **依公司營運目標，未來上班地點須遷移至彰化廠**  
14086461,鞋類設計助理人員,合景股份有限公司,台中,台中市,台中市西區,傳播藝術/設計,資訊科技/軟體網路,30000~45000 (period=0),月薪,30000,45000,0,0,傳統無AI,無,0,1,0,0,1. 備基本英文語文能力. 2. 熟悉Adobe Photoshop、Illustrator軟體工具. 
15397934,視覺設計人員,"STYLE BEAUTY GROUP CO., LTD_和潤國際有限公司",台中,台中市,台中市烏日區,傳播藝術/設計,傳統製造/精密工業,33000~36000 (period=2),月薪,33000,36000,0,0,傳統無AI,無,0,0,0,0,我們是專注於保養品與化粧品代工、充填服務的製造企業，主要服務品牌商、美妝通路及相關企業，協助客戶完成產品開發與包裝製作。  工作內容： 1. 負責海報、產品目錄及行銷宣傳物之視覺設計與排版，依品牌識別及行銷需求完成設計提案。 2. 協助化粧品彩盒、包裝及相關印刷品之字稿編排、檔案製作與印刷前確認。 3. 維護公司網站及社群媒體內容，製作產品圖片、宣傳素材與社群貼文視覺，並協助定期更新。 4. 配合品牌及產品需求，協助進行產品拍攝、圖片修整及數位素材製作。 5. 配合主管及跨部門工作安排，完成設計相關專案與其他交辦事項。  其他條件： 1. 熟悉化粧品產業或對保養品、化粧品具備相關認識者佳。 2
14733649,器械皮拉提斯教練,杰瑀運動有限公司,台中,台中市,台中市北屯區,傳播藝術/設計,生技/醫療保健,29500~100000 (period=0),月薪,29500,100000,0,0,傳統無AI,無,0,0,0,0,- 為會員提供一對一健身諮詢服務 - 設計和教授會員專屬課程 - 協助現場指導會員和確保使用安全 - 管理和維護健身器材和場館清潔 - 保持健康的體態和良好的運動習慣  我們正在招募器械皮拉提斯老師，我們是一個年輕的團隊，您將有很多機會與我們一同成長和發展，同時也能為客戶帶來積極的影響。 如果您對這個職位感興趣並符合我們的要求，請提交您的履歷表。我們期待您的加入。
14772244,德州撲克計分荷官-北屯店計時人員(早中班),樂玩國際德州撲克競技協會,台中,台中市,台中市北屯區,傳播藝術/設計,其他服務/工商貿易,200~9999999 (period=0),時薪折算,32000,32000,0,0,傳統無AI,無,0,0,0,0,● 洗牌、發牌、計分牌清點 ● 維持比賽牌局進行流暢，並確保玩家無違規行為 ● 協助經營社群及會員群組賽事資訊推廣 ● 協會內部佈置及場地環境整理維護 ● 主管交辦事項
14880030,【無經驗可】BIM Revit工程師/助理工程師(台中后里),創悅科技有限公司,台中,台中市,台中市后里區,傳播藝術/設計,資訊科技/軟體網路,38000~9999999 (period=0),月薪,38000,38000,0,0,傳統無AI,無,0,0,0,0,1.AutoCAD 2D圖面繪製 2.Revit 3D繪圖工作 3.規劃及協調作業現場空間管理與干涉問題 4.其他主管交辦事項
13514647,視覺設計師,生活起物有限公司,台中,台中市,台中市西區,傳播藝術/設計,其他服務/工商貿易,30000~55000 (period=4),月薪,30000,55000,0,0,傳統無AI,無,0,0,0,0,1.負責設計專案，並能獨立作業掌握專案進度，並善於溝通。 2.平面視覺設計，能進行市場及產品競爭分析、完整表達設計構想 3.願意接受不同設計專案之挑戰。 4.2-3年以上實務經驗。 5.具備提案企劃能力 6.其他主管交辦事項  
14586484,建築室內繪圖人員,鼎翰建築師事務所,台中,台中市,台中市西區,傳播藝術/設計,其他服務/工商貿易,45000~9999999 (period=0),月薪,45000,45000,0,0,傳統無AI,無,0,0,0,0,協助設計師進行配的圖面繪製
11125063,【中部】 Art2Plaza親子美學館-美術老師,Otto2藝術文創集團_美林藝術文創股份有限公司,台中,台中市,台中市南屯區,傳播藝術/設計,文教/補教培訓,30000~50000 (period=3),月薪,30000,50000,0,0,傳統無AI,無,0,0,0,0,1.教兒童創意黏土、美術繪畫相關教學 2.對幼教、美術相關技能或經驗。 3.保持教室秩序與孩子安全。 4.能教案研發，根據孩子需求調整課程內容。 5.提供良好的學習體驗，使孩子們能夠提升自我價值感，並激發創造力。   本職位需要具備藝術、美術或教育相關系所畢業，並具備二年以上教學經驗。才藝老師可以教授孩子各種才藝活動，例如黏土、積木等，透過這些課程，讓孩子們可以激發創意，提升自我價值感，未來的發展前景也非常廣闊。 我們期待對兒童美學教育有興趣、有熱情、有能力的您加入我們的團隊，如果您符合以上條件，歡迎申請此職位。
15353625,3D掃描工程師,力弘科技股份有限公司,台中,台中市,台中市南屯區,傳播藝術/設計,資訊科技/軟體網路,30000~40000 (period=0),月薪,30000,40000,0,0,傳統無AI,無,0,0,0,0,1.現地外業掃描與專案執行：配合專案需求執行外業3D雷射掃描，針對不同場域（如建築、廠房、土木結構或文化資產）進行空間數據採集，並依專案體量妥善規劃作業進度。  2.點雲資料處理與後製建模：原始點雲處理，依專案需求繪製3D模型、正射影像、點雲動畫等。  3.協助報告書製作及內容整理。  4.如有測量相關概念、其他3D軟體使用經驗例如Revit、sketchup具有3D概念、3D列印相關經驗尤佳，以便導入相關教學。  5.無經驗可。
15387897,繪圖人員,潤輝科技有限公司,台中,台中市,台中市太平區,傳播藝術/設計,傳統製造/精密工業,42000~45000 (period=0),月薪,42000,45000,0,0,傳統無AI,無,0,0,0,0,1. CAD繪圖、Solid Work 、Solid Edge、設計及修改 2. 協助解決其他部門的技術問題 3. 充分了解各種CAD設計軟體，並能夠有效地使用它們 4. 根據項目要求，完成相關的工作任務 5. 確保所有的設計符合公司的標準和要求 件，並協助其他部門解決相關的問題。在公司未來的發展中，將有更多的機會接觸到創新和 本職位將成為公司CAD設計部門的重要一員，負責設計圖紙和文未來尖端技術。如果您是一個對於設計和技術有著強烈興趣的人，歡迎加入我們的團隊！ 如果您對本職位感興趣，請盡快提交您的申請！歡迎加入我們的團隊，一起為公司的發展做出貢獻。 
14277070,室內設計助理,宏匠室內裝潢設計企業社,台中,台中市,台中市后里區,傳播藝術/設計,廣告行銷/公關顧問,38000~100000 (period=0),月薪,38000,100000,0,0,傳統無AI,無,0,0,0,0,*請攜帶履歷及作品 住宅/商業空間均承接   |工作條件| 1.建築或室內設計相關科系畢業(非本科系需詳談) 2.室內空間、設備、動線之規劃，繪製平面配置圖 3.熟繪圖軟體AUTOCAD、SKETCHUP、OFFICE (EXCEL、POWER POINT等軟體) 4.3D效果圖繪製(Sketch up & Enscape渲染)  5.繪製施工圖 6.工地案場監工 7.具有獨立思考設計創意以及美學概念，與業主及工班溝通能力 8.協助業主選擇各式裝修材料、窗簾、地板，以統合室內整體風格設計 9.協助行政事務及主管交辦事項  |工作資訊| 工作時間 : 日班 9:00~18:00(午休12:00~
14266682,短影音經營,火芯有限公司,台中,台中市,台中市北區,傳播藝術/設計,電子商務/數位零售,41000~120000 (period=0),月薪,41000,120000,0,0,傳統無AI,無,0,0,0,0,公司提供腳本協助拍攝  協助你/妳成為IP  希望能找到一個外向、活潑、有行動力的夥伴
15179982,【身心障礙專區】身心障礙人才招募專區,貫煜工業股份有限公司,台中,台中市,台中市霧峰區,傳播藝術/設計,傳統製造/精密工業,29500~9999999 (period=2),月薪,29500,29500,0,0,傳統無AI,無,0,0,0,0,【應徵注意事項】 請於個人履歷中註明 「欲應徵之職務名稱」（可參考目前開放之職缺）。 經審核如有合適職缺，將另行通知安排面談；若未符合需求，恕不另行通知。  【申請資格】 ◆ 本職缺專區限具身心障礙證明者投遞，請勿未符合資格者投件。  【應徵方式】 職務內容將依求職者之背景、專長與意願進行評估與安排。 請先透過 104 人力銀行系統 投遞履歷，經用人單位初審通過後，將通知面試。 投遞時請檢附身心障礙證明文件（並註明身障類別）。  面試時請攜帶原始身心障礙證明文件以供查驗。
12048621,電視幕後工作人員,超越媒體科技股份有限公司,台中,台中市,台中市烏日區,傳播藝術/設計,資訊科技/軟體網路,30000~33000 (period=0),月薪,30000,33000,0,0,傳統無AI,無,0,0,0,0,無經驗或非相關科系可 只要願意學習 有團隊合作精神、責任感及熱忱 對電視節目幕後工作有興趣 歡迎不喜歡枯燥乏味，喜歡樂趣多變工作的你  一、現場節目相關幕後工作 (1).導播機畫面切換操作 (2).混音器音控調整與操作 (3).字幕機編輯操作執行 (4).伴唱機點播歌曲操作 (5).基礎攝影-節目上資料與產品拍攝 (6).基礎剪輯-即時處理節目上所需影片 (7).基礎Ps-製作節目上相關素材 二、執行上級主管臨時交辦的工作及任務  附加條件： 1.思緒清楚、反應力快 2.需熟悉電腦操作 3.需配合彈性調班/外場活動調班 4.需基本台語聽、說能力  休假制度：排休，月休8~12天 工作性質：全職
15134513,機械繪圖員,和和機械股份有限公司,台中,台中市,台中市南屯區,傳播藝術/設計,傳統製造/精密工業,35000~45000 (period=2),月薪,35000,45000,0,0,傳統無AI,無,0,0,0,0,1.使用 2D／3D 繪圖軟體繪製機台零件圖、組合圖及爆炸圖，並編製操作說明書等相關技術文件，提供生產現場與客戶完整且清晰之技術依據。 2.依據受訂通知單及非標準機台接單需求，協助進行初步圖面規劃、設計繪製與成本估算，提升業務端回覆客戶需求之效率。 3.負責作業異常單處理、舊品修改通知及相關圖面修訂作業，確保生產、研發與技術文件版本一致，降低重工與溝通誤差。 4.協助各部門圖面申請與技術資料管理，並整理設備改善提案（如彎管機、雷射機等）相關圖面異動，維護技術資料庫之完整性與正確性。 5.協助研發部門會議記錄、進度追蹤與跨部門技術溝通，並配合參與各項技術開發與改善專案，促進團隊協作與資訊同步。 
13891799,"行銷助理(薪35,000以上)",維格工業股份有限公司,台中,台中市,台中市大甲區,傳播藝術/設計,電子商務/數位零售,35000~9999999 (period=4),月薪,35000,35000,0,0,傳統無AI,無,0,0,0,0,專科以上 1. 品牌管理，行銷素材規劃、策劃線上及線下行銷活動與執行  2. 文宣品與行銷文稿產出及規劃  3. 參展攤位活動統籌與執行  4. 品牌廣告規劃與執行 5. 公司官網與社群媒體渠道內容規劃、執行 6. 電商平台、官方網站、社群媒體、形象網站等企劃 7. 提升品牌曝光度以及網路能見度  8. 平面以及影音素材規劃並與廠商溝通執行  9. 網站維護，網站內容與網站吸引力 10. 有攝影能力或對攝影有興趣者
15195589,品牌視覺設計師,睿思軟體有限公司,台中,台中市,台中市西屯區,傳播藝術/設計,廣告行銷/公關顧問,面議,面議,,,1,0,傳統無AI,無,0,0,0,0,【工作內容】  1. 平面與網頁視覺設計：製作官網靜態及動態視覺素材，例如官網首頁 Banner、排版、插圖、影片等。 2. 社群行銷素材： 負責如LinkedIn、Youtube等社群媒體日常貼文配圖、微動態素材 (GIF)，以及行銷短影音剪輯。 3. 線下展會與實體製作物： 配合國際展會與公關派對需求，設計實體文宣、宣傳影片，以及品牌周邊禮贈品等包裝設計。 4. 團隊協作： 與行銷團隊及外部廠商溝通合作，確保圖檔規格與設計品質順利交付。   【必備條件】  1. 實戰經驗： 設計相關經驗者佳，內容需以「平面設計/社群排版/網頁素材」為主，並附上「動態設計/短影音剪輯」的實際案例及作品集。 
13125434,平面設計師(歡迎應屆畢業生),曜田國際股份有限公司,台中,台中市,台中市西屯區,傳播藝術/設計,傳統製造/精密工業,30500~35000 (period=2),月薪,30500,35000,0,0,傳統無AI,無,0,0,0,0,品牌官網 : 1. https://www.ruedemode.com/ 2.https://www.mykuroit.com/    職務內容: 歡迎對品牌設計有熱枕的您加入團隊 : )  1. 品牌網路形象、廣告文宣物、產品開發、展場、產品包裝等設計。 2. 官網及社群平台事務管理，需能夠獨立作業。 3. 商品上下架、處理訂單、回答問題及出貨事宜。 4. 主管交辦之庶務行政工作。 5. 開發粉專/社團/IG合作行銷或銷售。 ***此工作不提供遠距上班***  條件： * 熟悉AI.PS軟體，具備設計.影像處理及獨立完稿能力。 * 工作效率高。 * 喜歡挑戰及學習新的事物。 * 積極發現並解
14558681,設計助理,半畝塘環境整合股份有限公司,台中,台中市,台中市西屯區,傳播藝術/設計,資訊科技/軟體網路,34000~38000 (period=2),月薪,34000,38000,0,0,傳統無AI,無,0,0,0,0,1. 設計圖面繪製(以ArchiCAD為主，AutoCAD為輔)。 2. 簡報製作及設計提案。 3. 熟悉擅長3D軟體及3D建模。 4. 其餘主管交辦事項。 
13544157,電商美編人員,台陞科技有限公司,台中,台中市,台中市西區,傳播藝術/設計,電子商務/數位零售,32000~9999999 (period=0),月薪,32000,32000,0,0,傳統無AI,無,0,0,0,0,"1. Banner設計製作 2. 商品頁圖文企劃及相關介紹製作 3. 社群平台 行銷素材/文案設計 4. 協助行銷相關人員.協同執行平台運營/專案 商品上架維護 5. 精通Photo shop/ Illustrator 等相關繪圖軟體  6. 具備溝通協調能力,團隊合作和獨立作業能力 7. 協助主管交辦事項   備註: 面試時會有上機考試，需與預留1小時以上時間(面試+上機考)。"
11777046,影像內容製作與剪輯專員 (Video Content Specialist),格芮絲專業培訓有限公司,台中,台中市,台中市大里區,傳播藝術/設計,文教/補教培訓,35000~70000 (period=0),月薪,35000,70000,0,0,傳統無AI,無,0,0,0,0,工作內容  1. 線上課程邏輯剪輯：負責長時數課程影片製作，核心任務在於「內容解構」，能從數小時素材中精準保留核心重點，確保教學邏輯清晰且流暢。 2. 短影音 (Reels) 內容創作：具備極強的框架感與抓重點能力，能將長片精華重新架構，轉化為具備流量爆點的短秒數影片。 3. 影像視覺優化：熟練運用 PR 與 AE 進行字卡設計、動態特效與音效處理，提升課程專業感與短片吸睛度。 4. 專案節奏管理：與營運團隊協作，確保所有影像產出符合公司行事曆計畫，並維持高品質的完片水準。 5. AI 影像效率應用：導入 AI 工具輔助剪輯與素材生成，用更高效的方式處理重複性後製工作。
14491335,室內設計-設計助理,宅集制作室內裝修有限公司,台中,台中市,台中市西區,傳播藝術/設計,廣告行銷/公關顧問,30000~35000 (period=0),月薪,30000,35000,0,0,傳統無AI,無,0,0,0,0,需配合公司設計師指示支援設計業務 作圖、丈量、現場確認等其他業務   申請者請交付電子作品集(PDF)以及個人簡歷與介紹。 請寄至shibuidesign195@gmail.com 適合的人選，我們將會以信件或電話回覆，並約定面談日期。
15373446,企劃美編（美業）,康嘉麗生化醫學股份有限公司,台中,台中市,台中市北屯區,傳播藝術/設計,生技/醫療保健,35000~9999999 (period=2),月薪,35000,35000,0,0,傳統無AI,無,0,0,0,0,#需一年以上相關工作經驗  【工作內容】 1. 熟悉並能操作以下軟體：Illustrator、Photoshop、Premiere（或剪映亦可） 2. 能獨立完成拍攝及剪輯3分鐘內短影片及15分鐘技術教學影片（含技術教學、產品介紹等內容） 3. 協助製作社群圖文設計、簡易動態圖檔 4. 協助整理影音素材，分類存入雲端作為內部教育資源庫  【加分條件】 @具備基礎美感與設計概念，能依品牌調性調整風格 @對美容／保養／自媒體行銷有興趣者尤佳 @具備社群圖文編排、基本腳本撰寫能力者尤佳
12198884,設計助理,馥珽國際股份有限公司,台中,台中市,台中市南屯區,傳播藝術/設計,電子商務/數位零售,35000~40000 (period=0),月薪,35000,40000,0,0,傳統無AI,無,0,0,0,0, 1.廚具專用軟體繪製.報價.下單 2.水電圖AUTO CAD 繪製 3.繪圖資料庫建立管理 4.簡報.合約製作 5.工地現場丈量 6.主管交辦事項 
13088186,視覺設計師,群智國際廣告企業社,台中,台中市,台中市西區,傳播藝術/設計,廣告行銷/公關顧問,面議,面議,,,1,0,傳統無AI,無,0,0,0,0,◎ 平面設計相關科系畢業者佳 ◎ 熟悉Illustrator、PhotoShop、InDesign相關軟體  ◎ 熟練影像處理、修圖合成、創意發想 ◎ 具備良好的溝通能力、抗壓性強，能獨立作業 ◎ 平面廣告設計、活動視覺與週邊規劃、展場&活動情境佈置...等  ◎ 曾參與文創商品設計或可電繪、手繪者更佳 ◎ 其他行政事務協辦  ※務必附上線上作品集  
14253367,服裝設計助理,CAMMADE_天煜服裝有限公司,台中,台中市,台中市北區,傳播藝術/設計,電子商務/數位零售,30000~35000 (period=0),月薪,30000,35000,0,0,傳統無AI,無,0,0,0,0,1.定期新款式設計開發 2.討論款式設計理念與流行趨勢 3.追蹤樣品進度相關事宜 4.具備市調蒐集及獨立執行相關作業 5.熟電腦繪圖軟體( Adobe系列) 6.協助主管處理交辦事項  ***請攜帶作品集，服裝本科為佳***
15397712,設計助理/圖資,維洲精密股份有限公司,台中,台中市,台中市神岡區,傳播藝術/設計,傳統製造/精密工業,33000~36000 (period=0),月薪,33000,36000,0,0,傳統無AI,無,0,0,0,0,整理圖片，BOM資料建立圖檔管理，學拆圖 圖檔卷宗檔案維護整理歸檔
14417903,網站行銷美編設計人員,"STYLE BEAUTY GROUP CO., LTD_和潤國際有限公司",台中,台中市,台中市烏日區,傳播藝術/設計,傳統製造/精密工業,32000~35000 (period=2),月薪,32000,35000,0,0,傳統無AI,無,0,0,0,0,1. 協助網站管理/社群媒體管理(無經驗可) 2. 協助海報設計/目錄設計/彩盒字稿設計 3. 其它主管交辦事項 4. 熟悉化妝品或喜歡化妝品佳 此職位可學習到設計/網路行銷社群，歡迎積極、喜歡學習的你加入我們團隊！
13032726,▋VAMOS BRAND｜Intern 【品牌設計/企劃實習生_立即招募中 !!】,VAMOS_法莫斯顧問有限公司,台中,台中市,台中市北屯區,傳播藝術/設計,廣告行銷/公關顧問,面議,面議,,,1,0,傳統無AI,無,0,0,0,0,對行銷這個行業充滿興趣 但卻覺得他跟你的另一半一樣 有看沒有懂，也不確定彼此適不適合嗎？  如果你現在正在迷路中 但你感受得到自己滿腔的熱血與創意  如果你想挑戰、想搞懂它 覺得速度跟壓力都難不倒你  那歡迎『有想法、敢嘗試』的你加入我們 我們會帶領你找到自己的方向  關於VAMOS：  在VAMOS專注品牌整合顧問服務 是協助企業品牌數位化創新轉型的第一推手！ 致力於讓品牌全面動起來（v.) 對於執行「大品牌」、「新創品牌」有熱情、想挑戰的， ＿＿＿＿＿＿＿＿＿＿＿＿＿＿＿＿＿＿＿＿＿＿＿＿＿  品牌設計工作內容： -貼文創意發想 -貼文、廣告素材製作 -不定期小創意製作 - 一周至少需實習
12780715,平面視覺設計╱美編人員【根號拾手作波士頓派】,根號拾_根號拾食品股份有限公司,台中,台中市,台中市中區,傳播藝術/設計,電子商務/數位零售,面議,面議,,,1,0,傳統無AI,無,0,0,0,0,＊ 檔期活動 商品美編、文宣、活動海報、DM設計、排版、繪圖、實體pop製作 ＊ 產品拍攝規劃及後續修圖去背、商品照片的編修與美化等美編 ＊ 網路活動banner製作、網站主視覺、商品說明頁相關美術設計製作 ＊ 產品包裝設計、印刷品發包及輸出 ＊ 網路社群及官網維護更新 ＊ 熟悉Photoshop、Illustrator、Lightroom ＊ 主管其它交辦事項，協助完成品牌規劃之目標 ＊ 跨部門合作溝通  【上班時間】 ＊早上9點30分至晚上6點30 中間休息一個小時 ＊見紅就休  【公司福利】 ＊ 勞、健保及退休金提撥：報到當日即辦理勞、健保投保   【員工福利】   ＊公司產品員購價與員
12526832,直播小幫手,樂敗精品_立天精品有限公司,台中,台中市,台中市烏日區,傳播藝術/設計,電子商務/數位零售,35000~60000 (period=0),月薪,35000,60000,0,0,傳統無AI,無,0,1,0,0,小幫手 1. 以直播形式介紹商品與銷售產品，需說明性質、特徵、品質、價格，可盡情發揮創意。 2.形象好、口條能力表達好、愛聊天、互動能力強。  3.直播時能與線上粉絲進行良好互動關係，不畏人群，口語表達能力佳。 4.學習能力強，態度積極勤勞，工作配合度高，抗壓性高有責任感。 5. 俱備與直播主現場介紹、即時對談、進度掌握的能力。 6. 對於相關活動與公司商品深入暸解，以有效掌握行銷契機。 7. 在線上與粉絲互動，並想點子聚集觀眾、吸引注意力。 8. 具備基本英文能力，每年需出差至美國三個月。  電腦手 1.	形象好、口條能力表達好、愛聊天、互動能力強。 2.	學習能力強，態度積極勤勞，工作配合
14326350,展覽活動視覺空間設計師,群智國際廣告企業社,台中,台中市,台中市西區,傳播藝術/設計,廣告行銷/公關顧問,35000~9999999 (period=3),月薪,35000,35000,0,0,傳統無AI,無,0,0,0,0,我們正在尋找一位兼具「視覺美感」與「空間規劃概念」的設計夥伴， 參與活動、展覽、校園情境佈置及各類展示空間的設計與執行。  【工作條件】  * 具良好的視覺設計、美感及版面編排能力 * 熟悉 Adobe Illustrator、Photoshop * 能進行活動、展覽及展示空間的整體視覺規劃 * 具展場空間配置、動線及情境設計概念 * 能依據客戶需求發展設計提案與視覺呈現 * 具備基本尺寸、材質及實際製作概念 * 能配合設計修改及專案執行進度 * 具良好溝通能力、責任感及團隊合作精神  【加分條件】  * 具展場、活動、校園情境佈置或商業空間設計經驗 * 會 SketchUp、3D 軟體或空間
13312238,Massimo Dutti_ Visual Commercial (台中老虎城門市),INDITEX_荷蘭商愛特思股份有限公司台灣分公司,台中,台中市,台中市西屯區,傳播藝術/設計,電子商務/數位零售,面議,面議,,,1,0,傳統無AI,無,0,0,0,0,【工作內容】:  -每日商品視覺陳列調整及維持與展示商品更換 -根據陳列指南進行門市新品規劃(每週兩次) -分析銷售數據並依照數據進行進一步調整 -依照賣場銷售情形與倉庫商品數量進行門市視覺陳列工作 -培訓店鋪同事對於日常店務基本技能與商品流行資訊 -須支援賣場銷售工作，提供客戶服務 -協助每日工作任務分配及規劃 -須能進行即時溝通與具備快速應變能力
14703858,『集團擴編』服務部(越南菁英)[保障底薪+每年調薪],恆通國際開發有限公司,台中,台中市,台中市西屯區,文字/傳媒工作,文教/補教培訓,38000~42000 (period=2),月薪,38000,42000,0,0,傳統無AI,無,0,0,0,0,1.翻譯客戶公告等相關文件。  2.協助雇主/移工之間的協調溝通。  3.協助雇主/移工所需相關文件辦理。  4.協助移工在台生活/工作適應協助。  5.主管交辦相關工作事項。    『 優質的工作環境(星級的廁所)與友善(好相處)的工作團隊，公司嚴禁同事霸凌跟言語騷擾，提供和諧氛圍。』    ※公司定期邀請專業講師，提供內部教育訓練課程，讓各位同仁能不斷地學習跟發展專業技能與舞台。    ［每三個月安排激勵營活動（住飯店+職業參觀）、每年二次國外員工旅遊（公司全額贊助）］    《不定期舉辦公益活動+捐血活動，善盡社會責任。》
12888253,小幫手(大夜班),財神金流有限公司,台中,台中市,台中市大里區,文字/傳媒工作,文教/補教培訓,34000~40000 (period=0),月薪,34000,40000,0,0,傳統無AI,無,0,0,0,0,［工作內容］ 1. 負責飲料調配(不會的會教你怎調配) 2. 遊戲玩家聊天互動~ 3. 寄送遊戲玩家廣告信 4. 日常整理與維護工作區域、現場之環境整潔。 5. 其他主管交辦事項(偶而外出採購)。 6.打報表  看過來!!很重要~很重要~很重要~您沒有任何相關經驗沒有關係~不要害怕~只要你有熱忱的心想要學習~認真的學習~個性開朗，善與人溝通~公司就會一對一培訓你唷^^歡迎勇與嘗試新工作的新鮮人或是還在求職的您快來一起跟我做同事唷^^  《福利制度》 1. 每月全勤獎金 2. 中秋.端午禮金 3. 生日禮金 4. 供應餐費 5.有勞健保 6.休假天數6~8天 (休假天數.彈性可選擇) 7.每個月
5687543,文書處理員,誠明文教管理事業股份有限公司,台中,台中市,台中市西屯區,文字/傳媒工作,文教/補教培訓,29500~35000 (period=0),月薪,29500,35000,0,0,傳統無AI,無,0,1,0,0,"中英文及科學符號輸入,修改並整合圖檔"
11384180,【急徵】日商/半導體設備商/工安人員-台中 【HK07】(部分有交通補助),台灣英特科股份有限公司,台中,台中市,台中市大雅區,文字/傳媒工作,其他服務/工商貿易,36000~40000 (period=0),月薪,36000,40000,0,0,傳統無AI,無,0,1,0,0,"1.客戶工廠內之安全監視及巡檢 2.施工前工具箱會議召開及安全宣導危害告知 3.行政作業:需輪流進辦公室操作電腦key in資料 4.無塵室環境,需長時間穿著無塵服 5.有丙種、甲種職業安全衛生業務主管證照佳 6.需配合加班 7.有交通補助（后里、苗栗） 8.會日文尤佳  歡迎 活潑外向/善於與人溝通者加入我們的行列 "
14560982,(台中)國中輔材編輯專員-社會科,明霖文教出版股份有限公司,台中,台中市,台中市西屯區,文字/傳媒工作,文教/補教培訓,32000~38000 (period=2),月薪,32000,38000,0,0,傳統無AI,無,0,0,0,0,1.國中社會科產品之規畫及製作(整稿、審稿、校稿等) 2.經營聯繫作者及委外廠商，與其溝通產品內容及規畫排程。
11443905,FTV民視中部新聞中心文字記者(台中),民視_民間全民電視股份有限公司,台中,台中市,台中市南區,文字/傳媒工作,其他服務/工商貿易,32000~45000 (period=2),月薪,32000,45000,0,0,傳統無AI,無,0,0,0,0,需處理中部五縣市之新聞採訪與撰稿、配音 即時現場連線、專題製作 
12888166,主管 助理 (大夜班),財神金流有限公司,台中,台中市,台中市大里區,文字/傳媒工作,文教/補教培訓,40000~45000 (period=0),月薪,40000,45000,0,0,傳統無AI,無,0,0,0,0,［工作內容］ 1. 處理客戶訂單 2. 客戶玩家聊天互動~ 3. 寄送客戶廣告信 4. 日常整理與維護工作區域、現場之環境整潔。 5. 其他主管交辦事項(偶而外出採購)。 6.打報表  看過來!!很重要~很重要~很重要~您沒有任何相關經驗沒有關係~不要害怕~只要你有熱忱的心想要學習~認真的學習~個性開朗，善與人溝通~公司就會一對一培訓你唷^^歡迎勇與嘗試新工作的新鮮人或是還在求職的您快來一起跟我做同事唷^^  《福利制度》 1. 每月全勤獎金 2. 中秋.端午禮金 3. 生日禮金 4. 供應餐費 5.有勞健保 6.休假天數.彈性可選擇 7.每個月業績獎金，營業額有達標會發放，沒達標則無 8.過
14412144,文管翻譯師,美錡國際股份有限公司,台中,台中市,台中市南屯區,文字/傳媒工作,文教/補教培訓,38000~46000 (period=0),月薪,38000,46000,0,0,傳統無AI,無,0,1,0,0,1、管理&更新公司內部知識與培訓 2、編輯工程/技術相關教育訓練教材 3、進行工程/技術文件翻譯及檔案整理 4、工作需使用英文與業主或國外廠商或外籍人士成員溝通，包括口語及書面。 5、協助完成主管交辦事項
13198139,新聞部中部新聞中心助理記者/記者,中天電視股份有限公司,台中,台中市,台中市西區,文字/傳媒工作,其他服務/工商貿易,30000~45000 (period=0),月薪,30000,45000,0,0,傳統無AI,無,0,0,0,0,1.對新聞議題有基本概念。 2.協助製作每日新聞，採訪撰稿。 3.新聞採訪，經營以政治、生活、財經為主的路線。 4.具挖掘獨家新聞規劃能力、設定議題及新聞角度。 4.需要即時直播連線和觀眾與網友進行互動
14528377,文字記者(新聞部採訪中心)(台中),臺灣電視事業股份有限公司,台中,台中市,台中市南區,文字/傳媒工作,其他服務/工商貿易,35000~50000 (period=2),月薪,35000,50000,0,0,傳統無AI,無,0,0,0,0,1.新聞事件採訪、撰稿、配音。 2.有新聞電子媒體工作經驗者尤佳。 3.歡迎身障者及具原住民身分者應徵。  *面試時請攜帶最近三個月公立醫院體檢報告+胸部X光報告(當日立即歸還，體檢費用請自行負擔)
15261040,台中專案行政助理 (英文/需出差),日商英特愛酷信股份有限公司台灣分公司,台中,台中市,台中市西屯區,文字/傳媒工作,文教/補教培訓,36000~45000 (period=0),月薪,36000,45000,0,0,傳統無AI,無,0,1,0,0,・員工進場前協助安全檢查 ・掌握員工出勤狀況及請假紀錄回報 ・協助申辦外國籍員工任用相關作業及申辦在台工作許可與文件 ・廠區工安文件申請、進出廠證件等相關文書業務 ・廠內安全規範相關文書業務及相關教育訓練課程報名 ・現場缺失違規及突發事件對應 ・協助與外國籍員工溝通協調並即時彙報 ・外籍員工宿舍/交通安排對應 ・協助每月請款相關作業 ・協助新進外籍工程師報到及內部教育訓練 ・主管及現場監工交辦事項及協調 ・參與客戶端安全會議 ・需外勤  ▲前期可出差苗栗銅鑼半年者佳 (公司提供宿舍及相關補助) ▲表達能力強、擅於溝通協調者佳 ▲主要對應菲籍工程師，需流暢的英文日常會話能力 ▲若現場有需求需要配
15378930,【星野餐飲集團】星野製菓【電商＆實體】-專案行銷企劃,星野烘焙事業股份有限公司,台中,台中市,台中市南屯區,文字/傳媒工作,生技/醫療保健,35000~40000 (period=3),月薪,35000,40000,0,0,傳統無AI,無,0,1,0,0,★☆★ 加入星野餐飲大家庭，發現美食的無限可能！★☆★ 『各位夢想探險家們，都準備好了嗎？』 歡迎來到星野餐飲集團，這是美食與創意的絕妙交融之地！我們總部坐落於台中，引領著美食界的潮流。 作為台中美食先鋒，我們相當榮幸成為台中首家獲得米其林3星3推薦的頂尖餐飲集團。 我們不僅是一個餐飲集團，更是一個專注於創造極致美味的團隊。 如果您渴望在一個充滿活力且創意的環境中工作，並對於挑戰新的味覺體驗充滿熱情，那麼您將會是我們的理想夥伴！  ╬╬ 工作內容 ╬╬ 1、專案企劃：實體及數位活動企劃執行，擁有說故事的能力。 2、活動企劃：實體及OMO活動企劃、專案推動執行、專案KPI監督、數據分析及策略改善
14561155,(台中)輔材編輯專員-英語科,明霖文教出版股份有限公司,台中,台中市,台中市西屯區,文字/傳媒工作,文教/補教培訓,34000~40000 (period=2),月薪,34000,40000,0,0,傳統無AI,無,0,1,0,0,1.國中、國小英語科產品之規畫及製作(整稿、審稿、校稿等)。 2.經營聯繫作者及委外廠商，與其溝通產品內容及規畫排程。
9944702,編採/記者,經緯國際媒體有限公司,台中,台中市,台中市西屯區,文字/傳媒工作,傳統製造/精密工業,35000~40000 (period=3),月薪,35000,40000,0,0,傳統無AI,無,0,0,0,0,"1.專題企畫撰稿,新聞採訪(活動,人物,賽事) 2.外稿編寫/編輯工作 3.具攝影能力 4.具雜誌採訪編輯工作相關經驗及對自行車產業有興趣者"
14972606,【台中】英文客戶案件諮詢專員,沛思坦網路股份有限公司,台中,台中市,台中市西屯區,文字/傳媒工作,資訊科技/軟體網路,50000~9999999 (period=3),月薪,50000,50000,0,0,傳統無AI,無,0,1,0,0,"工作職責： 1. 根據客戶資料評估、分類和彙整案件。 2. 與美加的跨國團隊合作，為潛在客戶提供專業法律諮詢服務。  徵才要求： 1. 具有出色的英語寫作技巧（具有英語寫作經驗者優先錄用）。 2. 高度重視細節並具有出色的客戶服務技能。 3. 能夠在短期快速學習並獨立工作。 4. 能高效、準確地處理大量案件。 5. 具應變能力及抗壓性。 6. 畢業於國內外英語相關研究所佳。  Job responsibilities: 1. Evaluate, categorize, and organize cases based on potential clients' profiles. 2. Col"
15305531,工程口譯工程師（泰文／英文）,美錡國際股份有限公司,台中,台中市,台中市龍井區,文字/傳媒工作,其他服務/工商貿易,面議,面議,,,1,0,傳統無AI,無,0,1,0,0,1. 協助工地現場泰籍人員、國外技術人員及公司同仁之口譯與溝通協調。 2. 協助現場工作安排、施工進度及工程資訊傳達。 3. 主管交辦事項。
13120007,Office Administrative,西班牙商離岸風電能源顧問有限公司台灣分公司,台中,台中市,台中市西屯區,文字/傳媒工作,其他服務/工商貿易,面議,面議,,,1,0,傳統無AI,無,0,0,0,0,工作內容： 1. 辦公室及專案一般行政庶務採購及短期技師招募工作 2. 負責台灣及日本專案會議、現場溝通和文件翻譯 3. 能配合因公出差工作安排 4. 主管交辦事項  其他條件:  1. 善協調溝通能力、有耐心、認真、負責、肯虛心學習接受訓練者。  2. 具樂觀積極、不怕挫折困難的態度。自我管理能力佳、並具備團隊合作精神。   
14348630,半導體現場日文翻譯人員｜具日語會話能力,台灣吉燕有限公司,台中,台中市,台中市西屯區,文字/傳媒工作,資訊科技/軟體網路,34000~9999999 (period=0),月薪,34000,34000,0,0,傳統無AI,無,0,1,0,0,"【職務內容】  ・負責半導體廠現場中日文即時口譯及溝通協調 ・協助日本籍工程師與現場人員之工作溝通及訊息傳達 ・會議口譯及相關文件翻譯 ・協助現場工作及其他翻譯相關事務 ・其他主管交辦事項     【薪資待遇】  ・試用期：1～3個月，依個人工作表現可提前結束試用期 ・試用期間：月薪 NT$34,000 ・試用期通過後：月薪 NT$35,000 以上（含全勤獎金） ・具日文現場翻譯或半導體相關經驗者，薪資可依經驗及能力另議  【其他】  ・本職務為現場翻譯工作，非辦公室職務，需配合工作團隊至台灣各地出差，     出差時間依專案而定 ・出差期間公司提供住宿及交通補助，另有出差津貼 ・本職缺重視"
13276386,D.TELL男裝品牌徵-社群行銷小編,D.TELL_滴點服飾,台中,台中市,台中市北區,文字/傳媒工作,電子商務/數位零售,32500~9999999 (period=0),月薪,32500,32500,0,0,傳統無AI,無,0,0,0,0,D.TELL｜社群小編（Social Media Manager）  ⸻  關於 D.TELL 	•	LOGO由首字母 D 與 T 變化組成，並勾勒出人臉元素，隱晦闡述以人為本，訴說細節。 	•	D.TELL 為造詞，由 detail（細節）與 tell（訴說）變化組成，譯為「細節的訴說」。  成立於 2016 年，經歷了商圈轉型、網路世代來臨、疫情挑戰與內部變動。 我們用無數次的調整，僥倖存活至今。 變化才是永恆，而唯一不變的是對細節的堅持。  D.TELL 是專注於「質感、細節與實穿性」的男裝品牌， 我們不走快時尚、不賣浮誇流行，而是陪伴顧客打造長期耐看的衣櫥。  如果你喜歡文字、喜歡拍照
14303272,文管翻譯師,碳集應用科技股份有限公司,台中,台中市,台中市南屯區,文字/傳媒工作,文教/補教培訓,37000~45000 (period=0),月薪,37000,45000,0,0,傳統無AI,無,0,1,0,0,1、管理&更新公司內部知識與培訓 2、編輯相關教育訓練教材 3、進行文件翻譯及檔案整理 4、工作需使用英文與業主或外籍人士成員溝通，包括口語及書面。 5、協助完成主管交辦事項
12805157,執行編輯(台中),育達文化事業股份有限公司,台中,台中市,台中市西屯區,文字/傳媒工作,其他服務/工商貿易,30000~9999999 (period=2),月薪,30000,30000,0,0,傳統無AI,無,0,0,0,0,1.負責高中職及大專教科書、周邊教材審稿、校對、編輯（審稿、改稿、下標、掌控作者進稿進度、排版進度）、美編溝通協調及送審流程、發印、出版等事宜  2.其他主管交辦事項 
11971861,企劃美編助理+行政-學生實習,耀驊科技有限公司,台中,台中市,台中市沙鹿區,文字/傳媒工作,資訊科技/軟體網路,2000~4000 (period=0),面議,,,1,0,傳統無AI,無,0,0,0,0,我們公司主要協助企業撰寫政府補助企劃，助理工作是協助示意圖製作與一些文案撰寫（類似雜誌，做為補充說明），也需幫忙處理一些行政事務 繪圖工作會較多，美編與文案撰寫比例為７：３ 工作內容多元豐富，適合喜歡學習，觀察能力好的人，未來的職涯會不錯的發展性。  主要工作內容為協助同事(專案經理)進行 1.示意圖製作 2.少部分文案撰寫 3.資料蒐集與整理 4.PPT製作 5.行政事務  【應徵特別說明】 投遞之履歷將由主管親自審閱，初審合格者將主動聯繫；若不符合本職缺需求者，恕不予以通知。 
15245586,行政助理,東震股份有限公司,台中,台中市,台中市西屯區,文字/傳媒工作,文教/補教培訓,33000~35000 (period=2),月薪,33000,35000,0,0,傳統無AI,無,0,0,0,0,1. 內容採訪與文字撰寫  負責公司期刊、產品文案、企業刊物、領導人故事採訪與報導撰寫。  各類活動宣傳文案、社群貼文（FB/IG/LINE）及內部公告文案擬定。 2. 活動與專案企劃協助  參與公司各類活動（如：產品發表會、經銷商培訓、表揚大會）之企劃案撰寫與執行。  輔助製作簡報（PPT）、活動流程表與文宣講稿。 3. 跨部門溝通與行政協調  內外部各部門保持良好溝通，確保專案進度順暢。  各類文件資料整備、校對、歸檔與文書相關行政作業支援。 4. 主管交辦之企劃相關專案。
7746156,高中英文翻譯及作文閱卷長期配合老師,松盟科技股份有限公司,台中,台中市,台中市西屯區,文字/傳媒工作,文教/補教培訓,6~8 (period=0),面議,,,1,0,傳統無AI,無,0,1,0,0,高中英文翻譯及作文批改長期配合人員。  高中英文翻譯及作文批改，需具備良好英文能力，面試時需通過筆試。  批閱期間需留在台中公司批閱，批閱期間約5~7天，故為台中居住地者為佳。  按件計酬，每份6~8塊。
13941136,執行編輯(台中編輯部),育達文化事業股份有限公司,台中,台中市,台中市西屯區,文字/傳媒工作,其他服務/工商貿易,30000~9999999 (period=2),月薪,30000,30000,0,0,傳統無AI,無,0,0,0,0,1.負責高中與技職教科書、周邊教材編輯工作（與作者溝通聯繫、整稿、掌控書籍進度）、與美編溝通協調及其他送審流程、付印出版等事宜。 2.其他主管交辦事項。  
15243820,現場日文翻譯 (台中),日商英特愛酷信股份有限公司台灣分公司,台中,台中市,台中市大雅區,文字/傳媒工作,其他服務/工商貿易,35000~45000 (period=0),月薪,35000,45000,0,0,傳統無AI,無,0,1,0,0,・協助日籍主管翻譯 ・相關文書資料翻譯 ・會議即時口譯及記錄 ・主管交辦事項  ▲ 表達能力強、擅於溝通協調者佳 ▲ 依現場工作需求可能需進入無塵室 ▲ 若現場有需求需要配合加班，會依據勞基法規定計算加班費 
14389739,SEO英文文章寫手 (遠距接案) | SEO Content Writer (Freelancer),崴浤科技股份有限公司,台中,台中市,台中市北屯區,文字/傳媒工作,資訊科技/軟體網路,3000~6000 (period=2),面議,,,1,0,傳統無AI,無,0,1,0,0,您是一位熱愛閱讀與文字創作的人嗎？ 我們正在尋找以外包形式協助我們撰寫SEO英文文案的寫手。  --希望您有以下經驗-- 1. 依照關鍵字與大綱，撰寫出符合SEO結構的文章。 2. 擁有資料收集與彙整的能力。 3. 精通英文寫作，有B2B產業文案撰寫經驗者佳。 4. 能依約準時完成任務。 5. 良好的團隊合作和溝通能力。  --合作方式-- 外包，按件計酬。  如果您對這份工作充滿興趣，歡迎附上作品集或相關經驗！
15050935,外籍人才行政助理 (高雄),日商英特愛酷信股份有限公司台灣分公司,台中,台中市,台中市西屯區,文字/傳媒工作,其他服務/工商貿易,36000~42000 (period=0),月薪,36000,42000,0,0,傳統無AI,無,0,0,0,0,・協助外國籍員工新進人員面試 ・熟悉公司規章，擔任公司與菲籍員工的溝通窗口 ・熟悉外國籍員工應聘與相關申請流程 ・與相關部門交涉與溝通  ▲表達能力強、擅於溝通協調者佳 ▲主要對應菲籍白領工程師 ▲需配合海外出差 (含出差津貼) ▲無經驗可，願意學習者佳 ▲工作待遇包含固定津貼，實際薪資將依面試結果核定
14667463,【擴大徵才】留遊學文件助理(台中),大都會國際移民事業有限公司,台中,台中市,台中市西屯區,文字/傳媒工作,文教/補教培訓,35000~39000 (period=2),月薪,35000,39000,0,0,傳統無AI,無,0,1,0,0,讓學生夢想啟航的第一站，就是你細心的陪伴！ 你是否對留學充滿熱情，樂於助人，擅長安排與紀錄？ 我們正在尋找一位願意與顧問並肩作戰的「留遊學文件助理」， 你會參與從文件申請到出發前的每個重要時刻， 成為學生與學校之間最關鍵的橋樑。  【工作樣貌】 1.協助顧問整理學校資料，海外學校申請文件整理  2.處理學校文件申請、申請表格填寫、學校資料歸檔與維護 3.報名後學生資料整理，協助簽證辦理 4.協助整理學校資料及顧問諮詢所需的資訊 5.教育訓練會議紀錄與行政文書資料處理 6.處理學校申請文件、資料歸檔與記錄    【職缺條件】 1.擁有留遊學經驗者佳 2.英文說聽讀寫流利者佳   【加分條件】 1
13130316,日本市場助理,萌寵生醫股份有限公司,台中,台中市,台中市西區,文字/傳媒工作,其他服務/工商貿易,29500~30000 (period=2),月薪,29500,30000,0,0,傳統無AI,無,0,0,0,0,
12162259,【台中】英文文件管理客服專員 English Documentation Specialist,沛思坦網路股份有限公司,台中,台中市,台中市西屯區,文字/傳媒工作,文教/補教培訓,35000~50000 (period=0),月薪,35000,50000,0,0,傳統無AI,無,0,1,0,0,本公司正在尋找英文傑出人才擔任「英文文件管理客服專員」，負責管理全球客戶的法律申請專案，並向客戶提供專業諮詢服務。  【工作內容】 1、文件審查與評估：仔細核對客戶提供的各類法律文件、表格與背景資料，確認內容沒有遺漏或格式錯誤，確保符合規定。 2、文件校對與彙整：負責校對、修改及調整客戶的專案申請資料；需要時會協助微調內容，並將所有文件分類整理成完整的檔案。 3、英文書面客服與案件引導：主要以英文 Email 或通訊軟體回覆客戶問題，引導客戶正確填寫表格，並說明接下來要準備的案件流程。 4、跨國與跨團隊協作：與美國當地的合作夥伴、法律撰寫團隊（Legal Writing Team）以及律師/法
11045009,文字記者 (月薪+專案獎金),群健有線電視股份有限公司,台中,台中市,台中市西區,文字/傳媒工作,其他服務/工商貿易,32000~45000 (period=2),月薪,32000,45000,0,0,傳統無AI,無,0,0,0,0,1.新聞採訪、寫稿、旁白 2.節目採訪製作、新聞專題製作 3.新聞及節目主持及播報 *另有專案執行獎金(視個人績效發放)  ★官網新聞焦點(供參了解地方新聞)：https://www.tbc.net.tw/News/NewsList?newsType=3 
12175042,ESG永續管理師（台中辦公室）,領導力企業管理顧問有限公司,台中,台中市,台中市南區,文字/傳媒工作,其他服務/工商貿易,面議,面議,,,1,0,傳統無AI,無,0,0,0,0,工作內容 1.企業ESG顧問專案相關內容執行（ESG報告書專案規劃、訪談、資料盤點彙整、撰寫、校對...等）。 2.協助企業制定永續策略並優化永續管理、建立企業永續文化 。 3.熟悉國際及產業永續框架、法規及趨勢（GRI、TCFD、SASB、CDP、SBTi、DJSI...等）。 4.協助客戶導入各項永續國際準則。 5.定期撰寫永續相關議題之文章或短文。 6.規劃ESG相關課程、講座舉辦。 7.部門行政、主管交代事項。   能力及特質 1.能獨立作業，具良好的專案管理能力/經驗。 2.熟悉出版流程及相關事務。 3.擅長資料彙整及產出資訊。 4.完善的溝通協調與表達能力。 5.有能力可了解和掌握
15362528,E29-日商公司-國外業務人員,精英人力資源股份有限公司,台中,台中市,台中市西屯區,文字/傳媒工作,其他服務/工商貿易,40000~50000 (period=0),月薪,40000,50000,0,0,傳統無AI,無,0,1,0,0,"【工作內容】 1.維繫國內外客戶關係與供應商管理 2.使用英日文與國外供應商及客戶聯繫 3.開發國內外客戶及產品介紹 4.進度追蹤與跨單位協商 5.客訴處理與品質檢討 6.客戶情報收集 7.業務擴展  【薪資】月薪40,000~50,000元，依經歷核薪。 【上班時間】周一~周五8:30~17:00，中間休1.5小時(12:00~13:30) 【工作地點】台中市西屯區文心路二段  【需求條件】 1.大學以上畢業 2.日文N1，英文讀寫OK，或英文流利，日文N2以上 3.具國外業務一年以上經驗 4.具小型車駕照 5.須配合出差(ex:日本、東南亞)。  【福利】 ➜年終獎金   ➜年終尾牙 ➜不"
13747540,編輯企劃,旭祐科技股份有限公司,台中,台中市,台中市北屯區,文字/傳媒工作,資訊科技/軟體網路,30000~40000 (period=0),月薪,30000,40000,0,0,傳統無AI,無,0,0,0,0,職責： 1.負責對書稿（文理皆可）內容進行收集、整理、編輯、調整，確保品質，保證進度； 2.根據編寫要求，聯絡作者，編輯整合稿件； 3.負責已出版圖書的維護工作； 4.負責編輯出版流程各個環節的溝通和協調工作。 5.需瞭解專案團隊的設計、執行、協調、驗收，和財務收益等。 資格： 1.高中以上學歷，有出版社或參考書編輯從業經驗者優先； 2.有較強的文字駕馭能力，瞭解出版流程，有編輯從業資格證者優先； 3.熱愛文字工作，做事沉穩踏實，有細心和耐心，具備強烈的責任感和團隊意識，溝通合作能力強。 4.熟練使用電腦文書處理軟體，如WORD EXCEL等，中級以上能力，有資訊背景尤佳。
12175045,永續專員/文字編輯（台中辦公室）,領導力企業管理顧問有限公司,台中,台中市,台中市南區,文字/傳媒工作,其他服務/工商貿易,33000~40000 (period=4),月薪,33000,40000,0,0,傳統無AI,無,0,0,0,0,工作內容： 1.企業ESG顧問專案相關內容執行（ESG報告書訪談、資料盤點彙整、撰寫、校對...等） 2.熟悉國際及產業永續框架、法規及趨勢（GRI、TCFD、SASB、CDP、SBTi、DJSI..等） 3.定期撰寫永續相關議題之文章或短文。 4.協助ESG相關課程、講座舉辦。 5.投標相關協助。 6.行銷相關工作規劃與執行。 7.主管交代事項。   能力及特質 1.熟悉出版流程及相關事務。 2.具備良好資料整理能力及溝通協調與表達能力。 3.文筆流暢、有條理、邏輯性佳。 4.細心且熱衷學習新事務。 5.能獨立運作/抗壓性高/責任感強。 6.對ESG、淨零、永續各項等國際標準及議題有高度興趣
11790398,SEO英文文案寫手,崴浤科技股份有限公司,台中,台中市,台中市北屯區,文字/傳媒工作,資訊科技/軟體網路,34000~50000 (period=2),月薪,34000,50000,0,0,傳統無AI,無,0,1,0,0,【工作內容】 根據客戶提供之關鍵字撰寫符合SEO結構的產業知識文章。目的是提高關鍵字排名與網站自然流量，以增加品牌知名度。工作內容單純，主要以撰寫文章為主，因為會大量使用英文，所以能維持英文實力。   【基本能力】 1. 精通英文閱讀、英文寫作 2. 擁有資料收集與彙整的能力 3. 具備良好的邏輯思維與團隊溝通能力 4. 文筆流暢且邏輯性佳，對文字有高度理解能力 5. 時間控管能力佳，能準時完成任務。  【加分條件】 1. 有B2B產業文案撰寫經驗 2. 撰寫過1000字以上的文章 3. 有SEO行銷經驗或是對SEO有興趣者 4. 熟悉Google Analytics、Google Searc
14717692,產品銷售直播主  經常性8萬以上(獎金無上限),劦辰傳媒有限公司,台中,台中市,台中市烏日區,文字/傳媒工作,電子商務/數位零售,29500~9999999 (period=0),月薪,29500,29500,0,0,傳統無AI,無,0,0,0,0,工作內容  劦辰傳媒有限公司專注於傳統通路、自媒體、多平台直播與電商行銷，讓好產品被更多人看見，也讓消費者用更有趣、即時的方式認識商品。加入我們，和團隊一起把鞋類、布類及服飾品的魅力，透過鏡頭分享給更多喜歡生活與時尚的觀眾！  1. 熟悉鞋類、布類及服飾品特色，透過直播進行商品介紹、試穿展示與銷售推廣 2. 擔任直播主持人，負責口語表達、氣氛帶動、觀眾互動及即時回覆留言 3. 依照直播主題與銷售目標，準備商品資訊、展示方式及直播內容 4. 配合團隊執行多平台直播、短影音及社群推廣活動 5. 觀察直播數據、觀眾反應與銷售狀況，協助調整商品介紹與直播策略 6. 與內部製作、投放、文案及業務團隊協作
14825926,印尼語翻譯客服人員(台中),盛華人力資源股份有限公司,台中,台中市,台中市南屯區,文字/傳媒工作,其他服務/工商貿易,35000~9999999 (period=2),月薪,35000,35000,0,0,傳統無AI,無,0,0,0,0,1.為外籍移工與客戶間進行翻譯 2. 翻譯文件 3. 跑送文件 4. 外籍移工生活、工作相關事項服務 5.  主管交辦事項 **一定要會開車並且持有駕照  (公司提供公務車)
11594065,時事議題撰稿員,寶信會計師事務所,台中,台中市,台中市北區,文字/傳媒工作,其他服務/工商貿易,38000~50000 (period=4),月薪,38000,50000,0,0,傳統無AI,無,0,0,0,0,一、撰寫兩岸、國際、人物等時事類文章。 二、能短時間獨立完成上萬字之各類題材文章。 三、須協助議題撰寫、修改、校對。 四、不得對外承攬案件，本所不接受外來件。  本職務有【新聞、時事、議題】深度寫作經驗者，優先錄取！ 若您熱愛徜徉文字工作，這兒就是您的舞台了！ 歡迎寫作高手放馬過來！  ※ 非遠端工作，需到公司打卡上班寫稿件，非接案！ ※ 面試時將進行筆試，請應徵者自行預留筆試時間！  
15399080,ღ假日班ღ兼職/在家工作/聲播免簽約,泫錡文創工作室,台中,台中市,台中市西屯區,文字/傳媒工作,廣告行銷/公關顧問,3000~8000 (period=0),面議,,,1,0,傳統無AI,無,0,0,0,0,"線上聊天在家工作！ 只要你肯努力！ 肯認真！ 公司福利多多！ 每個月都有獎金！不定期聚餐！聚會 只要你肯努力六位數不是問題！  適合你嗎？ ✔ 不想露臉但想成為直播主 ✔ 想從副業開始或以聲音為主打造個人事業 ✔ 無經驗可，我們願意陪你從零開始！ ✔ 不想再用勞力換薪資，想挑戰高收入  新進主播平均收入約為2000元至10,000元， 穩定開播並持續經營後， 兼職收入可達20,000元以上， 實際收入依個人表現及投入程度而定。"
15396540,半導體日商★台中日文行政★ | 月薪42K-47K | 無經驗可!!!歡迎新鮮人~(KTS_1231),藝珂人事顧問股份有限公司,台中,台中市,台中市大雅區,文字/傳媒工作,其他服務/工商貿易,42000~47000 (period=0),月薪,42000,47000,0,0,傳統無AI,無,0,1,0,0,【工作內容】 (1)協助整理設備文件、分析及歸檔各類文書與數據分析報表資料。 (2)負責與日本相關單位或人員的聯繫，處理業務往來、資訊傳達及文件翻譯等事宜。 (3)協助主管準備會議資料，參與會議並負責會議記錄與後續跟進事項。 (4)處理包商人員的出工申報、請款核對及相關帳務處理。 (5)管理日常事務用品與工事用品的採購、處理物料進出管理。 (6)支援無塵室現場日文口譯及溝通協調協助 (7)處理主管交辦業務。  【薪資】 42000-47000  【上班班別】 9:00-18:00 (有夜間工程需求須配合夜班支援)★有提供夜班津貼   ★歡迎新鮮人 ★日文N3以上就可投遞 
14350778,翻譯人員,芮弗數位有限公司,台中,台中市,台中市大里區,文字/傳媒工作,資訊科技/軟體網路,31800~70000 (period=0),月薪,31800,70000,0,0,傳統無AI,無,0,0,0,0,1. 文件/信件翻譯。 2. 會議/談判即時口譯。 3. 有商務經驗者優先。 4. 依語言程度、種類、多國語言能力調整薪資。 5. 協助日常庶務性行政工作。 6. 一年約聘，連任者可續聘。
12999025,飯店網訂文書專員（兼職/排班制）,企業家大飯店_企業家旅館有限公司,台中,台中市,台中市東區,文字/傳媒工作,其他服務/工商貿易,196~196 (period=0),時薪折算,31360,31360,0,0,傳統無AI,無,0,0,0,0,▎職務簡介 您是飯店訂單的精算師，也是旅客與飯店間的首要橋樑。此職位負責管理各大旅遊訂房網站（OTA）的後台運作，並在高峰時段機動支援現場櫃台，是飯店維持高效率營運的關鍵成員。  ▎工作內容 訂房流程管理：  執行各平台訂單登錄（Key-in）、電話接聽與訂位確認。  每日訂單進度追蹤、查詢，確保資訊同步無誤。  房控與價格操作：  負責各大訂房網站的開關房設定及房價即時調整。  處理旅客的預約變更、延期或取消申請。  顧客關係維護：  專業回覆顧客電子郵件及相關諮詢，提供精準的旅遊資訊。  機動現場支援：  櫃台機動支援： 需配合現場營運需求，支援櫃台進退房（Check-in/out）作業及
14447707,無塵室日文翻譯管理師(台中)│服務日系設備大廠◆須日文N2以上,亞威科技有限公司,台中,台中市,台中市后里區,文字/傳媒工作,文教/補教培訓,38000~80000 (period=0),月薪,38000,80000,0,0,傳統無AI,無,0,1,0,0,【加入亞威，開啟你的半導體專業職涯！】  亞威誠摯歡迎想挑戰日文口譯的您！即使未具備半導體產業的相關背景沒關係，公司將提供系統化的實務培訓與隨行實戰引導，手把手帶領您快速熟悉廠區規範與專業術語，協助您成為跨國溝通的佼佼者！  【工作說明】 1. 負責日籍工程師與台籍工程師之間的即時溝通。 2. 協助日文相關行政庶務處理、基礎文書作業與進度追蹤。 3. 主管交辦事項。  【公司制度】 1. 薪資：核薪38K~80K（依學經歷背景核定；享有派駐津貼，詳細薪酬結構於面試時完整說明）。 2. 工作地點：中部科學園區。  【職務需求】 ✔語言能力：須持有 JLPT N2（含）以上證照，具備流暢的日文聽力
14057896,[台中]遊留學顧問,自助家遊學網_自助家有限公司,台中,台中市,台中市北區,文字/傳媒工作,文教/補教培訓,面議,面議,,,1,0,傳統無AI,無,0,0,0,0,我們目前正在尋找對於海外教育有熱情的您，一同加入我們的團隊，為準留學生們引導方向，協助他們完成遊學夢想。  顧問每月平均薪資約4.2萬~7萬 採保障底薪+獎金制度  這份工作需要您：  1.分享海外遊留學經驗並為客戶研擬遊學計畫 2.協助客戶完成留學申請並定期追蹤進度 3.協助客戶與海外學校溝通、聯繫 4.協助客戶申請學生簽證 5.網站規劃/翻譯等 6.為客戶舉辦行前說明會並協助安排住宿、接機與機票代訂等服務 7.不定期籌辦講座、說明會及其他線下活動  
13572131,【全省】越南勞工宿舍管理員/生活管理師 (免費提供餐宿),揚運國際發展有限公司,台中,台中市,台中市北區,文字/傳媒工作,文教/補教培訓,30000~40000 (period=0),月薪,30000,40000,0,0,傳統無AI,無,0,0,0,0,【工作內容】 1. 生活輔導、書信代轉。 2. 一般/日常行政表格填報。 3. 勞工朋友生活輔導、協助就醫 4. 勞資雙方之翻譯溝通、協調 5. 其他主管交辦事項。  *歡迎應屆畢業生，無經驗可培訓*  ※依具備語文能力，管理該國移工 ※起薪依語文、個性特質、工作經驗核薪 ※需住宿 ※為全省工區職缺 ※需具備汽車駕照尤佳 
7403750,N024 文字記者(中部),年代網際事業股份有限公司,台中,台中市,台中市北區,文字/傳媒工作,其他服務/工商貿易,29500~50000 (period=2),月薪,29500,50000,0,0,傳統無AI,無,0,0,0,0,1.新聞採訪、撰稿、過音、現場LIVE、佈線 2.新聞訊息掌握
13039759,日文業務專員,龍浦興業股份有限公司,台中,台中市,台中市南屯區,文字/傳媒工作,傳統製造/精密工業,50000~9999999 (period=4),月薪,50000,50000,0,0,傳統無AI,無,0,1,0,0,業務成長，招聘人才，誠徵日藉人士負責開發新客戶、維護客戶等業務。 (請仔細研讀以上內容，條件不符合者，請勿投遞，謝謝合作)
15396374,英越-英泰口譯人員 English-Vietnamese and English-Thai Interpreters,台灣翻譯股份有限公司,台中,台中市,台中市中區,文字/傳媒工作,其他服務/工商貿易,2000~10000 (period=4),面議,,,1,0,傳統無AI,無,0,0,0,0,★《工作內容 Job Description》 內容為基本訊息，一對一逐步口譯。 General Information. One-on-One Consecutive Interpreting 時間: 10月6-7號 (8:00-15:00) Time: Oct. 6-7 (8:00-15:00) 
11541942,新聞攝影 (月薪+專案獎金),群健有線電視股份有限公司,台中,台中市,台中市西區,文字/傳媒工作,其他服務/工商貿易,32000~45000 (period=2),月薪,32000,45000,0,0,傳統無AI,無,0,0,0,0,1.節目、新聞攝影 2.節目、新聞剪輯 3.攝影棚攝影&副控室後製 4.配合公司活動相關任務 *另有專案執行獎金(視個人績效發放)
11201109,【網站文書編輯】行政助理、文書、秘書！加入台中矽谷,皮克網路有限公司,台中,台中市,台中市豐原區,文字/傳媒工作,資訊科技/軟體網路,30000~34000 (period=0),月薪,30000,34000,0,0,傳統無AI,無,0,0,0,0,"工作內容： 1. 撰寫網路文章 2. 負責蒐集業務需求相關資訊及市場生態調查 3. 熟悉網路生態,FB/FB社團/PTT/DCARD/Mobile01/Twitter/IG等 4. 因業務需求，願意接受各種不同面向的題材文章撰寫 5. 業務數據整理、分析，定期更新報表 6. 網路文章例行更新及維護 7. 社群及論譠文章推廣及資料蒐集 8. 主管交辨事項  必備條件： 1、略懂繪圖軟體 2、熟悉文書作業軟體如EXCEL / WORD / POWER POINT 3、工作上需細心及有耐性，能處理較瑣碎的資料及事物 4、重視團隊合作與默契，良好的溝通協調能力。 5、能接受挑戰性任務且具備責任心 6、"
10952566,無塵室日文翻譯人員(台中),GLOBAL BRIDGE GROUP_錦燐有限公司,台中,台中市,台中市西屯區,文字/傳媒工作,傳統製造/精密工業,32000~41000 (period=0),月薪,32000,41000,0,0,傳統無AI,無,0,1,0,0," 在半導體廠商無塵室內，配合日籍工程師與客戶端或現場作業人員之溝通  職務類別：現場翻譯／口譯  上班時段：需配合輪班或出差  科系要求：日文系 語文條件：日文 -- 聽 /精通、說 /精通 證照要求：日檢N2以上  公司福利： 1. 單身宿舍（台灣國內出差） 2. 根據公司營運狀況及同仁績效表現進行年度調薪 3. 年中,年終獎金 4. 各式禮金(三節禮金、婚喪喜慶禮金...) 5. 高額之團體保險 6. 出差津貼補助"
12912032,英文市場助理,萌寵生醫股份有限公司,台中,台中市,台中市西區,文字/傳媒工作,其他服務/工商貿易,29500~30000 (period=0),月薪,29500,30000,0,0,傳統無AI,無,0,1,0,0,1. 英文翻譯 2. 國際開發 3. 經營國際市場 
12831820,品保文管人員,油順精密股份有限公司,台中,台中市,台中市南屯區,文字/傳媒工作,傳統製造/精密工業,32000~36000 (period=2),月薪,32000,36000,0,0,傳統無AI,無,0,1,0,0,1.品保相關文件表單建立與發行。 2.文件資料檢查、更新、彙整與歸檔。 3.國外英文法規文件翻譯。 4.協助內/外部稽核相關事項。 5.協助會議籌備、準備資料等相關事項。 6.主管交辦事項。 7.偶需配合加班。
15303133,數位製版技術人員,速定智慧科技股份有限公司,台中,台中市,台中市太平區,文字/傳媒工作,傳統製造/精密工業,35000~38000 (period=2),月薪,35000,38000,0,0,傳統無AI,無,0,0,0,1,每一件完美的印刷，都始於一次精準的印前製版。  我們是一家專注於印前分色製版的新創公司，以 「智慧印前・完美印刷」 為核心理念，結合數位化、自動化、色彩管理與綠色製程，打造高品質、高效率且友善環境的印刷解決方案。  我們相信，製版不只是生產流程的一部分，更是決定印刷品質的關鍵。透過精準的製版技術，不僅能提升產品品質，更能減少重工、降低材料浪費，讓專業與環境永續同行。  ◎工作內容 ● 製版設備操作與日常維護 ● 製版品質檢查與尺寸確認 ● 製版資料整理與建檔 ● 協助印前製程及品質控管 ● 配合生產流程完成製版作業 ● 維護工作空間整潔衛生  ◎我們希望你 ● 做事細心、有責任感 ● 對機械設
13254984,台中總公司-審稿人員(中班13:00-22:00),健豪印刷事業股份有限公司,台中,台中市,台中市西區,文字/傳媒工作,其他服務/工商貿易,32000~32000 (period=0),月薪,32000,32000,0,0,傳統無AI,無,0,0,0,0,名片稿件收稿、審稿與製稿諮詢(工作內容與設計無關)  ***本職缺為常態性加班性質，每日加班約0.5~1.5小時，加班費依法令規定計算***
14450782,【生活體驗編輯】旅遊、美食、運動！加入台中矽谷,皮克網路有限公司,台中,台中市,台中市豐原區,文字/傳媒工作,資訊科技/軟體網路,30000~34000 (period=0),月薪,30000,34000,0,0,傳統無AI,無,0,0,0,0,工作內容： 1. 網路文章例行更新及維護 2. 出外景實際體驗、拍照、攝影以及撰寫開箱文、體驗文 (例如：餐廳、景點、手作、運動活動類的體驗、住宿開箱等等) 3. 蒐集業務需求相關資訊及市場生態調查 4. 數據整理、分析用戶行為追蹤成效並擬定計劃。  必備條件 1、對於新事物或是新問題，保持正向學習、勇於解決的態度 2、了解網路生態，例如Threads/Twitter(X)/IG/FB/社團/Google商家等 3、願意接受各種不同面向的文章題材撰寫 4、工作上需細心及有耐性，能處理較瑣碎的資料及事物 5、重視團隊合作與默契，良好的溝通協調能力。 6、能接受挑戰性任務且具備責任心 7、能在高速
15230706,英文工安翻譯員,方俊工程有限公司,台中,台中市,台中市后里區,文字/傳媒工作,文教/補教培訓,40000~9999999 (period=2),月薪,40000,40000,0,0,傳統無AI,無,0,1,0,0,"方俊工程有限公司  Fang Jun Engineering Co., Ltd. ◆ 主要承接於科技廠◆   ※此職位需有相關經驗※ ※需自備相關證照※  【工作內容 】 1.負責中文與英語即時翻譯、溝通協調及文件協助翻譯。 2.執行及推動職業安全衛生管理事項，並配合廠區、業主、及相關法令規定辦理。 3.辦理現場巡查、業主聯合巡檢、自主檢查及相關紀錄與追蹤管理事項。 4.督導施工人員遵守工作安全規範，並協助辦理安全衛生教育訓練。 5.追蹤現場缺失、異常事項及相關問題之改善進度，並協助完成改善回報。 6.維護作業現場環境安全、整理整頓，預防潛在危害發生。 7.製作及管理工安相關文件、表單與紀錄。"
11204225,【網站編輯版主】行政助理、文書！加入台中矽谷,皮克網路有限公司,台中,台中市,台中市豐原區,文字/傳媒工作,資訊科技/軟體網路,30000~34000 (period=0),月薪,30000,34000,0,0,傳統無AI,無,0,0,0,0,"工作內容： 1. 網路文章例行更新及維護 2. 撰寫網路文章 3. 蒐集業務需求相關資訊及市場生態調查 4. 了解網路生態,PTT/Dcard/Mobile01/Twitter/IG/FB/FB社團/等 5. 願意接受各種不同面向的文章題材撰寫 6. 數據整理、分析，定期更新報表 7. 社群及論譠文章推廣及資料蒐集  必備條件： 1、對於新事物或是新問題，保持正向學習、勇於解決的態度 2、會使用小畫家 3、熟悉文書作業軟體如EXCEL / WORD  4、工作上需細心及有耐性，能處理較瑣碎的資料及事物 5、重視團隊合作與默契，良好的溝通協調能力。 6、能接受挑戰性任務且具備責任心 7、能在高速"
14337754,台中日語現場人員（FMS）,騰璽科技股份有限公司,台中,台中市,台中市西屯區,文字/傳媒工作,傳統製造/精密工業,38000~9999999 (period=0),月薪,38000,38000,0,0,傳統無AI,無,0,1,0,0,＊工作地點為無塵室  1. 協助日籍或台籍工程師與客戶之交涉、協調、翻譯 2. 確認裝機進度、日程並回報辦公室人員 3. 廠內工具之借出、歸還等管理記錄 4. 提醒裝機工程師相關安全注意事項並巡檢 5. 量測試作品數據並記錄結果   *加班費另計 *台積廠內經驗尤佳 *待過設備商經驗尤佳 *需輪班(早班、小夜、大夜)
15050065,日文翻譯(及辦公室行政助理),易新機械設備工程有限公司,台中,台中市,台中市西屯區,文字/傳媒工作,傳統製造/精密工業,36000~50000 (period=0),月薪,36000,50000,0,0,傳統無AI,無,0,1,0,0,日文翻譯 1. 準確而流暢地將日語，口譯對話及文字翻譯成中日文。 2. 依據不同的題材，進行不同重點的筆譯。  行政助理 1. 負責一般office文書資料處理及公司文件建立及管理。 2. 協助處理庶務性行政工作。簡單零用金管理。 3. 協助會議安排。 4. 支援其他部門業務（如：採購、業務、人事）。  業務助理 1. 保持與客戶間之聯繫，回覆e-mail。 2. 協助處理工安事項及文件撰寫。  補充說明： 1. 在職教育訓練，幹部培育， 2. 需有外語暨日文能力，(略懂英文更佳) 3. 需細心與耐心，溝通能力、個性主動積極、有禮貌、肯學習、正向有效率. 4. 依能力起薪調薪，績效獎金、 5.
14913356,行政客服,巧樂美食有限公司,台中,台中市,台中市潭子區,文字/傳媒工作,其他服務/工商貿易,30000~35000 (period=0),月薪,30000,35000,0,0,傳統無AI,無,0,0,0,0,1. 接聽客服專線電話並解決客戶問題。 2. 回覆各平臺網站問題，粉絲專頁發文。 3.辦公室資料填寫、處理。 4. 拓展業務 （有處理過公司帳款稅務、發票等工作優先錄取。）  電話客服是一個非常重要的職位，因為他們是公司和顧客之間的橋樑。在這個職位上，你將有機會學習如何妥善處理客戶的問題，提高自己的溝通技巧，並成為公司成功的一部分。 如果您對這個職位感興趣，請提交您的履歷表，期待與您的見面！ 
14667473,【擴大徵才】留遊學顧問助理(台中),大都會國際移民事業有限公司,台中,台中市,台中市西屯區,文字/傳媒工作,文教/補教培訓,40000~9999999 (period=3),月薪,40000,40000,0,0,傳統無AI,無,0,1,0,0,讓學生夢想啟航的第一站，就是你細心的陪伴！ 你是否對留學充滿熱情，樂於助人，擅長安排與紀錄？ 我們正在尋找一位願意與顧問並肩作戰的「顧問助理」， 你會參與從文件申請到出發前的每個重要時刻， 成為學生與學校之間最關鍵的橋樑。  【工作樣貌】 1.負責統整顧問建議的申請學校資料並參與學生諮詢、學校說明與記錄學生需求                                                                                                 2.輔助留遊學顧問與學生交流，申請進度追踪與重要時程提醒並制定追蹤表 3.參與海外教育機構訓練
12763648,中部地方文字記者(新聞部/採訪中心/地方組-中部中心),TVBS_聯利媒體股份有限公司,台中,台中市,台中市西區,文字/傳媒工作,其他服務/工商貿易,30000~45000 (period=3),月薪,30000,45000,0,0,傳統無AI,無,0,0,0,0,1.負責中部地方新聞採訪及拍攝 2.新聞專題採訪及製作
15394172,越語翻譯人員,益照國際開發有限公司,台中,台中市,台中市西屯區,文字/傳媒工作,其他服務/工商貿易,32000~40000 (period=2),月薪,32000,40000,0,0,傳統無AI,無,0,0,0,0,1.客戶服務   2.雙語溝通   3.文件翻譯   4.緊急事務處理   5.熟悉相關外勞作業流程. 能獨立作業.  此職務需要會開車。
12538452,營運部－飯店櫃檯接待人員(長期兼職),紅點文旅股份有限公司,台中,台中市,台中市中區,文字/傳媒工作,文教/補教培訓,196~196 (period=0),時薪折算,31360,31360,0,0,傳統無AI,無,0,1,0,0,1. 櫃檯接待相關事務。  2. 提供當地旅遊諮詢，並協助推薦旅行計畫。  3. 樂於協助全館團隊，增加客人滿意度。 4. 溝通能力佳，具客訴及危機處理能力。  5. 專人培訓，具服務業經驗佳。  6. 需諳電腦文書作業系統。  **熟悉英／日語，相關科系畢業者佳。** 誠摯歡迎各類產業之有創意、有熱忱、勇於挑戰的夥伴加入！
15395246,Project Document Controller & Translator (Taichung Blue Line),法商阿爾斯通運輸股份有限公司台灣分公司,台中,台中市,台中市西屯區,文字/傳媒工作,資訊科技/軟體網路,40000~9999999 (period=6),月薪,40000,40000,0,0,傳統無AI,無,0,0,0,0,"#English resume required  Location: Taichung City  We are looking for Project Document Controller & Translator to join our rail system & signalling projects in Alstom Taiwan. You will involve in Taichung Blue Line Project   If you are keen to develop your career in international organization, this o"
9041054,菲律賓翻譯(英文）,護仕康有限公司,台中,台中市,台中市北區,文字/傳媒工作,其他服務/工商貿易,35000~45000 (period=2),月薪,35000,45000,0,0,傳統無AI,無,0,1,0,0,1.協助勞雇雙方溝通事項  2.電話 文件翻譯  3.定期訪視關心移工在台生活  4.精通菲律賓文 或  英文皆可  5.完成主管交辦事項    不定期需要出差（當天來回）  具備良好溝通技巧         
12972038,遊戲編劇,冰角數位股份有限公司,台中,台中市,台中市南屯區,文字/傳媒工作,資訊科技/軟體網路,35000~38000 (period=0),月薪,35000,38000,0,0,傳統無AI,無,0,0,0,0,1. 遊戲劇本、文案內容撰寫、整理、校正。 2. 角色、世界觀、特殊節慶活動等文案內容設計。 3. 安排遊戲劇情演出以及角色對話。 4. 其他文字內容相關工作(多國翻譯校閱處理)。 5. 能夠獨自完成主管交辦的工作項目。
12276468,活動專案企畫,大台中數位有線電視股份有限公司,台中,台中市,台中市西屯區,文字/傳媒工作,廣告行銷/公關顧問,32000~45000 (period=2),月薪,32000,45000,0,0,傳統無AI,無,0,0,0,0,【工作內容】： 1.廣告/新聞/影音/活動企劃提案、執行與結案報告製作，能獨立掌握各專案執行進度。 2.具良好溝通能力、能獨立完成主管交辦事務。 3.異業合作洽談與執行。 4.本職務有獎金制度，獎金另計，歡迎挑戰高薪。  【其他條件】： 1.具標案企畫書撰寫能力及經驗尤佳。 2.有業務開發經驗或其他媒體公司經驗者，優先列入面試資格。 3.抗壓性佳、時間觀念佳且情緒管理佳。 
14652275,視訊互動直播主【台中】,迴嚮工作室,台中,台中市,台中市北區,文字/傳媒工作,生技/醫療保健,40000~80000 (period=0),月薪,40000,80000,0,0,傳統無AI,無,0,0,0,0,把聊天當工作，讓才華變現金！開啟鏡頭，你就是主角！ 直播，不只是興趣，更是一種收入！邊講幹話邊賺錢的工作？有！我們就是！  ◆ 對表演、分享、聊天有熱情 ◆ 樂於與觀眾互動、展現自我 ◆ 有才藝、鏡頭感佳者尤佳(不會才藝也可以) ◆ 無經驗可，免簽約、免付費，公司提供完整培訓 ◆ 無須實體接觸，個人健康隱私安全性高 ◆ 隨開隨播，操作簡單 ◆ 實體公司不受騙 ◆ 可在家工作，至公司上班皆有提供「免費」場地電腦設備  【工作內容】 1. 透過視訊方式直播與線上會員互動 2. 和會員保持良好互動，對答能力強佳 3. 經營線上的觀眾培養  【薪資福利】 ✨正職：每天上線7小時，月休8天自由排假 (可
14599269,新聞採訪記者_台中大里,鑫傳國際多媒體科技股份有限公司,台中,台中市,台中市大里區,文字/傳媒工作,廣告行銷/公關顧問,30000~40000 (period=0),月薪,30000,40000,0,0,傳統無AI,無,0,0,0,0,1.相關科系畢業 2.需具備新聞採訪專業 3.會基本攝影剪輯能力 4.有影像創作及主動學習熱忱 5.口語流利，國台語精通者佳 6.對於熱門資訊、議題具敏感度 7.具備小型車駕照  擅長工具 攝影能力、剪輯軟體、新聞撰稿
15403162,資深文案師 Copywriter,面子新媒體行銷有限公司,台中,台中市,台中市東區,文字/傳媒工作,廣告行銷/公關顧問,面議,面議,,,1,0,傳統無AI,無,0,1,0,0,《 你熱愛閱讀，擅長寫出有靈魂的文案，無論是腳本、廣告、社群或只是圖上的一句話，文字經過你，總能引起觀眾情緒的波瀾起伏與熱情互動》  在這份工作中，您將負責「廣告文案創作與企劃發想」，你的文案力與創意，可以寫出有影響力的文案以及共情的故事，並效率溝通讓團隊落實你的想法。  對於品牌敏銳度高，無論是什麼類型的品牌、產品，都能迅速抓到賣點。因為「文字就是你的靈魂」。你有意願接觸多元產業(台臺灣與海外)，動腦袋思考是日常，千變萬化的挑戰都能被你迎刃而解。  主要工作內容： 1. 產品拍攝企劃/自媒體影音腳本 2. 社群廣告文案 3. 網站文案 4. 新品募資銷售文案 5. 各式品牌企劃、長短文創作需
14878578,現場日文口譯人員(台中后里美光）,傑成科技工程行,台中,台中市,台中市后里區,文字/傳媒工作,資訊科技/軟體網路,250~250 (period=0),時薪折算,40000,40000,0,0,傳統無AI,無,0,1,0,0,*現場日文口譯人員（台中美光廠區） *在保留原語的語法及詞意的原則下，準確而流暢地將一種語言或文字翻譯成另一種文字 *現場協助中外工程師之間的口頭溝通與技術討論 *協助外籍人員了解現場規範與安全流程。 *配合主管交辦之臨時翻譯或行政任務。
14228207,行政撰稿員,寶信會計師事務所,台中,台中市,台中市北區,文字/傳媒工作,其他服務/工商貿易,34000~40000 (period=2),月薪,34000,40000,0,0,傳統無AI,無,0,0,0,0,一、櫃台電話接聽、客戶來訪接待等行政庶務。 二、維護大廳整潔、會議室及茶水間清潔檢查。 三、處理例行性的工作、主管交辦之事項。 四、能撰寫兩岸、國際、人物、經濟等時事類文章。 五、能短時間獨立完成數千字以上至上萬字之各類題材文章。 六、須協助議題撰寫、修改、校對。 七、不得對外承攬案件，本所不接受外來件。  樂於與人互動，個性活躍，有櫃台行政經驗優先錄取！ 有【新聞、時事、議題】深度寫作經驗優先錄取！ 若熱愛徜徉文字工作，這兒就是您的舞台了！  ※ 面試時將進行筆試，請應徵者自行預留筆試時間！  
15177877,西文翻譯,璽貿實業股份有限公司,台中,台中市,台中市西屯區,文字/傳媒工作,其他服務/工商貿易,40000~9999999 (period=0),月薪,40000,40000,0,0,傳統無AI,無,0,1,1,0,我們正在尋找具備語言能力與國際溝通能力的人才加入團隊！  工作內容包含：  * 公司文件與資料翻譯 * 協助國外客戶溝通與接待 * 展會現場口譯與協調 * 協助海外市場交流 * 配合國內外展覽出差 * 一般行政與文書作業處理 * 協助整理資料、報表與會議紀錄 * 協助部門日常溝通與行政支援  我們希望你：  * 具備英文或西班牙文能力 * 喜歡與人互動與國際交流 * 反應快、具責任感 * 對展會、國際貿易或海外市場有興趣 * 熟悉基本文書作業與電腦操作 * 有翻譯、業務、展會或行政經驗者佳  我們提供：  * 穩定正職工作 * 國際展會與海外交流機會 * 良好工作環境 * 成長與發展空間  歡
15271109,AI影音剪輯師｜AI影像製作與剪輯【台中】,立亨網絡服務有限公司,台中,台中市,台中市西屯區,文字/傳媒工作,其他服務/工商貿易,45000~55000 (period=0),月薪,45000,55000,0,0,傳統無AI,無,0,0,0,0,【 職務職責 】 1. IP 定位與帳號管理： 負責帳號 IP 的定位設定、風格規劃、日常營運與社群帳號管理。 2. AI 內容高效產出： 每日運用 AI 影音編輯工具，高效產出 3 支高質量短影音。 3. 流程標準化： 建構與優化 AI 影音編輯製作流程，將其標準化（SOP 化），提升團隊整體產能。 4. 影音前置作業： 負責影片的前置籌備、文案整理與素材管理。 5. 後製特效包裝： 進行影片剪接、流暢度編輯、配音，並靈活動態加入動畫、字幕與音樂特效。 6. 品質細節把關： 嚴格把關成品品質，對製作好的影片進行細部修改與優化。 7. 多平台適配輸出： 負責影片的轉檔、導出與多平台格式適配，確
14652280,視訊互動直播主【不限地區/長期/短期/24小時自由安排】,迴嚮工作室,台中,台中市,台中市北區,文字/傳媒工作,生技/醫療保健,250~500 (period=0),時薪折算,40000,80000,0,0,傳統無AI,無,0,0,0,0,把聊天當工作，讓才華變現金！開啟鏡頭，你就是主角！ 直播，不只是興趣，更是一種收入！邊講幹話邊賺錢的工作？有！我們就是！  ◆ 對表演、分享、聊天有熱情 ◆ 樂於與觀眾互動、展現自我 ◆ 有才藝、鏡頭感佳者尤佳(不會才藝也可以) ◆ 無經驗可，免簽約、免付費，公司提供完整培訓 ◆ 無須實體接觸，個人健康隱私安全性高 ◆ 隨開隨播，操作簡單 ◆ 實體公司不受騙 ◆ 可在家工作，至公司上班皆有提供「免費」場地電腦設備  【工作內容】 1. 透過視訊方式直播與線上會員互動 2. 和會員保持良好互動，對答能力強佳 3. 經營線上的觀眾培養  【薪資福利】 ✨正職：每天上線7小時，月休8天自由排假 (可
11333909,汽車技術資料製作工程師,台灣森茂森股份有限公司,台中,台中市,台中市西屯區,文字/傳媒工作,傳統製造/精密工業,32000~42000 (period=0),月薪,32000,42000,0,0,傳統無AI,無,0,0,0,0,主要承製國內及國外主要汽車原廠之技術類及教育訓練類相關文件（使用手冊、修護手冊及訓練手冊等）。 歡迎汽車及機械相關科系畢業人士一同加入我們的行列。  職務說明： 1.車輛技術資料比對及製作 2.車輛技術教育訓練教材開發 3.車輛實車拆卸、安裝及比對實作（國內或國外出差） 4.車輛電路圖製作 5.車輛各式手冊內容撰寫及製作 6.專案技術支援及協助 7.各式手冊翻譯後的校稿 8. 到職後公司會提供相關之教育訓練以使同仁具備上述工作之能力  若您具有細心負責的特質且有主動學習的意願，本公司將有完善之教育訓練培訓課程，協助您完整掌握工作上所需具備的專業及能力。
7189150,日文翻譯協調員/安全稽核員-中部科學園區,華勻整合服務有限公司,台中,台中市,台中市西屯區,文字/傳媒工作,其他服務/工商貿易,34000~42000 (period=0),月薪,34000,42000,0,0,傳統無AI,無,0,1,0,0,"1. 協助機台裝機作業, 協助客戶與日籍裝機人員之翻譯溝通(日文略懂亦可)  2. 現場作業時安全注意&提醒  3. 協助量測機台借用  4. 人員入場協助、工安課陪同  5. 需視業務狀況調整勤務時間(含夜勤及假日)  6. 有FAB機台翻譯及裝機協助經驗者佳  7. 日文略懂亦可,喜愛日本文化者亦可  8. 日文系佳"
15303450,中泰翻譯人員-台中,真泰青埔有限公司,台中,台中市,台中市南區,文字/傳媒工作,電子商務/數位零售,36000~9999999 (period=0),月薪,36000,36000,0,0,傳統無AI,無,0,0,0,0,1. 翻譯公司內部泰國相關文件。 2.外國公司與人員翻譯 3.進行工作現場即時口譯。 4. 協助國外主管現場口譯與溝通協調。 
15152244,文件編輯人員,皇將科技股份有限公司,台中,台中市,台中市大里區,文字/傳媒工作,傳統製造/精密工業,32000~35000 (period=2),月薪,32000,35000,0,0,傳統無AI,無,0,1,0,0,1.技術文件之編輯、修改 2.製作確效文件 3.文件附件與操作說明書 4.主管交辦事項處理  面試時須攜帶英語能力檢驗(TOEIC)證明影本 
15263615,設計課技術翻譯人員｜英文溝通,華城重電股份有限公司,台中,台中市,台中市梧棲區,文字/傳媒工作,傳統製造/精密工業,33000~42000 (period=0),月薪,33000,42000,0,0,傳統無AI,無,0,1,0,0,【工作內容】 1.負責國內外客戶之產品規範、技術文件及相關資料閱讀、翻譯、整理與彙整。 2.協助與國外客戶進行英文書信往來、技術事項溝通及會議交流，並協助追蹤相關議題。 3.負責產品 BOM（物料清單）建立、維護及資料確認。 4.協助產品設計過程中之問題確認、資料整理及跨部門溝通協調。 5.協助控制電路設計、圖面繪製及相關設計作業；無相關經驗者可透過培訓逐步學習。 6.配合設計、業務、生產及相關單位進行技術資料確認與問題處理。 7.其他主管交辦之設計、翻譯及專案相關事項。  【職務條件】 1.具良好英文閱讀、書寫及基本口語溝通能力。 2.TOEIC 600分以上或具同等英文能力證明。 3.能閱
15275116,【外商】日文品牌推廣專員(台中/獎金另計) Business Development Executive - Japanese Speaking,維泰國際有限公司,台中,台中市,台中市西屯區,文字/傳媒工作,文教/補教培訓,40000~52000 (period=3),月薪,40000,52000,0,0,傳統無AI,無,0,1,0,0,Welcome to join us!  【關於我們】 Ｈi 我們是Vtech Global 維泰國際， 總部位於新加坡的Vtech，負責推廣國際數位金融資訊服務品牌 ✓國際外商文化：與新加坡、馬來西亞等地團隊跨國協作 ✓開放創新環境：您的想法能真正被採納與實踐 ✓具競爭力的獎金制度：業績導向、表現透明 ✓明確的成長路徑：從品牌推廣到區域主管的晉升機會 ✓完善福利：彈性上下班、員工旅遊、健檢津貼、教育訓練、金融知識培訓等 公司持續擴編中，歡迎想挑戰高薪的夥伴加入!  【工作內容】 ▪︎ 潛在客戶開發: 主動識別和接洽潛在客戶，增加客戶對平台使用意向及頻率 ※每月績效獎金制度(獎金級距加倍) ▪
13335307,(台中)輔材編輯專員-數學科,明霖文教出版股份有限公司,台中,台中市,台中市西屯區,文字/傳媒工作,文教/補教培訓,34000~40000 (period=2),月薪,34000,40000,0,0,傳統無AI,無,0,0,0,0,1.國中、國小參考書產品之規畫及製作(整稿、審稿、校稿等)。 2.經營聯繫作者及委外廠商，與其溝通產品內容及規畫排程。
15391269,【香繼光集團】-媒體公關經理,香繼光集團_香繼光股份有限公司,台中,台中市,台中市太平區,文字/傳媒工作,廣告行銷/公關顧問,67900~79900 (period=0),月薪,67900,79900,0,0,傳統無AI,無,0,0,0,0,1.規劃並執行集團年度品牌行銷、公關及傳播策略，以提升品牌知名度與市場曝光 2.建立並維繫媒體，拓展品牌聲量與曝光機會 3.撰寫新聞稿、媒體採訪資料、品牌故事及行銷文案 4.規劃及執行媒體活動、記者會、品牌合作及公關接待專案 5.分析市場趨勢、競爭品牌動態及活動成效，提出優化建議 6.協助年度預算規劃、費用控管及成效追蹤 
15357606,法律專題文章主筆｜ 論件計酬・遠端居家,睿見法律事務所,台中,台中市,台中市西區,文字/傳媒工作,其他服務/工商貿易,900~1500 (period=3),時薪折算,144000,240000,0,0,傳統無AI,無,0,0,0,0,"【工作內容】 1. 撰寫日常實用法律知識文章。 2. 每篇文章字數需達 3,000~5,000 字（不限法律科別，內容需具備可讀性與專業度）。 3. 依照事務所規劃之主題，每月穩定產出至少 5 篇以上的高品質文章。 4. 協助搜集相關法規、判決字號與實務見解，將專業法律語言轉化為大眾易懂之內容。  【工作性質】 兼職／專案接案（論件計酬）  【出勤型態】 全遠端居家上班（偶爾需進辦公室）  【工作地點】 居家辦公（居住於台中地區者，方便必要時實體溝通或參與事務所活動）  【條件要求】 限法律相關科系畢業，具相關撰稿經驗者優先錄用。  【核心技能與規範】 1. 嚴禁使用 AI 工具生成文章：事務"
15276318,【台中大雅】半導體日譯管理師(每年調薪/視訊面談/無經驗可/到大公司歷練),特瑞科技有限公司,台中,台中市,台中市大雅區,文字/傳媒工作,資訊科技/軟體網路,38000~48000 (period=2),月薪,38000,48000,0,0,傳統無AI,無,0,1,0,0,1. 日文口說即時翻譯(協助工程師溝通翻譯) 2. 基礎文書處理 3. 文件翻譯-比例低 4. 協助於廠區碼頭move in搬入 /move out搬出相關事宜(不需搬物品，需處理行政事務) 5. 協助相關行政庶務工作  6. 需於無塵室&廠區碼頭工作 7. 主管交辦事項 8. 對應廠區台中華邦  ⭐公司享有每年度調薪、三節獎金、各項獎金...等福利 **歡迎大學新鮮人，可以到大公司歷練，提升日文能力，提升自我競爭力!
11360739,網路文學研究員、文章編輯、文書行政！加入台中矽谷網路公司,皮克網路有限公司,台中,台中市,台中市豐原區,文字/傳媒工作,資訊科技/軟體網路,30000~34000 (period=0),月薪,30000,34000,0,0,傳統無AI,無,0,0,0,0,《歡迎勇於接受挑戰、渴求新創思維的你加入我們!!!》 網路產業瞬息萬變，需要不斷調整、不斷學習才能向上成長！ 我們需要積極有活力、善溝通、求新求變、勇於挑戰的新夥伴！  工作內容： 1.負責蒐集業務需求相關資訊及市場生態調查 2.業務數據整理、分析，定期更新報表 3.社群及論譠文章推廣及資料蒐集 4.客服經營與開發。 5.負責潤校譯稿。 6.負責選書提案。 7.處理相關文書工作。 8.分析用戶行為追蹤成效並且擬定計劃。  具備以下條件者尤佳： 1.對網路文章、書籍、小說、文學，有興趣、充滿熱情 2.對閱覽文字不厭其煩 3.具備基本數據導向思維。 4.因業務需求，願意接受各種不同面向的題材文章瀏
15051253,越南翻譯人員 (兼職)_台中分公司,昇和國際開發股份有限公司,台中,台中市,台中市南屯區,文字/傳媒工作,其他服務/工商貿易,1200~1500 (period=0),時薪折算,192000,240000,0,0,傳統無AI,無,0,0,0,0,1. 協助雇主執行外國勞工之管理事項 2. 一般/日常行政表格填報 3. 勞工朋友生活輔導、協助就醫 4. 勞資雙方之溝通、協調 5. 其他主管交辦事項 6. 有相關經驗者優先錄取迎 
13145206,[台中] 西班牙文老師 Profesor/Profesora de español - Spanish Teacher｜Oh Young Language Center in Taichung,新飛國際股份有限公司,台中,台中市,台中市西區,文字/傳媒工作,文教/補教培訓,650~9999999 (period=2),時薪折算,104000,104000,0,0,傳統無AI,無,0,0,0,0,1. Spanish course teaching 2. Good interaction with the students 3. Teaching materials preparation 4. Those with teaching experience are preferred  歐揚語言中心誠徵西班牙文老師 歡迎有教學經驗與熱忱的您加入我們的團隊！ 
15394198,ESL美語班導師,小博士幼兒美語學院_臺中市私立小博士幼兒園,台中,台中市,台中市太平區,文字/傳媒工作,文教/補教培訓,36000~42000 (period=2),月薪,36000,42000,0,0,傳統無AI,無,0,1,0,0,外文系或英語系畢業尤佳 ESL國小部英文聽說讀寫教學 配合外師全美語教學 與家長互動溝通學生狀況
15389243,日文翻譯管理師,達航科技股份有限公司,台中,台中市,台中市大甲區,文字/傳媒工作,資訊科技/軟體網路,37000~45000 (period=0),月薪,37000,45000,0,0,傳統無AI,無,0,1,0,0,本職務須配合出差到日本東京 1.對設備類學習有興趣 2.喜歡人際互動
12485807,柬埔寨工讀生(翻譯柬文),颿達有限公司,台中,台中市,台中市南屯區,文字/傳媒工作,其他服務/工商貿易,200~200 (period=0),時薪折算,32000,32000,0,0,傳統無AI,無,0,0,0,0,"翻譯,電腦"
14443331,【台中】越南翻譯人員,寶華國際人力顧問股份有限公司,台中,台中市,台中市北區,文字/傳媒工作,其他服務/工商貿易,35000~40000 (period=0),月薪,35000,40000,0,0,傳統無AI,無,0,0,0,0,工作內容: 1. 協助越南移工與雇主間的溝通協調 2. 日常生活輔導的翻譯服務  3. 翻譯書面文件成中文或越南文 4. 主管交辦事項 5.可以配合出差駐廠 6.協助經營公司社群媒體 (行銷推廣、社群小編、客服回覆...) 7.移工招募  福利: 1.附高級宿舍 2.業績獎金 3.員工慶生 4.團保 5.三節禮金/禮盒  ✦歡迎有興趣的求職者投遞履歷！
15012159,【新加坡商】行政專員 Bilingual Administrator_ 603H,萬寶華企業管理顧問股份有限公司,台中,台中市,台中市清水區,文字/傳媒工作,傳統製造/精密工業,60000~9999999 (period=0),月薪,60000,60000,0,0,傳統無AI,無,0,1,0,0,※ 本職缺為正職代招，非派遣職缺，錄取後將直接任職於機具零組件大廠 ，成為正式編制員工，享有完整正職福利制度。  【公司簡介】 公司是全球機具與工程機械零組件的龍頭領導品牌。全球辦公室遍布 180 多個國家，台灣團隊作為跨國鏈結的重要 Hub。我們提供純正的雙語工作環境與開放的組織文化，讓你的語言能力與行政專業發揮最大價值！  【工作內容】 - 跨國溝通樞紐 (Global Communication Hub)： 擔任在地優質供應商、全球關聯企業與跨部門團隊之間的雙語靈魂 bridge。 - 供應商關係管理 (Supplier Relationship Management)： 透過開放、主動
13119298,網站、行銷、FB文字編輯,愛露營_台灣愛露營科技有限公司,台中,台中市,台中市北屯區,文字/傳媒工作,資訊科技/軟體網路,29500~9999999 (period=0),月薪,29500,29500,0,0,傳統無AI,無,0,0,0,0,必需熟悉Wordpress網站後台操作。   需對露營、戶外活動相關主題有興趣，並對露營產業具敏銳度，相關經歷或學科如觀光、旅遊等可加分。   文字編輯工作、審核稿件並修改校對、潤飾文字並配合主管執行各項編輯作業。    推廣、經營與管理現有品牌、產品、公司整體的形象，並負責相關文案撰寫、規劃與製作。   網站、社群平臺及媒體操作經營、管理、維護及成效洞察與改善建議。    最好有新媒體推廣相關經驗，熟悉Blog、IG、FB、Line等社群平台。   觀察露營、戶外市場及競業品牌資訊、掌握流行趨勢及話題商品炒作。   具備自律、獨立作業、團隊合作、統籌整合能力，善溝通協調、注重團隊培養與團隊合
15362108,印尼翻譯人員 (全/兼職)_台中分公司,昇和國際開發股份有限公司,台中,台中市,台中市南屯區,文字/傳媒工作,其他服務/工商貿易,35000~45000 (period=0),月薪,35000,45000,0,0,傳統無AI,無,0,0,0,0,如果你印尼語溜到不行，又不想每天坐在辦公室對著牆壁發呆，來我們家就對了！ 我們提供最完整的資源，讓你專心發揮翻譯長才，成為大家的神隊友！  你的日常挑戰（其實一點都不難）：  線上溝通達人： 隨時在客戶群組內即時回覆訊息，幫印尼夥伴跟雇主搭起溝通橋樑，你的文字就是最有溫度的服務！ 文件翻譯精準控： 處理公司內部技術文件或客戶資料翻譯，讓兩邊資訊同步不卡關。 現場 Carry 王： 帥氣地開著公務車穿梭現場進行即時口譯，解決所有溝通斷層。 評鑑小專家： 只要專注做好仲介評鑑相關的服務內容，目標明確，成就感滿分！  這份工作的「超香」福利： 休假超穩定： 周休二日、見紅就休！你的假，公司幫你守護。
13748043,中英文電商營運專員(台中),網訊科技股份有限公司,台中,台中市,台中市西屯區,文字/傳媒工作,電子商務/數位零售,35000~38000 (period=0),月薪,35000,38000,0,0,傳統無AI,無,0,1,0,0,一、處理美國電商(Amazon、Mercari、eBay)等商品之訂購，跟進下單之後的狀態追蹤跟進。 二、協助會員處理關於美國拍賣網站下標、購物、出貨等各式問題 三、線上客服系統問題回覆，商品說明翻譯。 四、有客戶服務經驗者佳。 五、TOEIC分數700以上者佳。  ※本職務為排班制，依當月紅字數量排休。
6539880,泰國雙語翻譯人員,鼎力國際開發有限公司,台中,台中市,台中市北區,文字/傳媒工作,其他服務/工商貿易,30000~38000 (period=0),月薪,30000,38000,0,0,傳統無AI,無,0,0,0,0,1.月領30000-38000元起~  (依工作經驗核薪，另有專案獎金～) 2.精通中文及泰國語言。  3.協助雇主/外勞之間的溝通。  4.協助外籍勞工生活管理、心理輔導及雇主的工作協調。 5.協助雇主/外勞辦理相關文件及翻譯。 ★須會開車★
15308142,越南翻譯人員(無經驗可),新格國際開發有限公司,台中,台中市,台中市南屯區,文字/傳媒工作,其他服務/工商貿易,32000~35000 (period=0),月薪,32000,35000,0,0,傳統無AI,無,0,0,0,0,1.協助雇主、外籍勞工之間的溝通與工作協調。 2.負責電腦翻譯文件。 3.外籍勞工生活管理、心理輔導。 4.協助外籍勞工就醫、銀行開戶等事項。 5.前往各就服站送領件、移民署領件等其他主管交辦事項。
13818848,機械設計工程師,鈞曜科技有限公司,台中,台中市,台中市南屯區,文字/傳媒工作,傳統製造/精密工業,50000~65000 (period=6),月薪,50000,65000,0,0,傳統無AI,無,0,0,0,1,1_獨立開發自動化機構設計能力 (五年含以上) 2_進行機械設計並輸出設計文件及成本分析與報價 2_傳動設計能力 3_機構設計與結構評估 4_熟悉機械加工製成及現場設備組裝 5_開發圖面維護管理 6_跨部門對應能力 7_協力廠商對應能力 8_機台問題分析處理相關能力 
7746144,高中及國中國文作文批改,松盟科技股份有限公司,台中,台中市,台中市西屯區,文字/傳媒工作,文教/補教培訓,1800~27000 (period=0),時薪折算,288000,288000,0,0,傳統無AI,無,0,0,0,0,高中模擬考國寫批改 國中模擬考作文批改 能長期配合者尤佳。 每次批閱期間約5~7天 國中作文採用紙本批改模式，需至公司批改或至公司取件 高中國寫部分採用紙本批改模式，需至公司批改或至公司取件；部分採用線上批改模式。 按件計酬，依考試類別不同會有差異，每份約為4～11元。
14683279,Live Stream Sales Host 直播銷售人員,松建國際企業有限公司,台中,台中市,台中市大雅區,文字/傳媒工作,電子商務/數位零售,300~600 (period=0),時薪折算,48000,96000,0,0,傳統無AI,無,0,1,0,0,"✅ Job Description / 職務說明  Host sales-focused live streams on Facebook and TikTok, actively promoting products and guiding viewers to place orders. 在 Facebook 和 TikTok 以英文進行直播銷售，推廣產品並引導觀眾下單。  Clearly present product features, pricing, and special offers to maximize conversion rates. 自信地介紹商品特色、價格與優惠，提"
15185303,【集團擴編】越南語翻譯人員,崇尚人力資源顧問有限公司,台中,台中市,台中市西區,文字/傳媒工作,傳統製造/精密工業,29500~40000 (period=0),月薪,29500,40000,0,0,傳統無AI,無,0,0,0,0,【鳳凰 × 崇尚集團｜深耕 30 年，連結全球人才】 我們是勞動部評鑑優良、通過 ISO 與 TTQS 認證的領航團隊。 誠摯邀請熱忱的您，加入「跨國人力」與「康養照護」版圖，成為集團最專業的印尼語翻譯專員。  【工作內容：溝通、橋樑與管理】 　•　專業溝通：雙語互譯，協助雇主與越南人才順利對接。 　•　生活支持：協助外國夥伴適應台灣生活、提供情緒支持。 　•　協調管理：負責雇主與人才間的工作安排與行政協調。 　•　文件處理：協助相關文件翻譯與行政流程申辦。 　•　招募媒合：參與人才招募、媒合與市場行銷推廣。  【應徵條件】 　•　語言能力：具備越南語能力，中文表達流暢，可有效進行商務與生活溝
14362183,泰文翻譯客服人員(台中公益路),盛華人力資源股份有限公司,台中,台中市,台中市南屯區,文字/傳媒工作,其他服務/工商貿易,32000~35000 (period=0),月薪,32000,35000,0,0,傳統無AI,無,0,0,0,0,1.外籍移工相關代辦事項的服務 2.定期追蹤外籍移工工作情形 3.中泰文即時口譯及文件翻譯 4. 主管交辦事項  *需有駕照會開車
14492477,總經理室日文助理 (台中),日商英特愛酷信股份有限公司台灣分公司,台中,台中市,台中市西屯區,文字/傳媒工作,其他服務/工商貿易,40000~9999999 (period=3),月薪,40000,40000,0,0,傳統無AI,無,0,1,0,0,．必要時協助同事與主管之間日文⇄中文翻譯 ・現場需求資料整理及填寫、工具訂購協助 ・協助菲籍工程師入職前相關聯絡及作業 ・協助每月公司費用申請與整理 ・協助每月請款相關作業 ・協調各部門會議排程 ・其他主管交辦事項   ▲ 表達能力強、擅於跨部門溝通協調者佳 ▲ 日文聽說能力優良者佳 ▲ 具英文日常會話能力者佳 ▲ 具行政經驗2年以上者佳 ▲ 能獨立作業，工作細心負責，具備日商報連相觀念
15033462,【香繼光集團】-媒體公關主任,香繼光集團_香繼光股份有限公司,台中,台中市,台中市太平區,文字/傳媒工作,廣告行銷/公關顧問,41100~45100 (period=0),月薪,41100,45100,0,0,傳統無AI,無,0,0,0,0,一.公關策略擬定與執行、媒體關係建立與維護 二.承接部門專案並進行規劃與執行 細則說明 1市場趨勢掌握 2媒體經營與品牌知名度提升 3集團品牌與新產品推廣 4異業合作與公益活動 5消費者溝通 
14191701,越南翻譯人員,希望人力仲介有限公司,台中,台中市,台中市西屯區,文字/傳媒工作,傳統製造/精密工業,29500~35000 (period=0),月薪,29500,35000,0,0,傳統無AI,無,0,0,0,0,1. 協助雇主與外籍移工，進行現場口譯、溝通協調.讓雙方達成共識。 2.依照公司、雇主、移工之間的需求.翻譯書面文件成中文或越文。 3.需要配合主管分派的工作內容及交辦事項。 4.具備基本電腦操作技能.需有汽機車駕照.有相關經驗者佳. 5.越南移工生活諮詢協助或就醫。
13746911,印尼翻譯服務人員(中部),神龍人力仲介有限公司,台中,台中市,台中市潭子區,文字/傳媒工作,其他服務/工商貿易,30000~38000 (period=0),月薪,30000,38000,0,0,傳統無AI,無,0,0,0,0,1.協助翻譯宣導文件 2.協助客戶現場口譯與溝通協調 3.管理移工 4.協助主管交辦事項 5.協助辦理移工相關文件 6.協助印尼移工在台生活及適應工作 7.主要以外勤工作為主 
15386108,影音編輯與行銷企劃,上客旅行社股份有限公司,台中,台中市,台中市北區,文字/傳媒工作,廣告行銷/公關顧問,面議,面議,,,1,0,傳統無AI,無,0,0,0,0,1. 影音企劃、拍攝與剪輯能力 具備 YouTube、YouTube Shorts、TikTok、Instagram Reels及 Facebook Reels 等影音內容製作能力，能獨立完成主題發想、腳本撰寫、素材蒐集、拍攝、剪輯及發布。 2. 熟悉影音剪輯與後製工具 熟悉 CapCut（剪映）、Premiere Pro、Final Cut Pro、DaVinci Resolve 或其他影音剪輯軟體，能進行字幕製作、音樂音效配置、畫面調色、轉場及基本特效處理。 3. 短影音內容與節奏掌握 了解短影音平台的內容特性與觀看習慣，能在影片開頭快速抓住受眾注意力，並依照不同平台調整影片比例、長度、節
14254999,【台中】越南工安翻譯員,方俊工程有限公司,台中,台中市,台中市后里區,文字/傳媒工作,文教/補教培訓,36000~42000 (period=2),月薪,36000,42000,0,0,傳統無AI,無,0,0,0,0,"方俊工程有限公司  Fang Jun Engineering Co., Ltd. ◆ 主要承接於科技廠◆   ※此職位需有相關經驗※ ※需自備相關證照※  【工作內容 】 1.負責中文與越南語即時翻譯、溝通協調及文件協助翻譯。 2.執行及推動職業安全衛生管理事項，並配合廠區、業主、及相關法令規定辦理。 3.辦理現場巡查、業主聯合巡檢、自主檢查及相關紀錄與追蹤管理事項。 4.督導施工人員遵守工作安全規範，並協助辦理安全衛生教育訓練。 5.追蹤現場缺失、異常事項及相關問題之改善進度，並協助完成改善回報。 6.維護作業現場環境安全、整理整頓，預防潛在危害發生。 7.製作及管理工安相關文件、表單與紀錄"
13329149,徵 日文國際貿易  業務助理 台中,艾德瑞有限公司,台中,台中市,台中市南區,文字/傳媒工作,文教/補教培訓,35500~38500 (period=4),月薪,35500,38500,0,0,傳統無AI,無,0,1,1,0,"<請詳細閱讀內容後，才投遞履歷> 本工作需經常用日文溝通,準時下班。 主要工作內容是協助銷售專員、經理販賣給日本市場餐飲食品用手套、醫院護士用防護衣、環保除塵空氣過濾器。 1.負責國際貿易進出口文件製作。  2.商業書信撰寫&電話聯絡日本客戶:負責追蹤、聯絡、翻譯、會議簡報、視訊會議、電話溝通...等。 3.處理相關日本文書資料。 4.完成主管交辦之事務。處理問題、解決問題。 日々、日本企業とのやりとりを行いますので、お持ちの日本語スキルを最大限活かすことができます。 5.平時也有需要和中國大陸、東南亞等工廠聯絡。 6.培訓後，有機會出差:一周內的短期商務旅行:日本拜訪客戶、或去東南亞、中國大"
11044268,旺旺中時媒體集團_(CTE) 業務部記者(台中),旺旺中時媒體集團_工商財經數位股份有限公司,台中,台中市,台中市西區,文字/傳媒工作,其他服務/工商貿易,29500~9999999 (period=0),月薪,29500,29500,0,0,傳統無AI,無,0,0,0,0,本職務為工商時報-業務部記者(台中)  工作內容:  1.新聞寫作能力。  2.業務推廣技巧。
14439989,新聞部-文字編輯工讀生,三立電視台_三立電視股份有限公司,台中,台中市,台中市西屯區,文字/傳媒工作,其他服務/工商貿易,196~196 (period=0),時薪折算,31360,31360,0,0,傳統無AI,無,0,0,0,0,1.新聞撰寫 2.基本剪接 3.以可全日排班(8hr)為主
14471762,業務副理,台灣杰斯特半導體設備技術股份有限公司,台中,台中市,台中市后里區,文字/傳媒工作,傳統製造/精密工業,面議,面議,,,1,0,傳統無AI,無,0,0,1,0,1.協助開發潛在客戶，拓展市場，以達到預訂之業績目標  2.客情維繫   3.國內外業務接洽及訂單處理    3-1.PO List Manage    3-2.Shipping schedule    3-3.Sales F/C 4.報價及費用管理(帳款回收相關業務)    4-1. 銷售費用管理及銷售狀況管理    4-2. 服務費用管理 5.負責所屬客戶的經營管理，並與支援團隊協調配合 6.業務報告及會議紀錄 7.相關業務活動支援(進出口通關、報價、提案、蒐集、分析客戶或產品之相關情報) 8.擔任客戶與公司工程單位之間的溝通橋樑。 9.業務相關資料整理回覆 10.主管交待事項 
14547677,印尼翻譯人員(中部地區),台亞國際人力資源有限公司,台中,台中市,台中市西屯區,文字/傳媒工作,其他服務/工商貿易,33000~9999999 (period=2),月薪,33000,33000,0,0,傳統無AI,無,0,0,0,0,"會開車及打電腦~巡廠翻譯工作,接送機及送工及帶外勞看診等(工作範圍視客戶所在地而定:台中-台南區域)"
15015666,直播互動專員/社群小編(免露臉、純文字互動),詮釋新媒體事業有限公司,台中,台中市,台中市神岡區,文字/傳媒工作,電子商務/數位零售,29500~40000 (period=0),月薪,29500,40000,0,0,傳統無AI,無,0,0,0,0,【公司介紹】 直播電商的銷售模式已是全世界的共同走向 我們擁有專業的後勤團隊，精心設計的直播場地，強大的硬體設備 提供舒適的居家辦公環境、輕鬆的職場氛圍、綠意盎然的大庭園 誠心邀請充滿熱情的工作夥伴一起加入這個大舞台  【工作內容】 1.後臺操作系統於直播時互動跟播(不需上鏡) 2.即時回應 Facebook 直播留言、帶動聊天室熱鬧氣氛 3.協助基礎社群平台文字維護（非操作複雜廣告，無經驗可）。 4.操作基礎後台系統、處理訂單數據及主管交辦事務。  【加分條件及特質】 1.必備條件：打字速度快、平常喜歡用手機或電腦聊天。 2.加分特質：反應快、細心、喜歡關注網路熱梗、愛看直播或影片。 3.有
15075412,品質工程部-檢驗助理(中科)(約聘),千附實業股份有限公司,台中,台中市,台中市后里區,文字/傳媒工作,其他服務/工商貿易,29500~34000 (period=2),月薪,29500,34000,0,0,傳統無AI,無,0,0,0,0,1.檢驗資料登打與檢核 2.報告製作 3.主管交辦事項  約聘期間：2026/7/1~2027/6/30   
13969831,編輯,晨星出版有限公司,台中,台中市,台中市西屯區,文字/傳媒工作,其他服務/工商貿易,30000~36000 (period=2),月薪,30000,36000,0,0,傳統無AI,無,0,1,0,0,想參與一本書怎麼誕生嗎？來試試看。   你會做的事： 幫忙書籍企劃、編輯內容、和作者與設計溝通，也會參與宣傳。  我們希望你： 對閱讀有興趣、願意學、做事細心，能把想法說清楚。 會基本電腦操作就可以，有影音能力更好。  加分： 會英文或日文 敢說、敢分享（簡報、Podcast都可以）  如果你覺得這份工作有意思，歡迎投履歷，跟我們說說你自己。   
15203483,印尼翻譯人員,東南亞國際人力資源有限公司,台中,台中市,台中市中區,文字/傳媒工作,其他服務/工商貿易,30000~38000 (period=2),月薪,30000,38000,0,0,傳統無AI,無,0,0,0,0,1.擔任印尼籍外勞及雇主間溝通的橋樑。 2.印尼籍外勞在台工作輔導。 3.填寫服務紀錄表並KEYIN到客戶系統。 4.處理承接、續聘等各項事宜。 5.其他主管交辦事宜。 
14298236,台中- 印尼翻譯/客服人員,亞太資源管理顧問股份有限公司,台中,台中市,台中市西屯區,文字/傳媒工作,其他服務/工商貿易,32000~45000 (period=0),月薪,32000,45000,0,0,傳統無AI,無,0,0,0,0,1.負責現場中印文口譯。  2.協助僱主與外籍勞工的溝通及輔導。  3.文件翻譯。  4.中文語言授課。
11700900,印尼雙語翻譯人員 (台中),鼎力國際開發有限公司,台中,台中市,台中市北區,文字/傳媒工作,其他服務/工商貿易,30000~35000 (period=3),月薪,30000,35000,0,0,傳統無AI,無,0,0,0,0,※需有汽車駕照 1.月領30000-35000元。(依工作經驗核薪，另有專案獎金～) 2.精通中文及印尼語言。  3.協助雇主/外勞之間的溝通。  4.協助外籍勞工生活管理、心理輔導及雇主的工作協調。 5.協助雇主/外勞辦理相關文件及翻譯。 6.主管交辦事項。
15388503,兼職/在家工作/聲播免簽約/綠色平台/純聊天/不露臉直播,泫錡文創工作室,台中,台中市,台中市西屯區,文字/傳媒工作,廣告行銷/公關顧問,300~9999999 (period=0),時薪折算,48000,48000,0,0,傳統無AI,無,0,0,0,0,"線上聊天在家工作！ 只要你肯努力！ 肯認真！ 公司福利多多！ 每個月都有獎金！不定期聚餐！聚會 只要你肯努力六位數不是問題！  適合你嗎？ ✔ 不想露臉但想成為直播主 ✔ 想從副業開始或以聲音為主打造個人事業 ✔ 無經驗可，我們願意陪你從零開始！ ✔ 不想再用勞力換薪資，想挑戰高收入  新進主播平均收入約為2000元至10,000元， 穩定開播並持續經營後， 兼職收入可達20,000元以上， 實際收入依個人表現及投入程度而定。"
14293757,日文業務祕書,永喬科技有限公司,台中,台中市,台中市豐原區,文字/傳媒工作,資訊科技/軟體網路,30000~40000 (period=4),月薪,30000,40000,0,0,傳統無AI,無,0,1,1,0,1. 具有流暢日文口說、讀寫能力。 2. 具日文JLPT二級(N2)檢定證照為佳 。 3. 有在日本就學或在日本公司、在台日商工作經驗為佳。 4. 具備和國外廠商、客戶溝通能力。 5. 處理並追蹤案件，並將相關資料歸檔備份。 6. 保持與客戶間之聯繫，回覆e-mail， 7. 與廠商&客戶溝通協商案件相關，包含交貨期。 8. 依照客戶要求準備出貨文件並控管出貨、並處理進出口事宜。 9. 其他行政庶務事項以及其他主管交辦事項。 10. 個性活潑、開朗、積極。 11. 良好的溝通技巧與人際關係，抗壓性佳、積極、具團隊合作精神。 12. 工作步調快，需反應速度快，能有效掌控及分配工作優先順序。  1
13418167,【台中市】節目部企劃 x 攝影剪輯 x 採訪,凱擘股份有限公司,台中,台中市,台中市神岡區,文字/傳媒工作,廣告行銷/公關顧問,31000~9999999 (period=0),月薪,31000,31000,0,0,傳統無AI,無,0,0,0,0,【工作內容】 1. 每日新聞採編 2. 新聞/節目專題製作 3. 府會局處公關建立 4. 相關標案投標、規劃與執行  【薪資將依學歷、工作經歷、專業技能及正式面談結果進行綜合評估】 1. 如具備10年以上相關工作經驗者，月薪資最高可達 43K 2. 年終獎金另計 3. 幸福企業，福委會制度規劃完善
12896822,遊戲社群人員,積木互動娛樂股份有限公司,台中,台中市,台中市西區,文字/傳媒工作,其他服務/工商貿易,29500~9999999 (period=0),月薪,29500,29500,0,0,傳統無AI,無,0,0,0,0,1.經營各類社群平台、規劃社群運作方案  2.協助解決、回覆各類型玩家遊戲問題，與粉絲保持高度互動  3.其它特殊專案及主管交辦事項  4.定期舉辦線上活動、直播活動
15241134,兼職/在家工作/聲播免簽約,泫錡文創工作室,台中,台中市,台中市西屯區,文字/傳媒工作,廣告行銷/公關顧問,300~9999999 (period=0),時薪折算,48000,48000,0,0,傳統無AI,無,0,0,0,0,"線上聊天在家工作！ 只要你肯努力！ 肯認真！ 公司福利多多！ 每個月都有獎金！不定期聚餐！聚會 只要你肯努力六位數不是問題！  適合你嗎？ ✔ 不想露臉但想成為直播主 ✔ 想從副業開始或以聲音為主打造個人事業 ✔ 無經驗可，我們願意陪你從零開始！ ✔ 不想再用勞力換薪資，想挑戰高收入  新進主播平均收入約為2000元至10,000元， 穩定開播並持續經營後， 兼職收入可達20,000元以上， 實際收入依個人表現及投入程度而定。"
13465059,招募【台中◆兼職印尼翻譯】,護仕康有限公司,台中,台中市,台中市北區,文字/傳媒工作,其他服務/工商貿易,200~200 (period=2),時薪折算,32000,32000,0,0,傳統無AI,無,0,0,0,0,1.協助印尼主管交辦事務 2.協助電話溝通，文件翻譯  (長期配合者佳)  
14663316,日文業務助理(依學經歷敘薪),國慶科技股份有限公司,台中,台中市,台中市西區,文字/傳媒工作,傳統製造/精密工業,35000~40000 (period=0),月薪,35000,40000,0,0,傳統無AI,無,0,1,0,0,1.協助業務人員處理銷售業務相關行程、記錄、跟催及回報。 2.在會議或其他類似場合時進行連續翻譯及書面翻譯。 3.負責一般文書資料處理工作。 4.維護、更新、管理各類文件檔案（如：合約、會議記錄等） 5.準備會議議程，簡報製作、參與會議並撰寫會議記錄。 6.其他交辦事項
15308140,越南翻譯人員(有經驗佳),新格國際開發有限公司,台中,台中市,台中市南屯區,文字/傳媒工作,其他服務/工商貿易,30000~35000 (period=0),月薪,30000,35000,0,0,傳統無AI,無,0,0,0,0,1.協助雇主、外籍勞工之間的溝通與工作協調。 2.負責電腦翻譯文件。 3.外籍勞工生活管理、心理輔導。 4.協助外籍勞工就醫、銀行開戶等事項。 5.前往各就服站送領件、移民署領件等其他主管交辦事項。
11143650,西班牙文老師,iABC國際教育中心_界洋有限公司,台中,台中市,台中市西屯區,文字/傳媒工作,文教/補教培訓,400~600 (period=0),時薪折算,64000,96000,0,0,傳統無AI,無,0,0,0,0,"西班牙文教學,家教"
7194653,印尼翻譯老師(台中分公司),力通國際開發股份有限公司,台中,台中市,台中市南屯區,文字/傳媒工作,其他服務/工商貿易,32000~38000 (period=2),月薪,32000,38000,0,0,傳統無AI,無,0,0,0,0,1.翻譯文件。 2.協助雇主/移工之間的溝通。 3.協助雇主/移工所需相關文件辦理。 4.協助移工在台生活/工作適應協助。
13142463,[台中] 法文老師 Professeur de français / French Teacher｜Oh Young Language Center in Taichung,新飛國際股份有限公司,台中,台中市,台中市西區,文字/傳媒工作,文教/補教培訓,650~9999999 (period=2),時薪折算,104000,104000,0,0,傳統無AI,無,0,0,0,0,1. French course teaching 2. Good interaction with the students 3. Teaching materials preparation 4. Those with teaching experience are preferred  歐揚語言中心誠徵法文老師 歡迎有教學經驗與熱忱的您加入我們的團隊！ 
15064950,日文業務人員,添鼎興業股份有限公司,台中,台中市,台中市豐原區,文字/傳媒工作,傳統製造/精密工業,33000~38000 (period=0),月薪,33000,38000,0,0,傳統無AI,無,0,1,0,0,工作內容  1. 以日文進行國內外業務聯繫與溝通 2. 日本市場客戶開發、關係維護與訂單追蹤 3. 日文業務報價、合約及相關文件處理 4. 協助行銷活動推廣與客戶需求對接 5. 配合日本客戶會議、展會或出差行程 6. 跨部門溝通協調，確保專案順利執行
15378824,【星野餐飲集團】Kaju 菓樹-管理部-日文行政助理,菓樹_菓乃音烘焙股份有限公司,台中,台中市,台中市南屯區,文字/傳媒工作,生技/醫療保健,35000~40000 (period=0),月薪,35000,40000,0,0,傳統無AI,無,0,1,0,0,★☆★ 加入星野餐飲大家庭，發現美食的無限可能！★☆★ 『各位夢想探險家們，都準備好了嗎？』 歡迎來到星野餐飲集團，這是美食與創意的絕妙交融之地！我們總部坐落於台中，引領著美食界的潮流。 作為台中美食先鋒，我們相當榮幸成為台中首家獲得米其林3星3推薦的頂尖餐飲集團。  我們不僅是一個餐飲集團，更是一個專注於創造極致美味的團隊。 如果您渴望在一個充滿活力且創意的環境中工作，並對於挑戰新的味覺體驗充滿熱情，那麼您將會是我們的理想夥伴！  ╬╬ 工作內容 ╬╬ 1. JLPT N2以上，能夠以日文一般生活對話。 2. 協助日本主管於現場溝通協調。  3.有在日本就學或在日本公司、在台日商工作經驗為佳
12771090,帶貨直播主 經常性8萬以上(獎金無上限),劦辰傳媒有限公司,台中,台中市,台中市烏日區,文字/傳媒工作,電子商務/數位零售,29500~9999999 (period=0),月薪,29500,29500,0,0,傳統無AI,無,0,0,0,0,負責公司在電商平台及社群平台 線上直播銷售，透過生動互動與產品演示，達成業績目標。 【工作項目】鏡頭前銷售與演示  主導2~4小時的線上直播，親自進行產品試用、試穿、試吃或功能演示。 運用良好的口語表達與肢體語言，營造熱絡的購物氛圍。 播前企劃與準備:熟悉每日直播商品，並與團隊共同規劃直播腳本。 直播前置準備:協助確認樣品、燈光、音效及後台系統設定。  直播商品: 3C、精品、服裝、食品、日用品、零食、寢具、保養品、化妝品、生活用品。  獎金不上限
15181299,強力徵求! 國中小英文老師（每週30小時）,台中市私立欣育文理短期補習班,台中,台中市,台中市北屯區,文字/傳媒工作,文教/補教培訓,32000~50000 (period=0),月薪,32000,50000,0,0,傳統無AI,無,0,1,0,0,【工作內容】 1. 負責教學活動與輔導。 2. 訂定教學目標、課程範圍、授課內容。 3. 準備課程教材、課後作業等，蒐集歷屆考題資料 。 4. 依據教學目標授課，評估學生學習狀況以調整授課進度。 5. 批改作業及課後測驗輔導。 6. 行政招生、支援與完成主管交辦事項。 7. 定期與家長聯繫，了解學生學習狀況。  【徵求夥伴特質】 1.對教育工作有熱忱，充滿愛心及耐性。 2.細心且樂於與人相處及溝通。 2.積極主動，能穩定中求進步、不斷學習者。  【工作發展優勢】 1.班級學生達基本人數者，可享有獎金。 2.每年將依據工作表現調整薪資。 3.周休2天，見紅就休，每週上班40小時。 4.憑藉英語文
14925079,[PT] English Customer Service,松建國際企業有限公司,台中,台中市,台中市大雅區,文字/傳媒工作,其他服務/工商貿易,200~200 (period=0),時薪折算,32000,32000,0,0,傳統無AI,無,0,0,0,1,"【Work content】 1. Respond to customer messages online (FB, LINE) 2. Operate the backend system to arrange orders 3. Handles follow-up issues related to consumer purchases (product changes, returns, customer complaints, logistics tracking) 4. Basic computer word processing and familiarity with office"
15386109,[一年專案]勞安部日文副管理師(台中),SCREEN SPE Taiwan_台灣迪恩士半導體科技股份有限公司,台中,台中市,台中市大雅區,文字/傳媒工作,文教/補教培訓,40000~9999999 (period=0),月薪,40000,40000,0,0,傳統無AI,無,0,1,0,0,*此專案簽約一年，到期視情況另有其他方式留下，為長期職務。 ●享有福委會福利●期滿另有獎金  *須具備日語溝通能力  1.對日聯絡；辦理日本出差者之客戶端入廠文件整理、教育、防護用具的借調等業務，協助口頭或書面翻譯。 2.防護用具採購與庫房整理 3.需進無塵室支援，協助安全管理師日常業務(如 : 編輯訓練資料、社內及廠商教育等) 4.須能配合平日或假日加班 5.其他主管交辦事項
15185239,【集團擴編】印尼翻譯人員,崇尚人力資源顧問有限公司,台中,台中市,台中市西區,文字/傳媒工作,傳統製造/精密工業,29500~40000 (period=0),月薪,29500,40000,0,0,傳統無AI,無,0,0,0,0,【鳳凰 × 崇尚集團｜深耕 30 年，連結全球人才】 我們是勞動部評鑑優良、通過 ISO 與 TTQS 認證的領航團隊。 誠摯邀請熱忱的您，加入「跨國人力」與「康養照護」版圖，成為集團最專業的印尼語翻譯專員。  【工作內容：溝通、橋樑與管理】 　•　專業溝通：雙語互譯，協助雇主與印尼人才順利對接。 　•　生活支持：協助外國夥伴適應台灣生活、提供情緒支持。 　•　協調管理：負責雇主與人才間的工作安排與行政協調。 　•　文件處理：協助相關文件翻譯與行政流程申辦。 　•　招募媒合：參與人才招募、媒合與市場行銷推廣。  【應徵條件】 　•　語言能力：具備印尼語能力，中文表達流暢，可有效進行商務與生活溝
13052585,PT 帶貨直播主(英語),松建國際企業有限公司,台中,台中市,台中市大雅區,文字/傳媒工作,其他服務/工商貿易,350~1000 (period=0),時薪折算,56000,160000,0,0,傳統無AI,無,0,1,0,0,✅【職務說明】 1.在 Facebook 和 TikTok 以英文進行直播展示並推銷產品 2.自信地介紹商品，並與觀眾即時互動。 3.對國際 OUTLET 品牌、時尚、美妝產品有興趣。 4.精通英文 5.擅長營造歡樂有趣的直播氣氛，提升觀眾黏著度。 6.需到公司攝影棚進行直播，並提前了解商品特色及商品介紹  ✅【應徵條件】 ▲ 英文流利（會他加祿語者尤佳） ▲ 活潑開朗，親切有親和力   ✅【工作彈性與獎勵】 ▲ 彈性排班制度，配合直播時段安排 ▲友善團隊合作環境  ✅【面試方式】 ▲ 現場面試 ▲ 請提供英文履歷（CV/Resume）
15246735,人資助理 (台中),日商英特愛酷信股份有限公司台灣分公司,台中,台中市,台中市西屯區,文字/傳媒工作,其他服務/工商貿易,32000~36000 (period=0),月薪,32000,36000,0,0,傳統無AI,無,0,0,0,0,主要協助招募任用相關作業，並支援人資行政工作 ・協助人才招募作業執行 (履歷篩選、電話訪談及面試安排) ・主動搜尋及開發潛在人才 ・人才採用進度掌握 ・人才錄取、報到作業協助 ・定期更新招募進度 ・其他主管交辦事項及人資行政支援工作  ▲表達能力強、擅於溝通協調者佳 ▲無經驗可，願意學習者佳 ▲工作待遇包含固定津貼，實際薪資將依面試結果核定
10117140,"外勞管理及印尼翻譯人員(底薪34,000元+績效獎金)",環久國際開發有限公司,台中,台中市,台中市南區,文字/傳媒工作,其他服務/工商貿易,34000~9999999 (period=0),月薪,34000,34000,0,0,傳統無AI,無,0,1,0,0,1.需熟中文.印尼翻譯，精通協調 2.將中文書面資料，翻譯為印尼文 3.維護客戶關係，從事如客戶電話關心、客戶拜訪等工作。 4.外國人生活工作相關事項的服務 5.提供外國人相關事項的諮詢服務 6.如懂英文最佳
15262345,強力徵求! 國中小英文助教,台中市私立欣育文理短期補習班,台中,台中市,台中市北屯區,文字/傳媒工作,文教/補教培訓,210~450 (period=0),時薪折算,33600,72000,0,0,傳統無AI,無,0,1,0,0,【工作內容】 1. 協助教學活動、輔導和補課。 2. 協助課程教材、課後作業等。 3. 協助批改作業及課後測驗輔導。 4.  關心學生並了解學習狀況。  【徵求夥伴特質】 1.對教育工作有熱忱，充滿愛心及耐性。 2.細心且樂於與人相處及溝通。 3.積極主動，能穩定中求進步、不斷學習者。  【工作發展優勢】 1.每年將依據工作表現調整薪資。  2.憑藉英語文優勢，可在欣育補習班，快速在職涯發展上展穩腳步。  3.對於有志從事補教業的您，更是您發展長才的亮眼舞台。  讓各位老師揮灑熱情教導學生之外， 也能兼顧個人及家庭生活， 欣育補習班 讓您擁有更好的補教生活品質!
14975803,人力資源專員,瑟菲克斯科技股份有限公司,台中,台中市,台中市南區,經營/人資,傳統製造/精密工業,面議,面議,,,1,0,傳統無AI,無,0,1,0,0,[ 主要]  ●人力資源管理 •招募安排，包含職缺發布、面試安排，到職溝通。 •規劃與執行人員招募、甄選與任用，以解決公司的人力需求問題。 •維護企業內部人力資源之相關紀錄（如：員工個人基本資料、職務輪調紀錄、出缺勤紀錄與績效評核紀錄等），並提供人事管理報表。  ●人力資源法規管理 •確保公司人力制度與流程符合當地勞動法規及相關政策，辦理新人報到與離職手續。 •定期關注法規變動，更新內部規範與制度文件，符合規定減低風險。 •維護勞資關係。  [次要] ●制度建置與政策規劃 •協助規劃人力資源制度與流程，如晉升制度、薪酬架構、績效考核機制及員工培訓發展路徑。 •定期檢視人資系統與流程效能，提出改
15403887,人事兼出納,霧峰林家宮保第園區_林本堂股份有限公司,台中,台中市,台中市霧峰區,經營/人資,其他服務/工商貿易,33000~35500 (period=0),月薪,33000,35500,0,0,傳統無AI,無,0,0,0,0,1.人事相關：人才招募、薪資計算、人事資料管理、出勤管理、員工保險加退保申報、福利事項等 2.出納相關：與銀行往來管理、收付款項作業、保管票據及印鑑等事項。基金會記簡易帳務並提供相關資料給會計師。 3.協助霧峰林家宮保第園區內事務。 4.主管交辦事項。
13924720,儲備幹部,通用化學鞋業股份有限公司,台中,台中市,台中市大甲區,經營/人資,傳統製造/精密工業,面議,面議,,,1,0,傳統無AI,無,0,0,0,0,1.在主管人員指導之下，依據既定政策，從事各項業務之設計，規章之草擬（如：物料管理、成本控制、人員調動）。 2.協助高階主管規劃生產、行銷計畫制度和中長期策略規畫及年度營運方針落實，以提昇經營績效。 3.協助公司之組織規劃、制度流程設計，以及經營分析之企劃。 4.推展公司業務。 5.分析運務狀況，定期製作運務報告。
13313533,人力資源專員,大力卜股份有限公司,台中,台中市,台中市神岡區,經營/人資,傳統製造/精密工業,33000~40000 (period=0),月薪,33000,40000,0,0,傳統無AI,無,0,0,0,0,1.人才招募(含職缺確認、人才搜尋、面談安排、後續追蹤) 2.參與人才與接班人盤點等人資專案 3.協助整理人力資料、專案進度及管理報告 4.支援總部布達的溝通與制度推動 5.執行主管交辦事項與進度追蹤 
15405353,人資部-人力資源人員(總部),台灣櫻花股份有限公司,台中,台中市,台中市大雅區,經營/人資,傳統製造/精密工業,35000~38000 (period=4),月薪,35000,38000,0,0,傳統無AI,無,0,0,0,0,一、人事作業 (新進離職異動、勞健保) 二、出勤管理 三、薪資作業 (薪資計算發放、其他加扣款) 四、外籍員工作業 五、人資專案協辦 六、其他主管交辦事項
14088631,人事助理/時薪,富友保險經紀人股份有限公司,台中,台中市,台中市西屯區,經營/人資,其他服務/工商貿易,200~200 (period=0),時薪折算,32000,32000,0,0,傳統無AI,無,0,0,0,0,1. 電訪招聘新進人員。 2. 面試評估人才是否適合並說明工作內容及薪資待遇。 3:電話約訪客戶交由業務部門服務拜訪。  
14273582,主管助理【台中國軍英雄館辦事處】,國營-臺銀人壽專屬代理人_軍友保險代理人股份有限公司,台中,台中市,台中市東區,經營/人資,其他服務/工商貿易,34000~50000 (period=0),月薪,34000,50000,0,0,傳統無AI,無,0,0,0,0,1. 配合主管至中部各縣市辦理業務推廣、宣導等工作。 2. 協助主管辦理內部管理及客戶關係維護。 3. 負責對外單位及跨間部門間協調聯繫。 4. 負責重要客戶來訪接待及回函處理。 5. 負責主管行程安排、管制及各項費用結（申）報。 6. 其他交辦事項。  ★此工作需配合主管行程，赴中部地區出勤，或國內各地區。 ★每月平均10至15日，晚上19：00至21：00須配合主管出外勤，辦理宣導活動。
13953149,**Enrich_House 義式咖啡師（熟捻拉花） 薪38000-45000,ENRICH_聚善一水元蔬宇宙股份有限公司,台中,台中市,台中市西屯區,經營/人資,其他服務/工商貿易,38000~45000 (period=3),月薪,38000,45000,0,0,傳統無AI,無,0,0,0,0,【公司介紹｜我們相信，適合的位置，應該在了解之後才被決定】  很多人來到餐飲業，是為了生活。 但在日復一日的忙碌裡，慢慢會開始問一個問題：  「我能不能在工作中，找到真正適合自己的位置？」  我們是一個重視穩定，也同樣重視成長與美感的團隊。 比起把人快速放進一個既定職務，我們更在意—— 在了解一個人之後，再一起找到最適合發揮的方向。  因此，在這裡你看到的工作內容， 只是一個大致的輪廓，而不是一個被寫死的框架。 因為我們相信，每個人的能力、特質與節奏都不同， 適合的位置，也應該在彼此真正了解之後，再一起討論與調整。  關於實際的工作內容與角色安排， 我們會在面談過程中，透過對彼此的理解與溝通，
14757410,A.人資行政部經/副理,我的心機_捷司特國際股份有限公司,台中,台中市,台中市西屯區,經營/人資,文教/補教培訓,面議,面議,,,1,0,傳統無AI,無,0,0,0,0,公司成立20年且穩定成長，正積極布局 2030 年上市櫃（IPO），在人力資源的建設與策略推動上，我們相信 「人」是支撐企業邁向下一階段的核心基石。在這裡，你不只是 HR，而是企業變革的推動者，將有機會參與制度規劃、組織再造與人才佈局，與公司一同走向資本市場。  |  工作內容  | -  主導公司人員招聘和補充，配合實施公司的人員儲備、員工職業發展和人才保留計畫滿足各崗位人員空缺。 -  規劃並優化招募、訓練、績效、薪酬等核心人資制度，提升組織競爭力 -  建立 IPO 前所需之 HR 管理規範，訂定調薪政策、獎酬制度、退休金制度，以維持企業的競爭力，留下優秀人才。 -  建立符合企業文化的
12285035,●醫材-組裝包裝作業員●,遠貿企業股份有限公司,台中,台中市,台中市神岡區,經營/人資,生技/醫療保健,29500~40000 (period=0),月薪,29500,40000,0,0,傳統無AI,無,0,0,0,0,"※工作條件: 1.現場作業 站立 或 坐 皆要能配合。 2.需因應出貨時程與客戶需求配合加班。 3.無法留過長指甲或美甲/配戴假睫毛/太濃妝/帶過多手耳飾,需防止異物掉入或劃傷產品  以上條件若無法配合請勿投遞。  ※工作內容:（面談時可直接詢問現場主管較為詳細） 1.生產線組裝從業人員。 2.能適應輸送帶作業。 3.產品目視檢查。(視力矯正後需為正常) 4.無塵室作業環境。(需著半套式無塵服) 5.線別需人力支援時,要能配合線別調動支援。    ※工作薪資：29,500(獎金另計)。  ※在遠貿工作就是享有以下的福利： 1.禮金、獎金。(正職人員) 2.免費供工作餐，讓你省錢又吃飽。 3.供"
12225050,高階營運主管,滙客萊國際有限公司,台中,台中市,台中市北屯區,經營/人資,其他服務/工商貿易,面議,面議,,,1,0,傳統無AI,無,0,0,0,0,1. 研擬公司營運計劃及年度專案規劃。 2. 推動中、長期經營策略規劃，完成全公司中、長期企劃案，以確保公司經營穩定成長。 3. 執行與追蹤各項營運績效管理目標。 4. 規劃及審核公司各項管理制度，以符合經營管理之需求。 5. 傳直銷策略及活動規劃及執行
9668477,瓦庫燒肉｜外場人員 ｜平日一頭班｜薪資35000起薪三個月後通過審核可達38000會有額外績效獎金依,真味饌食品有限公司,台中,台中市,台中市中區,經營/人資,其他服務/工商貿易,35000~9999999 (period=0),月薪,35000,35000,0,0,傳統無AI,無,0,0,0,0,需求人才： ＊歡迎社會新鮮人找長期有成長的工作 ＊依照工作能力，滿一年後薪資調整 ＊有餐飲經驗者優先錄取 ＊需反應快速面對客人不會緊張   工作內容： ＊桌面擺盤陳設、送餐及聯繫內外場之工作。  ＊引導顧客帶位、完成點餐及顧客服務等工作。  ＊維持顧客桌面整潔，並於用餐完畢，負責收拾餐具與清理用餐環境。  ＊依照主管分配完成交辦事項，並願遵守公司規定。 ＊可能會依照人力調度到其他店支援    工作時間： 平日:16:00-00:00（含一餐） 假日：10:00-16:00  17:30-00:00（整天班，含兩餐中午有空班）  福利： ＊提供員工餐 ＊不定期員工聚餐 ＊三節獎金 ＊業績達標分紅
11250188,台中-人資專員,嘉磐建設事業股份有限公司,台中,台中市,台中市南屯區,經營/人資,文教/補教培訓,32000~38000 (period=3),月薪,32000,38000,0,0,傳統無AI,無,0,0,0,0,1.招募活動規劃與執行(企業說明會、就業博覽會、校園徵才…等)。 2.履歷篩選、信件邀約、電話訪談及面試安排。 3. 多元招募管道開發與執行-利用不同管道招募，主動接觸適合的人選，及建立人才資料庫 4.規劃與執行人員招募、甄選與任用。 5.配合公司發展執行相關招募策略與計畫。 6.對招募工作有熱忱，喜歡與人互動。 7. 產學合作開發與維繫 8. 維護企業內部人力資源之相關報表紀錄。 9.留才關懷及教育訓練 10.員工職涯藍圖規劃 11.教育訓練計畫及執行 12.考勤作業 13.主管交辦人資專案 
14760110,財務處 -會計助理專員,宥杏股份有限公司,台中,台中市,台中市北屯區,經營/人資,其他服務/工商貿易,36000~9999999 (period=2),月薪,36000,36000,0,0,傳統無AI,無,0,0,0,0,一、工作內容 : 1.熟悉一般公認會計準則、IFRS、財會稅務法令 2.收發、紀錄及彙整交易產生之原始憑證，並登錄至會計系統製作傳票。 3.開立發票 4.熟悉Excel分析報表製作，擅資料處理及分析作業 5.具備會計專業知識 6.交辦主管事項  具會計師事務所查帳經驗者佳。  二、工作時間 (1)工作時段：09:00至17:30，逾時依勞動基準法給付加班費。 (2)休假制度：週休二日、國定假日休假。  三、薪資計算 36000元起，依筆試(一小時)及面試(一小時)成績加給。
14812958,海外廠儲備幹部,政伸企業股份有限公司,台中,台中市,台中市西屯區,經營/人資,文教/補教培訓,50000~9999999 (period=0),月薪,50000,50000,0,0,傳統無AI,無,0,1,0,0,"1.	培訓期三個月， 在台培訓期薪資NT$50,000 。 2.	在台灣總廠進行完整培訓，安排生產現場及跨部門實習。 3.	通過考核後，根據專業、個人特質派往海外廠服務。 4.	派任海外廠基本年薪達NT$80萬以上，正式任職另領績效獎金。 5.	派任海外廠享有完整生活福利， 包括免費食宿、定期返台休假及提供返台機票…等。 6.	具外語(英文)溝通能力者佳 (請附上中英文履歷)  "
15363970,【國際電競品牌代工】現場廠務儲備幹部（起薪45K／週休二日／主管親自帶／供午餐／見紅休）,鷹銓工業股份有限公司,台中,台中市,台中市霧峰區,經營/人資,傳統製造/精密工業,45000~48000 (period=0),月薪,45000,48000,0,0,傳統無AI,無,0,0,0,0,深耕 50 年製造底蘊 × 知名國際電競品牌長期代工夥伴  我們是電競滑鼠墊與周邊產品的專業代工廠，產品隨國際品牌行銷全球。 想在扎實的製造現場裡，從實作一路練成獨當一面的工廠管理者嗎？歡迎加入我們！  *為什麼選擇鷹銓？* 主管親自帶： 由現任廠長與廠務課長手把手帶領，從製程到管理完整傳承。 完整製造視野： 布料、底材、裁切、車縫、熱昇華印刷全製程一次學齊，不是只顧單一站別。 納入主管培訓梯隊： 2～3 年培訓期，依學習進度與績效逐步培養為可獨立負責生產單位的現場主管。  *核心職務內容* -現場管理與生產推進（約 70％） 日常營運協助： 協助廠長及廠務課長執行工廠日常營運與現場管理。 物
13168230,議員助理,台中市議員陳淑華服務處,台中,台中市,台中市西屯區,經營/人資,其他服務/工商貿易,38000~40000 (period=2),月薪,38000,40000,0,0,傳統無AI,無,0,0,0,0,1、組織經營管理 (參加地方行程活動、地方人脈經營) 2、協助處理民眾陳情案件 3、市政議題及新聞處理 4、選舉相關事務 5、完成其他議員交辦任務
14783662,咖啡廳 正職夥伴/儲備幹部,品筵股份有限公司,台中,台中市,台中市烏日區,經營/人資,其他服務/工商貿易,32000~38000 (period=0),月薪,32000,38000,0,0,傳統無AI,無,0,0,0,0,我們相信，一間好的咖啡店，不只是提供一杯咖啡。 它可以是一個讓人放慢腳步的地方、一段舒服的交流、一個值得被記住的日常。 在 neü&co，我們正在打造的不只是咖啡空間，而是一個有品味、有溫度，也有自己個性的生活風格品牌。 如果你也喜歡咖啡、喜歡與人交流，對生活有自己的觀察，歡迎加入我們。  ｜在 neü&co，我們希望你｜ ・喜歡與人互動，享受為客人創造美好體驗 ・對咖啡、飲品與生活風格有興趣，願意持續探索 ・有自己的想法，也願意聽見不同的聲音 ・喜歡學習與接受挑戰，樂於嘗試與創新 ・具備良好溝通能力、並有親切的服務態度 ・在忙碌的工作節奏中，依然能保持細心與品質 ・重視團隊合作，願意一起解決
15123000,董事長專案特助,台中廣天宮,台中,台中市,台中市北屯區,經營/人資,其他服務/工商貿易,45000~9999999 (period=6),月薪,45000,45000,0,0,傳統無AI,無,0,0,0,0,"專案協助： 協助董事長蒐集及撰寫專案計劃、執行推動和定期定時主動回報專案，確保專案目標和里程碑按時達成。    專案文件管理： 管理專案文件，包括報告、簡報、合同和其他相關文件的編輯、整理和存檔。   項目報告： 準備專案報告，提供給董事長，以利隨時追蹤,評估專案進展和成果。    問題解決： 處理專案中出現問題，提供解決方案，並追蹤問題的解決進展。    機密性： 保守機密性，處理敏感性的業務信息，確保其安全性和保密性。    時間管理： 協助董事長有效地管理時間，優化工作流程，確保工作計劃的順利執行。"
15342137,駐點部專案經理,大安聯合股份有限公司,台中,台中市,台中市南屯區,經營/人資,文教/補教培訓,60000~80000 (period=2),月薪,60000,80000,0,0,傳統無AI,無,0,0,0,0,※團隊領航與人才培育    •  負責案場人員的靈活調度、現場督導與即時激勵，打造高向心力團隊。    •  規劃與執行新進員工培訓機制，有效傳承經驗，提升團隊整體作戰效率。   ※組織溝通與制度推動   •  扮演承上啟下的核心橋樑，精準傳達公司決策，並即時將基層現況回報上級。   •  協助上級主管推動年度計畫，並主導公司管理制度與工作流程的建立與優化。   ※專業技術與彈性外派   •  配合工程進度與專案需求，須能適應工地現場的外派挑戰。   •  具備消防機電施工管理經驗者尤佳，這將是您大展身手的絕佳加分項。   ※福利制度   •  多元獎金：年終獎金（去年2個月起，視績效發放）、
13067607,採購營運管理專員,PORTER INTERNATIONAL_尚立國際股份有限公司,台中,台中市,台中市大雅區,經營/人資,傳統製造/精密工業,面議,面議,,,1,0,傳統無AI,無,0,0,0,0,1. 延續商品庫存管理，根據商品的庫存量，提交採購需求 2. 整合和確認各通路訂單需求進行工廠採購 3. 管理和跟進工廠採購交期及管理進貨排程 4. 管理和跟進客戶訂單出貨狀況 5. 每月各種銷售報表製作/分析/管理/促銷活動建議 6. 庫存控管，調節庫存水位應對協調安排 7. 熟悉原物料、五金、匯率市場波動、商品議價及溝通 8. 與公司內部各單位溝通協調，確保交期、品質、數量 9. 協助上級主管交辦事宜 
11998536,【台中廠】生產管理專員,味全食品工業股份有限公司,台中,台中市,台中市霧峰區,經營/人資,傳統製造/精密工業,43000~9999999 (period=0),月薪,43000,43000,0,0,傳統無AI,無,0,0,0,0,1. 管理生產排程、產量， 2. 管理原物料庫存管控。 2. 管理人員出勤排班。 3. 落實執行並達成各項生產指標。 4. 生產製程異常狀況排除。 5. 維護生產品質及5S管理。 6. 上級主管交辦事項。
14962253,國外市場開發業務暨儲備幹部,翔宇貿易股份有限公司,台中,台中市,台中市西區,經營/人資,傳統製造/精密工業,45000~75000 (period=6),月薪,45000,75000,0,0,傳統無AI,無,0,0,1,0,一、市場開發與業務拓展 1.開發海外新客戶與新市場，推廣公司衛浴五金產品 2.分析市場趨勢與競爭動態，協助擬定業務策略與銷售計畫 3.不定期追蹤既有客戶，深化合作並持續開發新產品商機  二、客戶管理與銷售流程 1.維護既有客戶關係，建立長期合作夥伴關係 2.處理報價、談判、簽約、訂單追蹤、應收帳款等相關行政作業 3.建立並維護客戶資料與相關檔案，整理部門例行性管理報表  三、跨部門溝通與專案協調 1.初步評估客戶合約內容（交易條件、生產流程、產品規格、售後服務） 2.擔任客戶與內部各部門（生產、採購、品管等）之溝通橋樑 3.協助客戶產品導入與需求對接，確保資訊即時與準確  四、生產與出貨管理 
14552968,總經理特別助理,安盛電力股份有限公司,台中,台中市,台中市南屯區,經營/人資,其他服務/工商貿易,55000~65000 (period=7),月薪,55000,65000,0,0,傳統無AI,無,0,0,0,0, 1. 協助高階主管進行公司內部管理稽核事項（如：整合標準化工作流程、規劃及推動各項管理規章及制度）。 2. 負責會議安排與通知，追蹤會議決議事項處理進度。 3. 負責專案報告製作及彙報，管控各專案進度，確保各專案符合時程規劃。 4. 協助經營團隊執行公司之決議事項及各項專案。 6. 負責企業營運績效分析與改善管理。 7. 負責經營策略擬定與策略品質提昇。 8. 負責公司內部各部門事務之橫向溝通協調、整合及規劃。 9. 負責主管工作行程規劃安排。 10. 協助主管拜訪經銷商客戶，品牌推廣，維護客戶關係。 11. 整理簽核文件，並負責追蹤執行狀況，隨時掌控進度回報主管。 12. 協助主管維繫、溝
15047911,【台中駐點】友達台中廠人資助管師/管理師~依經驗敘薪，無經驗可，通過試用期依表現調薪，歡迎新鮮人或符合法規之評點制僑外生~,鎵興國際股份有限公司,台中,台中市,台中市西屯區,經營/人資,文教/補教培訓,33000~9999999 (period=0),月薪,33000,33000,0,0,傳統無AI,無,0,0,0,0,"鎵興國際深耕外籍移工服務多年，服務據點遍及全台，主要提供企業移工引進、聘僱管理、住宿管理、生活照顧及翻譯溝通等一站式服務，為企業與移工提供完整且在地化的服務。 此職缺為鎵興正職職缺，駐點友達光電台中廠工作採上下班制，不需住宿於廠區。  1. 協助廠端處理移工相關人資行政相關作業。 2. 協助處理日常問題並提供必要支援。 3. 擔任移工與廠端之溝通橋樑，協助產線、HR聯繫窗口。 4. 完成主管交辦事項。 5. 依經驗敘薪。 6. 通過試用考核後依表現調薪NTD2,000至NTD3,000。  工作地點：台中市西屯區中科路1號。  員工福利金由公司全額負擔，夥伴免扣福利金，享有完整福利制度。 ⭐ "
12127835,"《月薪41,500元~43,500元》【日商壽司郎】台中漢口路店-正職人員★歡迎二度就業、無經驗者★",台灣壽司郎股份有限公司,台中,台中市,台中市北區,經營/人資,文教/補教培訓,38000~41500 (period=0),月薪,38000,41500,0,0,傳統無AI,無,0,0,0,0,"﹌透過美味的壽司，將幸福傳遞下去﹌ うまいすしを、腹一杯。 うまいすしで、心も一杯。  年年調薪、福利最多， 歡迎對餐飲業有熱忱的你！  ⭕獎金福利 【優良表現獎勵】每月最高2,000元，依出勤狀況及個人工作表現綜合判斷，非固定薪資或全勤獎金，公司有權中止或廢除優良勤務津貼 【三節獎金】定額獎金、春酒抽獎活動 【競賽獎金】每月店鋪競賽活動獎金 【介紹獎金】介紹親朋好友入職，期滿可獲得3,000~10,000元獎金 【輪調津貼】配合外縣市輪調者，皆享租屋津貼補助 【其他津貼】結婚生育津貼、喪葬慰問金、生日禮券、生日假、在職進修、年度健檢津貼、員工用餐優惠 【夏、冬季獎金】一年兩次獎金發放（幹部限"
14923921,【醫美】美容教育專員,守葳診所,台中,台中市,台中市西屯區,經營/人資,生技/醫療保健,40000~42000 (period=3),月薪,40000,42000,0,0,傳統無AI,無,0,0,0,0,1. 教育與培訓： (1) 作業流程與規範撰寫與相關所需表單設計。 (2) 作業流程與規範優化及相關教案製作。 (3) 統一美容手技教學，確保各門店一致性。 (4) 完成美容教育訓練與考核，維持應有專業態度。 (5) 完成作業流整與規範之稽核以維持門店服務品質， 提高顧客滿意度。 (6) 協助完成醫師教育訓練與新品儀器試用…活動 (7) 美容師、諮詢師學科筆試。  2. 美療設備維護： (1) 提升對儀器設備的熟悉度 (2) 督導美療相關設備之使用正確及儀器維護。  3.療程流程制定與優化： (1) 現有療程流程調整或優化。 (2) 為新療程設計流程與制定規範、相關表單設計。  4.教案製作與
14803565,人資專員HRHuman Resources,亞尼活力有限公司,台中,台中市,台中市大雅區,經營/人資,電子商務/數位零售,42000~50000 (period=2),月薪,42000,50000,0,0,傳統無AI,無,0,0,0,0,加入亞尼活力｜人資專員徵才中  用制度與溫度，打造一間讓人才願意留下、想要成長的公司。 亞尼活力是一間關注人、在意團隊氛圍的公司。從二人創業走到如今超過30人團隊，我們持續在前進，也需要一位能推動人資制度、文化與策略的人資夥伴，一起創造值得信任的企業環境。   我們正在找這樣的你： 邏輯清晰、積極主動、能跨部門溝通整合，願意從人資專業出發，成為 CEO 最得力的工作夥伴。 你將同時參與人才招募、制度優化、跨部門任務推進，並協助領導人釐清問題、統整資訊，是公司文化與效率的關鍵推手。  工作內容（Human Resources & Executive Assistant）  人資專員角色（約60%
13534989,中區業務經理,台灣匯芯科技股份有限公司,台中,台中市,台中市西屯區,經營/人資,文教/補教培訓,50000~9999999 (period=6),月薪,50000,50000,0,0,傳統無AI,無,0,0,0,0,1.管理經驗三年以上。 2.傳直銷產業營運經驗。 3.能獨立運作、出差。 4.重績效服從性高。 5.具備招商會、培訓會、講課能力。 6.善於溝通、輔導及管理業務團隊能力。 7.熟悉直銷培訓需求，能規劃經銷商所需課程。 
13947135,（澄石享自在）庭園餐廳-資深主管/儲備店長（台中北屯店）,澄石享自在_益鼎企業有限公司,台中,台中市,台中市北屯區,經營/人資,文教/補教培訓,38000~50000 (period=3),月薪,38000,50000,0,0,傳統無AI,無,0,0,0,0,我們正在尋找一位願意與團隊共同成長的夥伴，協助現場營運管理、帶領團隊及提升服務品質。若您具備餐飲管理經驗、善於溝通協調，並希望未來朝店長職務發展，歡迎加入我們。  工作內容： 1. 協助餐廳日常營運管理，維持現場順暢運作。 2. 負責內外場人員管理、工作安排與協調。 3. 協助新人教育訓練及工作指導。 4. 排班規劃與人力調度。 5. 顧客服務與客訴處理。 6. 協助庫存管理、叫貨及成本控管。 7. 維護餐點品質、服務品質及環境整潔。 8. 執行公司制度及營運規範。 9. 協助營運主管推動各項管理工作。 10. 具備管理潛力者，將列為儲備店長培訓對象。  我們希望您具備 1. 餐飲服務業經驗 
15407065,副總,臺灣凡夫股份有限公司,台中,台中市,台中市神岡區,經營/人資,電子商務/數位零售,75000~75000 (period=4),月薪,75000,75000,0,0,傳統無AI,無,0,0,0,0,"1.	統籌並推動公司整體的運營, 包括業務部(市場拓展)、電商部(營運協調)、製造部(製程監         督)、研發部(產品開發案件推展), 提升公司的市場競爭。 2.	協助建立與優化管理模式與KPI管理機制,   確保公司集團發展方向, 穩定增長。 3.	Unit cost管理/成本監督管理/產品成本核算。 4.	市場調查資訊, 供行銷單位(業務部、電商部) 業務拓展與營銷管理。 5.	協助製造部產品生產改善與相關問題處理。 6.	專利相關事宜處理。 7.	培養中高階管理人才, 提升團隊執行力與專業能力，推動組織的長期發展。 8.	協助總經理制定和執行公司策略, 完成總經理交辦任務。  "
11907130,品管人員,亞成電業有限公司,台中,台中市,台中市豐原區,經營/人資,傳統製造/精密工業,30000~9999999 (period=0),月薪,30000,30000,0,0,傳統無AI,無,0,0,0,0,1.原物料及成品進出廠之品質檢定 2.負責進料、製程檢驗、可靠度品質，以及上下游供應鏈商的品質輔導管理 3.問題的追蹤處理 4.操作儀器及量測工具 6.分析、計算測驗數據，以確認測試結果 7.肯學習 8.完成主管指派事項 9.具視圖能力 10.需可配合公司加班
15169311,正職人員(台中昌平店),水田炸物店,台中,台中市,台中市北屯區,經營/人資,其他服務/工商貿易,50000~50000 (period=0),月薪,50000,50000,0,0,傳統無AI,無,0,0,0,0,職位：正職人員 薪水：50000起 發薪方式：每月10號  休假：月休4～6天 工作時間：9:00～21:00（無兩段班） 工作內容：前台裝袋結帳、油鍋炸雞、開店準備、打烊清潔 （無經驗可教）  工作內容不難，只是費體力，歡迎想領高薪肯吃苦的你，有意願請洽0907540580
14787005,製造部經理特助,笠毅工業股份有限公司,台中,台中市,台中市清水區,經營/人資,傳統製造/精密工業,35000~50000 (period=0),月薪,35000,50000,0,0,傳統無AI,無,0,0,0,0,1.配合主管每日工作行程、參與公司內相關會議、負責主管各式交辦事項追蹤、資料彙整與檔案管理。 2.每日安排整理文件與發送，負責各項生產作業追蹤執行狀況，隨時掌控匯報進度。 3.協助主管進行公司內部管理與稽核相關事項【如：7S管理 生產品質管理、整合標準化工作流程、規劃及推動各項管理規章及制度】。 4.提供業務輪調與專業課程培訓【產銷存/廠務生產 業務銷售 資材倉管】。 5.主管交辦事項執行。 
15402386,康是美門市正職-潭子區,康是美_統一生活事業股份有限公司,台中,台中市,台中市潭子區,經營/人資,生技/醫療保健,33300~36300 (period=0),月薪,33300,36300,0,0,傳統無AI,無,0,0,0,0,康是美是專注於美妝、保健與生活百貨的連鎖零售通路，門市遍布全臺各地。 歡迎具備服務熱忱、樂於挑戰多元任務的你加入我們，與顧客互動、創造價值，一起打造美好日常！  【你會做些什麼】 ‧ 以親切與專業協助顧客挑選適合商品，提供即時服務（商品諮詢、結帳、退換貨） ‧ 主動了解促銷活動、會員機制、信用卡優惠，幫助顧客更聰明消費 ‧ 協助補貨、商品陳列與促銷執行，維持門市高效運作 ‧ 此工作需久站及搬運商品，適合行動力強、熱情有活力的你！  【我們提供的】 ‧ 多元獎金制度：商品獎金、營運獎金、年終與績效獎金，全年獎金上看8個月 ‧ 穩定發展環境：每年依個人績效與公司營運狀況調薪，讓努力被看見 ‧ 完整
12808120,區督導,老賴茶棧_老賴國際有限公司,台中,台中市,台中市北屯區,經營/人資,文教/補教培訓,38000~48000 (period=6),月薪,38000,48000,0,0,傳統無AI,無,0,0,0,0,1.督導負責加盟店業績及各項指標，達成公司營運目標 2.加盟店經營輔導與管理 3.定期巡店，稽核加盟店品質、服務、清潔等執行狀況 4.加盟店教育訓練及開幕支援 5.協助加盟主客訴及其他問題之處理 6.總公司政策傳達與執行 7.需跨區工作與出差 8.直營門市主管培訓 9.區域門市管理經驗一年以上  此職務需先至指定的訓練店培訓，熟悉並能實際操作各工作站與門店管理 【工作技能】 1.具飲料業營運管理、利潤控制、人力安排、顧客服務能力。 2.具組織領導、跨部門溝通協調力，經營分析與資源整合能力。 3.餐飲/服務業5年以上經驗，具管理職責或營運經驗。
15052964,【台中-外勤服務人員】,守信人力仲介有限公司,台中,台中市,台中市大雅區,經營/人資,其他服務/工商貿易,35000~35000 (period=4),月薪,35000,35000,0,0,傳統無AI,無,0,0,0,0,台中分公司誠徵【外勤服務人員】 1.無相關經驗可。 2.須會開車且具備汽車駕照(公司提供公務車)。 3.協助行政人員辦理公家機關文件及各廠文件交辦事項。  歡迎您加入守信大家庭 www.shoushin.com.tw
15401896,海外儲備幹部（派駐日本）,綠巨人生醫股份有限公司,台中,台中市,台中市西屯區,經營/人資,傳統製造/精密工業,面議,面議,,,1,0,傳統無AI,無,0,0,0,0,【職務定位與培訓模式】 本職位採「台灣培訓、派駐日本」兩階段培養模式。前期於台灣總公司接受生產、品保及營運管理訓練，完成培訓與考核後，依公司規劃派駐日本據點，作為台灣總部與日本事業體之溝通橋樑，逐步培養海外營運與管理能力。    【職務內容】 1. 工廠營運管理 負責日本工廠日常營運管理，涵蓋生產、採購、物流、庫存及成本等相關作業。  2. 生產與品質管理 協助生產進度與產品品質管理，落實食品安全及相關管理制度，並配合 GMP 與日本相關法規要求。  3. 供應鏈與市場管理 協助日本供應商、客戶及合作夥伴之溝通與協調，追蹤原物料、採購及物流狀況，並蒐集日本市場與競品資訊。  4. 跨部門協調與
15209645,董事長特助,佑宇興業有限公司,台中,台中市,台中市潭子區,經營/人資,其他服務/工商貿易,50000~9999999 (period=4),月薪,50000,50000,0,0,傳統無AI,無,0,0,0,0,協助董事長處理高層重要事項、對外聯繫與會議支援，需具高度保密、成熟的溝通與應對能力，確保關鍵任務與資訊流順暢。 【工作內容】 1.協助董事長重要行程、會議與對外聯繫安排 2.重要會議支援（依需求）：議程安排、資料彙整、會議紀錄、決議與待辦追蹤 3.貴賓/外部合作夥伴接待與聯繫，維持良好關係與溝通品質 4.重要文件、簡報、對外書信之整理與品質把關（必要時協助撰寫） 5.跨部門協調資源、會議召集、推動董事長交辦事項落地 6. 協助高階主管進行公司內部管理稽核事項（如：整合標準化工作流程、規劃及推動各項管理規章及制度）。 7. 負責公司經營策略分析、整合規劃、推動與執行。 8. 尋找公司未來發展之新
14894627,【集團央廚】廚房夥伴｜工作單純,慧馨孕產婦健康諮詢中心_慧馨幸福有限公司,台中,台中市,台中市南區,經營/人資,生技/醫療保健,面議,面議,,,1,0,傳統無AI,無,0,0,0,1,我們在找一位「能獨當一面」的廚務執行夥伴。  慧馨國際是一家結合健康理念與制度化管理的月子膳食品牌，旗下擁有中央廚房及多處月子中心合作據點。我們正尋找一位「具備現場經驗、願意升級管理能力」的廚房核心成員。  你將不只是一位廚師，而是未來團隊管理、SOP標準推進與訓練制度的重要推手。  【工作內容】 學習並熟悉央廚前製備料、生產課、配膳組與放餐組的整體作業流程 協助主管掌控食材驗收、備料品質與流程優化，確保每日出貨穩定 配合品保部門培訓儲備幹部，培養前線中堅戰力（1~5人） 執行廚務生產現場的食安與衛生管理，推進制度落實 學習月子中心配膳作業，必要時支援分駐點 須具備出差外派彈性，依公司任務調派
15343758,新光甜甜圈  daykey 早晚班正職,布莉歐烘焙有限公司,台中,台中市,台中市西屯區,經營/人資,電子商務/數位零售,33000~9999999 (period=3),月薪,33000,33000,0,0,傳統無AI,無,0,0,0,0,【工作內容】 生甜甜圈商品銷售與介紹，顧客服務、接待與簡單成品製作、店面清潔維持。  1. 親切有禮、熱情主動，擅長與顧客互動。 2. 對甜點、烘焙有興趣，能傳遞品牌理念。 3. 具備基本收銀與POS系統操作能力佳 (可培訓) 4. 有服務業經驗者佳。商品陳列上架。 5. 重視衛生、細心負責、有責任感  
15101989,"【Miopane烘培麵包品牌-台中區招募】國外(美國/新加玻)內場麵包師傅/儲備幹部_月薪80,000〜150,000元_連鎖品牌",Miacucina/Miopane/Dreamers Coffee/Herbivore/PRESERVE_好膳企業股份有限公司,台中,台中市,台中市西區,經營/人資,電子商務/數位零售,80000~150000 (period=6),月薪,80000,150000,0,0,傳統無AI,無,0,0,0,0,   嗨，您好！    很開心有機會向您介紹我們！    我們是一個持續成長、積極拓展的餐飲品牌，穩健耕耘超過十年，與夥伴們一起努力不     懈，事業版圖橫跨餐廳、烘焙、咖啡廳與電商，旗下品牌持續於國內拓點中。    現在的我們，已準備迎接下一個挑戰  「上市櫃」與「海外拓店」的年度目標，正全面啟動！   如果你不只想把麵包做好，  而是有一天，想站在不同國家的工作台前，  用一樣的雙手，做出讓世界記住的味道——  那你會喜歡我們接下來要走的路。  目前已有第一家美國門市，下一站新加玻， 未來將持續拓展海外據點，開放夥伴參與海外支援與外派機會。  【我們尋找的特質】   1.充滿熱情、親切、
11579555,主管特別助理,美朵診所,台中,台中市,台中市西區,經營/人資,生技/醫療保健,面議,面議,,,1,0,傳統無AI,無,0,0,0,0,1.工作行程之規劃安排，並隨行陪同，需會開車。  2.協助處理行政事務，擅長文書整理、ppt。。  3.負責行政事務流程之溝通、整合及規劃。  4.負責會議安排與通知，製作會議記錄並追蹤處理決議事項。  5.協助專案推動與時程控管。  6.交辦事項之執行、及後續追踪、聯繫並主動回報  7.統計報表分析
14353636,晨間儲備幹部(大里),羊羊得益企業有限公司,台中,台中市,台中市大里區,經營/人資,文教/補教培訓,600~1200 (period=0),時薪折算,96000,192000,0,0,傳統無AI,無,0,0,0,0,我們是【嘉南羊乳台中總經銷】經營近40年，擴大營業高薪徵才:   1.【儲備幹部】凌晨02:30前至公司提貨，發貨，協助輔導管理，支援或配送羊乳  每周日公休，每月收費一次，需自備機車，有普通重機車、汽車駕照，培訓為配送幹部   2工作約3~5小時，沒配送羊乳或配送瓶數少時，保障基本配送瓶數150~260瓶，另以輔導及領導績效換算成增加配送單價計算收入，考核通過升【配送幹部】換算約時薪250~350元   3.依配送瓶數計算收入，配送150瓶約600~1200元，加2000元全勤獎金及收費補助、其它油補、津貼、獎金....等，換算月收入約2~5萬元，依工作能力、態度及輔導領導績效....等計算
14520156,高階經營管理主管,喬福泡綿股份有限公司,台中,台中市,台中市南屯區,經營/人資,傳統製造/精密工業,面議,面議,,,1,0,傳統無AI,無,0,0,0,0,負責BU整體經營，涵蓋業務拓展、生產運營及跨部門協調管理，並承擔損益責任。 
13514340,門市專員藥師助理正職4萬起+月休9天+獎金 (友誠藥局-豐原店）,兩隻老虎藥局,台中,台中市,台中市豐原區,經營/人資,生技/醫療保健,38000~60000 (period=0),月薪,38000,60000,0,0,傳統無AI,無,0,0,0,0,工作內容  1. 協助門市商品銷售與顧客服務。 2. 維護門市環境整潔及商品陳列。 3. 商品上架、補貨、盤點及庫存管理。 4. 學習健康保健食品、保養品及藥局相關商品知識。 5. 提供顧客產品諮詢與健康保養建議。 6. 協助蝦皮等電商平台商品編輯與上架作業。 7. 參與公司銷售技巧及產品教育訓練。 8. 儲備幹部培訓，培養門市經營與管理能力。 9. 工作需細心、迅速且確實完成各項任務。 10.正職人員需簽約 11.月休 9 天。  工作特色  1. 工作內容單純，環境明亮舒適。 2. 店內商品以健康保健食品、保養品及處方箋服務為主。 3. 所學知識可廣泛運用於自身及家人的健康管理。 4. 完
12609126,董事長特別助理（副總經理，經理）,鉅鎰通運有限公司,台中,台中市,台中市梧棲區,經營/人資,傳統製造/精密工業,面議,面議,,,1,0,傳統無AI,無,0,0,0,0,本職務徵求具有強烈企圖心、主動積極、及樂於挑戰的資深經理人。 需要穩定、細心負責、自我管理高及執行能力強的伙伴。  工作內容：  1.	執行主管交辦事項，並隨行陪同主管工作行程。 2.	協助公司執行決議事項及各項專案，追蹤掌握進度並落實完成。  3.	跨部門溝通整合與協調。 4.     對於公司內事務需親力親為深入了解。 5.	具備車輛、重機械等機械常識
14703851,『集團擴編』海外部(行政菁英)[保障底薪+每年調薪],恆通國際開發有限公司,台中,台中市,台中市西屯區,經營/人資,文教/補教培訓,35000~40000 (period=2),月薪,35000,40000,0,0,傳統無AI,無,0,0,0,0,1.負責招募外籍移工至引進。  2.與客戶端進行溝通協調。  3.外籍移工人選面試篩選。  4.配合外出至客戶端視訊。  5.主管交辦相關工作事項。    『 優質的工作環境(星級的廁所)與友善(好相處)的工作團隊，公司嚴禁同事霸凌跟言語騷擾，提供和諧氛圍。』    ※公司定期邀請專業講師，提供內部教育訓練課程，讓各位同仁能不斷地學習跟發展專業技能與舞台。    ［每三個月安排激勵營活動（住飯店+職業參觀）、每年二次國外員工旅遊（公司全額贊助）］    《不定期舉辦公益活動+捐血活動，善盡社會責任。》
15115315,總管理處特助,福崧實業股份有限公司,台中,台中市,台中市西屯區,經營/人資,其他服務/工商貿易,面議,面議,,,1,0,傳統無AI,無,0,0,0,0,1.協助執行主管交辦的內部/外部專案、資源協調、進度追蹤。 2.協調與溝通內部團隊及外部合作夥伴，促進專案推動及進度追蹤。 3.預判與解決潛在問題，並為主管提供有效的建議與解決方案。 4.負責公司經營策略分析、整合規劃、推動與執行。 5.負責追蹤並主動回報主管交辦事項，定期提交營運報告。 6.主管交辦事項  **本職務需有「環境工程領域」相關之專業知識與實務經驗**  本職位負責規劃經營戰略並主導計畫落實，是推動企業發展的關鍵引擎。誠摯邀請具備深厚專業、高抗壓性且勇於挑戰現狀的合作夥伴，我們期待與您攜手共創未來。
12401200,咖啡吧台,brewband coffee_布魯本有限公司,台中,台中市,台中市大甲區,經營/人資,其他服務/工商貿易,40000~45000 (period=3),月薪,40000,45000,0,0,傳統無AI,無,0,0,0,0,Brewband是咖啡與甜點產業，希望你是喜歡咖啡、甜點，身體狀況能夠飲用咖啡、鮮奶，喜歡飲品與食物的工作與文化  此工作職務需熟悉義式咖啡機操作與基本手沖咖啡技巧，實務工作兩年以上  咖啡店人流較多，需要較好的邏輯、應變能力，靈巧的工作節奏  工作內容： 吧台管理、咖啡沖煮、甜點製備、服務 _ 依照紅字、國定假日天數排休，上班日餐費津貼、公司聚餐、職業進修補助 （專長額外加給
15170397,動手玩甜點DIY-門市正職人員-儲備幹部（台中金典店）,動手玩_好甜有限公司,台中,台中市,台中市西區,經營/人資,傳統製造/精密工業,36000~45000 (period=3),月薪,36000,45000,0,0,傳統無AI,無,0,0,0,0,【招募】Dough 動手玩：店長/儲備幹部  甜點手作是我們的核心，系統化管理是我們的目標。  我們在找這樣的你： ✅ 活潑開朗、細心耐心，對收納與整潔有堅持。 ✅ 具備責任感，擁有正面影響力。 ✅ 管理潛力：對制度化經營有熱忱，能協助店鋪優化流程。  如果你具備領導特質，並渴望在手作產業實踐管理長才，Dough 動手玩誠摯邀請你與我們聯絡！
15049792,康是美門市正職-西屯區,康是美_統一生活事業股份有限公司,台中,台中市,台中市西屯區,經營/人資,生技/醫療保健,33300~9999999 (period=2),月薪,33300,33300,0,0,傳統無AI,無,0,0,0,0,康是美是專注於美妝、保健與生活百貨的連鎖零售通路，門市遍布全臺各地。 歡迎具備服務熱忱、樂於挑戰多元任務的你加入我們，與顧客互動、創造價值，一起打造美好日常！  【你會做些什麼】 ‧ 以親切與專業協助顧客挑選適合商品，提供即時服務（商品諮詢、結帳、退換貨） ‧ 主動了解促銷活動、會員機制、信用卡優惠，幫助顧客更聰明消費 ‧ 協助補貨、商品陳列與促銷執行，維持門市高效運作 ‧ 此工作需久站及搬運商品，適合行動力強、熱情有活力的你！  【我們提供的】 ‧ 多元獎金制度：商品獎金、營運獎金、年終與績效獎金，全年獎金上看8個月 ‧ 穩定發展環境：每年依個人績效與公司營運狀況調薪，讓努力被看見 ‧ 完整
13646881,特別行政助理,友順汽車_宥頡汽車有限公司,台中,台中市,台中市西屯區,經營/人資,電子商務/數位零售,33000~40000 (period=0),月薪,33000,40000,0,0,傳統無AI,無,0,0,0,0,1. 協助主管行程、安排會議等行政事務 2. 處理文件、資料整理、歸檔 3. 協助部門專案系統上單、零用金核銷、申請補助等 4. 協助辦公室庶務工作、櫃臺訪客接待 5. 協助人事資料彙整、財務事務處理等 6. 其他主管交辦工作  本職位的重要性在於協助公司日常行政事務，確保公司運轉順暢。此外，透過本職位，您有機會深入瞭解公司各部門的運作和協調能力，是一個良好的學習和發展機會。 歡迎符合條件的求職者投遞您的履歷表。期待您的加入！
15297342,【MIKIMOTO】 Boutique Manager 店經理-台中大遠百,香港商御木本真珠寶有限公司台北分公司,台中,台中市,台中市西屯區,經營/人資,傳統製造/精密工業,45000~80000 (period=4),月薪,45000,80000,0,0,傳統無AI,無,0,0,0,0, 1.負責門市日常營運與銷售管理。確保各項銷售活動符合 MIKIMOTO 全球品牌形象、服務    標準及營運流程。 2.帶領門市團隊達成銷售目標與 KPI，並持續提升團隊銷售能力、產品知識及服務品質。  3.主動接待及開發到店顧客，深入了解顧客需求，提供專業珠寶諮詢與高品質服務體驗。  4.建立並維護長期顧客關係，包含 VIP／KPI 顧客經營、售後服務與客戶關懷。  5.協助規劃並執行門市銷售策略、顧客關係維護及品牌活動支援。  6.負責或協助門市庫存管理、商品陳列、硬體設備維護與日常營運管理。  7.作為 MIKIMOTO 品牌大使，傳遞品牌精神，並提供卓越且一致的客戶服務體驗。  8.
15328081,人資總務,明暐紙器機械股份有限公司,台中,台中市,台中市沙鹿區,經營/人資,傳統製造/精密工業,32000~38000 (period=2),月薪,32000,38000,0,0,傳統無AI,無,0,0,0,0,工作內容 * 人員招募、面試安排、報到及離職作業。 * 勞健保加退保及人事資料維護。 * 出勤、請假、加班資料管理。 * 教育訓練規劃與執行。 * 會議安排、會議資料彙整、會議通知。 * 會議紀錄撰寫及會議決議事項追蹤。 * 公司公告、公文及文件管理。 * 辦公用品採購及總務庶務管理。 * 尾牙、春酒及公司年度活動籌辦與執行。 * 員工活動企劃與執行。 * 外籍移工管理及相關行政作業。 * 主管交辦事項。    
14682139,HR Manager,台灣力德信息科技有限公司,台中,台中市,台中市大里區,經營/人資,資訊科技/軟體網路,90000~110000 (period=7),月薪,90000,110000,0,0,傳統無AI,無,0,0,0,0,"HR Manager  Working location: Taichung, Taiwan Industry: Manufacturing  The Role: Our client is an MNC and seeking for a dynamic HR Manager to lead all human resources functions for their manufacturing facility in Taiwan. This pivotal role is responsible for developing and executing HR strategies th"
15264634,國際事務專責人員R9,財團法人塑膠工業技術發展中心,台中,台中市,台中市西屯區,經營/人資,傳統製造/精密工業,40000~9999999 (period=2),月薪,40000,40000,0,0,傳統無AI,無,0,1,0,0,1.負責國際技術合作交流、聯繫協調與合作推動。 2.執行政府專案規劃、提案撰寫及專案管理。 3.研究循環經濟、複合材料與纖維材料技術發展趨勢。 4.進行專利檢索、文獻分析及技術資訊蒐集。 5.須具備TOEIC：750以上 
15360819,主管特助,源洋制服時裝有限公司,台中,台中市,台中市沙鹿區,經營/人資,傳統製造/精密工業,面議,面議,,,1,0,傳統無AI,無,0,0,0,0,1. 協助高階主管進行公司內部管理稽核事項（如：整合標準化工作流程、規劃及推動各項管理規章及制度）。 2. 協助高階主管進行跨部門、跨廠間的溝通協調與會議召集。 3. 負責公司經營策略分析、整合規劃、推動與執行。 4. 協助經營團隊執行公司之決議事項及各項專案。 5. 尋找公司未來發展之新事業（如：技術合作、、策略聯盟）。 6. 負責企業營運績效分析與改善管理。 7. 負責經營策略擬定與策略品質提昇。 8. 追蹤、監督各部門的工作進度。 9. 負責重要客戶來訪接待及回函處理。 10.需有汽車駕照且會開車
15110051,台中-日班勤務督導-薪5萬起,虹海保全股份有限公司,台中,台中市,台中市西區,經營/人資,文教/補教培訓,面議,面議,,,1,0,傳統無AI,無,0,0,0,0,工作內容: 1.接受公司訓練，肯學習，擔任公司勤務主管 2. 提升各案場服務品質、優化及改善服務流程 3. 人員管理(督導、輔導、激勵、培訓) 4. 現場人力調度與協調 5. 突發狀況、緊急事件處理及排除 6. 維護勤務運作正常，須適度配合勤務支援 7.執行主管交辦事項  二、薪資: NT$50000起，面議  三、公司提供福利及保障: 1.勞保、健保 2.員工團保 3.勞退提撥公司負擔6%退休金 4.生日禮金、生育、婚喪補助金 5.績效獎金，年節獎金或禮券 6.不定期聚餐     
14122009,可不可熟成茶行_總部_人資主管,可不可熟成茶行_永醇誠股份有限公司,台中,台中市,台中市北屯區,經營/人資,文教/補教培訓,面議,面議,,,1,0,傳統無AI,無,0,0,0,0,1.熟識各部門工作職掌，並協助各部門建立KPI制度。 2.建立公司人才發展體制，系統化的培訓員工，強化企業的人才資本。 3.調整職級職等及升遷、調薪制度等，以維持企業的競爭力，留下優秀人才。 4.協助公司編列薪資預算、薪資計算執行與人力成本相關報表分析。 5.協助公司招募策略制定，開發多元招募管道，招募適合的人才。 6.建立及修訂人資相關管理辦法等。 7.熟悉及配合政府各項勞工法令政策等。 8.協助加盟門市調解勞資爭議、處理員工資遣解雇等相關議題。 9.跨部門專案事項之規劃暨執行。 10.主管交辦事項     ▲ 公司福利 :      員工定期聚餐       員工制服      在職訓練、
14298235,台中 - 資深行政人員,亞太資源管理顧問股份有限公司,台中,台中市,台中市西屯區,經營/人資,其他服務/工商貿易,43000~55000 (period=4),月薪,43000,55000,0,0,傳統無AI,無,0,0,0,0,1. 獨立辦理外籍勞工案件申請作業 2. 負責案件進度控管、申辦時程追蹤及異常狀況處理 3. 案件資料建檔、維護、申報及進度管理 4. 協助確認案件文件及申請內容正確性 5. 協助仲介評鑑資料彙整、檢核及相關行政作業 6. 其他主管交辦事項  條件需求： 1. 具外籍勞工仲介行政相關經驗 2. 熟悉外籍勞工申辦流程及相關法規佳 3. 熟悉聘軒作業系統，能獨立完成案件作業佳 4. 具案件進度控管、文件檢核及問題處理能力 5. 細心負責，具良好溝通協調能力
15348918,【台中】行政助理(歡迎夜校生),守信人力仲介有限公司,台中,台中市,台中市大雅區,經營/人資,其他服務/工商貿易,32000~9999999 (period=4),月薪,32000,32000,0,0,傳統無AI,無,0,0,0,0,台中分公司誠徵【行政助理】  1.辦理引進外國人各項行政事務。  2.熟悉電腦操作。  3.無相關經驗可。   非常歡迎您加入守信大家庭  www.shoushin.com.tw
9475275,【台中總部】執行長特助,康博集團_美加時尚美醫診所,台中,台中市,台中市西區,經營/人資,生技/醫療保健,面議,面議,,,1,0,傳統無AI,無,0,0,0,0,1、執行主管之交辦，專案進度管理。 2、提供分析數據以助決策。 3、跨部門溝通協調。 4、異業合作提案窗口 5、重邏輯思考分析能力，帶領業務單位研擬策略計劃與年度專案、整合規劃、企劃提案、推動執行與進度、成本管控能力。 4、具行銷企劃主管經驗 或 專案管理主管經驗者佳   
14950590,【虎山焱】老虎城購物中心麻辣火鍋新品牌 → 內、外場儲備幹部（45 K ~ 55K）,圓夢家文創行銷有限公司,台中,台中市,台中市西屯區,經營/人資,廣告行銷/公關顧問,45000~9999999 (period=2),月薪,45000,45000,0,0,傳統無AI,無,0,0,0,0,【職務說明】 新火鍋品牌正在籌備中！ 我們找營運管理人才，一起打造人氣品牌。 你將建立營運制度、管理門店、追蹤績效。 帶領團隊、協作跨部門，推動品牌成長。 從開店前到營運後，你都是關鍵推手。 想參與新品牌起飛？歡迎加入！  【外場儲備幹部工作內容】 1 . 協助主管執行餐廳營運與現場管理事務。 2 . 協助處理顧客需求與現場突發狀況，並適時回報主管。 3 . 營業前確認餐廳環境、清潔、備品及相關設備是否完善。 4 . 協助門店主管及團隊人才訓練，提升整體營運與服務能力。 5 . 督導現場人員之服裝儀容、服務品質及衛生安全觀念。 6 . 協助人員工作安排、出勤管理及班表規劃。 7 . 負責桌面擺
14884920,《台中》-總經理助理,萬泰物流供應鏈股份有限公司,台中,台中市,台中市西區,經營/人資,其他服務/工商貿易,面議,面議,,,1,0,傳統無AI,無,0,0,0,0,1.總經理工作行程安排。 2.協助總經理進行公司經營策略、業務推動與管理決策分析。 3.參與品牌行銷及數位行銷專案執行。 4.處理總經理交辦事項。  
13007122,業務助理,精峰工業股份有限公司,台中,台中市,台中市烏日區,經營/人資,傳統製造/精密工業,30000~36000 (period=2),月薪,30000,36000,0,0,傳統無AI,無,0,0,0,0,1. 整理訂單及報價 2. 送樣品及產品介紹 3. 表單整理、案件追蹤  4. 排板及材料數量計算
12933072,內場正職『KATZ 卡司 · iFG遠雄廣場台中店 7F』,KATZ卡司韓藝料理_卡司創意有限公司,台中,台中市,台中市東區,經營/人資,其他服務/工商貿易,36000~37000 (period=0),月薪,36000,37000,0,0,傳統無AI,無,0,0,0,0,工作內容: 1. 標準SOP餐點料理，協助備料，事前準備。 2. 進行韓式炸雞及韓式料理製作。 3. 各區域和設備的清潔及保養。 4. 食材新鮮管控，訂貨盤點。 5. 完成主管交辦之事項 。     其他須知與配合： 1. 試用期三個月，試用期總薪35K  （含工資、全勤、津貼、實習紅利補貼），需通過職能考核，能力佳者歡迎提前完成。 2. 月休8~11天（依人力需求排假，休息日與國定假日移調，另補休補假或加班費） 3. 需同意四週變形工時排假。 4. 需配合延長工時需求，加班時數可以彈性補休抵銷。 5. 需配合輪班。 6. 三節禮金，生日禮劵。（共同努力創造盈餘，享季紅利，年終禮金） 7. 員
15209429,總經理特助,佑宇興業有限公司,台中,台中市,台中市潭子區,經營/人資,其他服務/工商貿易,45000~9999999 (period=4),月薪,45000,45000,0,0,傳統無AI,無,0,0,0,0,-協助總經理推動跨部門專案與關鍵任務落地，進行資料彙整分析、會議與行動項追蹤，提升    決策效率與執行品質。 - 執行公司之決議事項及各項專案 - 負責重要客戶來訪接待及回函處理  本職位是公司高層管理團隊的重要支援角色，有機會參與公司重要決策，並成為公司發展的重要推手。 歡迎符合資格且對此職位具興趣和熱情的人士，加入我們的團隊。
11055070,F.<實體通路>營運專員,我的心機_捷司特國際股份有限公司,台中,台中市,台中市西屯區,經營/人資,其他服務/工商貿易,35000~9999999 (period=3),月薪,35000,35000,0,0,傳統無AI,無,0,0,0,0,1. 主要客戶聯繫窗口(Key Account Management) 2. 規劃與執行商品銷售與通路計劃：通路分析與新品提案、     檔期促銷活動規劃、執行及後續追蹤及庫存狀況管理。 3. 每月銷售業績預估及檢討。 4. 針對競品定期提供分析報告並對市場動態高度掌握。 5. 擅長團隊合作與邏輯化溝通。 6. 熟醫美藥妝通路尤佳。 7. 其他主管交辦事項。
15393100,工程高階特助,陸府建設股份有限公司,台中,台中市,台中市南屯區,經營/人資,其他服務/工商貿易,面議,面議,,,1,0,傳統無AI,無,0,0,0,0,【職務內容】  1. 工程內外業協調整合  2. 個案績效評核  3. 協助工程整合主管各項整合專案執行   【專業背景需求】 1.兼具大樓住宅工程專業深度與跨領域整合經驗。 2.曾實際統籌規劃設計、工程採購、發包、施工、品質及工期管理。
15359188,中區_專案督導/人才招募/營運專員,大予行銷顧問有限公司,台中,台中市,台中市西屯區,經營/人資,文教/補教培訓,38000~38000 (period=0),月薪,38000,38000,0,0,傳統無AI,無,0,0,0,0,工作內容： 我們正在尋找對行銷活動充滿熱忱、具備良好溝通與執行能力的專案企劃夥伴 你將參與品牌行銷及通路推廣專案，從前期規劃、人員招募與執行，到後續成效整理，完整參與專案運作。 如果你喜歡與人溝通、不排斥週末假日處理各種突發狀況，對於「把專案從規劃做到落地完成一條龍」的成就感，歡迎加入我們。  主要工作內容: 1.	週末實體活動專案執行與品質管理 2.	活動人員招募與管理 3.	專案時程與進度控管 4.	專案資料及報表整理報告 5.	專案費用與行政作業 6.	其他專案支援事項  其他條件: 1.	對行銷活動、品牌推廣及專案管理有興趣 2.	能同時處理多項工作，並掌握工作優先順序 3.	個性主動
14938907,醫美產品管理師（台中總公司）,雷醫國際股份有限公司,台中,台中市,台中市南屯區,經營/人資,生技/醫療保健,45000~55000 (period=2),月薪,45000,55000,0,0,傳統無AI,無,0,0,0,0,1. 醫學美容儀器產品之教育訓練與技術示範 。 2. 提供客戶諮詢、產品解說及內部、客戶端教育訓練。 3. 假日須配合參加醫學展會、偶爾須至外縣市支援業務行程。 4. 產品優勢分析與銷售策略擬定。 5. 不定期關心客戶使用情形 6. 紀錄與追蹤耗材消耗量
12690622,蔬果加工中心儲備幹部(可於10/3台中世貿參與就業博覽會面試),興農股份有限公司,台中,台中市,台中市大肚區,經營/人資,生技/醫療保健,30000~35000 (period=0),月薪,30000,35000,0,0,傳統無AI,無,0,0,0,0,本部門為興農集團子公司【玉美生技(股)公司-農業生技部】，部門資訊歡迎連結查詢 官網: https://www.yumeifarm.tw/ 臉書: https://www.facebook.com/yumeifarm  職缺工作內容: 1. 蔬果截切、清洗、包裝等製程作業安排與產線設備清潔 2. 物料、半成品、成品庫存管理 3. 執行食品安全衛生管理事項 4. 達成客戶出貨任務 5. 完成主管其他交辦事項  食品從業人員，經錄取需先完成一般體檢+供膳體檢 **一對一職場前輩輔導人制度，協助熟悉工作事務** **環控廠房，無塵室作業** **需站立作業及簡單電腦操作 **需配合排休與輪班** *
11613928,東南亞總部-人資專員【擴大徵才】,宏全國際股份有限公司,台中,台中市,台中市西屯區,經營/人資,傳統製造/精密工業,面議,面議,,,1,0,傳統無AI,無,0,0,0,0,職務說明如下: 1. 招募：負責 BU 單位之履歷篩選、招募面談、甄選、任用相關作業 2. 負責與東南亞各廠人資溝通協調。 3. 各國人資相關資料彙整收集與報表製作。 4. 專案推動：人資專案之推展與溝通。 5. 督導 各國 人資工作執行與績效達成。 6. 對各國人資工作稽核、查核與輔導。 7. 對各國人資工作追蹤與瞭解。 8. 主管交辦事項。 9.了解更多資訊:https://www.honchuan.com/tw/about-thc/hr https://www.youtube.com/watch?v=pxMuEl_YmWc  
10976801,【清水校&沙鹿校】 行政櫃檯，保障底薪3.3萬元，無經驗可，歡迎熱血社會新鮮人！,朱希教育股份有限公司,台中,台中市,台中市清水區,經營/人資,文教/補教培訓,面議,面議,,,1,0,傳統無AI,無,0,0,0,0,1.電話招生＆客服  2.行政接待＋課程介紹＋帳務工作  3.協助各班班務 4.電聯家長解決學生問題  5.享勞健保、勞退、年終獎金等福利制度。  6.簽約後含全勤保障薪資30000~40000元  
13272989,台中市停車場-儲備幹部,力揚停車場設備股份有限公司,台中,台中市,台中市西區,經營/人資,其他服務/工商貿易,35000~50000 (period=0),月薪,35000,50000,0,0,傳統無AI,無,0,0,0,0,負責各停車場內部人員訓練、各項事務經營管理、業務招標、客訴處理
14595406,門市人員,浤源事業有限公司,台中,台中市,台中市潭子區,經營/人資,其他服務/工商貿易,33000~35000 (period=0),月薪,33000,35000,0,0,傳統無AI,無,0,0,0,0,1. 商品介紹銷售與諮詢。 2. 協助客戶商品訂貨、客訴案件處理。 3. 負責門市展間營運管理。 4. 協助門市進行活動規劃，並提出營運建議。 5. 學習人力調度與人員管理。 6.客戶關係的建立與維繫。 7. 擔任小編回覆社群平台(Facebook、Instagram、LINE@)訊息。  門市儲備幹部是未來銷售管理人才的搖籃，可透過訓練及學習公司相關知識，提升專業能力並成長為管理職務。 歡迎有興趣且符合資格的人士投遞履歷，我們期待與您共同成長。
14869149,【漢神洲際】品牌門市人員｜保障35K起｜月均40K↑｜完整培訓｜myBRA,myBRA_禾荃國際有限公司,台中,台中市,台中市北屯區,經營/人資,電子商務/數位零售,35000~60000 (period=0),月薪,35000,60000,0,0,傳統無AI,無,0,0,0,1,台灣最懂女性的內衣品牌 ─ myBRA 致力於打造真正符合亞洲女性需求的高品質內衣。  我們相信： 真正的美，來自被理解與被支持的自信。  這不只是銷售工作， 而是透過專業與理解，讓每位女性更從容喜歡自己。  如果你喜歡與人交流、重視服務細節， 也期待在溫暖有質感的品牌環境中成長，歡迎加入 myBRA！  ▍工作內容 • 接待顧客並了解需求，提供專業內衣諮詢與穿搭建議 • 協助門市商品陳列、維持店櫃整潔與品牌形象 • 提供貼心服務，建立顧客信任與長期互動關係 • 協助商品進退貨、庫存整理與基礎行政作業 • 與團隊共同達成門市目標與良好服務體驗  ▍我們希望你具備 • 喜歡與人互動，具親和力與服
13627532,總經理特助（業務助理）,台灣優米實業有限公司,台中,台中市,台中市西屯區,經營/人資,電子商務/數位零售,面議,面議,,,1,0,傳統無AI,無,0,1,0,0,1.⁠ ⁠協助總經理進行公司策略規劃與執行，提供關鍵決策支持。  2.⁠ ⁠籌備與參與高層會議，撰寫相關會議簡報與決策報告，跟進會議決策的落實情況。  3.⁠ ⁠協助總經理進行內部團隊管理與跨部門協作，促進各項專案的高效運行。  4.⁠ ⁠代表公司出席外部會議，維持並拓展重要業務合作夥伴關係。  5、主管交辦事項。  6、需具備英文與日文書寫及口說能力。  7、日藉人士優(中文中等優)。  ★員工福利 1、每年至少一次國外員工旅遊 2、不定時聚餐 3、季獎金、年終獎金 4、勞保、健保、勞退皆依勞基法  本職位提供多元的日常工作挑戰與升遷機會，是一個非常有發展前途的職位。在這份工作中，您將會接觸
15405393,【內部正職】人資招募助理｜徵同事｜獎金很多等你賺,首誠人力資源有限公司,台中,台中市,台中市大雅區,經營/人資,其他服務/工商貿易,30000~9999999 (period=0),月薪,30000,30000,0,0,傳統無AI,無,0,0,0,0,"同事友善幽默每天上班不無聊✨  工作內容 協助求職者找工作、進行人員媒合 電話聯繫求職者及面試安排 門市接待與基本諮詢 履歷及人員資料建檔 完成主管交辦事項 與駐廠廠商對接  工作資訊 工作地點｜ 台中市大雅區中山北路582號 上班時間｜ 09:00～18:00 休假制度｜ 週休六日（國定假日依公司規定）  薪資待遇 人資專員｜薪資 $30,000～$50,000↑ 除了基本薪資，還有多項獎金可以拚 ✨ 季獎金｜$3,000／季 ✨ 招募獎金｜$2,000～$10,000／月 ✨ 駐廠獎金｜$1,000～$10,000／月 ✨ 在職加薪｜$0～$10,000／月 做得越好，獎金越多 穩定累積績"
11282390,租賃管理專員,宇豐租賃服務有限公司,台中,台中市,台中市龍井區,經營/人資,其他服務/工商貿易,30000~60000 (period=2),月薪,30000,60000,0,0,傳統無AI,無,0,0,0,0,1. 房間佈置、帶看、出租、簽約、入住、退租。 2. 了解住戶房間問題、協助處理維修問題。 3. 陪同廠商維修處理事務，簡易水電處理。 4.月薪30000元以上+無上限獎金 5. 完成主管交辦事項。    ★ 參與租賃管理相關工作，逐步熟悉運作流程！   ★ 與公司同仁一同行動、並在實踐中提升專業能力！   ★ 累積實戰經驗，為未來的更多可能做準備 ，有機會進階管理職位！ ★ 如果你有滿滿的熱情與學習力，我們超期待你的加入！   ★ 和我們一起開創你的新職涯，不要猶豫了，加入我們吧！  
11369399,"主管助理（無經驗可,會美編或影片尤佳）",朗日牙藝牙醫診所,台中,台中市,台中市西屯區,經營/人資,生技/醫療保健,35000~45000 (period=0),月薪,35000,45000,0,0,傳統無AI,無,0,0,0,0,工作內容： 1. 協助處理診所行政事務 2. 診所內牙材及其他項目的詢價及採購 3. 診所相關美編設計 3. 完成主管交辦事項 4. 臉書和ＩＧ客服回覆  個人特質： 1. 記憶力好且做事有自己的條理，因為大小事情很多 2. 因為需要適應我們診所環境且達到您個人的目標，所以需要具備自動自發積極度、穩定性高 ，願意挑戰任何任務 3. 因為診所就是一個團隊，一個大家庭，不分你是哪個職位，唯有大家共同努力目標一至，才能讓診所更上一層樓，所以需要具備高合作精神，能與團隊成員合作達成任務 
11976943,空拍巡檢及空拍訓練儲備幹部-中部,先創國際股份有限公司,台中,台中市,台中市西區,經營/人資,電子商務/數位零售,32000~50000 (period=3),月薪,32000,50000,0,0,傳統無AI,無,0,0,0,0,"本職缺負責企業機關學校採購規劃，提供相關飛行技能訓練與空拍行業檢測業務，歡迎有志於投身熱門無人機產業之人才，加入先創國際之行列。 1.具有民航局專業操作證G1(2-25公斤),如有G2.G3更好。 2.有企業機關學校空拍機採購及訓練規劃經驗或能力。 3.有土木工程相關科系畢業,有中華民國乙、丙級工程測量證照者更佳。 4.顧客意見回饋以供公司改善參考。 5.定期做績效檢討，回報進度。 6.依績效核發季度獎金。    先創國際公司簡介 www.esentra.com.tw 先創國際公司官網 www.esentra.com.tw/tw_company1.asp "
15406679,人力資源管理師,凱旋復健科診所,台中,台中市,台中市西區,經營/人資,生技/醫療保健,35000~35000 (period=2),月薪,35000,35000,0,0,傳統無AI,無,0,0,0,0,1. 維護企業內部人力資源之相關紀錄（如：員工個人基本資料、工作說明書、職務輪調紀錄、出缺勤紀錄與績效評核紀錄等）。 2. 規劃與執行人員招募、甄選與任用，以解決公司的人力需求問題。 3. 設計、管理與執行公司的績效管理系統，並運用績效評核結果，提供管理上決策之參考（如：調薪、獎金、紅利、升遷、調動、留任、資遣或對員工貢獻予以表揚等）。 4. 規劃人力運用的預算，建立與維持公司的薪酬系統與工作規則、管理員工福利制度與退休金方案，並提供人事管理報表（如：工時規劃、出勤管理等）。 5. 規劃公司的訓練發展體系，進行訓練與發展之需求分析、規劃、執行與成效評估。 6. 進行工作分析，作為日後部門進行職
15249874,董事長秘書(董事長是女生),樂樺國際有限公司,台中,台中市,台中市南屯區,經營/人資,電子商務/數位零售,35000~45000 (period=3),月薪,35000,45000,0,0,傳統無AI,無,0,0,0,1,【董事長特助 / 秘書】  職務亮點 我們正在尋求一位反應敏捷、執行力強且極具責任感的核心夥伴！你將直接協助董事長處理跨部門溝通、專案推進與生活庶務，成為最貼心/可靠的核心夥伴。  主要工作內容 1. 專案推動與高層幕僚  執行董事長交辦之大小專案，跨部門協調資源並控管進度。  擔任內外部溝通橋樑，確保資訊準確傳達與落實。  陪同參與重要會議與公關活動，搜集資料並協助記錄追蹤。  2. 行政運籌與總務管理  規劃董事長行程、會議通知、文件歸檔與差旅安排。  統籌辦公室環境、設備維護、資產與耗材採購對接。  負責行政費用請款、流程優化與緊急事務彈性應變。   必備條件與技能  駕照技能：具備普通
14676224,"《月薪41,500元~43,500元》【日商壽司郎】台中文心店-正職人員★歡迎二度就業、無經驗者★",台灣壽司郎股份有限公司,台中,台中市,台中市南屯區,經營/人資,文教/補教培訓,39500~42500 (period=0),月薪,39500,42500,0,0,傳統無AI,無,0,0,0,0,"﹌透過美味的壽司，將幸福傳遞下去﹌ うまいすしを、腹一杯。 うまいすしで、心も一杯。  年年調薪、福利最多， 歡迎對餐飲業有熱忱的你！  ⭕獎金福利 【優良表現獎勵】每月最高2,000元，依出勤狀況及個人工作表現綜合判斷，非固定薪資或全勤獎金，公司有權中止或廢除優良勤務津貼 【三節獎金】定額獎金、春酒抽獎活動 【競賽獎金】每月店鋪競賽活動獎金 【介紹獎金】介紹親朋好友入職，期滿可獲得3,000~10,000元獎金 【輪調津貼】配合外縣市輪調者，皆享租屋津貼補助 【其他津貼】結婚生育津貼、喪葬慰問金、生日禮券、生日假、在職進修、年度健檢津貼、員工用餐優惠 【夏、冬季獎金】一年兩次獎金發放（幹部限"
14788927,【康博集團 總部】執行長室 專案PM (前景產業、福利優),康博集團_康博健康生活股份有限公司,台中,台中市,台中市西區,經營/人資,生技/醫療保健,面議,面議,,,1,0,傳統無AI,無,0,0,0,0,「康博集團」已經營二十年，投入超過三十億，建構了台灣業界唯一大健康生活圈  【我們的使命】 我們相信，幸福來自身心富足，讓我們用專業和熱情，陪伴所有人健康幸福呷百二  【我們的價值觀】 感恩善念、正向樂觀、互利共好、持續優化  【工作內容】 1、執行主管之交辦，專案進度管理 2、提供分析數據以助決策 3、跨部門溝通協調 4、異業合作提案窗口 5、重邏輯思考分析能力，帶領業務單位研擬策略計劃與年度專案、整合規劃、企劃提案、推動執行與進度、成本管控能力 6、具行銷企劃主管經驗 或 專案管理主管經驗者佳  如果您認同我們的價值觀與使命，非常歡迎您加入我們，共創讓夥伴能在此安身立命，共創共好的工作圈，
15392013,儲備幹部(台中)-月薪 3.8萬 至 4.3萬元(含各項津貼補助)/月績效獎金另計,樂清服務股份有限公司,台中,台中市,台中市北屯區,經營/人資,文教/補教培訓,38000~43000 (period=0),月薪,38000,43000,0,0,傳統無AI,無,0,0,0,0,※ 滿一年以上平均年收入(含獎金)60萬 ※ 1.統一超商關係企業。2.依績效表現，一年晉升。 3.週休二日。4.福利優(旅遊劵、三節禮品、團體保險、職工福利等)。 產品與市場: DUSKIN的產品為引進日本的除塵/潔廁商品，服務範疇遍及全台各大商場門市、公部門、家庭消費者，DUSKIN於台灣市場具備20年以上的運籌經驗與服務能量，本公司營業體系主管內部晉升比例100%，我們有完整的教育訓練與工作教導並透過有計畫的職務輪調歷練，養成不同職能。歡迎踏實、具服務熱忱與認同公司理念的優秀人才加入DUSKIN的平台，一起實踐夢想找到幸福。 工作內容： 一、業務開發與拓展市場(經常性業務)： 1.區域新
12364218,Nab 女裝-【台中區】儲備幹部,Nab_Shop女裝_自然堂國際時尚有限公司,台中,台中市,台中市南屯區,經營/人資,電子商務/數位零售,40000~55000 (period=2),月薪,40000,55000,0,0,傳統無AI,無,0,0,0,0,工作內容：  1. 門市管理及推動業績目標達成。  2. 商品介紹及銷售服務。  3. 排班及人員填補。  4. 獨立性高、具備帶人及管理經驗。  5.負責員工的招募、訓練、稽核與管理與調度。 6. 可支援台中區門市巡店及人員調度。   公司好康:  1. 月休8-9天、 滿半年特休3天、滿一年特休7天。 2. 享有勞、健保與6%勞退新制 。 3. 全勤獎金、伙食津貼、業績獎金、全區月達標獎金。 4. 員購優惠 。 5.生日、中秋、端午禮金(品)。 6. 補助津貼(結婚、生育) 。 7. 公司聚餐，培養姊妹滔同事們的情誼。  公司悄悄話:  只要是人才，有自信心，業績表現優異，公司待遇優於其他
15402192,儲備幹部(水肥廠),山林水環境工程股份有限公司,台中,台中市,台中市南屯區,經營/人資,其他服務/工商貿易,面議,面議,,,1,0,傳統無AI,無,0,0,0,0,1.	負責公文收發作業。 2.	廠商請款計價作業。 3.	人事管理及協助行政庶務相關事宜。 4.	一般文書資料建檔及歸檔等作業。 5.	進場水肥車文書資料建檔及GPS之查詢。 6.	主管機關溝通協調。 7.	其他主管交辦事項。 
15290056,生產管理儲備幹部,久馨股份有限公司,台中,台中市,台中市西屯區,經營/人資,傳統製造/精密工業,50000~65000 (period=6),月薪,50000,65000,0,0,傳統無AI,無,0,0,0,0,1. 負責工廠整體營運管理，達成品質、成本、交期及產能目標。 2. 管理前置加工、組裝、等生產流程，提升整體生產效率。 3. 建立及優化SOP、標準工時及製程管理制度。 4. 推動精實生產(Lean)、6S及持續改善專案 5. 統籌設備、人力及產能配置有效掌控製造進度與出貨交期 6. 管理生產KPI 7. 建立人才培育制度，規劃教育訓練、幹部培養及績效管理。 8. 推動ISO品質系統、安全衛生及工廠管理制度。 9. 分析生產異常及提出改善方案，持續提升工廠競爭力。 10. 執行公司經營目標及主管交辦專案。
15392546,行政秘書(台中),朋思富實業有限公司,台中,台中市,台中市南屯區,經營/人資,其他服務/工商貿易,30000~33000 (period=0),月薪,30000,33000,0,0,傳統無AI,無,0,0,0,0,1. 負責主管工作行程之規劃安排，並隨行陪同。 2. 整理簽核文件及發送，並負責追蹤執行狀況，隨時掌控進度。 3. 負責會議安排與通知，製作會議記錄並追蹤處理決議事項。 4. 負責行政事務流程之溝通、整合及規劃。 5. 協助專案推動與時程控管。 6. 負責報表彙整與呈報。 7. 處理各項跨部門、事業體之行政事務及文案管理。 8. 負責對外及各部門之溝通聯繫事宜。 9. 負責文件追蹤、資料彙整與檔案管理。 10. 接待重要外賓。 11. 處理婚喪喜慶相關事宜（如：訂花籃、準備奠儀）。 
14498394,先喝道-營運主管（副理/主任）,古典玫瑰園 /先喝道TAOTAOTEA_古典玫瑰園國際股份有限公司,台中,台中市,台中市西屯區,經營/人資,文教/補教培訓,面議,面議,,,1,0,傳統無AI,無,0,0,0,0,1.營運管理：熟悉連鎖體系之營運管理（如手搖飲、咖啡、餐飲、便利商店等行業）。營運    策略擬定與執行。 2.業績目標：擬定年度營運計畫，設定業績成長目標，確保加盟店及直營店達成銷售業績。 3.市場策略：分析市場趨勢，制定品牌成長策略，提升競爭力與品牌影響力。 4.門市管理：監督門市經營狀況，優化顧客服務體驗，確保產品品質與服務水準一致性。 5.加盟體系發展：加盟招商，強化加盟商經營輔導機制，提升加盟店獲利能力。 6.跨部門協調：與行銷、人資等部門協作，確保營運順暢。 7.培訓與管理：建立營運管理團隊，進行人才培育，提升內部管理能力。 
15190523,行政助理(短期人員),橙的電子股份有限公司,台中,台中市,台中市大雅區,經營/人資,傳統製造/精密工業,32000~35000 (period=0),月薪,32000,35000,0,0,傳統無AI,無,0,0,0,0,1、出缺勤作業-門禁資料管理、電子表單簽核、每月差勤資料彙整與核算。 2、教育訓練之規劃與執行。 3、文件處理及行政管理工作。 4、其他主管交辦事項。 
13927041,【康博 台中】 儲備營運主管 (百萬年薪、連鎖醫療體系、優渥制度-可視訊面試),康博集團_康博健康生活股份有限公司,台中,台中市,台中市南屯區,經營/人資,生技/醫療保健,50000~200000 (period=4),月薪,50000,200000,0,0,傳統無AI,無,0,0,0,0,康博集團深耕台灣 20 年，投入逾30億資金建構全台唯一的「大健康生活圈」。 從預防醫學、醫學美容、能量療癒，到全齡安居，我們在客戶不同的人生階段，提供最值得信賴的健康依靠。 現在，我們誠摯邀請具備專業與熱情的你，加入康博診所成為儲備主管，在穩定成長的舞台展現領導力，推動健康使命。  ✪工作內容 1.預防醫學診所營運管理 2.培育訓練健管護理人才 3.醫病關係溝通與經營 4.服務流程落實與優化 5.現場營運管理與營運目標達成  ✪必備條件 1.具護理師執照 2.醫療相關服務3年以上經驗 3.自費醫療經驗2年以上 4.管理經驗２年以上  ✪我們在尋找這樣的你 1.營運管理能力：能訂定目標並帶領團
13916123,儲運專員 / 儲運副理,廣捷運輸股份有限公司,台中,台中市,台中市龍井區,經營/人資,其他服務/工商貿易,面議,面議,,,1,0,傳統無AI,無,0,0,0,0,1.每日運務及文書建檔之覆核及整理 2.客戶運費資料彙整與申請 3.車輛調度與駕駛員協調溝通 4.每月儲運單位庶務用品採購 5.即時回應客戶臨時需求及駕駛員訊息 6.駕駛員血壓酒測紀錄量測統計 7.每日辦公環境5S整理 8.如有相關經驗或對運輸業務有熱忱者 
10798634,"★上看47,000【文心秀泰店】服務員/訓練員｜無經驗可｜快速晉升",頂呱呱國際股份有限公司,台中,台中市,台中市南屯區,經營/人資,文教/補教培訓,32300~47000 (period=0),月薪,32300,47000,0,0,傳統無AI,無,0,0,0,0,《薪資最高47K》 加入頂呱呱活力團隊，一起炸出你的未來！  每天都在想怎麼讓生活更有味？ 來這裡吧！ 我們不只是賣炸雞，更是在打造一群「熱血夥伴」的夢想舞台 在這裡，你能學、能玩、能成長， 還能邊工作邊交到志同道合的夥伴！   ★【共通職責｜日常任務】   加入頂呱呱，您將成為品牌精神的最佳代表： ✎製作酥脆可口的經典炸雞與餐點 ✎介紹產品、推廣品牌活動 ✎維繫顧客良好關係，營造友善用餐體驗 ✎負責夾餐、收銀、結帳等前場作業 ✎維持店舖整潔與環境安全 ✎配合主管交辦事項，確保營運順暢  ★【訓練員職級｜現場領導任務】  展現領導潛能，從執行者邁向現場指導者： ✎ 帶領團隊夥伴，提升現場服務品
14297829,採購管理師,晨豐光電股份有限公司,台中,台中市,台中市西屯區,經營/人資,其他服務/工商貿易,38000~9999999 (period=2),月薪,38000,38000,0,0,傳統無AI,無,0,0,0,0,1.產品採購與規劃  2.供應商開發(評選與管理，建立穩定合作關係)、  3.採購作業(負責詢價、比價、議價、樣品索取與成本分析…等)、  4.採購訂單製作與交期控管  5.供應商品質問題協調與改善追蹤  6.請款作業、應付帳款核對與採購文件建檔管理  7.跨部門溝通協調，即時處理異常狀況  8.主管交辦事務  
13340735,人資專員,台中廣天宮,台中,台中市,台中市北屯區,經營/人資,其他服務/工商貿易,30000~35000 (period=4),月薪,30000,35000,0,0,傳統無AI,無,0,0,0,0,1. 管理公司人員異動或資料異動 2. 處理人員加、退勞健保與團保 3. 人員出勤管理，輸入匯入每日出勤表，了解人員實際出勤狀況 4. 協助主管製作各類表單，及提供人事行政作業流程 5. 人力資源盤點並製作員工職務工作說明書 6. 協助公司各部門招募 7. 薪酬計算及所得稅務申報 8. 行政庶務支援
15278050,成衣布料開發業務(台中CBD辦公室),隆芳興業股份有限公司,台中,台中市,台中市西屯區,經營/人資,其他服務/工商貿易,面議,面議,,,1,0,傳統無AI,無,0,0,0,0,1. 新產品推廣、複製樣品開發與報價 2. 定期拜訪、拓展新客戶 3. 參與國外展覽 4. 大貨生產與交期掌控 5. 跨廠區與部門溝通聯繫 6. 市場分析和蒐集
13269693,【台中市-西屯區】七期豪宅優質小型社區【社區經理】*有物業經驗者佳*,富仕康物業管理顧問股份有限公司,台中,台中市,台中市西屯區,經營/人資,其他服務/工商貿易,47000~48000 (period=0),月薪,47000,48000,0,0,傳統無AI,無,0,0,0,0,1.工作態度積極主動，有責任感，擅長協調溝通，EQ高。 2.具社區綜合事務管理經驗。 3.諳電腦文書處理，熟Excel.Word.PowerPoint。 4.會製作社區財報，會議記錄等 5.召開會議並執行會議決議事項 6.規畫財務、安全、環境、設備等管理事項 7.規劃社區年度活動與經費預算。 8.社區合作廠商接洽 處理住戶端問題  9.帶領現場同仁，完成管委會及公司交付任務。 10.具公寓大廈事務人員證照、防火管理人證照。 11.需有物業經理經驗。 12.上班時間：09:00-18:00或10:00-19:00《面試可談》 13.享特休 
15372427,【饗賓集團｜全品牌】餐飲營運主管｜讓專業站上舞台，創造更大可能_台中市東區,饗賓餐旅事業股份有限公司,台中,台中市,台中市東區,經營/人資,文教/補教培訓,46200~9999999 (period=4),月薪,46200,46200,0,0,傳統無AI,無,0,0,0,0,【關於饗賓】 饗賓集團持續打造多元餐飲品牌，從追求精緻體驗的精品餐廳、深受喜愛的人氣百匯，到各具特色的風格餐廳，透過不同品牌、料理與服務，為賓客創造美好，也為人才提供更多元的發展舞台。 不論在哪一個品牌，我們始終相信，每一次服務都是作品，每個細節都能創造價值。 從美味的料理、美好的服務、美感的氛圍、安心的體驗，到價值的傳遞，用心打造完整的餐飲體驗，讓每一次相聚都值得回味。 我們相信「人人都是經營者」，鼓勵每位夥伴發揮專業、主動思考，從每一次與貴賓的互動中創造價值。透過完善培訓、多元品牌與發展機會，讓每一份努力都有機會成為職涯成長的力量。 期待與你一起，在饗賓發揮所長、創造價值，開啟屬於自己的黃
15388010,台中市-太平區-旱溪東路二段-社區經理-日班,忠正保全股份有限公司,台中,台中市,台中市太平區,經營/人資,文教/補教培訓,42000~45000 (period=0),月薪,42000,45000,0,0,傳統無AI,無,0,0,0,0,"1.召開會議並執行會議決議事項。 2.指揮監督所屬員工推行會務與業務。 3.協助推展大樓/社區物業管理服務 。 2.須有社區行政管理工作經驗，服務態度主動積極，有領導魅力，擅溝通協調，喜好團隊組織合作。  3.具事務管理人員等專業證照者。  4.EXCEL .WORD,P0WERPOINT文書作業。  5.歡迎有自信,企圖心的優秀朋友加入我們的菁英團隊  6.善處理同事間人際關係，凝聚向心力，積極主動教育現場同仁。"
13543450,【台中市機動秘書】吧檯行政接待｜新手可學上手快,福爾摩沙公寓大廈管理維護有限公司,台中,台中市,台中市南屯區,經營/人資,文教/補教培訓,31000~33000 (period=0),月薪,31000,33000,0,0,傳統無AI,無,0,0,0,0,【工作內容】 1.櫃檯接待與客服： 負責現場訪客迎賓、廠商接洽，並作為大樓相關聯絡窗口。 2.通訊與郵務管理： 接聽、過濾並轉接來電，提供留言服務；負責社區掛號、信件與包裹的收發與登記管理。 3.住戶服務與報修： 傾聽並親切處理住戶交辦事項，協助受理與追蹤住戶日常大樓報修事件。 4.行政庶務支持： 協助社區行政文書處理，並完成主管交辦之其他事項。  【工作時間與休假】 休假制度： 月休 10 天（排班制）。 上班時段依各派駐社區案場規定為主。  【條件要求】 經驗限制： 【無經驗可】 公司提供完善的教育訓練，歡迎社會新鮮人或想轉職的夥伴。  工作態度： 工作細心負責、具備良好的溝通表達能力與親
15232347,【台中】原醫集團總管理處 - 診所營運專員,原醫管理顧問股份有限公司,台中,台中市,台中市西區,經營/人資,生技/醫療保健,38000~45000 (period=6),月薪,38000,45000,0,0,傳統無AI,無,0,0,0,0,"【工作內容】 1. 確保日常醫療流程符合法規與安全標準 2. 診所內資產的管理與維護,修繕服務 3. 優化並監督診所內的工作服務流程 4. 行銷活動執行：協助總部或行銷部門規劃之大檔期活動，及協助診所內部的視覺佈置。 5. 負責文件輸入建檔、製表，及支援主管交辦的任務。  【我們希望你具備的特質】 1. 數字觀念好、品德操守優良，這是我們最看重的。 2. 熟悉 office操作（Excel, Word, PPT）。 3. 具備高 EQ與抗壓性, 喜歡與人接觸及解決問題，不怕瑣碎事務。 4. 熟悉醫美診所業務及衛服部法規佳。  這是一份能讓你快速累積營運管理實力，又能同時兼顧美感與生活的工作。 "
15350092,ALICE + OLIVIA_店副理 (台中新光三越),台灣愛麗斯和奧莉維亞有限公司,台中,台中市,台中市西屯區,經營/人資,電子商務/數位零售,面議,面議,,,1,0,傳統無AI,無,0,0,0,0,1. 負責推動整體店鋪品牌準則的各項活動，以穩定提升業績 2. 協助所有同仁的團隊業績，並在銷售過程中提供支持 3. 依照公司準則執行各項任務 4. 確保每位同仁的KPI達標 5. 管理CRM、服務品質，並展現團隊和諧的領導能力 6. 提升同仁表現，培訓新人，並確保人員的穩定性和招募工作 7. 計劃並安排活動 8. 根據公司準則對陳列進行微調 9. 定期報告店鋪人員情況 10. 協助商場百貨窗口的行銷工作 11. 觀察競爭品牌，並將各品牌櫃位的變動情況報告給上層 
6858445,有機農場栽培管理儲備幹部(台中西屯),興農股份有限公司,台中,台中市,台中市西屯區,經營/人資,生技/醫療保健,30000~35000 (period=0),月薪,30000,35000,0,0,傳統無AI,無,0,0,0,0,本部門為興農集團子公司【玉美生技(股)公司-農業生技部】，部門資訊歡迎連結查詢官網: https://www.yumeifarm.tw/  FB: https://www.facebook.com/yumeifarm  工作場域皆為設施溫室 (1)有機蔬菜栽培管理 (整地.播種.鋤草.澆水.採收) (2)栽培計畫安排與執行 (3)作物栽培成本效益分析 ※農業科系相關背景佳 ※農企業發展前景佳，升遷管道順暢 ※排班制 〈歡迎有志從農的朋友們加入我們行列〉 
15301538,國外駐廠人員,炫安企業股份有限公司,台中,台中市,台中市清水區,經營/人資,傳統製造/精密工業,60000~90000 (period=0),月薪,60000,90000,0,0,傳統無AI,無,0,0,0,0,1. 國外當地供應商與加工廠之開發、評估、選定與外包關係維護。 2. 機械零件、模具與金屬/塑膠件之外包發包、詢價、議價與採購合約簽訂。 3. 駐廠監督外包加工進度、品質控管（QC/QA）與交期追蹤。 4. 運用 UG (NX) 等 3D 繪圖軟體進行圖面檢視、拆圖、拆電極或加工可行性評估。 5. 處理現場加工與圖面尺寸異常，協助供應商進行製程改善與技術溝通。 6. 定期回報國外廠區/外包廠之生產進度、品質數據與成本分析。  【條件要求】 1. 具備 UG (Unigraphics NX) 3D 繪圖與視圖/拆圖能力（必要）。 2. 熟悉傳統加工/CNC 數控加工、模具結構或零件製造製程者佳。
15398797,人資專員,Thai Hao老麵攤_泰豪美食餐飲股份有限公司,台中,台中市,台中市龍井區,經營/人資,生技/醫療保健,35000~45000 (period=4),月薪,35000,45000,0,0,傳統無AI,無,0,0,0,0,招募任用    1.負責人力招募作業，包含人力需求確認、職缺刊登、履歷篩選及面試安排。    2.規劃及執行新進員工報到作業，包含任用文件、報到流程及相關人事作業。    3.追蹤試用期表現及試用期滿考核，協助主管進行人員評估。    4.維護招募管道及人才資料，提升招募效率及人才媒合品質。     薪酬管理    1.執行每月薪資、獎金及各項津貼計算與核對，確保薪資作業正確及準時。    2.辦理勞工保險、全民健康保險、勞工退休金及相關加退保作業。    3.管理員工出勤、請假及加班資料，執行薪資相關作業並依勞動法令進行檢視。    員工關係與勞資溝通    1.提供員工人事制度及勞動法令相
15360232,營運店長,好鬪科技股份有限公司,台中,台中市,台中市西區,經營/人資,文教/補教培訓,45000~80000 (period=4),月薪,45000,80000,0,0,傳統無AI,無,0,0,0,0,如果你具備經營者思維，擁有行銷操作或業務開發背景，且心中一直渴望能夠獨立經營管理一間科技運動場館，歡迎加入鬪次元科技運動！  我們正在尋找場館的「事業經營者（CEO）」，而不是被動看店的值班幹部。我們提供充分的經營自主權與資源，讓你發揮行銷與業務企圖心，全力負責場館的營收成長、企業團建包場與區域賽事推廣，做這間場館真正的負責人！  <<工作描述>> 1. 場館經營與主動業務拓展 (70%) —— 展現你的經營野心！ 企業與學校團建包場開發：運用業務談判與行銷思維，主動拜訪周邊企業 HR、福委會、大專院校系學會與補習班，推廣並銷售「企業 Team Building」與「團體包場體驗」。  籌辦區
15391427,★月薪43000元起★【韓式料理 金春喜】台中復興店 內場主廚,米塔集團_米塔興業股份有限公司,台中,台中市,台中市南區,經營/人資,文教/補教培訓,43000~9999999 (period=4),月薪,43000,43000,0,0,傳統無AI,無,0,0,0,0,	 【『米塔集團』跨國餐飲品牌，積極佈局未來成為上市櫃餐飲集團】  品牌連結：https://www.facebook.com/kimchunhee.korea   【儲備/展店幹部(餐廳/門市)】 ※ 具企圖心、良好溝通及學習能力。 ※ 對餐飲服務高度熱忱和責任感，願意接受餐飲服務培訓(總部及門市訓練與考核升遷)。 ※ 能接受全方位學習，為一年內擔當主管(品牌經/副理、店長、副店長、展店主管)做準備。 ※ 具連鎖餐飲業展店或餐飲/門市服務管理經驗(副店長級以上)至少2年者優先錄取。 1. 執行門市夥伴排班管理及門市各級夥伴考核作業。 2. 執行門市夥伴訓練和資源統籌分配。 3. 負責門市營運
15202770,行政專員,東方獅國際有限公司,台中,台中市,台中市北屯區,經營/人資,資訊科技/軟體網路,35000~40000 (period=0),月薪,35000,40000,0,0,傳統無AI,無,0,0,0,0,- 熟悉工廠移工引進聘僱相關行政事務及申辦流程  - 相關文件作業  - 配合公司專案等作業  -熟悉聘軒科技系  如果你符合以上要求，請即刻申請本職位，加入我們的團隊，共同為公司的發展壯大貢獻力量！
15291829,薪酬管理師,新鉅科技股份有限公司,台中,台中市,台中市外埔區,經營/人資,傳統製造/精密工業,38000~50000 (period=3),月薪,38000,50000,0,0,傳統無AI,無,0,0,0,0,1. 薪酬管理(薪資計算與發放、績效考核、晉升調薪作業、所得稅扣繳申報、勞退舊制等)。 2.內外部人資相關報表資料製作與提供。 3.依年度人力預算編列。 4.年度績效考核執行獎金作業。 5. 依上市櫃法規規範修訂相關管理規章。 6.須熟悉鼎新HRM作業系統維護及其他專案任務及主管交辦事項。
14945236,西屯校區 - 人資專員,葳格學校財團法人,台中,台中市,台中市西屯區,經營/人資,文教/補教培訓,33000~40000 (period=2),月薪,33000,40000,0,0,傳統無AI,無,0,0,0,0,1. 人員考勤作業。 2. 人事資料管理。 3. 人員報到、離職作業。 4. 人事招聘刊登行政作業。 5. 薪資計算作業。 6. 勞公保法令相關諮詢與勞資議題處理。 7. 人資專案執行。 8. 各項保險辦理及核算。 9. 人事相關福利作業。 10.教師聘任作業。 11.考核作業。 12.支援學校專案活動。 13.其他上級主管交辦事項。  
14977349,【宇唐建設】 - 專案管理 ×熟建設流程,本設計_本序空間室內裝修設計股份有限公司,台中,台中市,台中市西屯區,經營/人資,廣告行銷/公關顧問,40000~9999999 (period=0),月薪,40000,40000,0,0,傳統無AI,無,0,0,0,0,全案進度總控，確保各階段節點按時完成  定期追蹤外包廠商及相關代辦單位之辦理進度  具備流程管控能力 跨部門溝通 文件細心度  我們是一家正在快速成長、組織靈活的建設公司  最核心的企業文化是「人和」與「互相成就」  在這裡，你不只是一個執行者  更是陪伴公司一起拓展開發的核心夥伴。  我們追求的不是無止盡的無效加班  而是高效運作帶來的高幸福感與高實質回報  歡迎您的加入～ 
15046385,行政助理,樺羽紙器印刷股份有限公司,台中,台中市,台中市神岡區,經營/人資,傳統製造/精密工業,32000~45000 (period=0),月薪,32000,45000,0,0,傳統無AI,無,0,0,0,0,協助公司運營事項 推動公司各項項目的進行 處理一般行政工作 處理一些總務性工作 公司文件管理 協助其他團隊成員工作  完成主管交辦的任務
15022790,★新展店★【旭集 台中大遠百店】★店主任★ 起薪46200元＿歡迎具管理經驗者加入,饗賓餐旅事業股份有限公司,台中,台中市,台中市西屯區,經營/人資,其他服務/工商貿易,46200~9999999 (period=4),月薪,46200,46200,0,0,傳統無AI,無,0,0,0,0,【關於旭集】 旭集匯聚了各擅勝場的料理達人， 以「日之九味 和食集錦」為概念，打造九大和食名店區，重現日本四島八地的風土滋味。 以切、烹、炊、炙，從壽司到燒物皆展現道地匠心。  講究的和食是門藝術，料理人是其中的藝術家。 將日式味覺提升至美學層次，請最懂得品味的你，共創味蕾饗宴。  【工作內容】 1. 規劃及安排每日現場人力調度。 2. 熟悉服務標準作業流程並監督現場人員確實執行。 3. 顧客結帳工作與關懷顧客用餐體驗。 4. 協助顧客抱怨處理。 5. 檢查營業結束後物品之清潔及各項善後工作。 6. 負責領貨、進貨及物料盤點。 7. 負責營業結束後各項善後工作，並遵守食安規範。 8. 可接受快
13779631,營業儲備幹部(樓面管理)-玩具業種,中友百貨股份有限公司,台中,台中市,台中市北區,經營/人資,其他服務/工商貿易,32000~34500 (period=0),月薪,32000,34500,0,0,傳統無AI,無,0,0,0,0,1. 負責營業樓面營運管理及廠商活動聯繫 2. 負責營業樓面各項人、事、物管理 3. 負責商品促銷活動規劃及執行 4. 提供顧客諮詢服務 5. 檢討各項商品銷售分析
14994139,飯店式管理主管,大恆國際開發有限公司,台中,台中市,台中市南區,經營/人資,其他服務/工商貿易,面議,面議,,,1,0,傳統無AI,無,0,0,0,0,一、工作內容 1.負責規劃各部門相關事務，管理、監督業務與日常營運作業  2. 召開會議並執行會議決議事項。 3.處理現場臨時突發狀況危機處理  4. 指揮監督所屬員工推行會務與業務。 5. 規畫財務、安全、環境、設備等管理事項。 6. 處理社區事務及負責相關人員的溝通協調。 7.樂觀有責任心，能與員工良好溝通，善盡主管督導訓練之責  8.維持現場營運順暢   ※ 具有親切感、積極主動、服務熱忱及學習上進者 ※ 固定地點，偶爾需配合外出處理事宜  ※ 有飯店服務經驗、租賃住宅管理經驗者佳   ｜加入我們｜ 在這裡，你不只是工作，更能培養專業技能、累積文化底蘊，打造屬於自己的競爭優勢。 期待與你
12832292,小飛俠特別專案!![集團品牌全省門市]-小飛俠團隊儲備幹部 (提供宿舍)**暢通升遷管道**業績獎金分潤/留才獎金/季獎金,NU PASTA/天利食堂_唯賀國際餐飲股份有限公司,台中,台中市,台中市西屯區,經營/人資,生技/醫療保健,35000~9999999 (period=2),月薪,35000,35000,0,0,傳統無AI,無,0,0,0,0,嗨嗨 您對餐飲管理有嚮往嗎? 您是否正期望在職涯發展上能更成功呢?  我們有完整的培訓系統，以及強大的後勤團隊支援您， 歡迎一起加入我們充滿活力的團隊!  【基本條件】 1.有餐飲管理經驗、餐飲教育訓練經驗者尤佳 2.會操作電腦處理基本文書作業&報表 3.有良好的溝通協調能力 4.有使命必達的執行力 5.接受外派，隨時可背起行囊、隨團隊闖蕩天下浪跡天涯   【工作內容】 二階段培訓模式 第一階段-【了解營運模式】 約3-6個月(門市受訓期) 1.了解門市營運模式及後勤管理工作 2.培養各崗位專業技術職能，並能通過考核 3.排班人力調配、人事出勤管理 4.營運數據業績分析  第二階段-【指派門市
15343720,主管特別助理,誠鑫室內裝修工程有限公司,台中,台中市,台中市太平區,經營/人資,廣告行銷/公關顧問,38000~48000 (period=4),月薪,38000,48000,0,0,傳統無AI,無,0,0,0,0,1. 協助高階主管進行公司內部管理稽核事項； 2. 協助高階主管進行跨部門、跨廠間的溝通協調與會議召集； 3. 負責協助公司經營策略分析、整合規劃、推動與執行； 4. 協助經營團隊執行公司之決議事項及各項專案； 5. 處理客戶訂單、銷貨單資料、庫存整理； 6. 協助業務人員處理銷售業務相關之公司內部行政作業； 7. 追蹤、監督各部門的工作進度； 8. 其他主管臨時交代事項。  本職位為公司高階主管的助理，負責協助其進行公司內部管理及決策事項，具有重要性及發展前景。 歡迎符合上述條件的求職者積極應徵本職位！
14352802,正職人員-老紅攤古早味紅茶(西屯店),兩津芙蓉蛋塔_連心商行,台中,台中市,台中市西屯區,經營/人資,電子商務/數位零售,34000~9999999 (period=0),月薪,34000,34000,0,0,傳統無AI,無,0,0,0,0,櫃檯銷售、飲料調製
14055507,行政助理,昶鑫工程顧問有限公司,台中,台中市,台中市南屯區,經營/人資,其他服務/工商貿易,32000~35000 (period=0),月薪,32000,35000,0,0,傳統無AI,無,0,0,0,0,1. 學習專業知識，負責簡單小型專案控管 2. 處理文件、資料整理、歸檔作業 3. 外出公部門或廠商端收、送件 4. 協助辦公室庶務工作、櫃臺訪客接待 5. 其他主管交辦工作  *需會開車，因為業務範圍廣大，但皆會在當天完成，無需過夜出差 試用期三個月（非保證工作期）  本職位的重要性在於協助公司日常行政事務，確保公司運轉順暢。此外，透過本職位，您有機會深入瞭解公司各部門的運作和協調能力，是一個良好的學習和發展機會。 我們不希望助理都是可被取代的角色，所以會導入一些專業知識 歡迎符合條件的求職者投遞您的履歷表。期待您的加入！  另，在此聲明，我們雖然是工程顧問公司，但我們不是營造業是屬於文書類
14029170,主管助理,台灣柏釧企業股份有限公司,台中,台中市,台中市西屯區,經營/人資,傳統製造/精密工業,70000~70000 (period=0),月薪,70000,70000,0,0,傳統無AI,無,0,0,0,0,1，歡迎應屆畢業生並對餐飲有興趣者。  2，主管交辦事項，規劃主管行程並隨行。  3，享勞健保及團保，公司提撥六%勞退金，年終獎金。  4，需付良民證。  5，必須使用國內三大電信門號。  6，月休六日/排休 。  7，三節上班獎金。  8，備有小客車駕照，會開車。
15296662,人資,欣旻工業研發股份有限公司,台中,台中市,台中市烏日區,經營/人資,傳統製造/精密工業,30000~9999999 (period=0),月薪,30000,30000,0,0,傳統無AI,無,0,0,0,0,1. 登記新進人員之姓名、住址、資歷、薪給待遇等資料。 2. 登記請假、缺席、獎懲、獎金、薪給變更及其他異動資料。 3. 處理有關人事資料之查詢與答覆事項。 4. 查閱新進人員之證件或填發離職人員之離職證明。 5.計算薪資 6.發放獎金 
14523331,誠心醫療體系-董事長特助,誠心醫療體系_誠心親子耳鼻喉科診所,台中,台中市,台中市西區,經營/人資,生技/醫療保健,面議,面議,,,1,0,傳統無AI,無,0,0,0,0,如果您熱愛醫療護理領域，同時擁有卓越的行政和人際技巧， 我們誠摯邀請您加入我們的診所團隊！ 作為診所管理中心行政人員，您將成為我們醫療團隊的重要支援， 負責協助醫務行政作業，並為每位病患帶來溫馨、專業的服務經驗。  主要工作內容：  1.主管會議紀錄執行與協助追蹤處理決議事項 2.執行主管交辦事項 3.董事長行程安排 4.熟汽車駕駛、開車技術佳 5.沉穩有耐心、反應快 6.安排公司賓客/廠商招待等事宜 7.簡報製作能力(快速掌握重點) 8.查閱整理醫學相關文獻資料 9.主管交辦事項 需具有專案策劃與執行能力  #具醫療產業經驗佳
13747017,高階經營管理主管,佑宇興業有限公司,台中,台中市,台中市潭子區,經營/人資,文教/補教培訓,面議,面議,,,1,0,傳統無AI,無,0,0,0,0,歡迎飯店業、餐飲業、旅遊業高管投入  ※具10年以上服務業第一線管理經驗 ※執行與追蹤各項營運績效管理目標。 ※建立、檢核及修正標準化之作業流程，提供最有效率的顧客服務。 ※制定與管理中心各類績效指標。 ※進行客服人員的培訓、激勵、輔導及管理。 ※協助第一線客服人員處理特殊客訴案件。 ※督導、並修正不當之服務行為，確保高品質服務。 ※觀察、瞭解顧客的偏好，以決定未來銷售重點。 ※帶領經管理團隊創新思及精進  此職位有較高的發展前景，您可以在公司的不斷發展中發揮重要作用。 如果您符合以上要求，歡迎您申請此職位並表達您對此職位的興趣和熱情。  年薪120萬以上
15179387,【財務會計部】會計經理,六月初一_八結國際股份有限公司,台中,台中市,台中市西區,經營/人資,電子商務/數位零售,面議,面議,,,1,0,傳統無AI,無,0,0,0,1,此職位不只是傳統財務會計角色，而是具備經營管理思維的財務主管。需能協助公司從「財務管理」走向「經營管理」，透過數據、制度、流程與分析能力，支援公司在零售、電商、門市、工廠與品牌經營上的長期成長。  【六月初一的經營文化】 六月初一重視經營基本功，強調數據、流程、制度與品牌長期價值。我們期待加入的夥伴，不只是完成工作，而是能與公司一起建立未來十年的成長基礎。  【我們期待的人才特質】 1.具經營者思維，而非只做帳務 2.願意深入現場理解營運 3.重視制度、流程與數據 4.能與團隊共同成長 5.願意陪伴公司長期發展  【職務內容】 1.財務規劃與經營分析 2.現金流與資金管理 3.成本與毛利管理 
10978560,"洗滌廠儲備幹部 (薪資40,000~100,000)","宏久科技有限公司_HUGETECK CO.,LTD.",台中,台中市,台中市大雅區,經營/人資,資訊科技/軟體網路,40000~100000 (period=4),月薪,40000,100000,0,0,傳統無AI,無,0,0,0,0,1.有組長或領班或小主管經驗。 2.工作分配並提升組員的工作效率。 3.生產作業管理控制。 4.協助主管日常交辦事項、跨部門溝通協調等。 5.年績效獎金二個月以上(依個人績效表現發放)。 6.帶領組員從事相關事項如下：   a.檢查套袋、摺衣鞋帽   b.無塵衣(鞋)檢查、刷條碼紀錄、分類及髒污前處理作業處理   c.無塵衣(鞋)洗滌及摺疊包裝等相關作業(工作須在無塵室中作業)   d.完成主管交辦有關生產相關工作   e.電腦操作資料整理
14767310,管理部專員,元順利股份有限公司,台中,台中市,台中市潭子區,經營/人資,傳統製造/精密工業,面議,面議,,,1,0,傳統無AI,無,0,0,0,0,（1）具備文書處理【Microsoft Office】、報表文件彙整能力。 （2）跨部門協調與處理事項。 （3）勞安、消防宣導與執行。 （4）熟悉總務及請/採/進作業程序。 （5）辦公室租賃與買賣事務處理。 （6）辦公用品及庶務用品之管控申購與帳款應付作業。 （7）安排各類型會議、控管使用會議空間預約制。 （8）協助製作總務各類表單、優化SOP流程。 （9）製作及撰寫職務工作說明書。 （10）提案建議改善、巡視環境【例如：6S、安全、消毒等】。 （11）公務車維修保養之相關處理，包含車險投續保/ETC申辦申退與繳費等。 （12）執行人資行政【招募、新人報到、出缺勤、到/離職】相關程序作業。 （
15248463,數位行銷專員（台北辦公室）,領導力企業管理顧問有限公司,雙北,台北市,台北市中山區,行銷/企劃/專案管理,廣告行銷/公關顧問,42000~50000 (period=2),月薪,42000,50000,0,0,傳統無AI,無,0,0,0,0,"1.將專業文章轉寫為簡潔易讀的社群貼文，或為設計素材撰寫簡短文案說明 2.負責 FB／IG／LinkedIn 社群貼文排程與發布，掌握不同平台語感差異 3.負責網站數據（GA, GSC）追蹤與分析，定期產出官網流量報表 4.電子報圖文規劃與文案撰寫，排程發送並追蹤開信率／點擊率 5.協助對接外部行銷代理商，理解SEO／廣告投放建議並落實執行、進度追蹤 6.主動巡檢官網功能與內容，回報異常或待改善項目 7.其他主管交辦之相關事宜 "
9726387,資深業務/專案經理 (日文)(Senior Account / Project Manager),果多數位有限公司,雙北,台北市,台北市士林區,行銷/企劃/專案管理,其他服務/工商貿易,50000~70000 (period=4),月薪,50000,70000,0,0,傳統無AI,無,0,1,0,0,1. 專案排程規劃與紀錄，反饋翻譯，檔案傳輸提交。 2. 負責日本客戶之日常接洽溝通回報 3. 協助日本業務推廣，出差拜訪，參加日本遊戲展會 4. 善用AI協助處理分析日常工作任務
14882517,Project Manager (Robotics & Inspection Technology),致伸科技股份有限公司,雙北,台北市,台北市內湖區,行銷/企劃/專案管理,傳統製造/精密工業,面議,面議,,,1,0,傳統無AI,無,0,0,0,1,1. 負責管理自動化視覺檢測解決方案之開發 2. 與業務人員或客戶進行直接溝通，進行專案討論 3. 專案時程規劃、執行進度掌控、成本控制及結案程序 4. 協助各部門溝通討論、以及問題追蹤與解決
12412125,業務專員/主任/經理(承攬性質、非勞動契約),龍巖-長盛營業處_長德勝企業有限公司,雙北,台北市,台北市中山區,行銷/企劃/專案管理,其他服務/工商貿易,4000~9999999 (period=0),面議,,,1,0,傳統無AI,無,0,0,0,0,1. 開發潛在客戶，拓展市場，以達成業績目標。 2. 定期拜訪經銷客戶，維繫穩定客戶關係。 3. 負責國內業務接洽及訂單處理。 4. 負責產品報價及產品展示，並處理帳款回收相關事宜。 5. 負責業務推展，傳達及說明公司各項業務重大訊息、活動及產品。 6. 進行商品行銷，產品特色分析介紹，並提供產品購買的建議。 7. 提供售後服務，處理客戶端之問題，給予完善的處理。 8. 察覺客戶交易之異常狀況，並負責客訴問題之處理。 9. 定期與主管做業績、績效檢討，回報進度。  這個職位的重要性在於開發和拓展國內市場，實現公司的業務目標。工作前景廣闊，待遇優渥，詳細內容見下文。 如果您符合以上要求並對此職位
3576960,行銷業務菁英(承攬性質、非勞動契約),龍巖展鳳營業處_才佳實業有限公司,雙北,台北市,台北市大安區,行銷/企劃/專案管理,其他服務/工商貿易,面議,面議,,,1,0,傳統無AI,無,0,0,0,0,與普立茲克獎日籍國際級建築大師接軌，建築美學的墓園藝術作品導覽 提升自己建築美學的國際觀，培養生活品味的最佳事業舞台 挑戰收入無上限的最佳選擇  「業務員報酬係依實際招攬業績比例計算，本頁顯示待遇部分因欄位選項受限，故為簡要記載」
15397769,Channel and Territory Executive 客戶專案執行,新加坡商星沃恪股份有限公司台灣分公司,雙北,台北市,台北市南港區,行銷/企劃/專案管理,電子商務/數位零售,45000~55000 (period=2),月薪,45000,55000,0,0,傳統無AI,無,0,1,0,0,Channel & Territory Executive 客戶專案執行 【主要職責】作為連結商場、活動場地與內部營運團隊的關鍵橋樑，本職位全面主導活動專案的籌備、物流調度與現場執行。須確保活動物流運作無縫接軌、準確產出分析報表，並建立穩固的客戶與夥伴關係；同時需積極提出創新想法，持續優化專案效益與營運流程。  【工作內容】 • 與商場、活動場地及其他利益相關者組織並協調活動，以確保順利執行。 • 管理活動場地預訂並跟進相關程序，確保所有安排符合專案需求。 • 支援地點與渠道規劃，以最大化活動涵蓋範圍與成效。• 監督專案活動，包括設備、物料及現場協調。 • 協助行政事務，例如製作報表、數據分析
8750275,行銷儲備幹部(承攬性質、非勞動契約).,長盛營業處_笠呈企業社,雙北,台北市,台北市萬華區,行銷/企劃/專案管理,生技/醫療保健,3000~100000 (period=0),面議,,,1,0,傳統無AI,無,0,0,0,0,『今週刊』444期 2012年：  戰後嬰兒潮出生的熟年世代，歷經台灣經濟起飛，手中擁有全台灣55％以上的財富，他們是全台最有消費力的一群人，當這群人進入熟年階段，家庭負擔變輕，他們愈來愈肯為自己花錢，勢將成為消費市場主流，引爆的熟年商機不容小覷。  估計10年內，年紀50以上的熟年人口將達千萬人，每年商機在一兆元以上，不論你從事哪種行業，都不能忽視這股龐大的明日商機，誰掌握熟年與銀髮商機，誰就掌握下一波財富。   『天下雜誌』552期 2014年：  因為高齡化，新的12大趨勢產業為：休閒旅遊、安養及宅配、老人照顧服務、抗衰老及美容、寵物、健康食品、銀髮族雜誌、老人輔助用品、懷舊商品、老人
15401694,Clinical Application Specialist 臨床應用專員,台灣費森尤斯醫藥股份有限公司,雙北,台北市,台北市中山區,行銷/企劃/專案管理,生技/醫療保健,面議,面議,,,1,0,傳統無AI,無,0,0,0,0,"Position Summary: The Clinical Application Specialist is responsible for providing clinical and application support for Hemodialysis (HD), Critical Care, related products. This role serves as a key clinical interface between healthcare professionals, customers, Sales, and Marketing teams. The positi"
12810846,【雙北市】社會住宅包租代管業務人員【不可兼職、高獎金％數+累積底薪制】無經驗可培訓,睿達租賃住宅服務股份有限公司,雙北,台北市,台北市中正區,行銷/企劃/專案管理,文教/補教培訓,10000~100000 (period=0),面議,,,1,0,傳統無AI,無,0,0,0,0,我們是「台北、新北市政府社會住宅包租代管計畫」的承辦廠商 非一般傳統的租賃仲介公司，我們不和客戶收取任何服務費用， 領的是市政府核發的執行費用，主要工作就是協助房東出租及管理。  這是台灣目前正在蓬勃發展的新興行業，工作內容主要是尋找並與房東接洽及邀請加入社會住宅，同時也協助適合的房客來承租社會住宅。  我們除了有政府核發的媒合獎金，還有每月不間斷的管理費用，讓您收入月月不歸0，讓您真正擁有穩定被動收入的事業。  這是一個藍海沒有競爭的市場～我們即將盛大擴點～需要優秀的人才！！  在開發房東的部分:提供完整的教育訓練、廣告資源以及直屬學長姐的制度，可以讓您在最短的時間內快速的熟稔以及發展完善的
11834014,【美樂房屋】房屋租賃仲介【試用期三個月保障底薪3.2萬元+抽成】高專65%月薪3.2萬至50萬以上!!歡迎無仲介經驗，完整教育訓練與龐大公司資源→年輕人挑戰高薪不是夢!,美樂房屋有限公司,雙北,台北市,台北市松山區,行銷/企劃/專案管理,文教/補教培訓,32000~500000 (period=0),月薪,32000,32000,0,0,傳統無AI,無,0,0,0,0,"美樂房屋是一個擁有活力、熱忱的經營團隊,主要提供不動產仲介租賃服務結合公司的住宅及商用租賃管理制度,我們注重每位美樂房屋同仁,也致力打造完善的制度與工作環境讓美樂房屋每位同仁達到「樂在工作，快樂生活」 歡迎加入我們的團隊,共創美好的未來~  ◎為什麼選擇不動產租賃業? 近年租屋市場越來越熱絡,原因是住宅、店面、辦公室許多人以租代買,尤其是台北市擁有270.5萬人口,還有許多日本、歐洲、美國、香港等外商人士外派人員來台灣等租屋需求,豪宅持有稅的成本因政策的關係不斷的增加,許多金字塔頂端的客戶,台商、華僑回台灣也有許多20~40萬住宅需求如果您對的不動產仲介有很深的興趣,在這個時機點投入不動產租賃"
13265711,品牌行銷專員,偉利科技股份有限公司,雙北,台北市,台北市信義區,行銷/企劃/專案管理,文教/補教培訓,35000~50000 (period=6),月薪,35000,50000,0,0,傳統無AI,無,0,0,0,0,【工作目標】 用行銷幫助品牌提升知名度與專業形象，以開發更多潛在客源為目標。  【工作內容】 ◆主要工作項目： 1.負責舉辦知識型講座、課程或活動（線上 / 實體），並協助執行實體展覽行政事項 2.產出具知識含量的各式文案內容（宣傳文案、電子書文案等） 3.負責品牌的廣告素材規劃（廣告素材與文案），並與廣告投手溝通，以利優化 4.跨部門團隊合作不同類型的專案（專案、工程、設計、業務團隊） 5.其他主辦交代事項  ◆其他可能依公司季度方向接觸的工作項目： 1. 社群企劃與經營 2. SEO 培訓與官網 SEO 優化專案 3.影音 / 圖片行銷素材規劃 4.展場對外洽談與客戶溝通  【職務需求】 
15402829,志工專員,財團法人天使心家族社會福利基金會,雙北,台北市,台北市文山區,行銷/企劃/專案管理,文教/補教培訓,35000~40000 (period=0),月薪,35000,40000,0,0,傳統無AI,無,0,0,0,0,1.志工招募與團隊經營：依服務需求招募合適志工，進行培訓、陪伴與任務安排，讓志工發揮所長、團隊順暢合作。  2.志工活動規劃與執行：規劃志工培訓及交流活動，帶領志工共同完成服務，凝聚團隊向心力。  3.志工行政管理：志工資料維護、管理平台登錄、報表製作等行政事務。  這份工作會接觸不同背景的志工，也能在實務中累積溝通協調、團隊帶領、培訓及活動執行經驗。適合喜歡與人互動、享受團隊合作的你。   
13538455,成長行銷 Growth Marketing｜Growth Marketer,大師課業股份有限公司,雙北,台北市,台北市中山區,行銷/企劃/專案管理,廣告行銷/公關顧問,45000~60000 (period=0),月薪,45000,60000,0,0,傳統無AI,無,0,0,0,0,ShiFu 是大師課程平台。我們集合華人世界頂尖藝術家、 領導人與專業人士，打造具獨特觀點的線上課程， 讓大師成為你的師父。  你的任務不是單純把廣告投出去，而是讓一堂真正好的課， 被對的人看見並產生轉換。你會對 Campaign 成效負責。  Marketing Track｜負責課程 Campaign 策略、廣告投放與轉換成長 【工作內容】 1. 分析市場、受眾與競品，制定課程上市與數位行銷策略。 2. 定義廣告訴求與測試方向，與設計、影音產出高轉換素材。 3. 獨立操作與優化 Meta Ads，依 ROAS、CPA、CVR 等數據做決策。 4. 建立 A/B Testing 節奏，優化素材
15299326,海外行銷敲門磚**【外貿協會】行銷專案處 | 智慧機械組 | 專案經理(#Req342)－OCS_830,藝珂人事顧問股份有限公司,雙北,台北市,台北市信義區,行銷/企劃/專案管理,傳統製造/精密工業,面議,面議,,,1,0,傳統無AI,無,0,1,0,0,工作內容： 1.	辦理台灣精品國際廣宣、數位行銷 2.	協辦台灣精品展示區海外推廣活動規劃(公關案、裝潢案) 3.	辦理與支援國內外活動執行、報告撰寫 4.	企業聯繫 5.	其他主管交辦事項  職務條件: 1.	大學以上畢業。 2.	中英文聽說讀寫流利；TOEIC 650分以上；TOEFL/CBT 180/ibt 64分；IELTS 5.5分；全民英檢中高級以上 3.	具行銷業務、公關活動等相關背景佳 4.	對工作具備熱情、有創意與突破框架思維、主動積極並善用科技工具 5.    需配合國外出差   
15345591,商品部商品管理專員,保羅費樂國際股份有限公司,雙北,台北市,台北市松山區,行銷/企劃/專案管理,電子商務/數位零售,40000~45000 (period=0),月薪,40000,45000,0,0,傳統無AI,無,0,0,1,0,公司簡介: https://palfiller.com.tw/  從線上商店到線下通路的拓展支援 我們將品牌的心意與顧客的想法，跨越國界、線上與線下的藩籬緊緊相連。 將想傳遞的商品，送到正在尋找它的人手中。 我們透過「連結」，創造全新的價值。   我們正在尋找細心、具責任感，對商品管理及庫存作業有興趣的夥伴加入商品部。  主要負責公司商品的日常管理、庫存掌握及出貨作業，並作為公司與倉庫之間的重要聯絡窗口，協助確保商品進出及庫存狀況順利運作。    【主要工作內容】  1. 負責商品資料及商品日常管理作業。 2. 進行商品庫存管理、數量確認及庫存異動追蹤。 3. 負責與倉庫聯繫，協調商品入庫、出
13622535,【鼎立房屋-台北租賃】 ★高專55%起★免值班,鼎立房屋有限公司,雙北,台北市,台北市中山區,行銷/企劃/專案管理,其他服務/工商貿易,面議,面議,,,1,0,傳統無AI,無,0,0,0,0,【鼎立租售管理】積極擴大徵才中!!!挑戰比上班族高出幾倍的薪水！  自由下班，專兼職皆可， 公司老闆主管人很好，會教人，不會機車罵人， 比其他公司給更高的抽成，更快的晉級與升遷， 歡迎先進加入!  ※只要肯努力，有開發到物件，每月成交幾間，就可月入5~10萬或10~20萬！ 例：出租一間套房10000元，收回服務費10000元，即拆領～現金5000元 例：出租一間住家30000元，收回服務費30000元，即拆領～現金15000元 例：出租一間辦公50000元，收回服務費50000元，即拆領～現金25000元 例：出租一間店面100000元，收回服務費100000元，即拆領～現金60000元 例
6259978,不動產房仲經紀人(普專),住商不動產仁愛光復加盟店_好厝多不動產經紀股份有限公司,雙北,台北市,台北市大安區,行銷/企劃/專案管理,文教/補教培訓,30000~37000 (period=0),月薪,30000,37000,0,0,傳統無AI,無,0,0,0,0," 打破一般對房仲的認識,我們引進＂企業文化＂及＂公司經營＂架構,  一、職務內容: 1.針對客源進行電話行銷與客戶經營開發銷售。 2.帶客看屋，製作售屋廣告，無經驗可，專人培訓實務分析及操作指導 3.訓練口才，挑戰自己，歡迎有企圖心的人才一同加入     4.月薪37000元，有開發件數規定+佣金10-15% 5.該職務需無從事不動產相關經驗者  二、可享資源: 1.耕耘商圈位於全國平均預售屋、中古屋房價第一的大安區，單件平均業績高(數十萬只是基本)  2.每日皆有報紙稿、週末蘋果、聯合交叉重複曝光  3.強大的網路行銷資源、包含公司自行製作網站：    住商仁愛光復店官網：http://ww"
15402211,通路業務主任,翰成數位科技股份有限公司,雙北,台北市,台北市內湖區,行銷/企劃/專案管理,生技/醫療保健,面議,面議,,,1,0,傳統無AI,無,0,0,0,0,工作內容 1.業績追蹤與執行：協助追蹤電商平台、批發經銷商、實體連鎖通路之業績數據，彙整達成率供主管review年度與季度銷售目標。 2.通路維護：維護既有電商平台（大樹藥局、MOMO、PChome 等）合作關係，執行活動檔期上架與廣告投放；協助拓展與維繫實體連鎖通路（藥局、量販等）合作關係。 3.經銷商日常聯繫：定期追蹤經銷商與實體通路訂單、進貨週期及陳列狀況，協助下游推廣。 4.數據彙整與回報：定期整理競品動態與各通路銷售數據，提供基礎分析供主管參考調整。   必要條件 -2–3 年以上業務或通路相關經驗 -熟悉至少一個主流電商平台後台操作 -有實體通路（藥局、量販等）接觸或配合經驗尤佳 
15406589,PJM_16341,和碩集團_和碩聯合科技股份有限公司,雙北,台北市,台北市北投區,行銷/企劃/專案管理,傳統製造/精密工業,面議,面議,,,1,0,傳統無AI,無,0,0,0,0,1. 協同PM規劃、掌控新產品專案之研發時程與進度。 2. 統籌研發團隊所需測試物料之需求、採購並管控分配進度狀況以及調度。 3. 與R&D跟PM進行BOM(Bill of Materials)的製作、拋送與變更之管制。 4. 工廠(Trial Run)排程之協調，備料進度之跟催，跨部門溝通協調，排解異常狀況，作為研發團隊與工廠之間溝通橋樑，使新產品順利導入工廠。
12076295,【客戶整合服務部】專案主任(PS) / 資深專案企劃 (SPE),先勢博報堂集團_先勢公關顧問股份有限公司,雙北,台北市,台北市松山區,行銷/企劃/專案管理,廣告行銷/公關顧問,面議,面議,,,1,0,傳統無AI,無,0,0,0,0,【工作內容】 1. 整合行銷傳播(IMC)與溝通策略企劃，包含公關、廣告創意、數位社群、媒體採購 2. 專案管理，包含跨部門合作與協調溝通、預算及時程控管 3. 品牌傳播策略包含品牌溝通與創意發展、廣告創意與素材製作等 4. 數位社群行銷策略包含經營與管理、社群優化 5. 新聞稿、媒體關係建立與維護，包含媒體聯繫、媒體名單更新 6. 客戶關係建立與維繫  【期待你具備的能力】 1. 熟悉行銷傳播溝通工具與趨勢，對企劃有熱情和熱忱 2. 喜歡有創意的Idea、對文字有一定的敏感度  【加分項目】 1. 具備餐飲服務業打工經驗、及4A或數位廣告代理商相關經驗 2. 曾參與品牌行銷完整的規劃與執行 
13751587,資深專案經理/製作人 (英文)(Senior Project Manager/Producer),果多數位有限公司,雙北,台北市,台北市士林區,行銷/企劃/專案管理,其他服務/工商貿易,50000~70000 (period=4),月薪,50000,70000,0,0,傳統無AI,無,0,1,0,0,1. 專案排程規劃與紀錄，反饋翻譯溝通，檔案傳輸提交。 2. 負責歐美客戶之日常接洽溝通回報 3. 負責團隊協作運營與人員管理 4. 善用AI處理分析日常工作任務
11746989,行銷專員,QSAN_廣盛科技股份有限公司,雙北,台北市,台北市內湖區,行銷/企劃/專案管理,廣告行銷/公關顧問,36000~9999999 (period=0),月薪,36000,36000,0,0,傳統無AI,無,0,0,0,0,1. 行銷專案整合與時程管理。 2. 產品數位內容管理與分析。 3. 制定內容優化策略、並追蹤執行成效。 4. 數位廣告企劃、投放並追蹤執行成效。 5. 完成主管交辦事項。
15092227,Sing ! Go  KTV   【社群小編】薪42-48K,聚唱KTV_聚唱文化有限公司,雙北,台北市,台北市信義區,行銷/企劃/專案管理,其他服務/工商貿易,42000~48000 (period=0),月薪,42000,48000,0,0,傳統無AI,無,0,0,0,0,"1. Facebook、Instagram等社群平台貼文與限動文案發想（基礎AI、PS排版與文案撰寫）  2. 活動內容發想撰寫、上傳活動照片。  3. 熟悉影像處理、活動拍攝，行銷社群操作  4. 其他主管交辦之事項。  具有社群(FB、IG、LINE@)經營工作經驗者優先錄取。  每週彈性上班2~3天 ,薪資可再面議 "
15158085,【台北松江南京】排休 / 電商通路營運專員｜momo／PChome／蝦皮,遠景國際貿易有限公司,雙北,台北市,台北市中山區,行銷/企劃/專案管理,電子商務/數位零售,35000~40000 (period=3),月薪,35000,40000,0,0,傳統無AI,無,0,0,1,0,# 電商通路營運專員｜momo／PChome／蝦皮  我們是 QZ168 遠景國際貿易有限公司，主要經營二手筆電、桌機、螢幕及 3C 商品，銷售通路包含實體門市、蝦皮、momo、PChome 及企業客戶。  此職位主要負責公司電商平台日常營運，希望找到細心、穩定，並具主動追蹤能力的夥伴。  ## 工作內容  1. 負責 momo、PChome、蝦皮商品上架、價格及商品頁維護。 2. 獨立與平台 PM／MD 聯繫，處理商品提報、檔期活動及平台相關事項。 3. 每日追蹤銷售及庫存，發現缺貨主動提出補貨並追蹤完成。 4. 處理訂單、客服、退換貨及售後案件，持續追蹤至結案。 5. 整理商品規格、ERP
15406116,【短影音企劃剪輯】（遠端/接案合作）,六書堂數位學習股份有限公司,雙北,台北市,台北市內湖區,行銷/企劃/專案管理,文教/補教培訓,500~3000 (period=0),時薪折算,80000,80000,0,0,傳統無AI,無,0,0,0,0,【關於我們】 新媒體3.0時代，我們用「真實感」打破飽和市場！專注挖掘企業主與個人IP的故事，打造高信任度的社群品牌。   【核心任務】  ・腳本撰寫：挖掘痛點與故事，打造 15-30 秒高觸及、高互動腳本。 ・內容企劃：進行品牌內容規劃，將長影音裂變為短影音。 ・剪輯包裝：獨立完成剪輯、音效與字卡，掌控流暢節奏與。 ・社群代操：協助營運 IG Reels、TikTok、YouTube 等短影音矩陣。  【你將累積的資產】  ・經驗實力：爆款腳本思維、高頻產出能力與行銷實戰經驗。 ・專案作品：參與從 0 到 1 的流量建立，打造可商業接案的個人作品集。 ・商業思維：學習商業邏輯，從「接案執行者
15185739,技術產品經理 Technical Product Manager,波動智能科技有限公司,雙北,台北市,台北市信義區,行銷/企劃/專案管理,資訊科技/軟體網路,120000~9999999 (period=8),月薪,120000,120000,0,0,傳統無AI,無,0,0,0,0,"Drive product strategy, roadmap planning, and ecosystem development for our product's SDR, GNSS/INS navigation, and AI-enabled edge compute capabilities, supporting commercial and defense UAS/UGV platforms — in partnership with the Product Strategy Leader.  1. Drive cross-functional alignment integr"
13283043,業務助理,信緯科技股份有限公司,雙北,台北市,台北市北投區,行銷/企劃/專案管理,資訊科技/軟體網路,32000~36000 (period=0),月薪,32000,36000,0,0,傳統無AI,無,0,0,1,0,1. 輸入、處理並追蹤客戶訂單，並將訂單資料存檔備份。 2. 保持與客戶間之聯繫，回覆e-mail，並確認交貨期。 3. 提供出貨文件，協助業務人員控管出貨，並處理進出口事宜。 4. 定期提供業務銷售狀況報表，以供業務人員或主管參考。 5. 協助業務人員處理銷售業務相關之公司內部行政作業。 6. 協助業務人員整理客戶資料（如：公司基本資料、交易記錄、問題處理狀況）。  1. 負責一般文書資料處理及歸檔工作。 2. 辦理核銷事宜。 3. 協助處理庶務性行政工作（如：事務機器叫修維護、文具用品採買）。 4. 協助會議安排。
15257283,資料審核專員（短期2個月/專案／駐點/無經驗）,樂達創意科技股份有限公司,雙北,台北市,台北市中正區,行銷/企劃/專案管理,資訊科技/軟體網路,30000~30000 (period=0),月薪,30000,30000,0,0,傳統無AI,無,0,0,0,0,一、工作內容： 1、審核文件資料 2、找出輸入錯誤的資料，加以修正。 3、整理文件資料，並儲存於指定系統位置。 4、工作期間：2026/10/01－2026/11/30（視現場資料處理進度，延長至2026/12/15）。  二、應徵條件： 1、熟悉 Word、Excel 等基本電腦文書操作。 2、細心負責，具備資料檢查與校對能力。 3、能配合短期專案駐點作業。 4、具行政助理、文書處理、資料建檔或資料審核經驗者佳。 5、歡迎應屆畢業生。此為短期2個月兼職。  三、其他事項： 1、通過面試後需和公司簽訂保密協議，薪資為月結，需至少工作滿一個月。 2、公司提供工作的筆記本電腦。
15404610,【派遣至西門子能源｜行銷專員 Marketing Specialist】65-90K｜優於勞基法特休｜具企業溝通／公關經驗佳  _101LL,萬寶華企業管理顧問股份有限公司,雙北,台北市,台北市南港區,行銷/企劃/專案管理,廣告行銷/公關顧問,65000~90000 (period=0),月薪,65000,90000,0,0,傳統無AI,無,0,0,0,0,【工作內容】 ◎ 對外溝通與媒體關係（25%） 　◆ 維繫商業、財經及能源產業媒體關係，撰寫新聞稿及對外溝通內容。 　◆ 協助高階主管準備演講稿、簡報及媒體相關內容。 　◆ 協助媒體監測及議題／危機溝通。  ◎ 外部關係與行銷溝通（40%） 　◆ 與政府機關、台電、中油、產業公會及商會等外部單位溝通。 　◆ 規劃及執行展覽、客戶活動、參訪及記者會。 　◆ 負責行銷素材及 LinkedIn 等社群內容。  ◎ 內部溝通與雇主品牌（15%） 　◆ 協助 Town Hall、內部電子報及其他內部溝通活動。 　◆ 推動雇主品牌及大學合作相關活動，支援人才招募。  ◎ ESG 與品牌管理（20%） 　◆
15404143,【知名FMCG外商▲行銷助理Marketing Assistant(一年期)】支援行銷活動流程/有行銷經驗佳/歡迎新鮮人_RFS_865,藝珂人事顧問股份有限公司,雙北,台北市,台北市大安區,行銷/企劃/專案管理,其他服務/工商貿易,35000~40000 (period=0),月薪,35000,40000,0,0,傳統無AI,無,0,0,0,0,【About the Role 】 協助 Marketing Team 處理日常行政、資料建檔及行銷專案執行支援，讓團隊能更有效率地進行品牌及行銷相關工作。  【工作內容】 -行銷行政與文書支援  -協助品牌行銷活動執行與相關行政作業。 -負責檔案整理、素材管理及系統平台操作與維護。 -跨部門溝通協調，協助推動專案順利進行。 -完成主管交辦事項。  【基本條件】 -熟悉 Microsoft Office（Excel、PowerPoint、Word）等辦公必備工具。 -具良好溝通協調能力與細心度。 -有行銷工作經驗佳   
14598725,行銷助理,大信建設營造股份有限公司,雙北,台北市,台北市中山區,行銷/企劃/專案管理,其他服務/工商貿易,30000~45000 (period=0),月薪,30000,45000,0,0,傳統無AI,無,0,0,0,0,社群經營： 負責官網與社群平台（FB/IG/LINE）內容發佈與訊息回覆。  影音紀錄： 協助施工現場或公司活動的短影音拍攝與基礎剪輯。  活動支援： 協助公司各類行銷活動、講座或展覽的籌備、物料準備與現場執行。  資料管理： 工程案例影像分類存檔與基礎圖文排版。  行銷行政： 負責行銷物料管理、廠商聯繫與主管交辦行政庶務。
13959607,CRM／會員行銷專員   CRM & Marketing Specialist,PORTER INTERNATIONAL_尚立國際股份有限公司,雙北,台北市,台北市內湖區,行銷/企劃/專案管理,電子商務/數位零售,面議,面議,,,1,0,傳統無AI,無,0,0,0,0,職務說明 我們正在尋找對品牌、消費者與行銷有興趣的夥伴加入團隊。 在這個職位中，你將參與會員經營、行銷溝通及各項數位行銷專案，從消費者與會員的角度思考如何建立更好的品牌互動與溝通。 除了CRM日常營運，也會接觸LINE、數位溝通、會員活動、行銷企劃及數據分析等不同面向。 如果你喜歡觀察消費者、對行銷有想法，也希望不只是「執行任務」，而是能參與思考與提出自己的想法，歡迎加入我們。  工作內容 •	參與會員經營及CRM相關專案 •	協助規劃會員溝通及數位行銷內容 •	經營LINE等數位會員溝通渠道 •	協助會員活動及行銷專案執行 •	觀察會員及消費者行為，整理相關數據與洞察 •	協助行銷成效追蹤與
15395621,奈騰社群小編 / 社群執行專員（歡迎新鮮人／無經驗可）,奈騰興業股份有限公司,雙北,台北市,台北市大安區,行銷/企劃/專案管理,資訊科技/軟體網路,32000~9999999 (period=0),月薪,32000,32000,0,0,傳統無AI,無,0,0,0,0,1. 負責社群平台（Instagram、Facebook、Threads等）日常營運與貼文排程。 2. 撰寫具吸引力的社群文案，並運用 Canva 等工具製作基礎圖文素材。 3. 構思並以手機/剪輯軟體（如 CapCut）產出符合品牌調性之社群圖文素材、短影音內容（Reels、Threads 影音）。 4. 社群私訊、留言即時回覆與粉絲互動維護。 5. 關注網路時事流行話題，定期追蹤貼文成效與數據回饋。 6. 熟悉社群平台（IG / FB / Threads）生態，具備良好社群敏銳度與流行話題掌握度。 7. 文字表達清晰、語感自然流暢，能掌握不同社群風格。 8. 良好溝通能力、責任感與自主排程
15332343,【甯美學】醫美品牌社群企劃｜美編｜短影音專職,甯美學診所,雙北,台北市,台北市大安區,行銷/企劃/專案管理,生技/醫療保健,45000~55000 (period=2),月薪,45000,55000,0,0,傳統無AI,無,0,0,0,0,【工作內容】 1. FB/IG/Thread/TikTok等診所官方社群貼文及限時動態設計與發佈 2. 拍攝短/長影音素材，同時剪輯和美編 3. 視覺設計與文宣設計（社群模板、小冊子、DM），廣告圖文素材編輯 4. 維護並定期更新診所官方網站 5. Meta廣告投放與成效評估 6. 專職內聘人員，非外包  【條件要求】 1. 熟練操作 Adobe Illustrator / Photoshop等設計軟體 2. 對品牌設計與視覺敏銳度佳 3. 能獨立作業，具備排版美感與色彩搭配能力 4. 有社群平台美感經驗者佳（FB / IG） 5. 對時尚、流行有興趣者佳  【加分特質】 1. 有醫美診所美編
15398609,營運行銷專員/資深專員,MITSUI OUTLET PARK･Mitsui Shopping Park LaLaport_台灣三井不動產商業管理股份有限公司,雙北,台北市,台北市中正區,行銷/企劃/專案管理,其他服務/工商貿易,33000~9999999 (period=3),月薪,33000,33000,0,0,傳統無AI,無,0,0,0,0,1.行銷檔期、集客活動、異業合作規劃、執行及成效分析。 2.視覺陳列、宣傳製作物、提案及發包製作。 3.顧客調查、會員經營與分析。 4.SNS社群、自媒體經營與管理。 5.市場資訊收集、彙整與分析。 6.年度工作計畫及檔期設定執行，行銷費用編列、執行控管。 7.主管交辦事項之執行。 8.跨設施共通行銷溝通協調，集團事業體異業合作。
14027998,MUJI無印良品【總部】商品採購擔當(服飾配件採購),台灣無印良品股份有限公司,雙北,台北市,台北市松山區,行銷/企劃/專案管理,電子商務/數位零售,面議,面議,,,1,0,傳統無AI,無,0,0,0,0,[職務內容] 1、規劃每季服飾配件上市計劃、銷售策略及訂貨。 2、商品展示會規劃/簡報製作/商品建檔/採購預算規劃。 3、營業數據分析及檢討。 4、商品活動規劃及行銷主題溝通規劃溝通。 5、聯繫原廠窗口及業務，溝通有關服務、品質、庫存事務。 6、其他主管交辦業務。  [履歷投遞配合事項] 1、可提供銷售策略相關規劃或庫存控管規劃報告(擇一)尤佳。 2、清楚正面之正式照片，並檢附完整自傳，上述資料若未完整，恕不列入評估。 3、初步須審查履歷，若未合格者恕無另行通知，請勿重複投遞履歷。
14526026,土地開發業務(穩定底薪＋無需證照),橙億建設股份有限公司,雙北,台北市,台北市大同區,行銷/企劃/專案管理,文教/補教培訓,30000~9999999 (period=0),月薪,30000,30000,0,0,傳統無AI,無,0,0,0,0,我們提供：	 <高額獎金制度> 銷售業績直接反映在你的收入上，挑戰高薪，收入無上限！	 					 <收入保障> 在你全力挑戰高薪的同時，我們提供穩定的收入保障，讓你無後顧之憂。		 				 <全面培訓> 提供專業的培訓課程，提升你的業務能力和職業素養，助你快速上手並持續成長。 						 <晉升機會> 明確的晉升通道，優秀者將有機會晉升為團隊主管，帶領團隊共創輝煌。 						  職位內容：		 <土地與不動產銷售及開發> 參與土地與不動產銷售與開發項目，推動業務發展，實現銷售目標。 						 <土地與不動產管理> 負責土地與不動產資產的管理，確保項目運作順暢。	 					 <說
15400910,基金會行政人員 (職稱依公司核敍),大眾電腦股份有限公司,雙北,台北市,台北市內湖區,行銷/企劃/專案管理,文教/補教培訓,面議,面議,,,1,0,傳統無AI,無,0,0,0,0,此職缺隸屬於財團法人大眾教育基金會，本基金會長期投入弱勢孩童獎助學金、體育選手獎勵、農業與人權史料研究等公益工作，致力回饋社會、培育人才。近年並與學術機構合作推動臺灣農民運動史料保存及研究計畫。  1.	體育賽事創紀錄獎初核選手獲獎資格、彙整獲獎選手得獎歷程、建立選手個人資料檔案、備妥公益信託所需相關文件。        (王楊嬌體育賽事創紀錄獎網址: www.wtrp.org ) 2.	經營所有社群媒體，與公關公司接洽與合作，參與創紀錄獎年底頒獎典禮準備。 3.	基金會捐款與費用核銷等報帳作業。 4.	辦理助學金申請審核、核發作業及相關文件管理。 5.	籌辦董事會議召開、製作並保管會議紀錄。
15355035,經紀人,五条文化股份有限公司,雙北,台北市,台北市松山區,行銷/企劃/專案管理,其他服務/工商貿易,面議,面議,,,1,0,傳統無AI,無,0,1,0,0,1. 負責藝人經紀管理、工作安排及行程協調  2. 開發藝人演出、商業合作、活動及節目等工作機會  3. 負責工作邀約、報價、合作條件及合約相關事項之洽談與確認  4. 維護藝人及合作夥伴關係，拓展業界合作資源  5. 掌握市場及產業趨勢，協助藝人工作規劃及職涯發展  6. 具備外語能力（英、日、韓 ... 擇一）
15391521,【急徵】策略規劃處-資深專員(專案規劃),中國石油化學工業開發股份有限公司,雙北,台北市,台北市松山區,行銷/企劃/專案管理,傳統製造/精密工業,面議,面議,,,1,0,傳統無AI,無,0,0,0,0,1.專案計畫與時程管理 2.成本控制與預算管理 3.風險評估與問題解決 4.跨部門協作與溝通 5.專案績效與KPI監控 6.標準作業流程（SOP）與管理制度優化 7.專案報告與決策支持
14924768,保健食品行銷主管(策略與新創事業部/商品中心/商品行銷組),享食尚股份有限公司,雙北,台北市,台北市內湖區,行銷/企劃/專案管理,生技/醫療保健,80000~9999999 (period=11),月薪,80000,80000,0,0,傳統無AI,無,0,0,0,0,【職務說明】 你將是「享食尚」品牌大腦、媒體資源指揮官與全通路行銷的總掌舵者。  親自負責新品的商品定位、切角提練與  Go-To-Market 戰略，靈活整合 TVBS 跨平台資源與各式行銷工具，主導外部專案提案，並親自推動跨界合作，將我們花 2~3 年偏執打磨出的好產品，轉化為市場的銷售實績與深厚信賴感。  【核心職責】 ● 商品定位與 GTM 行銷戰略（核心）： 針對耗時 2~3 年研發的自信之作，主導市場定位、賣點提練與「專業知識轉譯」（把臨床實驗數據轉化為消費者聽得懂、想買的語言），並制定全通路（線上電商 + 線下實體）上市（Go-To-Market）戰略與銷售成長目標。  ● TV
12033593,【總公司業務行銷處】業務人資部專案規劃人員,三商美邦人壽保險股份有限公司_總公司,雙北,台北市,台北市松山區,行銷/企劃/專案管理,生技/醫療保健,35500~50000 (period=0),月薪,35500,50000,0,0,傳統無AI,無,0,0,0,1,1.資料統計分析及報表製作。  2.系統需求提案/測試/維護  3.專案規劃提案/溝通執行(含行政流程優化) 4.例行行政事務及系統維護 5.其他主管交辦事項  (備註：本科業務包含通訊處硬體設備規劃、勞工法規政策執行(勞工保險、健康檢查)、 租賃合約管理、受理系統規劃維護及一般例行業務等。)                           《若有相關工作經驗者薪資另議》
14703096,SEO 行銷主管,聚贏有限公司,雙北,台北市,台北市中正區,行銷/企劃/專案管理,廣告行銷/公關顧問,60000~100000 (period=4),月薪,60000,100000,0,0,傳統無AI,無,0,0,0,0,我們正在尋找具備【策略思維、數據敏銳度與執行力】的 SEO 行銷主管， 你將主導整體 SEO 策略規劃與執行，與產品、技術、內容團隊緊密合作， 掌握搜尋演算法的脈動，持續優化內容與技術 SEO，提升自然流量與轉換率。 我們期待你能從數據洞察機會，實驗並推動具成效的 SEO 策略， 這裡是一個高度自由、重視創新與實驗精神的環境， 我們歡迎熱愛挑戰、願意持續學習的數位行銷人才加入， 一起解決複雜且有趣的成長難題，打造真正有影響力的產品。 _________________________________________________________________________________
15396652,行銷人員(週休二日),衣的藝術有限公司,雙北,台北市,台北市中正區,行銷/企劃/專案管理,傳統製造/精密工業,36000~9999999 (period=0),月薪,36000,36000,0,0,傳統無AI,無,0,0,0,0,"1.負責品牌日常行銷窗口溝通，了解需求並協助專案推進。 2.與行銷團隊、設計師等內部夥伴協作，確認執行進度與時程。 3.追蹤專案排程、交付項目，確保專案如期完成。 4.協助說明行銷執行成果、數據報告與優化方向。 5.提案、簡報準備與專案需求彙整。 6.其他主管交辦事項。  週一～五7:30~9:00彈性打卡時間  8小時後下班  比如：7:30上班,15:30即可下班 最適合想自我管理上下班時間的夥伴"
15299417,專案助理,視拓商業資訊股份有限公司,雙北,台北市,台北市中正區,行銷/企劃/專案管理,資訊科技/軟體網路,35000~45000 (period=0),月薪,35000,45000,0,0,傳統無AI,無,0,0,0,0,1.具備獨立思考與基本專案執行能力，能協助專案進度推進與跨部門溝通。  2.協助數位媒體維護，熟悉 Facebook、Instagram、LINE 等社群平台操作，參與內容發布與活動曝光推廣。  3.協助專案時程控管與進度追蹤，整理會議紀錄、資料彙整、文件整理與行政支援。
13365764,營運/專案管理師  #MRQ202609000052,大聯大控股股份有限公司,雙北,台北市,台北市南港區,行銷/企劃/專案管理,其他服務/工商貿易,500000~9999999 (period=3),年薪折算,37037,740741,0,0,傳統無AI,無,0,0,0,1,"大聯大控股是全球第一、亞太區最大的半導體零組件通路商，總部位於台北，旗下擁有世平、品佳、詮鼎及友尚，員工人數約5,000人。2021《天下》兩千大調查，大聯大榮獲台灣零件通路銷售服務No.1，期待您一起加入共大共好求共贏的團隊！  【職務內容】 1.需求分析與規劃：訪談內外部需求，掌握作業痛點，整理需求規格及流程，設計系統功能規格，並對接IT開發落實系統與平台建置。 2.數據分析與應用：運用 Excel、Power BI 等工具進行資料分析，產出報表及管理簡報，支援問題分析與決策應用。 3.專案策劃與執行：規劃專案目標與執行計畫，整合內外部資源，協調相關單位並追蹤進度，確保專案落地。 4.流程"
15373223,臺灣當代文化實驗場-園區管理組-建築管理專案組員(定期契約),財團法人臺灣生活美學基金會,雙北,台北市,台北市大安區,行銷/企劃/專案管理,其他服務/工商貿易,43466~44702 (period=4),月薪,43466,44702,0,0,傳統無AI,無,0,0,0,0,1、協助場地作業管理及設備點交。 2、協助本會設備借用管理。 3、執行本會案件機電、空調、消防相關作業控管。 4、協助本會消防計畫及演練 5、其他臨時交辦事項，需配合業務需求排班。 6、聘用時間自錄取日起算12個月。
12983847,販促企劃專員,台灣鐘紡化粧品股份有限公司,雙北,台北市,台北市士林區,行銷/企劃/專案管理,電子商務/數位零售,面議,面議,,,1,0,傳統無AI,無,0,0,0,0,1.依品牌行銷策略及專案目標，規劃、執行並管理各項販促物製作。 2.負責與設計及製作廠商溝通協調，掌握專案時程，並追蹤製作品質與交期。 3.負責業績數據彙整、分析及圖表製作，提供營運與行銷決策參考。 4.協助專案執行、跨部門溝通協調，並完成主管交辦事項。  以實體販促物製作與促銷活動執行為主，非品牌行銷／非數位行銷職位    
14850723,【產創】專員-專案審查組,財團法人台灣中小企業聯合輔導基金會,雙北,台北市,台北市大安區,行銷/企劃/專案管理,其他服務/工商貿易,面議,面議,,,1,0,傳統無AI,無,0,0,0,0,1. 辦理政府專案審查會議之相關籌辦作業。 2. 辦理政府專案補助計畫個案管考、文件檢核校對及機制諮詢服務。 3. 辦理政府專案審查計畫審查會議時程規劃及委員聯繫事宜。 4. 協助專案計畫書成果填報及簡報製作。 5. 主管交辦事項。 
15400368,PM專員,聰泰科技開發股份有限公司,雙北,台北市,台北市中正區,行銷/企劃/專案管理,傳統製造/精密工業,面議,面議,,,1,0,傳統無AI,無,0,0,0,0,1.規劃強固型IP67 IPC。 2.導入車規.軍規設計規範。 3.協助業務推廣產品及參展。
10965019,整合行銷主管 (882),"經緯智庫股份有限公司 (MGR Consulting Co., Ltd.)",雙北,台北市,台北市松山區,行銷/企劃/專案管理,生技/醫療保健,面議,面議,,,1,0,傳統無AI,無,0,0,0,0,一、制定整體行銷策略 •	擬定品牌與整合行銷策略，規劃年度行銷藍圖。 •	規劃年度行銷預算、KPI 及成效管理機制。 •	建立品牌定位與市場溝通策略，提升品牌競爭力。 •	規劃海內外整合行銷計畫，支援市場拓展與產品上市。  二、打造數位行銷體系 負責規劃並持續優化公司整體 Digital Marketing Ecosystem，包括： •	官方網站規劃、優化與營運 (SEO 策略與優化) •	Marketing Automation 建置與應用 •	CRM 與會員經營 •	GA4/GSC 等數據分析與成效追蹤 •	MarTech 工具導入與整合 •	Lead Generation 與轉換率優化
15260335,資深執行企劃,隔壁老王數位行銷有限公司,雙北,台北市,台北市大安區,行銷/企劃/專案管理,生技/醫療保健,40000~55000 (period=0),月薪,40000,55000,0,0,傳統無AI,無,0,0,0,0,KOL OPEN這個公司： ✓ KOL網紅合作實戰業界經驗最最最豐富 ✓ 全台每3位網紅就有1位與我們合作過 ✓ 專業專攻+活潑熱情+自由自律+開心正能量 ✓ 無職場官僚 無應酬文化 無繁文縟節 無情緒勒索  工作內容： 專案管理與落地：  全面控管專案流程（含時程規劃、資源分配與成本控制），並協助業務部門於排程內高品質交付專案。  策略提案與優化：  策劃並執行專案提案，分析成效數據，據此提出具體的優化策略。  跨部門溝通協調：  負責內外部溝通對接，並參與跨部門合作，確保所有專案環節順利推進。  主管交辦事項：  執行主管交付之其他行銷相關任務。  條件需求： 具備能獨立進行大量或專案KO
14960158,專案管理,富邦能源股份有限公司,雙北,台北市,台北市大安區,行銷/企劃/專案管理,其他服務/工商貿易,面議,面議,,,1,0,傳統無AI,無,0,0,0,0,專案管理及跨部門溝通協調 1.併購交易之專案管理人員，熟併購交易流程、交易架構、財務模型及相關法規    （如：公司法、電業法／再生能源發展條例、保險法等） 2.熟悉、研究再生能源領域之相關政策、法規、產業資訊 3.具再生能源案源開拓經驗 4.具部門管理經驗 5.溝通協調能力佳 
13639782,韓國美妝品牌-短影音電商專員 (年齡不限),樂天利有限公司,雙北,台北市,台北市內湖區,行銷/企劃/專案管理,電子商務/數位零售,面議,面議,,,1,0,傳統無AI,無,0,0,0,0,韓國美妝品牌招募店商短影音小幫手 ♡ 喜歡美妝、個性活潑、不怕鏡頭，歡迎加入我們！  【工作內容】 -安排直播與短影音組合內容 -協助拍攝前商品準備與場地整理 -直播期間後台操作(上架/變價/客服回覆) -商品資料查詢 -拍攝中協助互動、回答基本問題 -整理訂單及相關資訊 -協助拍攝簡單短影音／限時動態 -主管交辦事項  ✨ 希望你 ・細心、有責任感、反應快 ・熟悉 IG／TikTok/蝦皮 等社群平台 ・喜歡美妝、保養品及韓國品牌 ・個性活潑、溝通能力佳  有短影音、電商、社群或美妝相關經驗者加分！  【加分條件】 -具有蝦皮後台使用經驗 -細心、邏輯清晰 -對化妝品有熱情 -願意接受挑戰 
15402790,Assistant Product Management Manager (Allegro),新加坡商安富利股份有限公司台灣分公司,雙北,台北市,台北市南港區,行銷/企劃/專案管理,其他服務/工商貿易,面議,面議,,,1,0,傳統無AI,無,0,0,0,0,1. Segment and Market information collection and analysis  2. Customer FCST collection and analysis  3. Frequent Supplier engagement and build up good relationship with Supplier  4. Co-work with Sales team for new segment and customer development 5. Backlog / Inventory review and adjustment  
13653412,文城內湖教室-補習班儲備幹部,臺北市私立文城文理短期補習班,雙北,台北市,台北市內湖區,行銷/企劃/專案管理,文教/補教培訓,32000~40000 (period=0),月薪,32000,40000,0,0,傳統無AI,無,0,0,0,0,"1.具企圖心及說服力. 2.喜歡並擅長與人溝通 3.願向高薪挑戰者,抗壓性高, 4.待優:底薪+獎金+達成獎金  工作項目: 業務涵蓋年級小五~高三的學生，伴隨企業體不斷擴增（2年內擴增至12間分校，預計再3年增加15間分校），找尋看見未來的夥伴成為「儲備幹部」  工作相關內容: 1.維持行政帶班品質流程 2.家長學生詢問課程能清楚解說課程 3.管理工讀生排班和完成相對應教育訓練 4.邀約潛在學生試聽和家長報名（帶領組員完成目標，另有獎金） 5.協同組員針對負責學校責任區投放廣告   文城迄今已走過51年頭，歷經多次教改、少子化和疫情仍不受影響，企業調整步伐不斷精進，針對新人亦有相關完整教育訓"
15402759,專案執行人員,財團法人天使心家族社會福利基金會,雙北,台北市,台北市文山區,行銷/企劃/專案管理,文教/補教培訓,38000~42000 (period=3),月薪,38000,42000,0,0,傳統無AI,無,0,0,0,0,我們期待招募一位具備良好組織能力、溝通協調能力與專案執行力的夥伴，加入「影響力人才培育計畫」。 本職務將協助推動全台各地服務處的人才培育工作，掌握人選招募、培訓活動、服務實踐及成果追蹤等各階段進度；並擔任總服務處與各地服務處之間的聯繫窗口，定期核對專案執行情形、經費使用及資料繳交狀況。 同時，本職務將與社工督導共同整理服務紀錄與執行數據，從人才參與培訓、投入服務到發揮影響力的歷程中，逐步累積計畫成果，讓人才培育所帶來的改變能夠被清楚呈現與看見。  主要工作包括： 1. 專案進度推動與追蹤 依年度計畫追蹤各服務處之招募、培訓、服務及成果進度。 彙整執行現況、待辦事項與資源需求，定期回報並追蹤改善
15406511,服飾品牌 營運企劃,Apartment.b 男子公寓_河川公寓有限公司,雙北,台北市,台北市信義區,行銷/企劃/專案管理,電子商務/數位零售,45000~65000 (period=4),月薪,45000,65000,0,0,傳統無AI,無,0,0,1,0,Apartment.b 正在尋找一位能夠與品牌一起成長的「品牌營運企劃」  這個職位不只是執行行銷活動，而是需要從品牌經營的角度，理解市場、消費者、商品、會員、數位行銷與營運數據之間的關係，並從中找出問題、提出策略，持續推動品牌成長  我們希望你不只是會看數字，而是能理解： 數字背後代表什麼，以及品牌下一步應該做什麼。 如果你喜歡研究市場、分析數據、觀察消費者行為，並且對品牌經營、電商與數位行銷有高度興趣，我們期待你的加入。  【工作內容】 品牌營運與成長策略 • 規劃月度、季度與年度品牌營運方向 • 依據營收、商品、會員與行銷數據提出成長策略 • 協助 Campaign、新品上市與品牌階段性
15403738,TaiwanPlus 節目部節目企劃組-企劃,財團法人公共電視文化事業基金會,雙北,台北市,台北市大安區,行銷/企劃/專案管理,其他服務/工商貿易,面議,面議,,,1,0,傳統無AI,無,0,1,0,0,1.英文節目企劃開發、委製協調與執行。 2.國際合製企劃開發與執行。 3.YouTube頻道經營管理。  
15393108,教學資源中心專任行政助理,東吳大學,雙北,台北市,台北市士林區,行銷/企劃/專案管理,文教/補教培訓,36300~36300 (period=0),月薪,36300,36300,0,0,傳統無AI,無,0,0,0,0,"1.	中心召集教師社群講座統籌辦理。 2.	AI專案辦公室庶務。 3.	中心相關活動辦理及支援。 4.	協助校內外教師知能研習活動公文辦理及宣傳。 5.	其他主管交辦事項。  本職務為留職停薪職務代理人（代理期間：115/10/01-116/06/21） 採單一固定薪資每月36,300元。  上班時間、地點及相關福利，可至本校網頁查詢。"
15270267,動漫卡牌店人員,鴻儒堂本屋有限公司,雙北,台北市,台北市中正區,行銷/企劃/專案管理,電子商務/數位零售,30000~34999 (period=0),月薪,30000,34999,0,0,傳統無AI,無,0,0,0,0,1.櫃檯結帳 2.簡單商品介紹 3.商品上下架、到貨點貨、修改價格、定期盤點 4.店面清潔維護 5.基本粉專維護 平日上班時間13:00-21:00 假日休息，國定假日碰到一到五需上班，薪資有雙倍 有做過便利商店、飯店前台或百貨專櫃佳 會使用APPLE系統佳
13866736,碼頭業務管理師,運達航運股份有限公司,雙北,台北市,台北市中山區,行銷/企劃/專案管理,其他服務/工商貿易,50000~52000 (period=0),月薪,50000,52000,0,0,傳統無AI,無,0,0,0,0,有關港口/碼頭之業務處理: 1. 廠商合約之談判及審理。 2. 廠商優劣勢分析、成本管理、策略擬定。 3. 廠商關係交流及維護。    4. 內部及外部溝通協調。                                                         5. 帳單核銷。
15023369,【2026增員】商品部(資深)專員,台灣三住股份有限公司,雙北,台北市,台北市中山區,行銷/企劃/專案管理,其他服務/工商貿易,面議,面議,,,1,0,傳統無AI,無,0,0,0,0,【商品管理】    ・了解商品市場定位及競爭環境 ・制定商品價格、掌握營收狀況 ・操作、維護商品網頁後台管理系統  【供應商管理】 ・品質或遇客訴時的對應及管理 ・交期、價格交涉 ・開發新供應商  【執行其他日常業務及改善活動】
14539310,社群行銷PR專員,台灣紋意股份有限公司,雙北,台北市,台北市松山區,行銷/企劃/專案管理,其他服務/工商貿易,36000~45000 (period=2),月薪,36000,45000,0,0,傳統無AI,無,0,0,0,0,讓品牌被看見，也被喜歡。  如果你對流行敏感、對畫面有感覺， 同時也喜歡發想內容、創造話題，  那這份工作，不只是經營社群， 而是用你的創意，讓品牌變得更有溫度。  你會參與的事：   內容企劃與創意發想 從主題、視覺到文案，規劃吸引人的社群內容，並實際執行落地。  社群經營（FB / IG / LINE） 不只是發文，而是經營品牌風格，提升互動與粉絲黏著度。  影音與視覺內容製作 使用 Canva / AI / PS 等工具製作素材，並具備基礎影片剪輯能力。  Reels / 短影音創作 掌握流行節奏，發想並產出有感、有記憶點的短影音內容。  穩定且高效率的內容輸出 維持每日限時動態更新，讓
13419937,食品廣告行銷公司 - 數位行銷經理 Communication Manager,新加坡商太樺股份有限公司台灣分公司,雙北,台北市,台北市松山區,行銷/企劃/專案管理,廣告行銷/公關顧問,面議,面議,,,1,0,傳統無AI,無,0,1,0,1,此職位提供具備國際化視野的工作環境，且團隊年輕充滿活力，工作氣氛輕鬆融洽。   【工作職責】 1. 食品類專案管理與策略規劃 負責客戶專案管理，包含數位行銷活動與整合行銷策略。 與客戶經理及設計團隊合作，制定行銷戰略與品牌概念。 建立專案預算與時間規劃，確保按計畫執行。  2. 行銷執行與內容管理 維護並管理行銷活動排程（行銷素材、社群媒體貼文、KOL及媒體合作）。 研究市場趨勢與競爭對手，並聯繫潛在合作夥伴拓展合作機會。 熟悉社群媒體（Facebook、Instagram）經營與廣告投放，確保行銷活動效果最大化。  3. 成效監控與績效評估 監控專案預算、成本比率及投資報酬率（ROI）。 追
15084545,商用產品 業務助理,葛氏兄弟企業有限公司,雙北,台北市,台北市信義區,行銷/企劃/專案管理,文教/補教培訓,35000~40000 (period=3),月薪,35000,40000,0,0,傳統無AI,無,0,0,0,0,Ko Brother 成立於 1973 年，深耕 IT 服務產業多年，擁有優質的辦公環境並投入各大商用產品與服務平台。公司為 Acer、ASUS、HP、Lenovo、Microsoft 等原廠授權合作夥伴。   ＊提供資訊設備、資訊系統與維護服務等多元產品系列  ＊On-site service，具備完整軟硬體整合服務能力  ＊承攬大型金融機構維修與駐點工程服務經驗  我們正在尋找【商用產品 業務助理】，需要具備的條件為：  1. 具備商用產品推廣能力。 2. 開發並維護客戶關係。 3. 負責線上平台回覆與產品報價服務。 4. 持續優化流程，具備追求卓越與誠信負責的態度。 5. 對市場具敏感度
14923402,Digital Marketing Supervisor/ Assistant Manager,美商萊威國際有限公司台灣分公司,雙北,台北市,台北市松山區,行銷/企劃/專案管理,資訊科技/軟體網路,面議,面議,,,1,0,傳統無AI,無,0,0,0,0,"•Responsible for social media platforms include but not limited to website, LINE Official Account, Facebook, IG and YouTube. •Define and develop digital marketing strategies including relevant objectives and KPIs. •Maintain consistent brand messaging throughout all digital platforms.  •Measure and a"
11030948,【電商】網路行政專員,萬榮國際企業股份有限公司,雙北,台北市,台北市士林區,行銷/企劃/專案管理,電子商務/數位零售,36000~9999999 (period=2),月薪,36000,36000,0,0,傳統無AI,無,0,0,0,0,【對動漫愛好者歡迎加入我們的團隊】 【對職缺有興趣的人可以連結去看】 https://www.amuzinc.com/   1.撰寫文案、文案資料整理、圖片整理，商品上下架、庫存管理&維護&促銷活動設定。 2.訂單資料整理、與倉庫對接出貨流程(需操作ERP系統)、退換貨處理。 3.客服處理電商訂單&商品相關問題與回覆，即時解決顧客問題。 4.熟悉客服作業流程及商品資訊，提升客戶滿意度。 5.完成主管交代事項。 6.公司快閃活動需配合加班。 7.出貨旺季需支援倉庫出貨。  【需熟悉電腦操作，耐心細心，作業有效率具客服、電商相關經驗佳 】
12889571,商業空間業務,愷奕國際展覽設計有限公司,雙北,台北市,台北市松山區,行銷/企劃/專案管理,其他服務/工商貿易,34000~50000 (period=0),月薪,34000,50000,0,0,傳統無AI,無,0,0,0,0,＊能獨立作業 ＊既有客戶關係維護 ＊與客戶及設計師溝通商業空間裝潢設計 ＊現場監工、發包、詢價 ＊邏輯性強，組織能力強  此職缺需要出差，不可接受出差，請勿投遞履歷  
15319800,【短期派遣】品牌活動營運專員｜知名外送平台｜週休二日｜每週遠端1天_106KY,萬寶華企業管理顧問股份有限公司,雙北,台北市,台北市信義區,行銷/企劃/專案管理,其他服務/工商貿易,38000~45000 (period=2),月薪,38000,45000,0,0,傳統無AI,無,0,1,0,0,◆ 想進入數位行銷領域？這裡就是你的最佳起跑點！ ◆ 親自參與活動上線、KOL/口碑合作與跨部門協調 ◆ 每週可遠端工作1天，免費零食櫃、研磨咖啡、各類飲料無限量供應 ◆ 免費外送平台會員資格及每月享有800元美食金！  【職務內容】 1. 收集跨部門/內部團隊之活動細節、促銷機制、素材及時程安排。 2. 製作代理商簡報，追蹤時程、代辦事項、素材交付與活動上線。 3. 審查社群、KOL 及 WOM 內容，確保文案、素材與活動資訊精確無誤。 4. 追蹤代理商之數據（WOM、Threads、IG 及 KOL 表現）。 5. 處理日常行政事務、專案檔案管理、會議紀錄及請款等相關作業。  【工作時間】
15397286,1. 資訊管理師/專案助理,易勝資訊股份有限公司,雙北,台北市,台北市松山區,行銷/企劃/專案管理,資訊科技/軟體網路,35000~45000 (period=0),月薪,35000,45000,0,0,傳統無AI,無,0,0,0,0,歡迎應屆畢業生加入！  1. 協助跨機關聯繫窗口之資訊彙整 2. 協助追蹤系統介接需求及專案進度 3. 協助進行系統資料欄位定義、需求盤點及相關文件整理 4. 其他臨時交辦事項  【加分條件】 1. 不排斥與人溝通，具備良好的跨單位協調與應對能力。 2. 反應靈活、細心負責，能妥善處理多項任務及臨時狀況。 
13694189,(歡迎畢業生/ 資管/ SQL/ 人資背景候選人) 初級人資系統顧問,新加坡商興隆商業服務有限公司台灣分公司,雙北,台北市,台北市松山區,行銷/企劃/專案管理,其他服務/工商貿易,面議,面議,,,1,0,傳統無AI,無,0,1,0,0,- 與國家和海外團隊密切合作，提供演示，解決潛在客戶關鍵的業務問題、要求和目標； - 在啟動會議和後續的跟進中與客戶密切合作，以確保清晰精簡的溝通； - 與區域項目團隊、研發和產品管理及相關團隊密切合作，製定未來的產品方向和戰略，並對該領域提供有價值的投入，以確保我們的人力資源信息系統平臺在臺灣得到各行業客戶的廣泛需求； - 分析客戶需求，準備系統平臺演示環境、系統配置； - 項目整體把控，包括但不限於項目進度、服務內容、UAT和QC，確保項目達到或超過預期； - 與薪資團隊及區域項目團隊合作，完成客戶設計、測試和維護的整合，並確保現有接口持續順利運行並提供準確的結果； - 向客戶提供代表人力
13564152,【保障5萬x12個月】不動產經紀人（萬華區）/破億團隊/成交快速/資源充沛/升遷發展/聯盟合作/高獎金《群信房產集團》,中信房屋/群信房產_群信建設有限公司,雙北,台北市,台北市萬華區,行銷/企劃/專案管理,生技/醫療保健,面議,面議,,,1,0,傳統無AI,無,0,0,0,0,【工作內容】 ：  1.開發房屋及土地市場  2.針對客源進行電話行銷與客戶經營開發銷售。  3.提供不動產買賣.租賃仲介服務。  4.提供不動產顧問諮詢服務。   【優渥的薪獎制度】  (1).保障底薪：保障新進人員基本底薪，安心學習，放心工作。  (2).業績獎金：依業績分層跳級計算，挑戰高收入、高成長的夢想。  (3).年終獎金：定額提撥、分紅獎勵，鼓勵整年度努力的付出。  (4).團隊獎金：團隊共戰共榮，互助合作，利潤資源共享。  (5).ｅ化平台：物件流通、重點大樓、成交客戶，快速電腦配對。  (6).行銷廣告：中信官網、樂屋網、591、每月大量文宣廣告。  (7).員工團保：員工團
15398558,機種生產規劃管理_16323,和碩集團_和碩聯合科技股份有限公司,雙北,台北市,台北市北投區,行銷/企劃/專案管理,傳統製造/精密工業,35500~62000 (period=0),月薪,35500,62000,0,0,傳統無AI,無,0,0,0,0,"1. 新機種開發階段,進度控管,前期異常排除；機種策略備料評估 2. 跨部門整合協調 3. 量產後訂單達交/產能規劃 4. 客戶達交相關需求處理 5. EOL Model Excess與客戶端進行認列與處理"
14471717,超級社群小編/社群行銷企劃,春樹科技股份有限公司,雙北,台北市,台北市大同區,行銷/企劃/專案管理,廣告行銷/公關顧問,32000~45000 (period=0),月薪,32000,45000,0,0,傳統無AI,無,0,0,0,0,你有想過你發的文，能被全台2300萬人觀看嗎？  這並非玩笑話，我們目前在線服務的品牌客戶 社群總粉絲數累積已經超過2000萬人 社群上一年創造超過15億的流量~  在這超級海量的數字後面，是因為我們有超級斜槓的團隊！  團隊經營的平台包括 FB / IG / LINE / Threads / TikTok / Youtube  經營範圍包括 短影音 / 節目 / 海巡 / 各式社群貼文企劃 (想了解更多，請參考本公司官網案例)   正因如此，我們想招募的對象  也必須是能夠很斜槓、不斷超越極限的  超級社群小編！  在這，你不必擔心你的才華被埋沒 無論你是 愛上鏡頭的大E人、喜歡在幕後的活網
9907542,業務人員,敦緯數位服務股份有限公司,雙北,台北市,台北市內湖區,行銷/企劃/專案管理,資訊科技/軟體網路,32000~45000 (period=0),月薪,32000,45000,0,0,傳統無AI,無,0,0,0,0,1. 推展IDC (Internet Data Center )機房委外服務 2. 電話行銷潛在客戶需求 3. 維護現有客戶關係  4. 報價與議價 5. 獎金另計
15380976,「Body Goals」電商營運專員,柏立奧有限公司,雙北,台北市,台北市內湖區,行銷/企劃/專案管理,電子商務/數位零售,43000~9999999 (period=0),月薪,43000,43000,0,0,傳統無AI,無,0,0,0,0,1. 通路維護- EC通路銷售狀況追蹤及新舊品上下架  2. 策略優化- EC通路銷量/銷額/利潤分析、活動效益評估與策略建議 3. 行銷規劃- EC通路活動提報（直播、廣告及促銷）  4. 市場調查- 追蹤競品活動、蒐集市場情報
15400298,【彈性工時♪】房東及租賃物件開發【有獎金♪】,日商エイブル_大建不動產股份有限公司,雙北,台北市,台北市中山區,行銷/企劃/專案管理,其他服務/工商貿易,220~9999999 (period=0),時薪折算,35200,35200,0,0,傳統無AI,無,0,1,0,0,"我們是日本最大的租賃不動產仲介公司「ABLE」台灣分公司。 日本總公司創立於1968年，自1987年進入台灣以來，主要為日外商企業商務人士及外交人員及其員工介紹住宅、辦公室、店舖等租賃物件。  我們目前急需開發物件（高級住宅／辦公室）專員。本職務不會外文也沒問題,台語流利更佳,有不動産相關業務經驗者尤佳。 工作內容外勤多，歡迎有機車個性開朗且善於社交的朋友加入。   【工作内容】　 ・開發及聯繫有出租需求的房東 ・了解房東出租需求並提供租賃方案 ・物件現場勘查、拍照及招租資料建立 ・租金行情評估及出租條件建議 ・建立並持續經營房東客戶關係  【希望具備】 ・喜歡與人溝通，願意主動開發客戶 ・能"
14090169,品牌教練培訓專員-總公司-培訓部,維西杰股份有限公司,雙北,台北市,台北市松山區,行銷/企劃/專案管理,文教/補教培訓,35000~50000 (period=0),月薪,35000,50000,0,0,傳統無AI,無,0,0,0,0,【職稱】 品牌培訓專員｜Brand Training Specialist  【工作內容】 - 協助銜接 AntiGravity、KX Pilates、Radical Fitness 國際品牌培訓制度，並執行台灣在地化。 - 規劃及製作品牌課程教材、教案、SOP、教學影片等培訓內容。 - 執行教練招募、新進培訓、技能提升、評核及後續培訓追蹤。 - 規劃講師 Workshop、進階訓練及持續教育課程，協助提升教學品質。 - 開發教練人才來源，包含大專院校、社群及相關產業合作。 - 建立並維護師資資料、培訓進度及相關管理制度。 - 與營運、行銷及海外品牌總部協作，確保品牌課程及教學品質一致。 - 
15181328,品牌電商營運專員 / 儲備PM,良品嚴選股份有限公司,雙北,台北市,台北市中正區,行銷/企劃/專案管理,電子商務/數位零售,35000~44000 (period=0),月薪,35000,44000,0,0,傳統無AI,無,0,0,0,0,【職務名稱】品牌電商營運專員 / 儲備PM（具1-2年經驗佳） 【職務亮點】 這不是一份純行政打雜的助理缺！我們正在尋找一位具備責任心、抗壓性強， 且對電商領域充滿熱忱的夥伴。你將深度參與品牌電商的營運環節， 從日常維運到數據檢討，我們願意投入資源栽培你。只要你肯學、敢扛責任， 未來有明確的晉升管道（專案經理 PM 或營運副理）。若團隊業績達標，更享業績獎金分享！  【工作內容】 一、電商平台營運與控管 負責主流電商平台（官網、MOMO、蝦皮、Coupang 等）的日常後台營運。 執行例行性活動檔期設定、商品上下架、優惠券建立及活動頁面資料更新。 精準控管各平台庫存數量與商品價格確認，確保營運
13835965,醫美行銷小編,小蒔代美學診所,雙北,台北市,台北市大安區,行銷/企劃/專案管理,生技/醫療保健,40000~60000 (period=0),月薪,40000,60000,0,0,傳統無AI,無,0,0,0,0,【工作內容】 1. 行銷方案/活動設計及執行 2. 社群經營、互動、回覆 3. 行銷成效追蹤與分析、建議 4. 開拓及洽談異業合作  【需求】 1.對行銷有極大熱忱，了解基礎數位行銷知識 2.能獨立作業及擁有良好邏輯思考能力 3.具備製圖美編、文案撰寫能力 4.個性活潑、想像力豐富  歡迎提供相關作品連結    
10956000,中信南門 不動產業務專員 底薪3.5萬+獎金抽成 台市年度業績冠軍 大南門冠軍團隊,中信房屋南門加盟店_喬鉅不動產仲介經紀有限公司,雙北,台北市,台北市中正區,行銷/企劃/專案管理,文教/補教培訓,面議,面議,,,1,0,傳統無AI,無,0,0,0,0,★ 成 績 就 是 一 切 ★  餅畫得再大，還不如您來真實了解體會  ★2021年第2季台北市業績績效 第1名 ★2021年第1季台北市業績績效 第3名 ★2020年第4季台北市業績績效 第1名 ★2020年第4季台北市人均績效 第2名 ★2020年第3季台北市安全績效 第3名 ★2020年第2季台北市業績績效 第1名 ★2020年第2季台北市人均績效 第3名 ★2020年第1季台北市業績績效 第3名 ★2020年台北市業績績效 第1名 ★2020年台北市安全績效 第2名 ★2019年第3季台北市安全績效 第2名 ★2019年第3季台北市業績績效 第3名 ★2019年第2季台北市業績績效 第
15406469,"【外商】(Senior)Brand Executive, Marketing(CT)",台灣維達衛生用品股份有限公司,雙北,台北市,台北市松山區,行銷/企劃/專案管理,傳統製造/精密工業,面議,面議,,,1,0,傳統無AI,無,0,0,0,0,"1.Support in the execution and monitoring of brand marketing plans across various channels, including ATL and BTL activities. 2.Support the new product development process in collaboration with regional and local teams to ensure timely launches. 3.Co-work with external agencies and vendors for marke"
6013033,行銷業務專員(中正分公司),震旦行股份有限公司五股一分公司_辦公設備系統事業部,雙北,台北市,台北市中正區,行銷/企劃/專案管理,傳統製造/精密工業,35000~43000 (period=0),月薪,35000,43000,0,0,傳統無AI,無,0,0,0,1,"工作內容說明： 1. 辦公室自動化數位商品:數位複合事務機、3D印表機、震旦辦公雲、圖文資料解決方案等銷售與服務。 　 2. 主要為B2B方式，開發區域內潛在客戶開拓市場，以達成業績目標。 3. 轄區開發與顧客經營，穩定維繫客戶關係。 4. 傳達及說明公司業務相關之重大訊息活動。 5. 每季考核，人事升遷透明快速肯定人才，升遷不用等排隊! 6. 報到日起三個滿月，保障薪資40,000元整(未滿月延至下月起計)。 7. 工作待遇為新人平均月薪資，另有高額獎金等著你來挑戰。  想要實現你的理想成就未來，在職場上出類拔萃，成為耀眼的明日之星！ 震旦集團有最佳的舞台提供給您！ 完善的教育訓練制度，僅需"
15253372,Senior Marketing Manager 資深行銷經理,Raccoon AI(JTCG)_詹姆斯科技顧問股份有限公司,雙北,台北市,台北市松山區,行銷/企劃/專案管理,電子商務/數位零售,1400000~9999999 (period=6),年薪折算,103704,740741,0,0,傳統無AI,無,0,0,0,1,【About Us】 Raccoon AI 是新興的生成式 AI Chatbot 解決方案提供商，專注幫助電子商務、網路平台等企業自動化處理客服訊息。我們自研的 AI 引擎可即時回覆 50–80% 的線上對話，大幅降低客服負擔、提升顧客體驗，進一步優化轉換率與營運效率。  【About the Role】 We're looking for a Senior Marketing Manager to lead our global marketing efforts and help establish Raccoon AI as a leading brand in AI-powered c
11223364,遊戲監控專員(約聘) -無經驗可!,Pearl Abyss_珍艾碧絲有限公司,雙北,台北市,台北市松山區,行銷/企劃/專案管理,其他服務/工商貿易,32000~9999999 (period=0),月薪,32000,32000,0,0,傳統無AI,無,0,0,0,0,▶ 執行GM業務  ▶ 伺服器監控及遊戲監控  ▶ 玩家動向監控及整合/報告  ▶ 周末營運相關議題應對、整理及報告  ※ 上班時間 早班: 07:00-16:00 午班: 13:30~22:30 夜班: 22:30~07:30 (另提供伙食津貼)  需輪班及排班，依勞基法規定提供月休天數
15397784,【遠見雜誌】遠見社長辦公室｜企劃專員,遠見天下文化出版股份有限公司,雙北,台北市,台北市中山區,行銷/企劃/專案管理,廣告行銷/公關顧問,面議,面議,,,1,0,傳統無AI,無,0,0,0,0,【工作內容】 1.專案管理：推動遠見與哈佛商業評論（HBR）的品牌專案，負責內容企劃與執行。 2.行政聯繫：配合部門工任務、擔任對外窗口，如聯繫貴賓、撰寫邀請函、訪綱等文件。 3.對外公關：議題策畫、新聞稿撰寫與發布、整理媒體露出成效等。 4.跨部門協作：共同執行公司相關品牌活動。 5.其他主管交辦事項。  【必備條件】 1.具備耐心、關注細節。 2.溝通表達與文字能力。 3.能管控時程與成果品質。 4.可動態調整的彈性與應變能力。 5.熟悉Office軟體操作。  【加分條件】 1.具新聞感，熟悉財經產業領域之重要人事物。 2.具備ESG、CSR、SDGs等永續基礎概念。 3.具備大型專案執
15316073,【Uber Eats】Uber Direct Operations Manager_PRL,新加坡商立福人事顧問有限公司台灣分公司,雙北,台北市,台北市信義區,行銷/企劃/專案管理,其他服務/工商貿易,65000~95000 (period=3),月薪,65000,95000,0,0,傳統無AI,無,0,0,0,0,"As an Uber Direct Operation Manager, you will play a pivotal role in seamlessly implementing and scaling critical last-mile solutions for our merchants. You will bridge the gap between technical operations, cross-functional partners, and ground-level execution—ensuring our Transportation Management "
14921174,產品專案管理師 Product Project Specialist,"ADAM elements International Co., Ltd._亞果元素國際股份有限公司",雙北,台北市,台北市大安區,行銷/企劃/專案管理,文教/補教培訓,面議,面議,,,1,0,傳統無AI,無,0,0,0,0,【工作內容】 1.	負責新產品開發專案時程規劃、進度追蹤及風險控管，確保專案依計畫如期完成。  2.	協助新產品立項評估，包含技術可行性、成本分析、交期評估及風險管理等。  3.	依專案各階段需求，進行跨部門溝通與協調，包含研發、採購、生產、品質、認證、物流及行銷等單位，確保專案順利推進。  4.	負責產品規格文件撰寫與管理，包含產品規格、功能特色、認證資訊、包裝內容及相關技術文件。  5.	規劃並執行產品開發流程（EVT／DVT／PVT／MP），追蹤試產、量產進度及品質改善事項。  6.	與供應商、採購及物流單位協作，掌握物料準備、生產排程及出貨進度。  7.	負責產品認證、包裝、標籤及出貨
6323520,國際會議專案執行,艾力得國際會議顧問股份有限公司,雙北,台北市,台北市內湖區,行銷/企劃/專案管理,其他服務/工商貿易,38000~45000 (period=0),月薪,38000,45000,0,0,傳統無AI,無,0,0,0,0,國際會議活動專案管理、會展活動企劃、國內外貴賓接待、報名接待服務、論文資料管理、客戶服務、預算規劃、場地節目安排等全方位國際會議企畫執行
15346384,(日商)管理企劃專員-台北,台灣東方馬達股份有限公司,雙北,台北市,台北市中山區,行銷/企劃/專案管理,生技/醫療保健,40000~9999999 (period=4),月薪,40000,40000,0,0,傳統無AI,無,0,0,0,1,本職務為管理部長之幕僚與專案推進窗口，負責協助管理部各項課題、制度、流程改善及跨部門專案執行。透過結構化的專案管理、清楚的溝通協調與持續追蹤，確保重要任務依計畫推進並落實。  ▲職務內容 一、部務管理支援     1.追蹤部門目標與課題進度     2.彙整營運數據及月會資料     3.安排議程、製作會議紀錄     4.追蹤行動項目與部門工作報告。  二、跨部門專案推進     1.建立專案時程與里程碑     2.召開及運營專案會議     3.追蹤專案進度、風險與問題     4.整合需求、協調資源並向利害關係人回報。  三、流程改善與制度建構     1.制定流程SOP     2.
15406387,藝術村營運部-教育推廣組活動企劃專員,財團法人台北市文化基金會,雙北,台北市,台北市中正區,行銷/企劃/專案管理,文教/補教培訓,37000~40000 (period=0),月薪,37000,40000,0,0,傳統無AI,無,0,0,0,0,1.專案活動之學習單統籌、規劃與執行 2.文化進用專案規劃與執行 3.館校合作之統籌、規劃與執行 4.學校日導覽服務規劃與執行 5.執行眷村文化推廣教育活動 6.教育推廣課程開發及執行：配合展覽及專案教育活動項目規劃與執行 7.城南公館串連教育推廣業務活動 8.外部單位合作之教育推廣 9.其他主管交辦事項
15382926,M03-業務助理,雄獅旅行社股份有限公司,雙北,台北市,台北市內湖區,行銷/企劃/專案管理,其他服務/工商貿易,33000~38000 (period=0),月薪,33000,38000,0,0,傳統無AI,無,0,0,0,0,一、行政流程協助 1.費用請款、文件用印、主管簽核文件及同仁出差文件等各項行政流程辦理 2.文件印製、投標文件準備（如公司登記、繳稅證明等）、膠裝、送件等協助 3.部門郵務處理，含部門寄件及至總務取件 4.部門物資維護與借用管理（如對講機、X展架…等部門物資） 5.同仁差旅訂房、交通票券預定等  二、專案協助 1.專案資料準備（團隊成員簡歷、公司實績等） 2.電話通知專案合作店家活動內容等庶務 3.專案物資整備，如海報包裝與郵寄、張貼套票貼紙、報到處文具整理…等 4.活動現場支援（即工作人員）  三、其他交辦事項 1.提案資料蒐集與整理，包含國人旅遊習慣、專案轄區符合資格之合作店家資料等
14405326,【MARS 戰神】品牌行銷公關｜兩大事業體,MARS戰神_創欣實業有限公司,雙北,台北市,台北市信義區,行銷/企劃/專案管理,生技/醫療保健,面議,面議,,,1,0,傳統無AI,無,0,0,0,0,▲ 工作內容 1. KOL / KOC 公關合作與聲量經營  • 為每月商品與行銷檔期規劃合適的 KOL / KOC 合作策略，提升品牌曝光與話題熱度 • 負責合作邀約、洽談、內容溝通與執行控管，確保專案順利落地 • 經營長期合作關係（寄送公關品、互動維繫），打造穩定的品牌聲量池 • 建立並優化 KOL / KOC 資料庫，作為未來合作策略依據  2. 品牌活動與異業合作企劃  • 規劃並執行品牌線上與線下活動（新品上市、快閃、會員活動等） • 主導異業合作與聯名專案，負責對外溝通與整體執行 • 統籌跨部門資源，確保活動品質與品牌呈現一致 • 分析活動與合作成效，持續優化行銷策略  3. 社群
15403824,知識企劃專員,黑熊社會企業有限公司,雙北,台北市,台北市中正區,行銷/企劃/專案管理,文教/補教培訓,43000~48000 (period=2),月薪,43000,48000,0,0,傳統無AI,無,0,0,0,0,您將負責：  1. 議題研究與知識內容產出       ● 持續追蹤民防、安全、現代軍事、資訊戰與認知作戰等相關議題。       ● 蒐集並閱讀國內外研究、官方資料與可靠的一級來源，整理為研究筆記、案例與知識架構。       ● 將專業資訊轉化為適合一般大眾閱讀的文章、懶人包、課程補充資料或其他知識內容。       ● 協助查核資料來源、數據與案例，維持內容的正確性與時效性。  2. 課程與教材開發       ● 依據課程目標與受眾需求，協助設計課程架構、教學流程及學習重點。       ● 製作與維護課程簡報、講稿、講義、課本、學習單及教學活動。       ● 參與既有課程的內容更
13443571,專案部門主管,富邦建設股份有限公司,雙北,台北市,台北市信義區,行銷/企劃/專案管理,文教/補教培訓,80000~100000 (period=11),月薪,80000,100000,0,0,傳統無AI,無,0,0,0,0,1. 熟悉建築、都更、都市計畫相關法令及流程、掌握關鍵課題及時程 2. 熟悉設計及工程合約，具編定商務條款、設計需求及權責劃分能力 3. 具結構、機空消相關知識，能整合設計單位，並發現與解決問題 4. 辦公、旅館、高級住宅設計及專案管理相關經歷 5. 施工圖說、預算及規範審核能力 6. 施工監造經驗及工法概念 7. 施工流程及排程基本概念 8. 有建築師執照及留學經歷者為佳
13865275,後勤支援專員-網路投保專案(月薪制/非承攬),統一集團_統超保險經紀人股份有限公司,雙北,台北市,台北市松山區,行銷/企劃/專案管理,其他服務/工商貿易,35000~42000 (period=0),月薪,35000,42000,0,0,傳統無AI,無,0,0,0,0,1、導入網路投保新廠商、新險種 2、網路投保系統開發溝通、測試、商品與網站維護 3、EDM等媒體宣傳素材製作 4、網路投保會員經營、客戶諮詢服務 5、各式數位行銷推廣 6、發掘新商機 7、其他主管交辦事項
15405433,【資源事業】商務專案管理師(供應鏈/原料採購),華新麗華股份有限公司,雙北,台北市,台北市信義區,行銷/企劃/專案管理,傳統製造/精密工業,面議,面議,,,1,0,傳統無AI,無,0,0,0,0,身為商務專案管理師，你將成為連結國際合作夥伴、海外供應商與內部跨部門的的核心樞紐： 1. 商務與專案推進：追蹤 MOU、合約、報價及合作條件，控管會議 Action Item 與專案里程碑，綜整關鍵資訊協助高層決策。    2. 供應鏈與採購協調：掌握 Ni（鎳）、Fe（鐵）、Si/Mg（矽/鎂）等金屬原料品質資料與出貨時程，與採購團隊密切合作，確保供應鏈順暢無虞。    3. 數據分析與管理報告：運用 Excel 進行市場與進銷存資料整合，並製作清晰專業的 PowerPoint 管理報告供經營團隊參考。    4. 跨國與跨部門溝通：扮演內部（技術、工程、採購、營運）與海外供應商/合作夥伴之
13542135,香氛專櫃人員(京站),Yankee Candle_萱美有限公司,雙北,台北市,台北市大同區,行銷/企劃/專案管理,其他服務/工商貿易,30000~50000 (period=0),月薪,30000,50000,0,0,傳統無AI,無,0,0,0,0,"1. 櫃位商品銷售、介紹、推廣試用、門市接待及需求服務     2. 協助整貨, 陳列, 庫存管理等作業      3. 顧客關係管理      4. 業績目標分配與績效達成      5. 專案行銷活動     6. 機動性維護門市環境整潔    歡迎  所有求職者"
15363689,【UR Living】商品營運專員(台北),美而快生活美學股份有限公司,雙北,台北市,台北市南港區,行銷/企劃/專案管理,電子商務/數位零售,40000~9999999 (period=0),月薪,40000,40000,0,0,傳統無AI,無,0,0,0,0,我們期待你 透過數據分析與商品管理，建立有效的營運資訊，協助主管快速掌握商品狀況，優化配貨、補貨及商品調撥決策，提升整體商品營運效率。  工作內容： 1.	針對商品銷售、業績報表彙整與產出(運用 BI、Excel 等工具)，建立可視化管理報表，提供主管決策依據。 2.	針對商品銷售週期、庫存迴轉狀態及品牌補貨狀況，提出調撥建議，以實現良好的貨態管理。 3.	營業支援（次要工作） *POS 系統活動、折價券設定與維護。 *協助營運專案執行及跨部門溝通。 *其他主管交辦事項。  我們希望你具備： 1.	熟悉 Excel（樞紐分析、VLOOKUP等函數）。 2.	具 BI 系統操作或報表判讀能力，能
14615651,【外貿協會】加入國際展覽團隊｜展務助理｜歡迎新鮮人_OCS_830 (Req#341),藝珂人事顧問股份有限公司,雙北,台北市,台北市信義區,行銷/企劃/專案管理,資訊科技/軟體網路,34278~34278 (period=2),月薪,34278,34278,0,0,傳統無AI,無,0,0,0,0,自  2026  年  8  月  3  日起  工作內容	 1. 參展廠商資料維護及管理 2. 催繳參展費用 3. 處理展覽行政庶務(廠商參展資料彙整、攤位選位、裝潢進退場相關、參展商與參觀者各式問題回復等) 4. 其他主管交辦業務   需求條件	 1. 大專以上畢業 2. 熟悉 Excel、Word、PowerPoint 等 Office 套裝軟體 3. 工作態度認真、負責、細心 4. 良好溝通能力、高抗壓性及團隊合作精神 5. 需國内出差 
15391243,服務體驗資深專員 CX,聚流平台科技股份有限公司,雙北,台北市,台北市內湖區,行銷/企劃/專案管理,資訊科技/軟體網路,面議,面議,,,1,0,傳統無AI,無,0,0,0,1,【職位使命】 負責聚流用戶心聲（VOC）治理與服務體驗改善，整合各平台用戶回饋、客服工單及體驗數據，推動跨部門問題改善與服務體驗閉環機制，持續提升用戶滿意度與服務品質。  【工作內容】 1. 蒐集與分析客服工單、NPS、App 評論及各類用戶回饋，整理用戶痛點並提出改善建議。 2. 追蹤服務體驗指標與用戶旅程痛點，推動產品、營運及服務流程優化。 3. 負責客服 SLA 監控及服務品質管理，追蹤服務表現與改善成效。 4. 負責後拋工單追蹤與根因分析，協調相關單位加速問題解決。 5. 擔任服務體驗改善窗口，推動跨部門改善會議並追蹤執行成效。 6. 維護相關 SOP、流程文件及知識庫，支持組織持續優
12404495,業務代表,遵宇科技股份有限公司,雙北,台北市,台北市內湖區,行銷/企劃/專案管理,資訊科技/軟體網路,47000~9999999 (period=0),月薪,47000,47000,0,0,傳統無AI,無,0,0,0,0,1.	對物聯網、智慧建築有興趣者。 2.	現有及潛在客戶經營與開發。 3.	新專案開發及協助設計與規劃。 4.	完成主管交辦之事項與任務。  本職務為系統整合規劃的業務性質，歡迎對智慧建築、物聯網有興趣之伙伴加入遵宇科技之行列。  另從優錄用者： 1.有同行業務經驗三年以上者。 2.取得智慧建築相關認證資格者。 3.執行過智慧建築或中央監控三年以上之工務經驗者。
12466013,藝術行政,創客吧有限公司,雙北,台北市,台北市大安區,行銷/企劃/專案管理,電子商務/數位零售,32000~38000 (period=3),月薪,32000,38000,0,0,傳統無AI,無,0,1,0,0,AXIS Gallery https://www.instagram.com/axisgallery.tw/  ▋ 職務說明  AXIS Gallery（IG：@axisgallery.tw）是一個立足台北、面向國際的當代藝術空間，致力於推動台灣與國際藝術生態的深度連結，為藏家與藝術家搭建具有專業深度的交流平台。  我們正在尋找一位對當代藝術充滿熱情、細心有條理、具備良好溝通能力的行政執行夥伴，協助藝廊日常營運、展覽執行與品牌經營。具備銷售能力者尤佳，歡迎加入 AXIS 團隊。  ▋ 核心工作內容  1. 行政事務管理  藝廊日常行政：負責日常行政事務處理、文件檔案彙整，維護空間整潔與基本營運
15097867,電商營運專員,預見未來科技股份有限公司,雙北,台北市,台北市大安區,行銷/企劃/專案管理,電子商務/數位零售,面議,面議,,,1,0,傳統無AI,無,0,0,0,0,【職務說明】 本職務為公司電子商務營運核心角色，負責整合電商平台與直銷會員銷售策略，提升品牌曝光與整體業績表現。需具備數據分析能力與活動執行能力，協助公司發展線上線下整合銷售模式。  【工作內容】 1.	平台營運與維護 o	負責各大電商平台（momo、蝦皮、Yahoo、PChome、官方網站）日常營運管理 o	商品文案撰寫、上下架管理、活動設定與價格維護 o	Banner 與行銷素材規劃（可與設計部門協作） 2.	數據監控與分析 o	分析流量、轉換率、客單價、銷售排行等關鍵指標 o	製作日報／週報／月報 o	根據數據提出優化建議與銷售策略調整 3.	活動規劃與執行 o	規劃節慶促銷活動與會員專
15377106,Digital Content Specialist (數位內容專員) 歡迎具備CSS與HTML技術的畢業生,美商亞洲美樂家有限公司台灣分公司,雙北,台北市,台北市松山區,行銷/企劃/專案管理,資訊科技/軟體網路,面議,面議,,,1,0,傳統無AI,無,0,1,0,0,"如果您是一位具備CSS與Html技術，熱愛英語學習與跨國溝通，而且想精進網頁技術的人才，歡迎您投遞履歷，謝謝！  If you are a talent with CSS and HTML skills, passionate about English learning and international communication, and eager to enhance your web development expertise, we welcome you to submit your resume. Thank you!  Job Summary Responsible for"
15402747,社群經營專員,Starbucks _悠旅生活事業股份有限公司,雙北,台北市,台北市信義區,行銷/企劃/專案管理,廣告行銷/公關顧問,面議,面議,,,1,0,傳統無AI,無,0,0,0,0,我們在尋找一位文字風格幽默靈動、對網路與時事極度敏銳的「社群小編」 如果你每天滑社群，熱愛拍片剪輯、發想極具共鳴的企劃，同時具備精準的廣告投放與數據分析能力，歡迎加入我們！  工作內容 :  1.	社群經營，主導 Threads/IG/FB /YouTube平台日常經營，發想高互動、高共鳴的文字與影音內容。 2.	負責內容操作、短影音企劃、腳本撰寫、拍攝與後續剪輯。 3.	即時掌握網路熱門話題，快速借勢行銷。 4.	規劃社群互動活動以提升社群關鍵數據(觸及、互動率、UGC )。 5.	廣告投放，制定廣告策略與預算分配，追蹤廣告成效。 6.	KOL / KOC以及廠商合作洽談及效益評估。
15402368,產品經理 Product Manager,勤英科技股份有限公司,雙北,台北市,台北市內湖區,行銷/企劃/專案管理,文教/補教培訓,面議,面議,,,1,0,傳統無AI,無,0,0,0,0,1. 原廠關係與折扣、方案管理：與 AWS、GCP 等雲端原廠維持窗口關係，負責價格與折扣條件談判，並善用原廠 Partner Program（資格認證、獎勵、市場資金等）爭取資源；持續追蹤原廠方案、計價與政策異動，評估對公司採購成本與獲利的影響。  2. 內部教育訓練與跨部門協作：參加原廠教育訓練與認證課程，將雲端服務、方案與政策異動轉化為內部教材，教學業務團隊；同時與業務、財務、技術支援等部門協作，說明方案與折扣機制，確保各部門對產品資訊與作業流程一致。  3. 產品資訊維護與業務支援：維護雲端方案、價格、折扣與訂購流程等內部資訊，並依業務需求提供方案說明、報價與技術諮詢，協助業務提案與成
15404288,★韓國大型遊戲公司★年薪800k起!! 【遊戲經營企劃】市場分析 × 營運策略｜須韓文精通_AMR_885,藝珂人事顧問股份有限公司,雙北,台北市,台北市信義區,行銷/企劃/專案管理,其他服務/工商貿易,800000~1000000 (period=5),年薪折算,59259,74074,0,0,傳統無AI,無,0,0,0,0,【職缺描述】 本次招募企業為韓國大型遊戲集團在台灣的營運團隊，長期投入台灣遊戲市場，並負責旗下多款線上遊戲的在地營運與發展。  在這個崗位你會參與市場及競品分析、經營計畫與預算規劃，並與產品、營運、行銷、財務及韓國總部合作，推動新專案與內部流程改善。我們期待你對遊戲市場有自己的觀察，願意深入分析問題，並以流利韓文與韓國總部合作，將分析結果真正運用在經營決策及新專案推進上。  【工作內容】 1. 分析台灣遊戲市場與競品動態。 2. 追蹤經濟、消費及文化趨勢。 3. 制定年度及中長期經營計畫。 4. 規劃預算並分析銷售、成本及獲利。 5. 追蹤預算差異並提出改善建議。 6. 規劃及推進新業務與新專
15335101,【台北｜mine kitchen】品牌企劃｜文案・攝影・短影音,minekitchen_達達克有限公司,雙北,台北市,台北市士林區,行銷/企劃/專案管理,生技/醫療保健,40000~58000 (period=3),月薪,40000,58000,0,0,傳統無AI,無,0,0,0,0,【台北｜mine kitchen】品牌企劃｜文案・攝影・短影音  【關於mine kitchen】 mine kitchen創立於2018年，是一個以預訂制蛋糕為核心，持續發展甜點、空間、生活風格與文化內容的品牌。  我們重視的不只是商品本身，也在意文字、影像、空間，以及每一次與顧客接觸時所傳遞的品牌感受。  隨著品牌內容、不同據點、新品企劃與合作專案持續增加，我們希望找到一位同時具備內容企劃與影像製作能力的夥伴，將品牌方向轉化為文字、照片與影片，完成對外發布。  【我們重視的工作方式】 我們期待的不是只會提出想法的人，而是能從品牌方向出發，完成企劃、文字、拍攝、剪輯與正式發布的人。  在mi
15400860,Project Manager 專案經理,阿蒂瑪有限公司,雙北,台北市,台北市內湖區,行銷/企劃/專案管理,廣告行銷/公關顧問,50000~75000 (period=6),月薪,50000,75000,0,0,傳統無AI,無,0,0,0,1,【職位介紹】 你是否曾在客服第一線發現問題，也想進一步推動改善，而不只是處理當下的需求？ 我們正在尋找一位具備客服經驗、善於溝通與推進專案的Project Manager，串連客服、工程、產品與營運等不同職能，將實際服務需求轉化為可執行的改善方案，並參與AI與自動化應用的規劃及落地。 這份工作適合喜歡釐清問題、整合資訊，並能帶著團隊把事情推進到有結果的你。  【工作內容】 1. 專案規劃與推進 ・釐清專案目標、需求範圍與交付成果，拆解任務並規劃時程及里程碑。 ・追蹤執行進度、相依事項及風險，主動協調資源與排除阻礙。 ・管理需求變更，確保團隊對優先順序及交付內容有一致理解。 2. 客服需求與流程
15401882,【Uber】Operations Specialist - Retail_PRL,新加坡商立福人事顧問有限公司台灣分公司,雙北,台北市,台北市信義區,行銷/企劃/專案管理,資訊科技/軟體網路,60000~60000 (period=0),月薪,60000,60000,0,0,傳統無AI,無,0,0,0,0,Retail is a fast-growing business within Uber Eats that enables consumers to get just about anything delivered through the Uber Eats app. And Retail Taiwan is a strategically important and successful market for Uber Eats globally.  This role focuses on driving operational excellence through data. Yo
12973612,電商營運專員(獎金無封頂),富達康貿易股份有限公司,雙北,台北市,台北市士林區,行銷/企劃/專案管理,電子商務/數位零售,36000~45000 (period=0),月薪,36000,45000,0,0,傳統無AI,無,0,0,0,0,"1. 規劃月.季.年度業績達成計畫,善於發掘消費者需求並開發商品 2.須熟悉各大電商平台經營(momo.pc.yahoo.東森.蝦皮.7-11.全家.全聯..等) (a)商品網路上下架  (b)活動規劃、執行 (c)拉單、回單、客服、入庫 (d)需具備溝通談判能力 3.善於團隊合作，勇於解決問題，態度認真、負責、抗壓性高 4.主管交付任務 5.保障底薪3.6～4.5萬+獎金無封頂=年薪百萬不是夢!"
11878715,(歡迎新鮮人) 客戶關係管理企劃 Key Account Management Planner / Business Development 商業營運部,新加坡商蝦皮娛樂電商有限公司台灣分公司,雙北,台北市,台北市信義區,行銷/企劃/專案管理,電子商務/數位零售,35000~45000 (period=0),月薪,35000,45000,0,0,傳統無AI,無,0,0,0,0,1. 協助廠商管理及規劃平台線上活動內容，並協助更新、維護及管理，通路行銷活動策劃 2. 協助部門主管處理平台業務相關之公司內部作業 3. 需長期與合作廠商及跨部門溝通，具有良好的溝通能力、細心 4. 電商經驗一年以上尤佳，熟悉Excel樞紐分析、Vlookup 尤佳 
10918906,編輯企劃,采實文化事業股份有限公司,雙北,台北市,台北市中山區,行銷/企劃/專案管理,其他服務/工商貿易,33000~38000 (period=0),月薪,33000,38000,0,0,傳統無AI,無,0,0,0,0,．具2年以上編輯經驗，熟悉編輯流程。 ．負責主題開發、審書、整稿等編輯工作。 ．具備基本行銷能力。 ．認真負責，具抗壓性、擅溝通、時間管理佳。 
15241458,網頁工讀生,聖安法律事務所,雙北,台北市,台北市中山區,行銷/企劃/專案管理,其他服務/工商貿易,250~350 (period=0),時薪折算,40000,56000,0,0,傳統無AI,無,0,0,0,0,了解Wordpress與Google Ads 對法律有興趣者佳
15401502,【外商醫療資訊公司 - 一個月約聘】Commercial Operations 商務營運專員,藝珂人事顧問股份有限公司,雙北,台北市,台北市大安區,行銷/企劃/專案管理,生技/醫療保健,37000~45000 (period=0),月薪,37000,45000,0,0,傳統無AI,無,0,0,0,0,【職缺介紹】 知名外商醫療資訊與醫療傳播服務公司，長期深耕亞太醫療市場，提供醫藥資訊、醫學傳播、活動管理及數位行銷等多元服務。  服務對象涵蓋藥廠、醫療機構及醫療專業人士，並與亞太不同市場及跨國團隊密切合作，提供專業且多元的醫療產業解決方案。  【工作內容】 。專案訂單及異動資料輸入系統並維護資料正確性 。維護業務合約及相關文件 。開立發票、追蹤應收帳款及處理基本財務問題 。協助每月結帳及營收報表作業 。其他主管交辦事項
14744661,會員市場發展顧問｜組織經營／業績推動,貝里斯商美麗樂生技股份有限公司台灣分公司,雙北,台北市,台北市內湖區,行銷/企劃/專案管理,生技/醫療保健,40000~58000 (period=2),月薪,40000,58000,0,0,傳統無AI,無,0,0,0,0,**本公司雖為傳直銷產業，但禁止員工成為直銷商。**  我們正在尋找對人群充滿熱情、具備領導力與活動規劃能力的業務人才，成為我們推動會員發展與營業成長的關鍵夥伴！  ▌ 工作內容   一、會員市場經營與業績推動  負責北區會員市場經營，定期掌握會員組織發展、活動度、訂購與業績狀況，主動發現市場問題及成長機會，提出具體改善與推動方案。  二、會員與組織發展  與會員及市場領導人保持互動，了解其經營需求，協助會員進行新人啟動、組織發展、團隊經營與市場拓展，提升會員持續經營及發展能力。  三、營業目標推動  依公司及北區業務目標，規劃會員活化、新人發展、產品推廣及業績成長方案，並持續追蹤成果，而非僅
14900546,Medical Devices Project Manager 醫療器材 專案經理 LS_662,藝珂人事顧問股份有限公司,雙北,台北市,台北市信義區,行銷/企劃/專案管理,生技/醫療保健,1500000~9999999 (period=0),年薪折算,111111,740741,0,0,傳統無AI,無,0,0,0,0,• 主導醫療器材委託開發與製造（CDMO）專案的全流程管理，涵蓋產品設計開發、試產、量產與品質驗證階段。 • 與國內外客戶協調專案進度，釐清技術需求與產品規格，確保符合醫療器材法規及品質管理系統要求（如 ISO 13485、FDA QSR）。 • 結合研發、製造、品質與法規等跨部門資源，推動專案時程與成本控制，確保交期與品質達成。 • 監控產品開發文件與技術轉移流程，確保設計檔案（DHF）、製造記錄（DMR/DHR）完整性。 • 參與供應鏈與製造端審查，評估生產可行性及風險，制定問題改善與驗證方案。 • 協助客戶產品認證、變更申請及技術支援，維持長期合作關係。
15394640,10/11-10/17台灣國際智慧能源週-巡場人員(NK1)* 短期 打工  南港*,人才天下有限公司,雙北,台北市,台北市南港區,行銷/企劃/專案管理,廣告行銷/公關顧問,196~200 (period=0),時薪折算,31360,32000,0,0,傳統無AI,無,0,0,0,0,活動名稱：10/11-10/17台灣國際智慧能源週-巡場人員(NK1) 活動時間：        10/11   14:00-18:00 職訓 10/12   07:00-17:00 10/13   07:00-17:00 10/14   08:00-17:00 10/15   09:00-17:00 10/16   09:00-18:00 10/17   07:00-16:00 (排班制，用餐30分鐘不計薪供餐；活動時間及崗位依照現場為主) 工作內容：巡視展場攤位有無違規勸導、發問券填寫等 活動地點：南港展覽館一館（115台北市南港區經貿二路一號） 活動服裝：黑色正式服裝(白色襯衫+黑褲+黑
15400541,【UberEats｜Retail Operations Specialist｜零售營運專員】_MY,康彼斯顧問股份有限公司,雙北,台北市,台北市信義區,行銷/企劃/專案管理,電子商務/數位零售,55000~9999999 (period=0),月薪,55000,55000,0,0,傳統無AI,無,0,1,0,1,【職位介紹】 此職位將透過數據驅動營運卓越，負責團隊核心儀表板與報表的管理與維護，建立自動化監控機制，並優化成本分析、對帳等關鍵營運流程。  將與 Product、Engineering、Finance 及 Commercial 等跨部門團隊密切合作，將數據轉化為具體行動，持續提升平台的品質、穩定性與營運效率。  【工作內容】 1.負責維護團隊核心營運儀表板及報表，提供數據洞察，支援業務決策與績效追蹤。 2.運用 SQL 與 Google Sheets 進行臨時性數據分析，找出趨勢、監控關鍵指標，並支援各項業務需求。 3.運用 Python、Apps Script 及 AI 工具進行工作流程自
12972275,Amazon營運專員,傑新科技股份有限公司,雙北,台北市,台北市內湖區,行銷/企劃/專案管理,電子商務/數位零售,45000~9999999 (period=3),月薪,45000,45000,0,0,傳統無AI,無,0,0,0,0,1. 負責Amazon商品上架及優化商品頁面資訊 2. 媒體關係維護與產品送測 3. Amazon庫存管理及帳務處理 4. 維護電商客戶滿意度服務 5. 主管交辦事項
13623848,Administrative & CTM Executive 行政及客戶專案執行,新加坡商星沃恪股份有限公司台灣分公司,雙北,台北市,台北市南港區,行銷/企劃/專案管理,電子商務/數位零售,35000~40000 (period=2),月薪,35000,40000,0,0,傳統無AI,無,0,0,0,0,"Job Purposes - To provide administrative, organising and co-ordinating functions to uphold company obligations, commitments and deadlines. - To book and source for new event sites to be used by marketing offices. - To negotiate new collaborative deals and rates with preferential sites for more cost "
13484524,商品專員 / 商品助理,Rookie_台灣永興東潤服飾有限公司,雙北,台北市,台北市松山區,行銷/企劃/專案管理,電子商務/數位零售,面議,面議,,,1,0,傳統無AI,無,0,0,0,0,我們需要對嬰幼兒運動商品具熱忱的您加入 !   有經驗者佳，無經驗者我們願意培養  重點工作事項：  1. 商品採購：協助主管做各季商品採購，包含預算規劃及商品組成建議。  2. 庫存管理：針對各季商品進行控管，包含進、銷、存及銷售迴轉檢視。  3. 活動規劃：針對百貨重點季節，規畫適合節氣商品組合，協助銷售提升。  4. 零售數據追蹤並掌握各項零售KPI，提出有效改善建議及報告製作。  5. 其他跨部門配合及各類文書報表製作及資料處理。 
13622726,【鼎立房屋-租賃業務】高專最高65%/無經驗可/快速上手,鼎立房屋有限公司,雙北,台北市,台北市中山區,行銷/企劃/專案管理,文教/補教培訓,面議,面議,,,1,0,傳統無AI,無,0,0,0,0,【鼎立房屋】擴大徵才中!!!挑戰比上班族高出幾倍的薪水！  鼎立房屋，這是一家年輕有活力的公司，我們跟這個時代一樣，不斷地在精進自己，完善自己，跟上時代的腳步，有別以往枯燥的氛圍，我們可以很活躍，我們也可以很認真。 但我們不做白日夢，每天競競業業的做好分內的事情，我們不畫大餅，因為從小被畫大了 主管人很好，會手把手帶人，我們有紀律、認真、負責。  在這裡，杜絕傳統官僚體系。 在這裡，每一位新進人員都能受到良好的職業教育訓練(老闆本身業務從事20年培訓過無數優秀菁英業務)。 在這裡，***我們願意手把手帶你***，只要你願意伸出你的手，跟著團隊一起前進，無經驗也能透過系統，簡單快速上手! 比其他
15148831,行銷經理 (月薪制/非承攬),統一集團_統超保險經紀人股份有限公司,雙北,台北市,台北市松山區,行銷/企劃/專案管理,文教/補教培訓,面議,面議,,,1,0,傳統無AI,無,0,0,0,1,1、對外洽談保險商品引進及行銷資源取得 2、對內進行銷售激勵規劃及商品推廣，並執行業務單位教育訓練 3、支援公司業務與行銷活動 4、網路投保新廠商及新商品系統串接、測試；即有商品維護 5、網路投保行銷推廣、文宣製作、客戶服務 6、官網及Line官方帳號維護與宣傳 7、其他主管交辦事項
14191007,Market Access & Public Affairs Manager，需提供英文履歷,新加坡商施維雅股份有限公司台灣分公司,雙北,台北市,台北市中山區,行銷/企劃/專案管理,資訊科技/軟體網路,面議,面議,,,1,0,傳統無AI,無,0,1,0,0,Product pricing and reimbursement -	Support New Product Planning activities of the new product launch  Develop and execute market access strategies to influence and accelerate favorable pricing and reimbursement decisions for key brands and new launch products -	Ensure timely delivery of high-qualit
8987435,【A11】漫畫小說 文字編輯,青文出版社股份有限公司,雙北,台北市,台北市大同區,行銷/企劃/專案管理,資訊科技/軟體網路,30000~35000 (period=4),月薪,30000,35000,0,0,傳統無AI,無,0,1,0,0,必要條件: ※ 具日文檢定2級以上者尤佳。 ※ 中文通順，文字能力卓越。  加分條件: ※ 熟悉Indesign、Photoshop等軟體之操作。   主要工作: 1. 負責文字潤飾、校對、In Design入字排版。 2. 掌控編務流程，符合公司出書進度。 3. 負責選書提案，並撰寫行銷宣傳文案。 4. 處理相關文書工作。 5. 執行主管交辧事項，並配合因個人資歷或績效進行的工作調整。  
11063089,特別助理 Special Assistant,夢想動畫股份有限公司,雙北,台北市,台北市內湖區,行銷/企劃/專案管理,廣告行銷/公關顧問,35000~45000 (period=0),月薪,35000,45000,0,0,傳統無AI,無,0,0,0,0,鑑於夢想越長越大，夢想需要一位善良 / 有控制慾 / 有企劃力 / 有條理的夥伴擔任特別助理。這個職位的夥伴需要協助主管資料籌備、簡報製作，以及安排會議行程。  工作內容 ❚ 主管工作時程管理與會議安排 ❚ 處理主管相關行政事務 ❚ 會議資料統整 ❚ 簡報製作 (包含文字與圖像製作) ❚ 其他主管交辦事項  必要條件 ❚ 有特助或管理相關工作經驗 ❚ 擅長溝通協調與團隊合作 ❚ 熱愛工作，追求進步，自我要求高，有責任感，態度積極 ❚ 不害怕解決麻煩事 ❚ 需熟悉軟體 Photoshop、PowerPoint  加分條件 ❚ 動畫產業工作經驗、動畫相關科系畢業 ❚ 對事物整潔有強迫症，熱愛對齊 
13974848,紀州庵文學森林 _書店企劃,財團法人台灣文學發展基金會市定古蹟紀州庵及新館營運管理處,雙北,台北市,台北市中正區,行銷/企劃/專案管理,其他服務/工商貿易,32000~35000 (period=3),月薪,32000,35000,0,0,傳統無AI,無,0,0,0,0,紀州庵森林書店成立於101年，從小小的店舖開始，如今已有近兩萬冊文學選書及具有臺灣特色的文創品在店販售。為了提供更好的讀者體驗及文學氛圍，以擁有閱讀、展覽、飲食等複合式概念來經營這家書店。「文學」是我們的基礎、是我們的根，未來的發展也以此為本，持續推廣文學、深耕閱讀。  本工作負責紀州庵文學森林營業空間的書店營運，主要工作包含書籍、文創品及餐點之銷售等，有志於經營文創複合空間者為優先錄取，工作期間負責各項工作內容如下：  一、現場管理 1.	營業店面日常維護 2.	書店工作人員（含兼職）的工作協調與指導管理 3.	顧客及會員服務 二、銷售與企劃 1.     書籍與文創品規劃、銷售、推廣與管理
15397314,Work Life Balance!!【知名大型量販龍頭】後勤類系統專案經理_AMR_863,藝珂人事顧問股份有限公司,雙北,台北市,台北市北投區,行銷/企劃/專案管理,生技/醫療保健,40000~70000 (period=3),月薪,40000,70000,0,0,傳統無AI,無,0,0,0,1,【職務亮點】 1.大型零售通路企業 IT 團隊職缺，直接隸屬 IT 部門，負責企業核心應用系統 2.主要負責商品、採購、庫存、物流等後勤系統，深入了解大型零售企業的 IT 應用 3.不需自行撰寫程式，主要負責需求分析、系統維運、專案管理及跨部門協調 4.系統開發及維護多由外部合作廠商執行，PM 將扮演企業端 Application Owner角色 5.工作環境穩定，不需常態性加班，具備良好的 Work-Life Balance 6.完整福利制度，提供年終及績效獎金、三節福利、員旅公假及免費健康檢查  【職務說明】 1.負責後勤類應用系統之日常管理、維運及問題追蹤，確保系統穩定運作 2.了解商品
11149683,專案經理 Project Manager,英屬開曼群島商萬里雲互聯股份有限公司台灣分公司,雙北,台北市,台北市信義區,行銷/企劃/專案管理,資訊科技/軟體網路,面議,面議,,,1,0,傳統無AI,無,0,1,0,0,我們正在尋找具有 5 年以上專案管理經驗的 Project Manager，負責 Cloud / AI / Data / Infrastructure / Security 等科技專案的交付管理。 PM 將負責專案從正式啟動至結案的 End-to-End Delivery，並與 Sales、Solution Architect、Engineer 及客戶端 Stakeholder 跨團隊合作。 我們希望尋找的是能夠獨立帶領專案、主動發現問題並推動問題解決的 PM。  【工作內容】 ◎ 負責專案從 Initiation、Planning、Execution、Monitoring 到 Closure
12722155,門市-服飾銷售(高底薪+高獎金),嫚鎂新創網路工作室,雙北,台北市,台北市大安區,行銷/企劃/專案管理,電子商務/數位零售,38000~44000 (period=0),月薪,38000,44000,0,0,傳統無AI,無,0,0,0,0,能力需求  1.具備女裝銷售能力 2.有流利對答與應對能力 3.活潑、熱誠、負責 4.能夠穿著商品拍攝產品照片 5.服飾穿著搭配具有美感  工作內容  1.接待推銷客戶，提供建議給顧客，協助顧客選擇。 2.能夠處理店內銷售流程相關事務。 3.負責商品陳列及促銷品換檔工作。 4.其餘助益銷售之工作內容。  待遇  薪水之外還會有團體業績獎金與達標個人績效『高額』獎金
13336646,統一超商iOPEN mall商城後勤支援專員,統一超商股份有限公司,雙北,台北市,台北市內湖區,行銷/企劃/專案管理,電子商務/數位零售,37770~52000 (period=0),月薪,37770,52000,0,0,傳統無AI,無,0,0,0,0,1.線上購物電商平台系統開發、管理及整合之專案管理(PM)工作。 2.需求訪談、規格制定與跨部門溝通協調。 3.專案時程規劃、控管與追蹤。 4.平台運行管理監控(含平台效能監控，掌握重大活動時間並即時回報)。 5.User Help Desk (UHD) 服務台建置與管理(含支援流程、SLA追蹤)。 6.平台系統功能說明暨規範、SOP建立。 7.廠商暨合約管理。 8.客服部門系統操作問題排除與技術支援。
15383392,平台推廣營運專員 Platform Growth Specialist,欣華通運股份有限公司,雙北,台北市,台北市內湖區,行銷/企劃/專案管理,文教/補教培訓,650000~9999999 (period=0),年薪折算,48148,740741,0,0,傳統無AI,無,0,0,0,0,【工作內容】 1. 落實與優化平台現場營運模式  2. 建立與優化夥伴教育訓練模式 3. 透過線上、線下渠道向夥伴推廣本平台，提升平台active夥伴人數 4. 夥伴體驗反饋與跨單位溝通 5. 搜集客戶端操作與使用意見向工程團隊提出優化方案  【條件要求】 1. 對物流/派件經營佳 2. 熱愛與人接觸  3. 文字表達清晰、有親和力 4. 熟悉 LINE 與主流社群平台，能操作基本圖文 5. 有條理、能將問題追蹤到結案 
15094621,(歡迎新鮮人!) 蝦皮大學 - 活動企劃專員,新加坡商蝦皮娛樂電商有限公司台灣分公司,雙北,台北市,台北市信義區,行銷/企劃/專案管理,電子商務/數位零售,36000~9999999 (period=2),月薪,36000,36000,0,0,傳統無AI,無,0,1,0,0,【工作內容】 1. 蝦皮大學官方社團經營與管理 2. 深入理解賣家需求與使用情境，系統性蒐集賣家回饋與市場聲量 3. 監測並分析賣家社群聲量與關鍵議題，產出洞察與趨勢分析 4. 整合並協調賣家相關案件處理，推動跨部門問題解決 5. 依據賣家實際回饋，提出制度與功能優化建議，並協助推動落地 6. 作為賣家與內部團隊之溝通橋樑，對齊需求與執行方向 7. 規劃並執行賣家溝通與互動活動，強化賣家關係與信任度  【工作能力需求】 主動積極，有責任感，溝通能力與學習態度佳，不怕與人互動 可處理基本文書相關事務，具備基礎 Office文書能力 英文（聽、讀、寫 普通 /說 一般 ） 
15113055,專案經理(PJM),亞元科技股份有限公司,雙北,台北市,台北市大安區,行銷/企劃/專案管理,資訊科技/軟體網路,面議,面議,,,1,0,傳統無AI,無,0,0,0,0,1.跟業務端確認客戶所需之產品/樣品 2.專案排程，安排工廠各階段之製作時間 3.追蹤與管控產品進度 4.專案產品之品質管理 5.其他主管交辦事項
14427703,行銷設計專員,先聲數位服務有限公司,雙北,台北市,台北市中山區,行銷/企劃/專案管理,電子商務/數位零售,33000~35000 (period=0),月薪,33000,35000,0,0,傳統無AI,無,0,0,0,0,1.負責 PChome、momo 等電商平台廣告投放操作、成效追蹤與數據分析。 2.規劃品牌行銷活動與檔期企劃，協助活動執行與成效優化。 3.製作社群平台圖文內容，包含貼文設計、素材排程與日常社群經營。 4.負責商品主圖、Banner、商品詳情頁等電商視覺設計與版面規劃。 5.執行各類數位行銷設計輸出，包含 EDM、廣告素材與活動視覺。 6.與內部團隊及品牌窗口協作，確保專案進度與品牌視覺一致性。  加分條件： 1.具電商平台操作或廣告投放經驗者佳。 2.對社群行銷、品牌經營與視覺美感具高度敏銳度。 3.具備良好溝通能力與獨立作業能力。 
15265701,微風慈善基金會_行政助理,微風廣場實業股份有限公司,雙北,台北市,台北市信義區,行銷/企劃/專案管理,其他服務/工商貿易,35000~9999999 (period=0),月薪,35000,35000,0,0,傳統無AI,無,0,0,0,0,1.協助基金會年度工作專案執行。 2.官網/信箱/FB/IG運作及維繫。 3.例行行政業務處理。 4.主管交辦事項。 5.上班時間：周一到週五09:00~18:00或09:30~18:30 (此為約聘，依表現可轉正。)
15329438,外勤助理,超急資訊股份有限公司,雙北,台北市,台北市中正區,行銷/企劃/專案管理,資訊科技/軟體網路,40000~50000 (period=0),月薪,40000,50000,0,0,傳統無AI,無,0,0,0,0,本職位為創辦人的外勤助理，將深度參與公司早期營運與決策執行，是一個高強度、快速成長的角色。  1. 高比例外勤與實地執行：需長時間於外部場域進行任務推進，包含現場協調與資源整合，需搬運設備和處理外勤實務性工作，不適合偏好純內勤或文書型工作者  2. 高度重視執行效率：工作節奏快，任務切換頻繁，需具備強烈時間意識與即時解決問題的能力  3. 基礎行政與文書處理：包含資料整理與日常行政支援  4. 跨領域、多元任務：工作內容橫跨營運、專案與臨時任務，不適合僅希望專注單一職能者  5. 預備管理職培養：此職位為未來管理職儲備，需具備承擔責任與帶領團隊的企圖心
15365762,【派遣至外商FMCG|一年期】行銷部助理_歡迎新鮮人_無經驗可_201C,萬寶華企業管理顧問股份有限公司,雙北,台北市,台北市大安區,行銷/企劃/專案管理,傳統製造/精密工業,36000~42000 (period=0),月薪,36000,42000,0,0,傳統無AI,無,0,1,0,0,"*本職缺為派遣職, 無法接受者請勿投遞!!!!!  【工作內容】 1. 行銷行政與文書支援 • 協助整理、更新及維護行銷相關文件與電子檔案 •  Excel / PowerPoint 資料整理、建檔及基本報表更新 • 協助文件歸檔、資料彙整及內部系統資料維護 • 協助建立 Purchase Order（PO）、整理採購相關文件及追蹤流程 • 建助建立內部新品SAP code貨號，及新品加工、變包相關流程 • 協助發票、請款文件整理及相關行政作業 2. 行銷專案支援 • 協助 Marketing Team 進行行銷活動、品牌專案及新品上市相關行政工作 • 協助整理產品圖片、包裝檔案、POSM及其"
15397827,專案企劃師,關網資訊股份有限公司,雙北,台北市,台北市松山區,行銷/企劃/專案管理,資訊科技/軟體網路,42000~55000 (period=0),月薪,42000,55000,0,0,傳統無AI,無,0,0,0,0,我們正在尋找具備敏銳商業思維與卓越執行力的跨部門專案夥伴！您將負責統籌核心業務之政府文件撰寫、行銷企劃執行與跨團隊資源整合，在確保業務穩健合規營運的同時，支援市場拓展。如果您熱衷於解決問題、能精準協調資源並以擴大市場覆蓋率為目標，歡迎加入我們，與優秀團隊一同打造高效且具影響力的業務體系！   【職務內容】 1.   政府機關文件撰寫：代表公司與金管會、數發部、財政部、經濟部等政府機關往來，撰寫申請書、備查文件與函覆，確保業務合規推進。 2.   行銷企劃執行：圍繞公司核心策略，製作各行業別的業務工具包、行銷素材與推廣活動，支援業務團隊開發中小企業客戶。 3.  專案協調執行：精準掌握跨部門進度
15090295,國立臺北教育大學 國際事務處 國際生留台就業輔導計畫人員,國立臺北教育大學,雙北,台北市,台北市大安區,行銷/企劃/專案管理,文教/補教培訓,36300~41500 (period=0),月薪,36300,41500,0,0,傳統無AI,無,0,0,0,0,"大專校院國際生留臺就業輔導專業化計畫聘用專案人員 詳見本校首頁徵人公告 https://www.ntue.edu.tw/p/406-1000-57379,r495.php?Lang=zh-tw"
15380040,Product Manager - Autonomous Systems,凌霄航太股份有限公司,雙北,台北市,台北市信義區,行銷/企劃/專案管理,傳統製造/精密工業,1200000~9999999 (period=7),年薪折算,88889,740741,0,0,傳統無AI,無,0,1,0,0,【職位說明】 我們正在尋找一位具有重大影響力的產品經理，負責主導下一代自主系統軟硬體解決方案的全生命週期管理。您將作為連結客戶需求、系統工程、硬體製造與全球商業策略的橋樑，推動產品從早期概念構思、新產品導入（NPI）到最終上市及市場應用的整個過程。  【核心職責】 1. 定義自主系統軟硬體平台的端到端產品願景、詳細的產品需求文件（PRD）以及策略性     功能優先順序 2. 將市場趨勢、現場使用遙測資料及客戶痛點轉換為清晰且可執行的開發需求 3. 在 NPI（新產品導入）的各個關鍵節點，推動系統、韌體、硬體工程、供應鏈及營運等     跨職能團隊的協同一致 4. 管控專案進度、預算分配、建置
15394504,Network Planning & Operation Coordinator,台灣海洋網聯船務代理股份有限公司,雙北,台北市,台北市中山區,行銷/企劃/專案管理,其他服務/工商貿易,面議,面議,,,1,0,傳統無AI,無,0,0,0,0," At Ocean Network Express (ONE), we want to build an engaged and sustainable workforce to meet our growth ambitions and business plans. We firmly believe in developing and growing our internal talents while attracting external professionals who are keen to develop their career in maritime.  ONE Care"
14422146,專員(食品相關)/碩士/歡迎應屆畢業,財團法人台灣食品產業策進會,雙北,台北市,台北市大安區,行銷/企劃/專案管理,其他服務/工商貿易,40000~60000 (period=0),月薪,40000,60000,0,0,傳統無AI,無,0,0,0,0,1.執行食品相關之政府專案計畫。 2.其他業務交辦事項。 
15243738,Taiwan Brand & Marketing Intern,嵐舒台灣有限公司,雙北,台北市,台北市內湖區,行銷/企劃/專案管理,其他服務/工商貿易,210~210 (period=0),時薪折算,33600,33600,0,0,傳統無AI,無,0,0,0,0,"Location: Taiwan Neihu Office (100% On-site / No Remote Work)  Type: Internship (3 days per week, minimum 6-month contract)  Preferred Start Date: Oct 2026  Key Responsibilities: - Coordinate and execute logistics behind brand events, consumer campaigns, and 360-degree activations - Support Taiwan B"
14709355,機器人軟硬體工程師,元照智能股份有限公司,雙北,台北市,台北市中山區,行銷/企劃/專案管理,資訊科技/軟體網路,面議,面議,,,1,0,傳統無AI,無,0,0,0,0,1. 機器人軟硬體整合開發。 2. 機器人AI加值。 3. 回覆客戶應用技術的問題，提供產品技術諮詢。 4. 提供客戶技術服務，必要時外勤至客戶處安裝、檢修儀器設備。 5. 進行例行性售後服務（如：客戶拜訪、產品狀況了解及客訴處理）。  
15402494,企劃_品牌公關人員,中國信託綜合證券股份有限公司,雙北,台北市,台北市南港區,行銷/企劃/專案管理,廣告行銷/公關顧問,面議,面議,,,1,0,傳統無AI,無,0,0,0,0,1.負責公司ESG策略規劃及活動執行 2.主導ESG活動專案，整合公司ESG資源以強化ESG影響力 3.協調公司ESG小組之推動，提升公司ESG文化及水準 4.具金融業及ESG相關經驗者尤佳  
15245451,專案管理專員【營運管理部】,雲豹能源科技股份有限公司,雙北,台北市,台北市內湖區,行銷/企劃/專案管理,資訊科技/軟體網路,35000~45000 (period=0),月薪,35000,45000,0,0,傳統無AI,無,0,0,0,0,1.再生能源專案工作執行、進度追蹤、預算管理及相關報告。  2.太陽光電許認可申設文件及公部門溝通協調。  3.營運期案場管理、追蹤及分析案場營運績效及預算管理。  4.案場管理流程及管控表優化。  5.完成主管交辦事項。
15315984,行政媒體專員,台北市藥師公會,雙北,台北市,台北市中山區,行銷/企劃/專案管理,其他服務/工商貿易,38000~60000 (period=0),月薪,38000,60000,0,0,傳統無AI,無,0,0,0,0,1撰寫新聞稿、談參與各類聲明稿 2協助媒體採訪與報導，建立正向合作關係 3規劃、執行記者會、講座等活動 4媒體監測及危機處理 5公會短影音腳本規劃 6其他主管交辦事項
15071407,【MARS 戰神】行銷專案經理｜營養品事業,MARS戰神_創欣實業有限公司,雙北,台北市,台北市信義區,行銷/企劃/專案管理,生技/醫療保健,面議,面議,,,1,0,傳統無AI,無,0,0,0,1,誰說好喝到不行的 MARS/GAIA 只能在健身房飲用？ 我們正在打破「運動才喝乳清」的刻板印象，將 MARS/GAIA 進化為大眾生活中的美味日常。 我們有滿滿的創意與市場聲量，現在需要一位 最強操盤手！ 如果您擅長將天馬行空的行銷點子，轉化為精密可執行的專案進度 如果您是創意與執行端的翻譯官，能搞定外部廣告商、KOL，也能協調內部設計與影音團隊 歡迎您成為我們的夥伴，用您的專案管理專業，跟我們一起把「營養補充」變成最潮的 Lifestyle！  【 您將負責的核心任務 】  ▶ 市場洞察與競品分析： 知己知彼，才能百戰百勝。您需要定期監測競品動態（新品上市、促銷、社群操作），分析市場趨勢與
15339974,外商筆電品牌大廠/  Global Supply Management <派遣職> 105KF,萬寶華企業管理顧問股份有限公司,雙北,台北市,台北市南港區,行銷/企劃/專案管理,其他服務/工商貿易,面議,面議,,,1,0,傳統無AI,無,0,0,0,0,"Key Responsibilities  •	Process Improvement & Tool Development o	Create and maintain Excel-based tools to automate reporting, data analysis, and supplier tracking.                   o	Design and implement advanced Excel-based tools (macros, VBA scripts, dashboards) to automate repetitive tasks and r"
15397706,經理B,宏國關係事業_宏國開發股份有限公司,雙北,台北市,台北市松山區,行銷/企劃/專案管理,其他服務/工商貿易,面議,面議,,,1,0,傳統無AI,無,0,0,0,0,1.熟悉土地開發作業流程度. 2.熟悉都更作業流程. 3.參與或主導過投標公辦都更、聯合開發等業務. 4.熟悉房地產市產行情. 5.具有商業/住宅招商與銷售業務經驗.
15404724,【日商｜網紅行銷工讀生（兼職）】,台灣微告股份有限公司,雙北,台北市,台北市松山區,行銷/企劃/專案管理,廣告行銷/公關顧問,196~196 (period=0),時薪折算,31360,31360,0,0,傳統無AI,無,0,0,0,0,"我們正在尋找一位熱愛社群媒體、對 KOL/YouTuber/Threads 趨勢瞭如指掌的夥伴！你將協助行銷專員完成從「找人、談案到結案」的完整流程。這是協助你進入數位行銷領域、累積實戰經驗的絕佳機會！  【工作內容】          •       名單開發與篩選：根據品牌需求，在 Instagram, YouTube, Threads, Facebook 等平台發掘具潛力的 KOL/KOC          •       聯繫與洽談：協助發送邀約信件、私訊，並追蹤回覆進度          •       進度管理：確保網紅準時交稿、準時發文          •       內容審核"
15343983,網路口碑行銷專員,偉利科技股份有限公司,雙北,台北市,台北市信義區,行銷/企劃/專案管理,資訊科技/軟體網路,35000~45000 (period=2),月薪,35000,45000,0,0,傳統無AI,無,0,0,0,0,【工作內容】 - 協助執行網路口碑行銷策略及計劃。 - 追蹤Threads、PTT、Dcard、IG趨勢，轉化成可執行的策略提案 - 解讀活動成效，用數據提出優化建議 - 追蹤數據與受眾回饋  【必備條件】 - 具多元文字撰寫能力 - 具備社群相關文章撰寫經驗 - 熟悉網路論壇、社團版規與其文章特質 - 能根據優先級調整目標任務並優化工作方法  【加分條件】 - 有撰寫分析報告、測試紀錄或內部提案經驗 - 論壇重度使用者，熟悉各大論壇生態及網友用語
15385684,【美商亞培關係】Customer Service Specialist(50K–55K月/年薪13個月/歡迎新鮮人)–內湖601Y,萬寶華企業管理顧問股份有限公司,雙北,台北市,台北市內湖區,行銷/企劃/專案管理,生技/醫療保健,40000~55000 (period=2),月薪,40000,55000,0,0,傳統無AI,無,0,1,0,0,"【派遣期間】 2026/10/01-2027/05/31 具備即戰力，略懂SAP介面，想進外商的人才，可以趕緊來挑戰  ✨✨歡迎想進外商的人才投遞履歷✨✨  #️⃣ 國際知名美商品牌 #️⃣保障13個月薪資 #️⃣鄰近文湖線（棕線）港墘站捷運站 #️⃣美商公司環境佳   【工作內容】 	Processing orders (include normal order, consignment order) via phone or mail, email, fax, or EDI, as well as handling and resolving customer inquiries in "
14807584,UGG商品採購專員,三諾股份有限公司,雙北,台北市,台北市中山區,行銷/企劃/專案管理,其他服務/工商貿易,36000~42000 (period=4),月薪,36000,42000,0,0,傳統無AI,無,0,0,0,0,工作內容 •	業績與毛利目標：達成公司業績、庫存及毛利目標。 •	年度/季度採購企劃：規劃年度/季度採購預算，控管執行並規劃商品組合。 •	庫存管理：依據安全庫存量，提出庫存控管與消化方案。 •	商品分析與報表：製作 Model Stock Plan、銷售分析、上市計劃等報表。 •	展示會企劃：展示會商品及商品配套方案規劃。 •	市場與競品分析：掌握通路市場動態，調查競品並提出商品策略建議。 •	國際溝通：與原廠保持密切溝通。  •	流行趨勢蒐集：蒐集流行資訊，定調年度商品主題並規劃商品活動。 •	商品行銷企劃：與行銷同步合作達成商品行銷完整規劃與行銷。 •	主管交辦事項：完成主管交付的任務。
15396280,SFE Manager,臺灣皮耶法柏股份有限公司,雙北,台北市,台北市大同區,行銷/企劃/專案管理,資訊科技/軟體網路,面議,面議,,,1,0,傳統無AI,無,0,0,0,0,"SFE manager will play a critical role in driving business performance by collecting and analyzing data, supporting strategic decision-making, and optimizing sales force effectiveness (SFE). Reporting to the leadership team, this role will ensure alignment between business objectives and operational "
12275160,兼任研究助理,財團法人台灣醫療改革基金會,雙北,台北市,台北市大安區,行銷/企劃/專案管理,生技/醫療保健,210~9999999 (period=2),時薪折算,33600,33600,0,0,傳統無AI,無,0,0,0,0,工作內容： 1. 會內行政文書處理、公文收發及歸檔。 2. 負責總機電話接聽及民眾問題回覆。 3. 進行錄音檔文字輸入系統資料作業。 4. 協助醫療時事、數據資料收集彙整。 5. 負責辦公室環境與支援日常行政庶務工作。 6. 其他會內主責人員交辦事項。  其他說明：本職缺為【兼任】性質。 1. 工作時段：週一至週五09:00~18:00 (12:00~13:00為休息時間)。                      * 每週上班2-3天，以時薪計算 (時段任選固定)。 2. 法定保障：勞保、勞退、健保。 3. 正式上班日期：接到錄取通知後，依雙方約定日開始。
15298231,展覽企劃組長,財團法人富邦人壽美術館基金會,雙北,台北市,台北市信義區,行銷/企劃/專案管理,文教/補教培訓,面議,面議,,,1,0,傳統無AI,無,0,0,1,0,工作內容 -	統籌國內外展覽專案之規劃、執行、進度控管與跨部門協調。 -	管理展覽預算、時程、人力配置及各項執行風險。 -	與藝術家、策展人、收藏家、博物館及國際借展機構進行聯繫與協商。 -	負責借展合約、合作協議、圖像授權、保險及相關行政文件之審閱與執行。 -	統籌及監督作品包裝、國際運輸、報關、保險、押運、進退場及佈卸展作業。 -	統籌展場施工、空間配置、燈光、展示設備、作品安全及環境條件管理。 -	監督及協調展覽文字、作品標示、圖錄、教育推廣及宣傳素材之製作與審核。 -	帶領展覽團隊，分配工作、追蹤執行進度，並建立標準作業流程。 -	與美術館各部門合作，確保展覽整體品質。 -	處理展覽期
13480610,場館管理專員,財團法人臺北市會展產業發展基金會,雙北,台北市,台北市中山區,行銷/企劃/專案管理,其他服務/工商貿易,34513~37031 (period=2),月薪,34513,37031,0,0,傳統無AI,無,0,0,0,0,(1)展覽單位現場場勘說明與協調問題處理。 (2)辦理各展覽活動進場前技術協調會及進撤場期間現場問題協調處理。 (3)巡檢各場館現場狀況。 (4)市長信箱及1999信件回覆。 (5)配合展覽活動時間輪值早晚班。 (6)主管交辦事項。
14984766,數位商圈專員/資專,中華民國資訊軟體服務商業同業公會,雙北,台北市,台北市中山區,行銷/企劃/專案管理,資訊科技/軟體網路,40000~48000 (period=0),月薪,40000,48000,0,0,傳統無AI,無,0,0,0,0,我們正在尋找一起推動商圈 AI 轉型的夥伴  我們正在執行【經濟部商業發展署】相關計畫，協助臺灣商圈推動數位轉型與 AI 應用導入。這份工作會從了解商圈與店家需求、培育 AI 應用人才，到推動商圈店家運用合適的 AI 工具，陪伴商圈店家升營運效率與競爭力。 如果你對 AI 應用、數位轉型、政府計畫推動有興趣，這會是一個能接觸產業現場、累積專案管理經驗，也能參與政策落地的工作機會。  你會參與的工作： 1. 政府計畫專案執行與進度管理 　協助規劃、追蹤與管理專案執行進度，確保各階段工作項目、績效指標與成果如期完成。 2. 商圈與合作夥伴溝通協調 　與商圈、合作夥伴及相關單位保持良好溝通，協助串聯
14799628,內容開發研究員,三采文化股份有限公司,雙北,台北市,台北市內湖區,行銷/企劃/專案管理,其他服務/工商貿易,面議,面議,,,1,0,傳統無AI,無,0,0,0,0,【主要工作內容】 1.作者開發：從內容源頭開始，主動尋找並評估適合出版的作者。 2.內容企劃：了解讀者屬性、提供製作的市場書籍的點子與企劃。 3.包裝設計：對於該產品的市場分析能夠具象化，並提供包裝方向與行銷鉤子。 4.專案推進：執行時保持初心的意志進行跨部門協作，控管進度，確保專案如期完成。 5.簡報表達：能以清晰有說服力的方式，完整呈現企劃與提案。  【加分內容】 1. 對出版或內容產業不陌生。 2. 對個人成長、心理療癒等主題有高度興趣，並樂於探索相關趨勢與讀者需求。 3.對各種新聞時事整握在手並找尋多方看法，產生自己的見解。 
12690394,業務暨專案助理,區塊科技股份有限公司,雙北,台北市,台北市中山區,行銷/企劃/專案管理,文教/補教培訓,38000~45000 (period=0),月薪,38000,45000,0,0,傳統無AI,無,0,0,0,0,"1. 協助公司進行國內外客戶及原廠聯繫 2. 負責國內政府標案備標,、教育訓練及出貨驗收相關後勤支援 3. 支援專案後續執行與所需文件產出 4. 支援其他行政管理庶務  【人才需求】 1.  溝通協調能力好。 2. 細心、有耐心、穩定。 3. 做事有條理且熟悉後能獨立作業。"
15080958,品牌行銷企劃,Sweet & Sour Life_豐豐好股份有限公司,雙北,台北市,台北市大同區,行銷/企劃/專案管理,廣告行銷/公關顧問,面議,面議,,,1,0,傳統無AI,無,0,0,0,0,Sweet & Sour｜品牌行銷企劃  我們正在尋找一位能夠「讓品牌被看見、被討論、被記住」的行銷企劃夥伴。  如果你找的是一個品牌致力在價值與文化的傳遞， 如果你想參的是與一個正在成長、準備放大的餐飲品牌， 歡迎加入 甜酸 Sweet & Sour 。  【工作內容】  -品牌年度行銷策略規劃與執行 -制定年度行銷主軸與品牌成長策略 -建立品牌聲量提升計畫 -年度活動與主題企劃統籌 -策劃節慶活動、聯名合作、會員活動 -從創意發想到現場執行完整落地 -社群與內容行銷經營 -Instagram / Facebook / 短影音內容策略規劃 -品牌故事、活動視覺、文案發想 -媒體與KOL合作規
15288224,國立政治大學企研所(MBA學位學程)徵一級行政專員,國立政治大學_商學院,雙北,台北市,台北市大安區,行銷/企劃/專案管理,文教/補教培訓,42553~9999999 (period=4),月薪,42553,42553,0,0,傳統無AI,無,0,1,0,0,一、資格條件 1.學歷與工作資歷：國內外大學校院畢業後具學士學位，且具3年以上工作經驗；或碩士畢業後，具一年工作資歷，熟悉學校相關行政作業者尤佳。 2.熟悉電腦操作及網際網路使用。 3.具總務、專案規劃與舉辦大型活動等能力。 4.人格特質：擅溝通、協調、細心有耐性、具高度熱忱服務及團隊合作。  二、主要工作項目 1.	學生活動辦理。 2.	學生職涯相關。 3.	校友相關。 4.	總務相關業務。 5.	國際(內)商務研習規劃安排。 6.	網頁管理。 7.	辦公室臨時交辦事項。  三、工作時間 依本校規定上班時間，惟需配合活動調整工作時間。  四、應繳交資料 1.履歷表（請自本校人事室/表格下載/
14949619,Samsung【長期派駐台灣三星電子】客服退換貨,鵬泰顧問有限公司,雙北,台北市,台北市內湖區,行銷/企劃/專案管理,其他服務/工商貿易,面議,面議,,,1,0,傳統無AI,無,0,0,0,0,"1. 不良零件退貨流程處理或維修零件管理具有相關經驗   2. 售後服務零件之需求統計 , 訂單管理 , 訂單追踪 , 庫存管理   3. 具備供應商及通路客戶對應相關經驗  4. 不良零件帳務盤點, 退貨核對, 異常扣款, 預先報廢作業及管理     5. 廠商應付帳款核對, 請款及相關費用管理  6. 管理外包廠商、Samsung 倉庫維修換下的零件，監督報廢的現場管理 "
15371121,♫ 鏡好聽 ♫ Podcast/影音 財經節目製作人,精鏡傳媒股份有限公司,雙北,台北市,台北市內湖區,行銷/企劃/專案管理,其他服務/工商貿易,面議,面議,,,1,0,傳統無AI,無,0,0,0,0,鏡好聽製作一系列與大眾息息相關的Podcast節目，類型橫跨生活飲食、新聞時事 、投資理財、文學書摘等。本次財經類節目擴編，我們希望找到熟悉投資理財議題，並對製作財經節目有興趣的夥伴。  ✦ 工作內容       策畫財經節目內容走向       統籌並執行節目的產製       與主持人、錄音錄影工程、行銷等各相關專業工作者溝通協作       定期收集解讀收聽數據，根據市場反應優化成效
15243484,專案管理,智網通科技股份有限公司,雙北,台北市,台北市大安區,行銷/企劃/專案管理,資訊科技/軟體網路,50000~85000 (period=3),月薪,50000,85000,0,0,傳統無AI,無,0,0,0,1,專案經理 其他專案管理師 1. 執行新專案之資訊軟硬體需求規劃/分析、執行、掌控及結案。 2. 協助各分包資訊廠商推動專案之軟硬體規劃/分析、執行、管理、問題追蹤及解決。 3. 溝通協調跨資訊廠商間整合/API/資料拋轉/資料定義問題。 4. 執行專案各項定期/不定期會議之資料準備、召集、主導、記錄及進度跟催等工作。 5. 客戶溝通處理。 
13455431,助理研究員,財團法人台灣亞洲交流基金會,雙北,台北市,台北市大安區,行銷/企劃/專案管理,其他服務/工商貿易,38000~50000 (period=2),月薪,38000,50000,0,0,傳統無AI,無,0,1,0,0,【臺灣亞洲交流基金會誠徵助理研究員】 臺亞會是臺灣第一個聚焦於東南亞及南亞事務的政策智庫。本職位將協助臺亞會五大計畫下的活動籌辦、專案執行、報告書出版以及相關行政事務，議題涵蓋智庫合作、青年交流、公民社會、文化藝術及區域韌性等多元領域。如果您對國際事務有興趣，具籌辦國際會議的經驗與能力，歡迎加入臺亞會，成為推動台灣對外關係的生力軍！  職務概述  本職位將擔任本會五大旗艦計畫之一之專案承辦人，負責規劃與執行「智庫交流合作」、「亞洲青年領袖」或「公民社會鏈結」、「文化藝術」四大國際專案其中之一，並依計畫分派負責特定主軸工作。具體職責包括但不限於：  1.國際會議與專案籌辦  •規劃並執行不同規模
10549893,產品專員(分子生物),騰達行企業股份有限公司,雙北,台北市,台北市信義區,行銷/企劃/專案管理,生技/醫療保健,面議,面議,,,1,0,傳統無AI,無,0,0,0,0,1.市場趨勢分析、行銷策略規劃與銷售工具製作 2.售前售後客戶技術支援（含產品 Demo、Join-Call、技術諮詢與問題排除） 3.品牌經營管理、國外原廠溝通對接 4.公司團隊教育訓練 5.跨部門專案協作溝通與主管交派事務執行   
14798185,保養品講師,台灣諾奧思有限公司,雙北,台北市,台北市信義區,行銷/企劃/專案管理,電子商務/數位零售,面議,面議,,,1,0,傳統無AI,無,0,0,0,0,我們正在招募 —— 保養品講師  在這裡，您不只是培訓者，而是品牌知識與專業的代言人。 每一場教育，不只是傳遞，而是 啟發團隊、影響市場、連結顧客信任。  1. 工作使命: 規劃並執行教育訓練，讓品牌理念與產品知識被理解、被傳遞 回應產品諮詢與客訴，用專業與同理心維護顧客關係 收集市場聲音，轉化為產品與行銷的成長動能  2. 工作內容: 規劃內訓（客服、行銷、業務），設計外訓（教材、授課） 回覆消費者問題，協助處理重要客訴 整理產品資料，提供簡報與教育素材，支援行銷推廣 收集並分析回饋，定期提出優化建議  3. 我們期待的您: 大學以上學歷，具保養品、美妝、醫美產業經驗佳 2年以上 教育訓練或
14461761,iRent營運專員 (租車部),iRent_和雲行動服務股份有限公司,雙北,台北市,台北市中山區,行銷/企劃/專案管理,其他服務/工商貿易,35000~45000 (period=2),月薪,35000,45000,0,0,傳統無AI,無,0,0,0,0,【工作內容】 1.依據公司營運方向，執行日常營運作業 2.例會報告每月執行成果，追蹤主管交辦事項 3.透過電話聯繫客戶，並線上處理客戶問題  【加分條件】 1.數據分析能力：熟練運用數據分析協助決策，提升工作效益 2.善於溝通協作：具備清晰表達與傾聽能力，能有效協調內外部資源，促進團隊合作與任務推進
14674349,YouBike-台北-企劃專員(專案企劃_擴編)(北),YouBike/捷安特/巨大機械_微笑單車股份有限公司,雙北,台北市,台北市松山區,行銷/企劃/專案管理,傳統製造/精密工業,40000~42000 (period=3),月薪,40000,42000,0,0,傳統無AI,無,0,0,0,0,【職務內容】 1.深入挖掘會員行為數據，發掘潛在商業機會。 2.結合數據及市場趨勢，進行商業策略企劃與提案。 3.協助相關專案執行進度追蹤、跨部門協作、成效數據追蹤與成果檢討。 4.參與服務流程與數據驗證，提出改善建議。 5.主管交辦其他專案相關支援任務。  【我們在尋找什麼樣的夥伴？】 #必要條件 1.具會員數據分析、CRM 營運或數位行銷專案之實戰經驗。 2.精通SQL，能獨立進行跨資料表分析、撈取原始數據與建置會員分群。 3.具備強烈商業洞察力及企劃能力，能將分析結果直接轉換為具體行銷策略或營收增長方案。 4.熟悉至少一種基礎資料分析或視覺化工具（如 Excel 進階樞紐、Google 
15307467,執行企劃（YouTube 頻道 ：單程旅行社）｜影音專案執行與內容轉譯,單程生活有限公司,雙北,台北市,台北市中山區,行銷/企劃/專案管理,廣告行銷/公關顧問,面議,面議,,,1,0,傳統無AI,無,0,0,0,0,1. 影像內容核心企劃： 負責 YouTube 頻道常規節目選題、深度資料蒐集、腳本撰寫與分鏡構思。 將專業且嚴肅的生命議題，轉譯為易於大眾理解、具備情感共鳴的數位內容。 2. 現場執行與資源整合： 負責外拍場地聯繫、來賓邀約溝通、拍攝現場進度控管與行政庶務。 協助影像組確保拍攝流程順暢，並在現場應對各種突發狀況。 3. 內容多平台轉譯： 負責將影音腳本精煉轉化為部落格文章或官方網站資訊更新，延伸內容長尾價值。 4. 跨部門協作： 在扁平化團隊中，需頻繁與影像、設計、社群組溝通，共同優化影片點擊率與視覺表現。 5. 行政支援與其他交辦事務： 協助主管處理專案相關之行政庶務、文件整理與跨部門溝通
15404461,企業合作暨資源發展專員,財團法人雅文兒童聽語文教基金會,雙北,台北市,台北市內湖區,行銷/企劃/專案管理,文教/補教培訓,面議,面議,,,1,0,傳統無AI,無,0,0,0,0,【把你的公關、行銷或專案管理能力，轉化成改變孩子未來的力量】  做過無數品牌專案後，你是否想把自己的專業，投入一份認同且能持續創造改變的事業？ 如果你習慣服務客戶，現在或許是時候經營一份能改變生命的長期夥伴關係。  在雅文基金會，我們相信每個聽損孩子都值得擁有聽見世界、自在溝通的機會。  我們正在尋找具備溝通協調、提案企劃及關係經營能力的夥伴，透過企業合作、資源整合與公益提案，連結更多社會善意，為孩子及家庭創造改變的可能。  如果你已在公關、活動企劃、品牌行銷、客戶服務或業務開發領域累積 3 年以上經驗，期待工作不只是完成專案，更能創造長遠的社會價值，歡迎加入我們。  你將負責 1. 企業合作
14637883,專案管理,永鴻能源科技股份有限公司,雙北,台北市,台北市中山區,行銷/企劃/專案管理,資訊科技/軟體網路,40000~60000 (period=4),月薪,40000,60000,0,0,傳統無AI,無,0,0,0,0,1. 執行需求訪談、規劃介面、流程圖。 2. 專案時程規劃及工作進度掌控。 3. 與產品經理、IT、設計等跨部門專案關係人溝通協調。 4. 專案產品分析、優化企劃提案、專案品質控管。 5. 專案變動及資源安排管理。 6. 執行開發階段各項會議策劃、召集、記錄及進度跟催等工作。  這個職位在公司中是非常重要的，因為他們將負責軟體專案的規劃、執行和監控。隨著數位轉型的浪潮不斷推進，軟體專案管理師的需求也越來越高。此職位有很大的發展前景，可以幫助公司實現業務目標並提高效率。 我們歡迎具有相關經驗和技能的人加入我們的團隊。如果您對這個職位感興趣，請提交您的履歷表和相關證明文件。期待與您共事！
1494055,中文編輯,三民書局股份有限公司,雙北,台北市,台北市中山區,行銷/企劃/專案管理,其他服務/工商貿易,40000~9999999 (period=0),月薪,40000,40000,0,0,傳統無AI,無,0,0,0,0,語文、社科等各種書籍出版。  1.編輯⼯作、進度控管。 2.企劃書籍出版，發想題材、開發作者。 3.構思⾏銷策略，與團隊合作推廣書籍。 
14391717,"【台北】商務發展經理 BD Manager— ""Business Strategy Maestro""",創智動能股份有限公司,雙北,台北市,台北市中正區,行銷/企劃/專案管理,文教/補教培訓,面議,面議,,,1,0,傳統無AI,無,0,0,0,0,【Job Responsibilities】  1.市場拓展與潛在商機發掘    Market expansion and potential business opportunity exploration  2.客戶關係經營與維護   Customer relationship management and maintenance  3.銷售策略規劃與執行   Sales strategy planning and execution  4.業績數據分析與報告   Performance data analysis and reporting  5.團隊管理與培訓   Team manag
15402365,專案計畫人員,社團法人台灣評鑑協會,雙北,台北市,台北市中正區,行銷/企劃/專案管理,文教/補教培訓,36300~9999999 (period=0),月薪,36300,36300,0,0,傳統無AI,無,0,0,0,0,1.學士以上學歷，教育與管理相關科系尤佳。 2.曾擔任相關計畫助理經驗者尤佳。 3.具電腦實務操作能力，熟悉Office作業系統(Word、Excel、PowerPoint等)。 4.個性積極、主動，具獨立作業能力，溝通協調能力良好。 5.其他交辦事項。
14879399,【擴編】海外行銷廣告專員 Cross-Border Marketing Specialist,咖米股份有限公司,雙北,台北市,台北市中正區,行銷/企劃/專案管理,生技/醫療保健,50000~65000 (period=2),月薪,50000,65000,0,0,傳統無AI,無,0,1,0,0,【擴編】海外行銷廣告專員 Cross-Border Marketing Specialist  Kamee 咖米是「智能客製化保健品第一領導品牌」，也是一家結合科技、醫學健康、個人化服務的新世代健康科技公司。  ★ 從數百家跨國企業中脫穎而出，榮獲 HR Asia「亞洲最佳企業雇主獎（Best Companies to Work for in Asia）」及 「亞洲最佳數位賦能獎（Digital Transformation Award）」 ★ 產品品質獲國際肯定，榮獲歐洲 Monde Selection 世界品質評鑑大賞－特金獎  在 Kamee 咖米，我們相信，優秀的人才值得更大的舞台。 
15287781,外商筆電品牌大廠/ Business Operations & Product Cost Analyst <派遣職> 105KF,萬寶華企業管理顧問股份有限公司,雙北,台北市,台北市南港區,行銷/企劃/專案管理,其他服務/工商貿易,面議,面議,,,1,0,傳統無AI,無,0,0,0,0,Experience (3–5 years) in one of multiple areas below •	Manufacturing operations •	Product Data Management (PDM/PLM) •	Cost analysis and reporting •	Value Engineering (VE) / Cost Reduction •	Business systems or data management •	PC product development or New Product Introduction (NPI) •	Demand plann
15392619,【日商樂天】跨境電商營運專員 (OC),台灣樂天市場股份有限公司,雙北,台北市,台北市中山區,行銷/企劃/專案管理,電子商務/數位零售,面議,面議,,,1,0,傳統無AI,無,0,1,1,0,【工作內容】 1. 協助店舖網路開店前置作業。（商品上架、賣場設定檢查、付款配送設定） 2. 後台系統教學，課程教材規劃&更新、教學影片製作。 3. 商品翻譯資料統整、商材審查協助、商品頁標題、圖文內容優化。 4. 賣場新品曝光排程規劃，協助邀約、商品入稿與賣場設定。  【基本職能】 1. 具 1 年以上客服、電商平台（商城、拍賣）管理實作經驗。 2. 熟悉 Office 操作（Word、Excel、PowerPoint）。 3. 會使用美編軟體、AI 工具處理圖片經驗者。 4. 日文 JLPT N2（或相當）以上之證照。  【加分條件】 1. 細心、富耐心、重視細節，可獨立作業、喜歡與人交談
15023730,GQ 整合行銷編輯,康泰納仕時尚網有限公司,雙北,台北市,台北市信義區,行銷/企劃/專案管理,廣告行銷/公關顧問,面議,面議,,,1,0,傳統無AI,無,0,0,0,0,工作內容： 1.獨立規劃專案策略、提案，並執行和控管其專案。 2.熟悉車、錶和 Lifestyle 相關產業動態，善於從流行用語中找尋切入點並運用於文案撰寫中。 3.名人、KOL等邀約洽談，協助執行相關拍攝事宜。 4.影音專案企劃，包含影音大綱，腳本撰寫、執行操作。 5.掌握並理解網路數據分析和成效。  相關條件： 1.熟悉網路社群等相關平台和 Martech 工具，需具備網路數據理解和分析能力。 2.具備專案管理經驗和能力。 3.具備編輯思維尤佳。
13568475,VTuber 營運經紀人,魔競娛樂股份有限公司,雙北,台北市,台北市內湖區,行銷/企劃/專案管理,廣告行銷/公關顧問,35000~40000 (period=2),月薪,35000,40000,0,0,傳統無AI,無,0,0,0,0,◆能力需求 1. 注重工作細節，具備主動學習態度與問題解決能力。 2. 了解 VTuber 或直播內容產業之文化、生態與內容型態。 3. 具備內容企劃發想能力，能規劃並推動內容或活動專案執行。 4. 具備專案管理能力，能獨立追蹤專案進度並進行時間與資源安排。 5. 具備良好的溝通與協調能力，能與藝人及團隊合作推動專案執行。 6. 具備市場觀察與問題分析能力，能從內容表現、社群回饋或突發狀況中提出調整與解決方案。  ◆工作內容 1. 規劃並執行 VTuber 內容、活動與合作專案，與藝人共同規劃內容方向，提升內容品質與整體影響力。 2. 追蹤專案與合作案件進度，協調相關資源並確保各項企劃順利執行
4239349,【站前教室】高中儲備總導師,台北市私立明明文理短期補習班,雙北,台北市,台北市中正區,行銷/企劃/專案管理,文教/補教培訓,37000~40000 (period=0),月薪,37000,40000,0,0,傳統無AI,無,0,0,0,0,對補教業有興趣或同業換跑道，具行銷管理及執行力，願挑戰高薪。
14968016,【@cosme】美妝知識庫產品營運(Beauty Knowledge Base Product Ops) ,艾思網絡股份有限公司,雙北,台北市,台北市中正區,行銷/企劃/專案管理,資訊科技/軟體網路,面議,面議,,,1,0,傳統無AI,無,0,1,0,1,"【關於這個職位：成為美妝界的數位大腦】  在資訊爆炸的時代，我們堅信情報真實重要性及拒絕任何不真實虛假。作為「產品營運」，你將不只是資料的管理者，更是平台信任價值的守護者。你將直接參與全台灣最權威化妝品資料庫的建構，透過大數據驅動的決策與流程優化，確保每一筆產品與成分資料、每一份心得都能成為消費者決策的關鍵。 這是一個結合「美妝專業」與「科技思維」的關鍵角色，你將在這裡建立業界標竿，定義何謂真正具備信賴性的美妝內容。  國內最大化妝品使用心得及排行榜綜合網站＠アットコスメ(前身UrCosme,2004年創建)在台營運超過20年，為國內消費者找尋化妝品使用心得及排行榜綜合資訊的主流網站，「@co"
14880533,Regional Account Executive (APAC)｜歡迎僑外生投遞,台北派兒有限公司,雙北,台北市,台北市大安區,行銷/企劃/專案管理,資訊科技/軟體網路,36000~9999999 (period=0),月薪,36000,36000,0,0,傳統無AI,無,0,1,0,0,| About the role |  Partipost 是一個網紅行銷平台，致力於連結品牌與亞洲各地的社群創作者。我們於新加坡創立，至今已拓展至台灣、馬來西亞、印尼、菲律賓等八個市場。透過 Partipost，任何有社群影響力的人都能參與品牌合作，讓 Influencer Marketing 更有效率、更具規模。  我們正在尋找一位對品牌行銷、客戶合作與跨國專案充滿熱情的 Regional Account Executive。在這個角色中，你將參與 APAC 各市場的品牌 Campaign，不固定負責單一市場，而是依照業務需求支援不同市場的專案，與 Regional Sales、Marke
15280836,董事長秘書,自在藝術股份有限公司,雙北,台北市,台北市內湖區,行銷/企劃/專案管理,其他服務/工商貿易,面議,面議,,,1,0,傳統無AI,無,0,0,0,0,一、高效率行政支援: 1.會議行程安排 2.信函報表文件製作與檔案管理 3.訪客安排 4.會議管理（含會議種類、議程、通知、資料、紀錄、決議與追蹤） 5.公文簽核流程 6.集團內部溝通協調及支援 二、董事長指派專案管理 三、董事長交辦事項   
15395395,國立台北科技大學產學處徵聘計畫專任人員(產學推動組),國立臺北科技大學,雙北,台北市,台北市大安區,行銷/企劃/專案管理,文教/補教培訓,36300~41500 (period=0),月薪,36300,41500,0,0,傳統無AI,無,0,0,0,0, <工作內容>  (一)	執行專案計畫、撰寫專案報告、簡報製作及活動企劃。 (二)	協助辦理產學媒合活動、研討會及成果發表等。 (三)	辦理一般行政庶務、核銷業務及其他臨時交辦事項。 (四)	辦公室相關資料回報。 (五)	主管交辦事項。 
15006681,【產創】資訊專案專員,財團法人台灣中小企業聯合輔導基金會,雙北,台北市,台北市大安區,行銷/企劃/專案管理,其他服務/工商貿易,面議,面議,,,1,0,傳統無AI,無,0,0,0,0,1. 協助政府專案計畫規劃之執行與推動 （含資安業務、組織內外協調、會議簡報製作及報告等）。 2. 執行政府專案計畫。 3. 熟悉網路系統設定或伺服器環境之建置、維護及管理（備份、還原及故障排除）。 4. 具有網路架構、設定與維運之相關知識，能對資訊系統之故障，進行分析、判定及異常排除。 5. 與相關合作單位進行溝通與協調，進行提案計畫資料整合與追蹤管理。 6. 主管交辦事項。 
14194265,Apple 蘋果產品 及 3C週邊｜資深電商運營專員 Senior E-commerce Specialist,麥克愛愛有限公司,雙北,台北市,台北市大安區,行銷/企劃/專案管理,電子商務/數位零售,40000~50000 (period=4),月薪,40000,50000,0,0,傳統無AI,無,0,0,0,0,* 此為辦公室職缺，非門市人員。 * * 需有3年左右電商平台營運經驗，無經驗請勿投遞，謝謝。* 你對數據敏感、熱愛電商產業，並且能在快速變動的市場中靈活應對嗎？ 我們正在尋找一位 兼具營運策略與執行力 的電商營運專員， 從平台操作到銷售分析，全方位優化線上購物體驗，推動業績穩定成長。  「主要工作內容」 1.電商平台營運：負責公司電商平台（如 Shopee、Shopline、MOMO、PChome）的商品上架、價格管理、促銷活動規劃與執行。 2.銷售與行銷計畫執行：協助制定並落實年度銷售與行銷活動，確保銷售目標達成。 平台合作與資源爭取：與各大電商平台窗口溝通，爭取行銷活動、曝光資源與優惠方
15205789,Customer Success Manager - 客戶成功經理,巴涼科技股份有限公司,雙北,台北市,台北市南港區,行銷/企劃/專案管理,傳統製造/精密工業,40000~90000 (period=0),月薪,40000,90000,0,0,傳統無AI,無,0,0,0,1,我們是 CADASU 團隊，正在打造面向加工製造業的虛擬 AI 員工，讓 AI 員工協助參與報價、判讀工程圖與日常決策，解決產業中的實務問題。  團隊成員來自多元背景，包含製造業連續創業者，以及曾任職於 Google、趨勢科技等跨國企業的專業人才，同時也有來自台大、柏克萊、東京大學等頂尖學府的成員。  目前我們正在尋找優秀的 Customer Success / 客戶成功與導入顧問加入團隊，協助製造業客戶真正把 CADASU 用進日常工作流程，讓 AI SaaS 產品從「看起來很厲害」變成「客戶每天都會用」。  #工作內容 1. 協助新客戶完成產品導入，包含產品展示、使用教學與導入進度追蹤 2
14726867,【美語-北】美語網路行銷顧問,台灣知識庫股份有限公司,雙北,台北市,台北市中正區,行銷/企劃/專案管理,文教/補教培訓,34800~40000 (period=0),月薪,34800,40000,0,0,傳統無AI,無,0,1,0,0,【薪資及福利】 1.保障薪資$34800-$40000(視經歷可調整)，高額福利金無上限。 2.額外福利金每月$2500，輕鬆解任務拿$$。 3.順暢透明的升遷管道，成為獨當一面管理人才  【職務內容】 1.數位行銷：運用線上工具推廣美語課程，執行諮詢與需求分析。 2.社群經營：打造高互動、高黏著的粉絲社群，提升品牌影響力。 3.數據洞察：分析行銷數據（Google Analytics），提出精準優化策略。 4.影音行銷：跨部門合作推動影音平台宣傳，強化品牌形象。 5.活動企劃：規劃與執行行銷活動，包裝話題、創造網路聲量與名單資源。 6.專案執行：配合主管交辦事項，共同達成行銷目標。  【部門
15405729,Supply Chain Program    專員 #MRQ202609000078,大聯大控股股份有限公司,雙北,台北市,台北市南港區,行銷/企劃/專案管理,其他服務/工商貿易,面議,面議,,,1,0,傳統無AI,無,0,0,0,0,"大聯大控股是全球第一、亞太區最大的半導體零組件通路商，總部位於台北南港，旗下擁有世平、品佳、詮鼎及友尚，全球員工人數約5,000人，代理產品供應商超過250家，徵求產業與市場分析專才，期待您一起加入共大共好求共贏的團隊！  Customer Interface & Inquiry Management •Serve as the primary point of contact for global contract manufacturing client accounts regarding order status, logistics, and delivery. •Own and r"
13524016,【包租代管業務】給你一個有累積的職涯,租寓平台股份有限公司,雙北,台北市,台北市信義區,行銷/企劃/專案管理,文教/補教培訓,30000~100000 (period=0),月薪,30000,100000,0,0,傳統無AI,無,0,0,0,0," 適合你如果——   - 想做不動產，但討厭那種油膩的業務感   - 想要客戶把你當顧問，不是把你當一般仲介   - 想三年內，能獨當一面處理一個房東的全部資產  ▶做租寓的開發業務有機會領到什麼樣的待遇呢？ 1. 競爭力極高的底薪：30,000~40,000元/月，保底一個月年終 2. 豐厚、多重獎金制度：開發包租代管、協調裝潢溝通、招租房客，都有不同的獎金可以領！月薪實領40000~100,000！  ▶工作內容 主要負責「包租代管」的業務開發與成交，並依專案在公司內部做部門協調與交接： 1. 開發物件：物件開發、簽訂包租代管與代租相關合約書 2. 物件招租：屋況調整、佈置拍照、廣告刊登、"
15147057,寵物健康服務顧問,無疆行銷股份有限公司,雙北,台北市,台北市松山區,行銷/企劃/專案管理,生技/醫療保健,40000~9999999 (period=0),月薪,40000,40000,0,0,傳統無AI,無,0,0,0,0,你是不是看到毛孩就會忍不住多看兩眼？ 你是不是常常覺得，很多毛孩其實不會說，但主人真的很想知道牠哪裡不舒服？ 如果你喜歡寵物、喜歡和人互動，也想做一份有溫度又有發展性的工作， 那這份職缺，也許就是在等你。  你會參與的工作內容： 1. 協助飼主了解毛孩的健康狀況與需求 2. 介紹寵物健康分析、照護方案與相關服務 3. 現場接待客戶，提供親切專業的服務體驗 4. 協助活動推廣、體驗流程說明與客戶追蹤 5. 建立飼主與品牌之間的信任感，成為毛孩健康的好幫手 6. 配合公司活動、市場推廣與客戶經營 我們想找這樣的你： 喜歡毛孩，看到狗狗貓貓心情就會變好 喜歡跟人互動，不怕聊天，也願意傾聽 對健康照護
14678856,KOL行銷專案企劃,澄星娛樂有限公司,雙北,台北市,台北市中山區,行銷/企劃/專案管理,廣告行銷/公關顧問,34000~45000 (period=2),月薪,34000,45000,0,0,傳統無AI,無,0,0,0,0,【我們正在找這樣的夥伴】 如果你喜歡與 KOL、品牌合作，喜歡社群、企劃、執行活動， 希望每天接觸不同品牌與創作者，那這份工作很適合你。   【工作內容】 1、規劃與執行網紅/KOL/實況主，與品牌方之間的合作 2、協助專案推動與時程控管、活動執行 3、線上線下活動預算控管、並緊急處理危機事件 4、搜集市場相關資訊 5、商案陪同KOL出席 6、其他交辦掌握事項  【期望特質】 1、主動積極、正面、活潑樂觀，樂於找尋解法而不是原地等待 2、細心、負責任、對數字敏感，有獨立作業與團隊合作的能力 3、擁有越挫越勇的心，犯錯不可恥，能在錯誤中成長學習是最棒的！ 4、無經驗可，只要肯學習，不怕你問，就怕
15379928,㊕知名美商㊕【電商內容營運專員/電商行政專員】商品上架 | 網站內容維護｜週休二日_AMR_225,藝珂人事顧問股份有限公司,雙北,台北市,台北市信義區,行銷/企劃/專案管理,電子商務/數位零售,38000~50000 (period=0),月薪,38000,50000,0,0,傳統無AI,無,0,0,0,0,想累積電商平台與數位行銷的實務經驗嗎？這份工作會參與網站商品資訊維護、活動內容更新，以及跨部門的日常協作，適合做事細心、對電商營運有興趣的你。  【工作內容】 維護電商商品頁資訊，包含圖片、價格及促銷內容 協助行銷活動頁、網站公告及常見問題更新 使用內容管理系統（CMS）維護網站內容 與內部團隊合作，確認內容正確並如期上線 協助簡易圖片編修及其他電商營運事項  【期望條件】 大學以上學歷，在學生也歡迎應徵 對電商、網站內容維護或數位行銷有興趣 做事細心，能確認商品資訊與活動內容的正確性 有電商平台、網站、社群經營或相關實習經驗者佳 接觸過 WordPress、Contentstack 等 CM
15402830,【VAS歐亞事業部】產品專案管理師(NPI),攸泰科技股份有限公司,雙北,台北市,台北市內湖區,行銷/企劃/專案管理,傳統製造/精密工業,面議,面議,,,1,0,傳統無AI,無,0,0,0,0,協助管理產品開發專案進度，追蹤各階段工作項目，確保專案依計畫執行。 協助新產品開發流程管理，包含規格確認、驗證測試（EVT／DVT／PVT）及量產導入作業。 負責跨部門溝通協調，整合業務、研發、生產及品保等相關單位資源。 追蹤並彙整專案問題（Issue Tracking），協助推動問題分析與改善。 定期更新專案狀態與時程，確保產品開發、驗證及量產階段順利完成。
10487978,專員(食品相關)/學士/歡迎應屆畢業,財團法人台灣食品產業策進會,雙北,台北市,台北市大安區,行銷/企劃/專案管理,其他服務/工商貿易,38000~54000 (period=0),月薪,38000,54000,0,0,傳統無AI,無,0,0,0,0,1.協助執行食品相關之政府專案計畫。 2.其他業務交辦事項。
15397524,獵頭認證幸福企業!【知名零售】會員系統專案PM｜不需寫程式＋完整帶訓＋每年調薪!  AMR_220T,藝珂人事顧問股份有限公司,雙北,台北市,台北市北投區,行銷/企劃/專案管理,生技/醫療保健,面議,面議,,,1,0,傳統無AI,無,0,1,0,1,【職位亮點】 ★ 工作生活平衡：日常工時相對穩定，平常不太需要加班；若負責的系統發生重大異常，則需協助即時處理。 ★ 不需要寫程式：公司系統開發皆由外部廠商負責，此職位不需要 Java 或程式開發能力，核心在於系統管理、需求分析、專案推進及廠商協調。 ★ 大型知名企業，組織及制度成熟：加入大型零售企業總部資訊團隊，長期負責企業內部重要應用系統。 ★ 完整教育訓練：加入後會由同團隊資深專案經理帶領，預計約有 6–12 個月的學習與交接期。 ★ 每年皆有調薪制度：過往年度調薪幅度約 1–3%，適合希望累積企業資訊系統經驗並長期發展的人選。 ★ 接觸大型企業完整營運流程：能深入了解商品、採購、庫存、
12861189,觀景台營運部-客服專業人員,台北101_台北金融大樓股份有限公司,雙北,台北市,台北市信義區,客服/業務/電商/貿易,其他服務/工商貿易,30000~42000 (period=0),月薪,30000,42000,0,0,傳統無AI,無,0,0,0,0,1.提供現場客戶服務，處理現場一般事務與協助緊急事件應變，確保服務品質及客戶滿意。 2.操作相關設施 (電梯、票務及銷售系統)，維護公司利益與客戶安全及解決客戶問題。 3.導引遊客參觀順暢度，提供場域資訊及確保客戶旅遊體驗。
5961839,客戶體驗專員｜客服·產品服務・售後管理  Customer Experience Specialist,偉太健康科技有限公司,雙北,台北市,台北市信義區,客服/業務/電商/貿易,生技/醫療保健,550000~650000 (period=4),年薪折算,40741,48148,0,0,傳統無AI,無,0,0,0,0,我們正在尋找一位喜歡與人溝通、重視服務品質，並願意站在客戶角度思考的夥伴。  在 WATPURE，你不只是接聽電話、回覆問題，而是從產品購買、使用到售後服務的過程中，成為客戶與品牌之間的重要橋樑。  我們希望透過更好的溝通與服務，讓每一位客戶都能感受到專業、安心且有溫度的品牌體驗。  【工作內容】  1. 透過電話、LINE及線上平台，提供客戶產品諮詢與問題協助。 2. 提供產品售後服務，協助報修受理、服務安排及後續進度追蹤。 3. 處理客戶訂單、資料確認及相關行政作業。 4. 協助處理客戶意見與客訴案件，了解實際需求，並協調相關單位提供適當的解決方案。 5. 主動關懷既有客戶，進行產品使用狀
12122873,聯合徵才｜台北地區｜月薪上看57K,海底撈火鍋股份有限公司,雙北,台北市,台北市萬華區,客服/業務/電商/貿易,生技/醫療保健,40000~57500 (period=0),月薪,40000,57500,0,0,傳統無AI,無,0,0,0,0,"★上班地點： 信義店▸臺北市信義區松智路17號B2 (微風南山) 京站店▸台北市大同區承德路一段1號4樓 (京站時尚購物廣場) 慶城店▸台北市松山區慶城街1號3樓 (慶城街1號美食廣場) 西門店▸台北市萬華區桂林路1號4樓  ★工作內容： 外場服務：接待及引導、餐點介紹、協助顧客點餐、桌邊服務及維護環境等。 內場備菜：擺盤傳菜、食材準備、食材調理、廚房清理及維護環境等。 內場傳菜：配鍋、傳送湯鍋、回收餐具、送菜盤、整理餐桌與環境等。  ★薪資：給班排班比照一般正職人員。 實習期間，外場時薪215元、內場時薪210元，經考核通過轉正後另享績效薪資。 正式正職，內外場保底40,000元起。 凌晨0"
13626598,門市銷售人員,米卡服飾行,雙北,台北市,台北市信義區,客服/業務/電商/貿易,電子商務/數位零售,38000~45000 (period=0),月薪,38000,45000,0,0,傳統無AI,無,0,0,0,0,【工作內容｜門市銷售人員】  我們正在尋找對時尚穿搭充滿熱情、喜歡與人互動的你加入《米卡日系服飾》團隊！ 無經驗也歡迎，只要你樂於學習、態度積極，我們就想見到你！  ⸻  【 主要職責 】  1. 接待顧客並提供親切專業的商品介紹與銷售服務。  2. 協助處理顧客需求，如：電話諮詢、調貨、修改、包裝與退換貨。  3. 負責商品進貨、入庫登記、庫存管理與銷售記錄。  4. 商品陳列、包裝、促銷品更換及櫃位形象維護。  5. 維持門市整潔與舒適的購物環境。  ⸻  【 我們正在找的你 】  • 無經驗可，只要願意學習、親切有耐心！  • 對時尚穿搭有興趣、喜歡與人互動者優先。  • 積極正向、重視
13971621,得正台北南港計劃 門市正職人員,八七三畝商店,雙北,台北市,台北市南港區,客服/業務/電商/貿易,其他服務/工商貿易,34000~36000 (period=0),月薪,34000,36000,0,0,傳統無AI,無,0,0,0,0,1.飲料之調製。 2.負責結帳與收銀，並整理現金收據。 3.負責清洗餐具、吧台設備以及周遭工作環境。 4.定期盤點剩下的飲料與耗材。 5.外送服務。 6.其他工作項目(包含但不限於上述內容) 排班方式：採一頭班
12714470,廣告行銷內勤業務 (無經驗可),克迪斯行銷有限公司,雙北,台北市,台北市中山區,客服/業務/電商/貿易,廣告行銷/公關顧問,29500~150000 (period=0),月薪,29500,150000,0,0,傳統無AI,無,0,0,0,0,"如果你渴望突破現狀，追求高薪收入、專業的快速成長以及技能的全面提升，同時擺脫一成不變的職場模式，我們誠摯邀請你加入這支充滿活力與創造力的團隊！  **薪資福利：**   - **新人首月平均薪資**：提供月薪 45,000 元起的穩定起薪，讓你無後顧之憂踏出舒適的第一步。   - **高獎金與抽成制度**：我們引以為傲的獎勵機制，合作夥伴月平均薪資可達 70,000 至 150,000 元以上！能力越強，收入越高，上不封頂，挑戰你的極限！    **工作內容：**   - **客戶拓展與維繫**：主動通過電話或其他渠道開拓商機，完成專業邀約及方案建議。   - **品牌規劃專家**：協助企業打"
13464473,門市業務人員\家配師,紙月實業有限公司,雙北,台北市,台北市大安區,客服/業務/電商/貿易,其他服務/工商貿易,29500~48000 (period=3),月薪,29500,48000,0,0,傳統無AI,無,0,0,0,0,工作內容： 1.提供良好的顧客服務，包括商品介紹、需求詢問等相關服務  2.店櫃環境維護，包括清潔、整理、商品排面調整等  3.負責商品上下架、補貨、庫存管理等相關事宜  4.遵守公司規定，完成其他相關店務支援工作   歡迎熱愛家具 設計 擺飾、有基礎美感， 勇於挑戰創新的您加入我們，期待與您共同成長!!!  除固定薪資外，公司另有優渥的銷售獎金制度及工作獎金
15286049,業務開發專員｜Business Development Executive｜無經驗可,Tednology Studio_太科技工作室,雙北,台北市,台北市中山區,客服/業務/電商/貿易,文教/補教培訓,33000~36000 (period=0),月薪,33000,36000,0,0,傳統無AI,無,0,1,0,0,Tednology Studio 太科技工作室主要提供品牌與代理商 Web、AR／AI、AI 拍貼機、LINE OA、互動裝置等 Creative Technology 服務，合作對象包含 LVMH、Shiseido、Disney、Garena、Google、Häagen-Dazs 等國際品牌。  我們正在尋找一位表達清楚、細心負責，並願意主動接觸潛在客戶的夥伴，協助進行 B2B 潛在客戶開發與業務支援。歡迎應屆畢業生與轉職者，無需相關業務或行銷背景；此職位由 Business Director 直接指導與培訓。  一、工作內容 • B2B 潛在客戶開發：搜尋並整理品牌、代理商及企業潛在客戶資
13908872,兼職-電話客服專員｜客戶滿意度調查專線｜近台北車站 <35C29>,程曦資訊整合股份有限公司,雙北,台北市,台北市大同區,客服/業務/電商/貿易,文教/補教培訓,196~9999999 (period=0),時薪折算,31360,31360,0,0,傳統無AI,無,0,0,0,0,      對溝通有熱忱，喜歡以電話與人互動的你，我們正在找尋你！     本職缺為電話滿意度訪談，透過簡單問卷了解服務體驗與意見回饋。     無銷售壓力、不需推銷商品，提供清楚話術與完整培訓，新手也能快速上手。   ✅ 工作內容     - 依公司提供的客戶名單進行滿意度調查電話訪問。      - 依據客戶回覆內容準確記錄並輸入至系統。  ✅ 薪資與福利     - 時薪：196元。     - 本職務享有公司完善的獎金與激勵機制，詳情將於面談時說明。  ✅ 班別說明     - 採平日排班。     - 排班時段：09:00-18:00。     - 每日排班至少4小時起，每週排班時數
13760993,門市人員,蘿霖服飾行,雙北,台北市,台北市信義區,客服/業務/電商/貿易,其他服務/工商貿易,40000~9999999 (period=0),月薪,40000,40000,0,0,傳統無AI,無,0,0,0,0,"入職三個月初步熟悉以下技能: 1.協助開單結帳（需基本電腦操作） 2.負責商品進貨入庫及庫存管理。 3.負責商品包裝、陳列及促銷品換檔工作。 4.開店收店維持店櫃週遭之整潔。 5.Line線上回覆、修改、包裝及退換貨處理。  工作時間12:00-22:00   公司營運多年，熟客居多，較之於其他批發店，公司工作內容輕鬆簡單，店內氣氛輕鬆活潑，客源固定   如果您對此職位感興趣 , 並且有能力者，歡迎加入我們！（有其他疑問也可以先詢問我們了解一下）"
10524647,"【麻膳堂】舊宗大全聯門市-招募正職（薪資43500~58,500元）",麻膳堂_捷安商實業股份有限公司,雙北,台北市,台北市內湖區,客服/業務/電商/貿易,其他服務/工商貿易,43500~58500 (period=0),月薪,43500,58500,0,0,傳統無AI,無,0,0,0,0,1.起薪43500元起，額外績效獎金、職務津貼等。 2.任職滿一年，保障年薪14個月（額外獎金 中秋、端午本俸半薪、年終本俸一個月）。 3.月休！！10天！！排班制，提供員工餐。 4.每日上班時數8小時，加班依據勞基法給予加班費。 5.依據連鎖店管理，標準作業程序執行餐飲門市營業工作。
12753594,國內業務人員,水牛車文化事業有限公司,雙北,台北市,台北市中正區,客服/業務/電商/貿易,電子商務/數位零售,35000~43000 (period=0),月薪,35000,43000,0,0,傳統無AI,無,0,0,0,0,"1.開發潛在客戶，拓展市場，以達成業績目標。  2.負責銷售公司玩具以及幼兒書籍  3.負責業務推展，以達到賺客戶的錢也可以做客戶的朋友為最高宗旨  4.公司都是年輕人~歡迎你的參與,一起打拼努力  5.如果你有夢想,你會發現自己有無限的可能~  "
13754522,業務專員(台北區),固安震企業有限公司,雙北,台北市,台北市信義區,客服/業務/電商/貿易,其他服務/工商貿易,30000~100000 (period=2),月薪,30000,100000,0,0,傳統無AI,無,0,0,0,0,工作內容 1.負責業務(台北區)推展，傳達及說明公司各項業務重大訊息及產品。   2.訓練期需先擔任內勤工作，並經內部考核後方能轉任業務。   3.開發潛在客戶，拓展市場，以達成業績目標。   4.定期拜訪經銷客戶，維繫穩定客戶關係。   5.負責國內業務接洽及訂單處理。   6.負責產品報價及產品展示。   7.需進出工地，協助產品組裝。   8.任職滿六個月後，符合資格者可分紅業績獎金。
13809229,業務代表-承攬性質、非勞動契約,南山人壽保險股份有限公司_重友通訊處(林君柔),雙北,台北市,台北市中山區,客服/業務/電商/貿易,廣告行銷/公關顧問,面議,面議,,,1,0,傳統無AI,無,0,0,0,0,關於保險業務員報酬部份，係依實際招攬業績(實收保險費)的比例計算。本網頁所顯示待遇部份係因欄位選項受限，故為簡要記載。    1. 當各位求職者收到來自於本廣告之聯絡人或承辦人之聯絡訊息時，並不代表南山人壽保險股份有限公司已同意與各位求職者締結任何勞務契約關係。  2. 不論各位求職者是否已取得保險業務員資格，以及是否參加南山人壽提供相關訓練，縱已收到本廣告頁面承辦人或聯絡人之通知，然尚未與南山人壽成立任何承攬、委任、勞動、居間或其他勞務契約關係。須待各位求職者取得業務員資格，並待南山人壽執行登錄前盡職調查後，南山人壽始將回覆是否同意登錄申請及締結契約。  3. 各位求職者就本職務之應徵過程中
14741615,★下一站，敢開口拚高薪的純內勤業務★近捷運站★無經驗可★報名09/23線上說明會了解更多!_W,安達國際人壽保險股份有限公司,雙北,台北市,台北市中正區,客服/業務/電商/貿易,文教/補教培訓,400000~9999999 (period=0),年薪折算,29630,740741,0,0,傳統無AI,無,0,0,0,0,新手也能輕輕鬆鬆成交！讓挫折變存摺！ 轉職大好機會！從零開始手把手教學帶領！ 你喜歡聊天嗎?我們找的就是你！ 加入我們，公司提供海量資源，你只要人到即戰力！ ❌在外風吹日曬❌親友陌生開發❌ ❌客戶隨傳隨到❌沒有穩定薪水❌ 環境舒適、外商企業、產品多元，客戶族群來自銀行名單，成交即享抽佣！ ❤️保障固定底薪＋每月獎金無上限 ❤️新人達標還有額外津貼！ 下午茶、年終、三節獎金、生日禮金、免費按摩 福利沒有最多，只有更多！  工作地點: 台北市中正區衡陽路(西門站5分鐘可到) 新北市板橋區文化路二段(江子翠2分鐘可到) 高雄市三民區博愛一路(後驛站5分鐘可到) 高雄市新興區民族二路(信義國小站3分鐘
15398425,假日兼職,久藏有限公司,雙北,台北市,台北市中山區,客服/業務/電商/貿易,其他服務/工商貿易,2000~2000 (period=0),面議,,,1,0,傳統無AI,無,0,0,0,0,管理酒酒窖營運
13730638,專案特助,星河旅行社有限公司,雙北,台北市,台北市中山區,客服/業務/電商/貿易,其他服務/工商貿易,50000~70000 (period=0),月薪,50000,70000,0,0,傳統無AI,無,0,1,0,0,1.目前本公司專門規劃企業客戶、外商藥廠、政府單位等的國內外旅遊及會議活動，如：莫德納藥廠，法商SANOFI、IPSEN、德國拜耳、日商安斯泰來製藥、 衛采製藥，文化部、食藥署⋯等為本公司現在服務之客戶。  2. 與企業客戶密切配合，能靈活規劃客戶所需求的出差或會議行程，並統整提供合適之方案。  3. 未來有意願朝向主管職的業務及管理能力。  4.英文基本口說、閱讀、信件往來之能力。  5.航班行程安排及訂位，並掌握客戶航班資訊。  6.與飯店廠商密切聯繫，溝通訂房及會議場地需求。  7.旅遊相關之文書處理。  8.辦理各國護照及簽證。  9.主管交辦之事項。
15079095,專櫃人員(台北地下街Y區),捦泰實業有限公司,雙北,台北市,台北市中正區,客服/業務/電商/貿易,其他服務/工商貿易,30000~30000 (period=2),月薪,30000,30000,0,0,傳統無AI,無,0,0,0,0,1.商品銷售(介紹及推銷) 2.商品上架(貨架商品缺少，補貨) 3.商品整理、清潔 4.配合主管安排 ★具有銷貨經驗尤佳 ★上班時間:12:00~20:30 ★能配合與總公司門市輪班 ★能配合不定時支援臨時櫃特賣4天~1.5個月不等(雙北部百貨、賣場、展覽)
15402799,貿易專員,Donki 唐吉訶德_台灣泛亞零售管理顧問股份有限公司,雙北,台北市,台北市中正區,客服/業務/電商/貿易,電子商務/數位零售,40000~45000 (period=3),月薪,40000,45000,0,0,傳統無AI,無,0,1,1,0,1. 負責國貿、進出口相關事務：船期追蹤、通關文件製作、進出口報關、文件審核、入倉安排、異常品索賠等。 2. 確保清關申報要素的準確性，提前識別關務風險，確保通關程序順暢。 3. 與國內外相關部門、協力廠商聯繫溝通進出口等各事宜。 4. 系統進出口相關單據作業（PO、Credit Memo、庫存調整等），並進行相關費用管理、帳單核對及請款作業。 5. 維護部門相關文件及申報作業，掌握進出口、關務動態，並視需求進行廠商詢比價。  具備條件： *做事細心，能妥善處理單據帳務，並對異常狀況追蹤解決能力 *熟悉國貿概念、進出口作業，具備2年以上相關實務經驗 *熟悉基本Excel、Word等工具 *具備
15399280,船務專員 （進口部專員）報關,沅笙應用材料股份有限公司,雙北,台北市,台北市北投區,客服/業務/電商/貿易,其他服務/工商貿易,面議,面議,,,1,0,傳統無AI,無,0,1,1,0,1. 負責進出口報關之行政作業，並匯整製作報關文件。 2. 處理、審核進出口報關之資料與文件。 3. 聯絡工廠、船公司和報關行，進行交期確認、排船、簽 S╲O、文件檢查等聯絡事項。 4. 處理進口開立信用狀相關之工作。 5. 負責應付帳款之請款工作，並處理業務部門訂單後續事宜。 6. 需具備基本的英文能力。 7. 熟悉進、出口作業流程佳。  
15402004,海運進口 Customer Service Specialist,"DSV Air & Sea Co.,Ltd._立天行通運股份有限公司",雙北,台北市,台北市內湖區,客服/業務/電商/貿易,其他服務/工商貿易,面議,面議,,,1,0,傳統無AI,無,0,0,1,0,"1. 接獲國外代理/客戶出貨資訊，安排進口船期。  2. 追蹤貨物運輸狀況，即時回報及解決運輸過程中所產生的問題。  3. 確認貨物抵達台灣的時間，通知客戶及報關行相關訊息。  4. 核對製作小提單資料，並提供船公司與同行相關資訊。  5. 確認應收金額及發單時間，以利通知客戶/報關行繳費領單。  6. 內部系統更新貨物相關資訊。  7. 提供客戶優質及正確的作業服務, 並與客戶建立良好關係 。 8. 處理客戶及國外claim case, 及trouble shooting 。 9. 積極發展負責航線業務, 開拓local business 。 10. 協助業務部門詢價 、掌握即時運價。 11"
15211342,汽車銷售業務人員,北都汽車股份有限公司文山分公司,雙北,台北市,台北市文山區,客服/業務/電商/貿易,傳統製造/精密工業,29500~60000 (period=0),月薪,29500,60000,0,0,傳統無AI,無,0,0,0,0,1.銷售各車型。 2.處理車輛貸款相關事項。 3.處理租賃相關事項。 4.處理保險相關事項。 5.處理驗車相關事項。 6.休假天數：視每個月紅字天數進行排休。
15396005,【內湖｜高底薪】客戶關係開發維護專員｜既有名單 × 完整培訓,恆昇品牌管理顧問有限公司,雙北,台北市,台北市內湖區,客服/業務/電商/貿易,電子商務/數位零售,37000~9999999 (period=2),月薪,37000,37000,0,0,傳統無AI,無,0,0,0,0,【工作內容】 我們正在招募「客戶關係開發維護客服」，主要負責公司既有客戶的關係經營、需求了解與活動推廣 這份工作不是傳統被動等待客戶詢問的客服，而是希望透過主動互動與持續追蹤，了解客戶需求、維持良好關係並提升客戶參與度 公司提供既有客戶名單及完整教育訓練，無相關經驗也可以從基礎開始學習  【主要工作職責】 1. 既有客戶關係維護 依公司提供的客戶名單，主動進行日常互動、關係維繫及後續追蹤 2. 客戶需求了解 透過線上文字溝通了解客戶需求、使用狀況及回饋，提供適合的資訊與協助 3. 活動資訊推廣 依公司活動及專案內容，向客戶說明相關資訊，提升客戶參與意願 4. 客戶開發與回流經營 針對較少互動或
14876034,【雙北】租賃住宅包租代管服務管理師 (有底薪/無經驗可）,睿達租賃住宅服務股份有限公司,雙北,台北市,台北市中正區,客服/業務/電商/貿易,其他服務/工商貿易,30000~9999999 (period=3),月薪,30000,30000,0,0,傳統無AI,無,0,0,0,0,您好！ 這是台灣目前正在蓬勃發展的新興行業，非傳統仲介，主要的工作為協助房東出租及管理 公司從代租代管起家，2026年預計擴大營運至全台灣，熱烈歡迎對包租代管、房地產有興趣的人才一起加入!  這是一個藍海的市場～我們即將盛大擴點～需要優秀的人才！！ 公司提供豐富的資源 產業小白沒關係，讓您在最短的時間內快速的熟稔以及發展完善的業務  福利保險 1. 提供團保 2. 滿半年享有福利制度  主要工作內容: 1. 管理公司既有物件 2. 協助出租及管理 3. 物件維運及修繕安排 3. 帶看租屋 4. 完成租約簽訂  薪資獎金： 底薪＋津貼＋績效獎金  歡迎房仲、日租、住宅修繕經驗人才加入!
13038490,優質人才培訓計畫專案人員(承攬性質、非勞動契約) ,南山人壽保險股份有限公司_廣宸通訊處,雙北,台北市,台北市中正區,客服/業務/電商/貿易,文教/補教培訓,面議,面議,,,1,0,傳統無AI,無,0,0,0,0,關於保險業務員報酬部份，係依實際招攬業績(實收保險費)的比例計算。本網頁所顯示待遇部份係因欄位選項受限，故為簡要記載。  1. 當各位求職者收到來自於本廣告之聯絡人或承辦人之聯絡訊息時，並不代表南山人壽保險股份有限公司已同意與各位求職者締結任何勞務契約關係。 2. 不論各位求職者是否已取得保險業務員資格，以及是否參加南山人壽提供相關訓練，縱已收到本廣告頁面承辦人或聯絡人之通知，然尚未與南山人壽成立任何承攬、委任、勞動、居間或其他勞務契約關係。須待各位求職者取得業務員資格，並待南山人壽執行登錄前盡職調查後，南山人壽始將回覆是否同意登錄申請及締結契約。 3. 各位求職者就本職務之應徵過程中，若有任
14443149,(外包兼職)門市產品展銷人員(西門町),綺麗絲國際有限公司,雙北,台北市,台北市萬華區,客服/業務/電商/貿易,電子商務/數位零售,196~9999999 (period=2),時薪折算,31360,31360,0,0,傳統無AI,無,0,0,0,0,【工作內容】 ．保養品及彩妝品牌銷售推廣 ．商品諮詢 | 顧客服務 ．促銷活動內容說明及宣傳 ．門市店客情維護 ．上班時間：pm13:00-22:00 ．上班地點：大台北地區(臨近捷運站、鬧區) ．兼職 - 長期工讀、假日工讀 ．一週可排2-5天，可以優先安排假日者佳。  【工作條件】 ．具備零售通路經驗(如：屈臣氏、康是美、寶雅等）。 ．另有正職職缺，歡迎投遞履歷。
13052085,外場服務員-【品牌初鰻-六張犁店】,京源田股份有限公司,雙北,台北市,台北市大安區,客服/業務/電商/貿易,其他服務/工商貿易,38100~50000 (period=0),月薪,38100,50000,0,0,傳統無AI,無,0,0,0,0,1.佈置及清理餐桌。 2.為顧客帶位或安排座位。 3.將菜單遞交顧客，答覆有關餐飲問題，必要時提供建議。 4.記錄顧客所點菜餚，並通知廚房或內場做餐送餐。 5.上菜並提供有關用餐的服務。 6.遞送帳單，請顧客付款或簽字。 7.送單點單收銀。 8.無經驗可 9.提供完整的教學制度/學習與加薪迅速  『上班時段』 上午10:15-14:15 下午17:15-21:15 共8個小時  『升遷制度』 依照工作崗位來進行加薪，提供完整的教學制度/學習與加薪迅速，另有獨立主管職升遷管道，歡迎加入管理與創業團隊，掌握自己的事業，你也可以  『公司福利』 1.享勞健保 2.員工旅遊/聚餐 3.績效獎勵 4.三
14871256,業務代表(承攬性質，非勞動契約),南山人壽保險股份有限公司_鑫一通訊處(王凱正),雙北,台北市,台北市中山區,客服/業務/電商/貿易,廣告行銷/公關顧問,面議,面議,,,1,0,傳統無AI,無,0,0,0,0,「關於保險業務員報酬部分，係依實際招攬業績(實收保險費)的比例計算。本網頁所顯示待遇部分係因欄位選項受限，故為簡要記載。」 1. 當各位求職者收到來自於本廣告之聯絡人或承辦人之聯絡訊息時，並不代表南山人壽保險股份有限公司已同意與各位求職者締結任何勞務契約關係。  2. 不論各位求職者是否已取得保險業務員資格，以及是否參加南山人壽提供相關訓練，縱已收到本廣告頁面承辦人或聯絡人之通知，然尚未與南山人壽成立任何承攬、委任、勞動、居間或其他勞務契約關係。須待各位求職者取得業務員資格，並待南山人壽執行登錄前盡職調查後，南山人壽始將回覆是否同意登錄申請及締結契約。  3. 各位求職者就本職務之應徵過程中，
11604204,國貿業務管理師,QSAN_廣盛科技股份有限公司,雙北,台北市,台北市內湖區,客服/業務/電商/貿易,資訊科技/軟體網路,36000~9999999 (period=0),月薪,36000,36000,0,0,傳統無AI,無,0,0,1,0,1.處理客戶訂單 (鼎新ERP)與交期管理。 2.提供出貨文件，協助出貨，並處理進出口事宜。 3.協助業務人員處理銷售業務相關之公司內部行政作業。 4.海外備品庫存 / 借還貨 / 返廠維修流程跟催與加值服務合約製作與發送。 5.客戶付款作業跟催。 6.定期提供業務銷售狀況報表。 7.跨部門溝通協調與優化內部作業流程 8.主管交辦事宜或部門後勤支援
15403717,業務助理(定期契約六個月),Honda Access_台灣本田阿克薩斯股份有限公司,雙北,台北市,台北市中山區,客服/業務/電商/貿易,傳統製造/精密工業,面議,面議,,,1,0,傳統無AI,無,0,0,0,0,(1)出入庫系統管理 (2)支給品管理 (3)廠商月結 (4)倉庫管理 (5)出口文件製作
15143019,動漫店假日工讀,鴻儒堂本屋有限公司,雙北,台北市,台北市中正區,客服/業務/電商/貿易,電子商務/數位零售,200~200 (period=0),時薪折算,32000,32000,0,0,傳統無AI,無,0,0,0,0,1.櫃檯結帳 2.簡單商品介紹 3.商品上下架、修改價格、定期盤點 4.店面清潔維護 假日上班11:00-21:00
12934194,外場服務員-【品牌初鰻-松菸店】,京源田股份有限公司,雙北,台北市,台北市信義區,客服/業務/電商/貿易,其他服務/工商貿易,38100~50000 (period=0),月薪,38100,50000,0,0,傳統無AI,無,0,0,0,0,1.佈置及清理餐桌。 2.為顧客帶位或安排座位。 3.將菜單遞交顧客，答覆有關餐飲問題，必要時提供建議。 4.記錄顧客所點菜餚，並通知廚房或內場做餐送餐。 5.上菜並提供有關用餐的服務。 6.遞送帳單，請顧客付款或簽字。 7.送單點單收銀。 8.無經驗可 9.提供完整的教學制度/學習與加薪迅速  『上班時段』 上午10:15-14:15 下午17:15-21:15 共8個小時  『升遷制度』 依照工作崗位來進行加薪，提供完整的教學制度/學習與加薪迅速，另有獨立主管職升遷管道，歡迎加入管理與創業團隊，掌握自己的事業，你也可以  『公司福利』 1.享勞健保 2.員工旅遊/聚餐 3.績效獎勵 4.三
13067561,卡啡那內湖門市-早班正職人員,卡啡那咖啡法式甜點_多吉那股份有限公司,雙北,台北市,台北市內湖區,客服/業務/電商/貿易,其他服務/工商貿易,34000~35500 (period=0),月薪,34000,35500,0,0,傳統無AI,無,0,0,0,0,1.專業咖啡調製及簡易熟食餐點製作。 2.產品進貨陳列、銷售管理及庫存管理以及維持店內、外之清潔維護 3.門市營運作業，提供顧客之接待與需求服務。 4.對咖啡文化及門市工作有高度熱誠。 5.具溝通能力、團隊概念者歡迎加入我們的團隊! 本職位是公司營運發展的重要環節，有良好的發展前景和晉升管道。 如果您對此職位感興趣，請提供您的履歷表和聯繫方式。我們期待著您的加入。 
12496813,【石研室石頭火鍋第一品牌】-南港中信-內/外場正職人員，薪35w起，加班費獎金另計,石研室石頭火鍋第一品牌_遠承股份有限公司,雙北,台北市,台北市南港區,客服/業務/電商/貿易,文教/補教培訓,35000~42000 (period=0),月薪,35000,42000,0,0,傳統無AI,無,0,0,0,0,1.顧客接待、帶位、餐飲服務、餐點介紹、結帳。 2.餐具擺設、餐廳環境維護。 3.主管交辦事項。  友善歡樂的工作環境，每一位同仁都是我們的夥伴！ 教育訓練完整，定期的升遷評核，歡迎對餐飲業有興趣的您一起加入！  
15253045,電商後台文字客服助理,歐林有限公司,雙北,台北市,台北市士林區,客服/業務/電商/貿易,電子商務/數位零售,32000~38000 (period=0),月薪,32000,38000,0,0,傳統無AI,無,0,0,0,0,回覆 Facebook / Instagram / LINE 客戶訊息 協助直播期間留言整理、訂單確認與客戶問題處理 售後服務處理（尺寸更換、缺貨通知、物流查件、退換貨協助） 整理客戶訂單資料與備註事項 協助追蹤付款狀況與提醒未完成訂單 協助處理客訴與異常案件回報 基本商品資料整理（尺寸、顏色、庫存確認） 協助社群訊息整理與簡單公告發布 主管交辦事項  職務需求: 打字速度快，能同時處理多筆訊息 細心、耐心佳，面對客訴抗壓性高 懂基本電商流程（加分） 有客服經驗、直播銷售經驗者優先 熟悉 Facebook、Instagram 操作者佳 能接受直播檔期較忙碌的工作節奏 具備良好溝通能力與應變能力
15108823,Sr. Account Manager,Levi's_美商利惠國際有限公司台灣分公司,雙北,台北市,台北市松山區,客服/業務/電商/貿易,資訊科技/軟體網路,面議,面議,,,1,0,傳統無AI,無,0,0,0,0,"The candidate will be responsible for key account and department store management, focusing on account execution, project coordination, and commercial operations, to support business performance aligned with company targets.  【Key Responsibilities】 1. Account Management •	Act as main contact for ass"
15211445,CW門市正職人員 (台北誠品西門門市),CW手機配件_丞威資訊科技有限公司,雙北,台北市,台北市萬華區,客服/業務/電商/貿易,電子商務/數位零售,36000~40000 (period=0),月薪,36000,40000,0,0,傳統無AI,無,0,0,0,0,【公司環境】 ▶ CW每年度皆獲得蝦皮金選，保護貼銷量第一     粉絲數量135萬、累積超過450萬買家評價     品牌穩定、產品齊全，擁有大量會員 ▶ 工作環境良好、團隊氛圍佳，重視專業與互助  【我們的日常工作】 ✨ 招呼每一位來店的客人，讓他們有賓至如歸的感覺 ✨ 負責介紹與銷售門市商品，分享商品特色 ✨ 商品陳列與佈置，促銷品換檔工作 ✨ 處理顧客問題，協助換貨、售後服務 ✨ 維持門市整潔，讓環境舒適又有質感 ✨ 其他門市日常事務，及主管交辦事項 ✨ 配合主管輪班配班區域調點  【我們希望你是這樣的夥伴】 ✨ 對服務有熱忱，喜歡和人互動 ✨ 做事細心，負責任、有團隊合作精神 ✨ 喜
13762081,"精品專櫃店長【月薪45,000起】歐美設計師選品店/大巨蛋Garden City",裡厚國際股份有限公司,雙北,台北市,台北市信義區,客服/業務/電商/貿易,電子商務/數位零售,45000~9999999 (period=4),月薪,45000,45000,0,0,傳統無AI,無,0,1,0,0,【關於我們】 THE HOY 裡厚國際創立於2012年，代理歐洲設計師品牌 Antonio Marras、AMEN、Nina Ricci、Faith Connexion 等，現於大巨蛋 Garden City 設有品牌專櫃。 我們是一間精實的公司，決策快、制度清楚。店長直接與經營團隊溝通，您的專業判斷會被尊重，您的用心也會被看見。  【我們在找這樣的您】 您在精品或百貨專櫃累積了多年經驗，懂得如何讓客人信任您、願意一再回來找您。 您對美的事物有自己的眼光，也習慣把陳列、帳務、盤點每個細節都照顧好。 您帶過團隊，知道怎麼讓夥伴一起成長。 現在，您想找一個能長期經營、收入穩定、也能兼顧生活的地方，
14910245,業務助理,馬克租屋有限公司,雙北,台北市,台北市中山區,客服/業務/電商/貿易,其他服務/工商貿易,200~350 (period=0),時薪折算,32000,56000,0,0,傳統無AI,無,0,0,0,0,1. 開發潛在合作的屋主，為業務人員做提前接洽  2.安排業務人員和屋主到房屋現場了解資訊  3.協助公司拓展雙北屋主的經營與維繫關係  4.將委託之房屋案件做整理歸檔及行銷曝光  5.定期聯絡客戶，統整客戶需求及配對案件
6189338,【月薪4萬x6個月】營業客服人員(台北),長榮警備保全股份有限公司,雙北,台北市,台北市中山區,客服/業務/電商/貿易,文教/補教培訓,35000~40000 (period=0),月薪,35000,40000,0,0,傳統無AI,無,0,0,0,0,"★前6個月每月薪資4萬元。    滿6個月後保障月薪35,000元，另加業績獎金(獎金依個人業績而異)。  ★薪資待遇有保障，教育訓練完善，無經驗者也可安心學習。  1.開發潛在客戶，拓展市場，以達成業績目標。 2.定期拜訪客戶，維繫穩定客戶關係。 3.負責國內業務接洽及訂單處理。 4.負責產品報價及產品展示。 5.負責業務推展，傳達及說明公司各項業務重大訊息、活動及產品。"
15395514,【libreadry巢屋】總部行政助理,森石窯股份有限公司,雙北,台北市,台北市大安區,客服/業務/電商/貿易,電子商務/數位零售,35000~38000 (period=0),月薪,35000,38000,0,0,傳統無AI,無,0,0,0,0,【libreadry巢屋】官網：https://www.libreadry.com/pages/about-us  1.負責總公司前、後場資產盤點及資料維護。 2.負責烘焙原物料、包材及營運用品之進出貨、庫存、盤點及領用管理。 3.負責相關表單製作、資料彙整與維護。 4.協助日常辦公及營運所需物品採買。 5.協助處理日常行政事務及其他主管交辦事項。  此職務需搬重，請確認自身體力及工作需求後再投遞。
14393527,「南港Lalaport輕食咖啡廳新星招募！正職34K起×月休10天UP×技能晉升火箭艙」管理培育/儲備幹部,BuonGusto_柏穀德有限公司,雙北,台北市,台北市南港區,客服/業務/電商/貿易,生技/醫療保健,34000~40000 (period=0),月薪,34000,40000,0,0,傳統無AI,無,0,1,0,0,【南港Lalaport新店招募｜打造餐飲新星團隊】 ── 尋找美食特派員 × 風格生活家 ──  #品牌新篇章 # 職涯火箭推進器  柏穀德首間「餐飲概念體驗店」即將點亮南港Lalaport！我們正在尋找能把「食尚態度」融入服務DNA的夥伴，一起用創意餐飲重新定義消費體驗。如果你總能在餐盤裡發現美學靈感，擅長把日常服務變成生活儀式，這裡將是你的夢想伸展台！  【我們提供的不只是工作】 ▸ 職人級薪酬方案：正職34K-40K起 + 達標獎金/季績效獎金 ▸ 超有感休假制度：月休8-10天（排班自主協調） ▸ 福利三重奏： ❶ 健康充電站｜年度免費健檢+勞健保+勞退提撥 ❷ 創意補給站｜每日主廚特
15373267,【假日打工】士林/大稻埕-走動式旅遊諮詢人員(每月2~3天，有英日韓語等外語證照擇1),名喬人才服務股份有限公司,雙北,台北市,台北市大同區,客服/業務/電商/貿易,其他服務/工商貿易,250~250 (period=0),時薪折算,40000,40000,0,0,傳統無AI,無,0,1,0,0,╔═════════════════════ °❀•°✮°•❀°════════════════════╗     投遞履歷後，若資格符合者，專員會於兩週內直接mail工作介紹信至您的信箱     再請自行留意信箱。 ╚═════════════════════ °❀•°✮°•❀°════════════════════╝  ▰▱工作內容▱▰ 1.提供遊客交通指引、觀光資訊詢問等走動式觀光旅遊服務，並定時定點提供周邊觀光資訊介紹服務。(本工作需長時間在室外走動) 2.值勤中的走動路線由公司安排(固定路線)，會於值勤時間內循環走動提供服務。  ▰▱工作時間▱▰ 每週六、日排班，於11:00~19
9343344,業務代表(承攬性質、非勞動契約),南山人壽保險股份有限公司_景暘通訊處(陳美玲),雙北,台北市,台北市中山區,客服/業務/電商/貿易,文教/補教培訓,面議,面議,,,1,0,傳統無AI,無,0,0,0,0,"招攬保險業務 1.優厚的業績獎金 2.完備暢通之委任管道 3.專業完整的教育訓練 4.協助成為全方位之保險規劃業務人員 「關於保險業務員報酬部分，係依實際招攬業績（實收保險費）的比例計算。本網頁所顯示待遇部分係因欄位選項受限，故為簡要記載。」  (1)當各位求職者收到來自於本廣告之聯络人或承辦人之聯絡訊息時,並不代表南山人壽保險股份有限公司已同意與各位求職者締結任何勞務契約關係· (2)不論各位求職者是否已取得保險業務員資格,以及是否參加南山人壽提供 相關訓練,縱已收到本廣告頁面承辦人或聯络人之通知,然尚未與南山人 壽成立任何承攬、委任、勞動、居間或其他勞務契約關係。須待各位求職 者取得業務員"
14604079,商用不動產高專人員(業務副理 ),加一國際地產股份有限公司,雙北,台北市,台北市中山區,客服/業務/電商/貿易,廣告行銷/公關顧問,50000~1000000 (period=0),月薪,50000,50000,0,0,傳統無AI,無,0,0,0,0,"商用不動產高專人員(業務副理 )高獎金制度 無房地產經驗沒關係,有業務的經驗都歡迎來挑戰。 租屋景氣仍在,辦公室、餐飲店面都有拓展需求, 給肯努力積極的自己一個邁向高薪的機會！  職務內容: 1.商用不動產物件開發及媒合。 2.法人房東定期關係維護。 3.招租空置物件。 4.租約擬定、簽約、交屋、公證協助。 5.定期追蹤管理媒合案件狀況。 6.相關管理資料報表填寫繳交。 7.大樓關係維護。 8.其他與租屋相關服務。  薪獎待遇: 50-60%獎金，依績效另有年終獎金。  業務福利: 1.物件由公司購買591曝光。 2.廣告帆布可補助 3.不定期招待員工聚餐。 4.提供零食飲料補充能量。 5.營"
15265671,門市兼職人員－Radical Fitness Studios 台北民生店,維西杰股份有限公司,雙北,台北市,台北市松山區,客服/業務/電商/貿易,其他服務/工商貿易,200~240 (period=2),時薪折算,32000,38400,0,0,傳統無AI,無,0,1,0,0,【Radical Fitness Studios】櫃台行政人員｜Front Desk / Studio Administrator 工作內容 Radical Fitness Studios 是以音樂、節奏與高能量訓練為核心的國際健身品牌。我們正在尋找能與我們一起維持場館能量與營運效率的櫃台行政夥伴。 此職位是現場的第一線，是讓每位學員感受到 Radical 風格的關鍵。  【工作內容】 -課程行政管理、諮詢銷售 -櫃台接待與學員服務 -收銀與帳務作業 -場館日常維護 -商品庫存管理 -現場動線與秩序管理 -基礎行政及文書處理 -執行總部行銷活動、品牌推廣及現場活動支援 -其他主管交辦事項  職
12663001,【Knock Knock Coffee】誠徵夥伴 國定假日休,Knock Knock Coffee_宏庭幸福股份有限公司,雙北,台北市,台北市內湖區,客服/業務/電商/貿易,其他服務/工商貿易,31000~35000 (period=0),月薪,31000,35000,0,0,傳統無AI,無,0,0,0,0,  不是專業咖啡師沒關係，我們想要的是「喜歡和人互動的你」。   每天的工作，就是在咖啡香裡迎接顧客，給他們笑容與貼心的服務。   「一杯咖啡只是開始，一次溫暖的交流才是目的。」   【環境介紹】   1.皆為商辦大樓、環境單純   2. 上班時間：週一至週五(部分門市週一至週六) 國定假日休   3. 純會員制線上服務、POS操作   4. 免收現金、不用數錢數到心累   【我們正在找的你】   1. 喜歡與人互動，主動關心客人需求   2. 能接受AB輪班，配合團隊彈性支援與調店安排   3. 對自動咖啡機有興趣(不會也沒關係、提供完整訓練)   4. 有責任感、守時、重視團隊合作   5
14704296,<全球10大藥廠>美商醫藥原廠_誠徵雙北、桃園新竹及高屏醫藥業務代表（保障年薪13個月，原廠訓練及工作文化）LSO_335,藝珂人事顧問股份有限公司,雙北,台北市,台北市信義區,客服/業務/電商/貿易,生技/醫療保健,50000~9999999 (period=3),月薪,50000,50000,0,0,傳統無AI,無,0,0,0,0,"本職位將作為雙北、桃園新竹或高屏地區業務代表，經營包含區域醫院、醫學中心等通路客戶，適合經驗豐富，具備挑戰力及成長性思維的業務代表。  Responsibility： •	以專業熟練的方式推廣產品，積極推動銷售成長，達成區域內的銷售目標 •	分析產品與市場趨勢，提出有效建議 •	理解並回應客戶需求，提供令人滿意的解決方案 •	擬定並執行區域業務發展計畫 •	確保業務行為符合公司內部規範與合規準則  Responsibility： You will be responsible for effectively managing a defined territory, grow customer"
12545706,行政助理,財團法人臺灣海洋保育與漁業永續基金會,雙北,台北市,台北市中正區,客服/業務/電商/貿易,其他服務/工商貿易,29500~43000 (period=0),月薪,29500,43000,0,0,傳統無AI,無,0,0,0,0,1. 辦理政府計畫案之行政資料彙整、會議資料準備及報告撰寫等。 2. 辦公室文件、總務、庶務處理。 3. 使用Excel進行資料統計及整理。 4. 完成主管其他交辦事項。 主動學習、做事積極是很重要的特質。
15096841,訂單處理客服專員,台灣三住股份有限公司,雙北,台北市,台北市中山區,客服/業務/電商/貿易,其他服務/工商貿易,38000~48000 (period=0),月薪,38000,48000,0,0,傳統無AI,無,0,0,0,0,1. 訂單系統輸入與操作：處理報價／訂購 2. 處理客戶需求：訂單異動等相關業務 3. 接聽客戶的詢問電話，了解需求並回覆問題 4. 引導客戶線上訂購平台操作：操作教學，標準化操作啟蒙活動 5. 蒐集客戶的聲音以提升服務品質
13842828,【台北捷運】北投會館櫃檯服務專員,杰立欣科技有限公司,雙北,台北市,台北市北投區,客服/業務/電商/貿易,資訊科技/軟體網路,37492~37492 (period=2),月薪,37492,37492,0,0,傳統無AI,無,0,0,0,0,【工作內容】 1.顧客接待、諮詢服務及顧客問題解決 2.每日訂房、排房事宜，為住宿客辦理入住、退房手續 3.櫃檯收銀、現場營運及行政作業 4.當地旅遊諮詢及相關導覽 5.房務清潔巡查，及大廳休息區簡易杯盤清潔 (房間及整體空間有清潔廠商專責處理) 6.活動中心場地、器材租借及運動課程說明服務 (運動課程另有活動廠商專責處理) 7.其他主管交辦事項  【其他條件】 (1) 專科以上學歷畢業（需備畢業證書） (2) 具有服務/銷售/業務等1年以上相關經驗者佳（需提供資歷證明） (3) 需輪值三班，如有輪值夜班(晚間23:00-次日07:00），每日發給夜班津貼400元 (4) 需熟悉excel函數
15406365,B2B 客戶經理 / B2B Account Manager,瑞典商英鉑科股份有限公司台灣分公司,雙北,台北市,台北市中山區,客服/業務/電商/貿易,資訊科技/軟體網路,面議,面議,,,1,0,傳統無AI,無,0,0,0,0,【職務定位】 作為公司與 B2B 客戶及合作夥伴之間的重要窗口，從客戶業務發展、需求掌握與商業目標出發，負責既有客戶關係維護、專案進度追蹤，以及長期合作關係發展。  此職位將與產品、技術、專案及相關團隊密切協作，主要負責「釐清需求、溝通協調、價值創造」；你將深入了解客戶產品使用情境，確保客戶需求能被正確理解並轉化為內部可執行的資訊，並持續追蹤至交付完成。  【工作內容】 1. B2B 客戶關係與商業發展 -負責既有 B2B 客戶及合作夥伴的日常關係維護，作為客戶與公司之間的主要聯繫窗口。 -深入了解客戶業務需求、合作模式及市場現況，提升客戶滿意度及長期合作價值。 -分析客戶合作狀況，發掘續約、
14943405,業務代表、壽險顧問(承攬性質，非勞動契約),南山人壽保險股份有限公司_鑫進通訊處(鍾沐宸),雙北,台北市,台北市中正區,客服/業務/電商/貿易,文教/補教培訓,面議,面議,,,1,0,傳統無AI,無,0,0,0,0,工作待遇: 1. 關於保險業務員報酬部分，係依實際招攬業績（實收保險費）的比例計算。 本網頁所顯示待遇部分係因欄位選項受限，故為簡要記載。 2. 當各位求職者收到來自於本廣告之聯絡人或承辦人之聯絡訊息時，並不代表 南山人壽保險股份有限公司已同意與各位求職者締結任何勞務契約關係。 3. 不論各位求職者是否已取得保險業務員資格，以及是否參加南山人壽提供相 關訓練，縱已收到本廣告頁面承辦人或聯絡人之通知，然尚未與南山人壽成 立任何承攬、委任、勞動、居間或其他勞務契約關係。須待各位求職者取得 業務員資格，並待南山人壽執行登錄前盡職調查後，南山人壽始將回覆是否 同意登錄申請及締結契約。 4. 各位求職者
14223083,網路行銷業務專員(無經驗可),克迪斯行銷有限公司,雙北,台北市,台北市中山區,客服/業務/電商/貿易,廣告行銷/公關顧問,29500~150000 (period=0),月薪,29500,150000,0,0,傳統無AI,無,0,0,0,0,"如果你渴望突破現狀，追求高薪收入、專業的快速成長以及技能的全面提升，同時擺脫一成不變的職場模式，我們誠摯邀請你加入這支充滿活力與創造力的團隊！  **薪資福利：**   - **新人首月平均薪資**：提供月薪 45,000 元起的穩定起薪，讓你無後顧之憂踏出舒適的第一步。   - **高獎金與抽成制度**：我們引以為傲的獎勵機制，合作夥伴月平均薪資可達 70,000 至 150,000 元以上！能力越強，收入越高，上不封頂，挑戰你的極限！    **工作內容：**   - **客戶拓展與維繫**：主動通過電話或其他渠道開拓商機，完成專業邀約及方案建議。   - **品牌規劃專家**：協助企業打"
15404336,11/1上班【內湖區瑞光路】$35800 辦公室清潔,洋美環境維護股份有限公司,雙北,台北市,台北市內湖區,客服/業務/電商/貿易,其他服務/工商貿易,35800~35800 (period=0),月薪,35800,35800,0,0,傳統無AI,無,0,0,0,0,工作時間：07:00~16:00周休二日見紅休 工作地點：內湖區瑞光路(近港墘捷運站) ※薪資：$35800  工作內容：拖地、打掃會議室、茶水間、主管辦公室、倒垃圾、打掃廁所、巡視環境整潔  有興趣歡迎跟我們聯絡~  公司福利健全，有勞健保、6%勞退提撥，歡迎加入我們的行列，請儘速與我們聯繫
15142302,電商品類經理 E-Commerce Sales Category Manager,Yahoo_香港商雅虎資訊股份有限公司,雙北,台北市,台北市內湖區,客服/業務/電商/貿易,生技/醫療保健,面議,面議,,,1,0,傳統無AI,無,0,0,0,0,【關於我們】  Yahoo台灣電子商務是台灣B2C、B2B2C和C2C電子商務行業的領先品牌。我們的願景是關注用戶需求和體驗，致力為每個品牌、商店、賣家和買家提供能夠滿足不同需求的平台。  【關於此職位】  我們希望邀請具有潛力的業務人才加入團隊，您將與團隊中業務經理們密切合作，制定業務和商品銷售策略，以加速Yahoo台灣電子商務業務的成長並最大化收益。  【工作內容】  1. 品類經營與策略規劃 ・主導品類年度與季度營運策略制定，設定明確GMV與毛利目標，確保業績穩定成長。 ・建立完整品牌梯隊與價格帶佈局，優化商品結構與組合策略，提升整體品類競爭力與市占率。 ・持續優化公司的長期策略規劃，確
14540506,【客戶】客戶聆聽師(歡迎有經驗/無經驗/應屆畢業生),將來商業銀行股份有限公司,雙北,台北市,台北市大安區,客服/業務/電商/貿易,文教/補教培訓,面議,面議,,,1,0,傳統無AI,無,0,0,0,1,1.線上聆聽並受理客戶問題，提供銀行業務諮詢與解決方案。  2.運用數位工具（數位電話、線上文字對談、視訊平台）與客戶溝通並提供多元與友善的服務。  3.引導客戶使用自動化通路順利完成交易與服務需求，帶領客戶體驗純網銀操作便利性與效率。  4.收集並回饋客戶意見，建立良好客戶關係。  5.參與並執行專案任務，視工作表現安排儲備幹部培訓，培養管理與跨部門協作能力。
12270152,正職人員(儲備幹部),LeBeer_家程精釀有限公司,雙北,台北市,台北市大安區,客服/業務/電商/貿易,其他服務/工商貿易,32000~38000 (period=0),月薪,32000,38000,0,0,傳統無AI,無,0,0,0,0,<基礎工作內容>：  1. 接待及服務客人(包含：商品解說、酒水與餐點製作及點送餐)。 2. 店內環境清潔(包含：收桌及餐具碗盤清潔)。 3. 完成主管交辦店務與協助行銷配合案。 4. 開/閉店前後清潔及其他相關事宜。  <進階工作內容>：(儲備幹部養成計畫)  1. 學習管理店務相關事宜。 2. 庫存管理與盤點。 3. 行銷活動企劃發想及舉辦活動。  如果你(妳)自認熱情又活潑，且認真負責，了解<精釀啤酒>或對<精釀啤酒>有興趣，歡迎你(妳)來聊聊。    
15395280,10/05.10/06全球商機鏈結總動員-非洲場-英文人員*短期 打工 英文 南港*,人才天下有限公司,雙北,台北市,台北市信義區,客服/業務/電商/貿易,廣告行銷/公關顧問,200~220 (period=0),時薪折算,32000,35200,0,0,傳統無AI,無,0,1,0,0,活動名稱：10/05.10/06全球商機鏈結總動員-非洲場-英文人員 活動時間： 10/05  14:00-18:00職訓 10/06  09:00-18:00 (需全檔期配合；用餐30分鐘不計薪供餐，活動時間及崗位依照現場為主) 工作內容：協助買主廠商報到，服務諮詢、門口管制、動線引導、確認買主場次情況、登記候補，協助洽談並記錄、回收問卷、統整洽談會資料、機動支援現場事務等 活動地點：台北國際會議中心（110台北市信義區信義路五段1號） 活動服裝：黑色正式服裝(白色有領襯衫+黑長褲+黑長袖西裝外套+黑皮鞋/黑娃娃鞋) 活動薪資：職訓NT196/HR；活動NT220/HR 活動人數：5人 匯款
15399654,10/1-10/5 台北美容展-攤位工作人員,人才天下有限公司,雙北,台北市,台北市信義區,客服/業務/電商/貿易,廣告行銷/公關顧問,210~210 (period=0),時薪折算,33600,33600,0,0,傳統無AI,無,0,0,0,0,活動名稱：10/1-10/5 台北美容展-攤位工作人員 活動時間： 10/1  13:00-17:00 職訓 10/2  09:30-17:30 10/3  10:00-18:00 10/4  10:00-18:00 10/5  10:00-18:00 (需全檔期配合，中午輪流用餐休息30分鐘，供餐不計薪；活動時間及崗位依照現場為主) 工作內容：攤位接待及推廣、攤位清潔維護、產品排列及整理、協助攤位進行、機動支援等 活動地點：世貿一館（台北市信義區信義路五段五號） 活動服裝：廠商提供上衣+深色長褲+舒適包鞋 活動薪資：210/HR 活動人數：3人 匯款日期：活動結束隔月15號，遇例假日順延(1
15255746,健康諮詢師 (具健康產業經歷佳、操作AI、高抽成),宏視國際有限公司,雙北,台北市,台北市中山區,客服/業務/電商/貿易,生技/醫療保健,32000~38000 (period=4),月薪,32000,38000,0,0,傳統無AI,無,0,1,0,0,▍職缺核心（品牌與服務定位） 我們是結合現代科技的 LUXE YOUNG Health Care 智慧健康館，隸屬於英國頂級保養品牌 LUXE YOUNG。 品牌源自英國，主張由內而外的美體與健康保養。我們結合「AI 智能健康檢測」與「光能煥活、美容美體艙體課程」，為 VIP 客戶與 B 端合作夥伴提供全方位的逆齡健康管理方案。  品牌官網：https://luxeyoung.co/ 健康館資訊：https://ti-fo.com/signsbeat2/  ▍工作內容（Key Responsibilities）  【C 端客戶服務與銷售】 專業諮詢與接待：接待來店 VIP 客戶，精準了解健康與
14055885,外場服務生(薪38000起 福利優),梅村日本料理_梅村大眾食堂股份有限公司,雙北,台北市,台北市中正區,客服/業務/電商/貿易,其他服務/工商貿易,38000~9999999 (period=0),月薪,38000,38000,0,0,傳統無AI,無,0,0,0,0,1. 佈置及清理餐桌   2. 為顧客帶位或安排座位   3. 將菜單遞交顧客，答覆有關餐飲問題，必要時提供建議   4. 記錄顧客所點菜餚，並通知廚房或內場做餐送餐   5. 上菜並提供有關用餐的服務   6. 遞送帳單，請顧客付款或簽字   7. 送單點單收銀        休假制度：月休8天
11358281,"【週休二日+穩定發展】電話客服專員｜公部門勞保諮詢專線｜台北,近捷運中正紀念館站 <44C07>",程曦資訊整合股份有限公司,雙北,台北市,台北市中正區,客服/業務/電商/貿易,文教/補教培訓,34650~38000 (period=0),月薪,34650,38000,0,0,傳統無AI,無,0,0,0,0,"      加入穩定的公部門勞保諮詢專線，成為服務民眾的第一線夥伴！     您將透過電話協助解答勞保權益與申辦流程，工作內容單純、無銷售壓力。         ✔ 公部門委辦，制度完善、穩定發展         ✔ 無需經驗，提供完整培訓與話術指引         ✔ 團隊氣氛佳，適合細心、有耐心的你     誠摯邀請你一起提供專業、溫暖的服務體驗！   ✅ 工作內容     - 公部門電話服務專線，負責民眾來電問題諮詢與回覆。     - 民眾申訴後送與問題紀錄及回覆。     - 輔導投保單位辦理投保業務及答覆被保險人加保權益。  ✅ 薪資與福利     - 月薪：34,650-38,0"
15076042,康是美松饒門市(松山區)-正職人員(固定晚班),康是美_統一生活事業股份有限公司,雙北,台北市,台北市松山區,客服/業務/電商/貿易,生技/醫療保健,39000~39000 (period=0),月薪,39000,39000,0,0,傳統無AI,無,0,0,0,0,康是美是專注於美妝、保健與生活百貨的連鎖零售通路，門市遍布全臺各地。 歡迎具備服務熱忱、樂於挑戰多元任務的你加入我們，與顧客互動、創造價值，一起打造美好日常！  【你會做些什麼】 ‧ 以親切與專業協助顧客挑選適合商品，提供即時服務（商品諮詢、結帳、退換貨） ‧ 主動了解促銷活動、會員機制、信用卡優惠，幫助顧客更聰明消費 ‧ 協助補貨、商品陳列與促銷執行，維持門市高效運作 ‧ 此工作需久站及搬運商品，適合行動力強、熱情有活力的你！ ‧ 註：該班別無夜班津貼  【我們提供的】 ‧ 多元獎金制度：商品獎金、營運獎金、年終與績效獎金 ‧ 完整職涯訓練：公司提供系統化培訓  【我們希望你是這樣的夥伴】 
14463251,電話客服人員-派駐政府機構,安勝聯合有限公司,雙北,台北市,台北市中正區,客服/業務/電商/貿易,其他服務/工商貿易,34000~34420 (period=2),月薪,34000,34420,0,0,傳統無AI,無,0,0,0,0,1.接聽民眾金融相關業務諮詢電話及建檔作業 3.協助處理民眾申訴電話後續個案建(歸)檔之文書等行政工作。  ***具客服經驗或金融相關行業工作經驗者      享三節福利、久任獎金等
12558746,柯達飯店台北一店-櫃檯人員,柯達大飯店股份有限公司台北分公司,雙北,台北市,台北市中山區,客服/業務/電商/貿易,其他服務/工商貿易,34000~40000 (period=0),月薪,34000,40000,0,0,傳統無AI,無,0,1,0,0,1.訂房/住宿/退房作業 2.具學習意願、服務熱忱及笑容甜美 3.具英或日文聽、說程度 4.具飯店櫃檯經驗者佳 
15400190,【萬華區】早班門市/無經驗可/一頭班,鑫帛運動彩券行,雙北,台北市,台北市萬華區,客服/業務/電商/貿易,文教/補教培訓,31000~33000 (period=0),月薪,31000,33000,0,0,傳統無AI,無,0,0,0,0,工作內容： 1.協助店內產品銷售、講解(台灣彩劵/運動彩劵/刮刮樂) 2.操作收銀機台、處理現金收付與每日帳務結算 3.店內環境整潔維護  工作時間： 1.早班-06:30-15:30 排班方式：採一頭班  工作薪資： 1.早班 31000元   休假方式： 排休，當月六日天數+國定假日天數 約8-14天  福利提供： 1.開工/端午/中秋禮金或禮品 2.生日禮金/結婚禮金/生育禮金 3.員工聚餐/旅遊津貼  調薪方式： 1.教育訓練期滿調薪 2.季度考核調薪 
14368210,門市銷售人員,米卡服飾行,雙北,台北市,台北市信義區,客服/業務/電商/貿易,電子商務/數位零售,196~250 (period=0),時薪折算,31360,40000,0,0,傳統無AI,無,0,0,0,0,【工作內容｜門市銷售人員】  我們正在尋找對時尚穿搭充滿熱情、喜歡與人互動的你加入《米卡日系服飾》團隊！ 無經驗也歡迎，只要你樂於學習、態度積極，我們就想見到你！  ⸻  【 主要職責 】  1. 接待顧客並提供親切專業的商品介紹與銷售服務。  2. 協助處理顧客需求，如：電話諮詢、調貨、修改、包裝與退換貨。  3. 負責商品進貨、入庫登記、庫存管理與銷售記錄。  4. 商品陳列、包裝、促銷品更換及櫃位形象維護。  5. 維持門市整潔與舒適的購物環境。  ⸻  【 我們正在找的你 】  • 無經驗可，只要願意學習、親切有耐心！  • 對時尚穿搭有興趣、喜歡與人互動者優先。  • 積極正向、重視
13195290,業務代表「承攬性質、非勞動契約」,南山人壽保險股份有限公司_元捷通訊處(高翊紘經理),雙北,台北市,台北市士林區,客服/業務/電商/貿易,廣告行銷/公關顧問,面議,面議,,,1,0,傳統無AI,無,0,0,0,0,「關於保險業務員報酬部分，係依實際招攬業績(實收保險費)的比例計算。本網頁所顯示待遇部分係因欄位選項受限，故為簡要記載。」  1. 當各位求職者收到來自於本廣告之聯絡人或承辦人之聯絡訊息時，並不代表南山人壽保險股份有限公司已同意與各位求職者締結任何勞務契約關係。    2. 不論各位求職者是否已取得保險業務員資格，以及是否參加南山人壽提供相關訓練，縱已收到本廣告頁面承辦人或聯絡人之通知，然尚未與南山人壽成立任何承攬、委任、勞動、居間或其他勞務契約關係。須待各位求職者取得業務員資格，並待南山人壽執行登錄前盡職調查後，南山人壽始將回覆是否同意登錄申請及締結契約。    3. 各位求職者就本職務之應
14095758,業務經理，主任（45000-58000元）,誠和國際股份有限公司,雙北,台北市,台北市中山區,客服/業務/電商/貿易,其他服務/工商貿易,45000~58000 (period=4),月薪,45000,58000,0,0,傳統無AI,無,0,0,0,0,【客戶開發和市場拓展】開發客戶、合作對象、拓展市場。 【合作專案推廣並交涉】介紹合作方案、提供報價和展示、完成合約的議定與簽署。 【客戶關係維護】通過定期拜訪和提供優質售後服務，與現有的客戶、供應商和合作夥伴保持良好的關係。 【其他主管交辦事項】
15401453,【匯康】士林店 - 主管助理 ★ 享有業績獎金 ★ 歡迎無經驗者加入,匯康資產管理有限公司,雙北,台北市,台北市士林區,客服/業務/電商/貿易,資訊科技/軟體網路,32000~35000 (period=0),月薪,32000,35000,0,0,傳統無AI,無,0,0,0,0,【工作內容】 1.配合主管行程，協助主管日常事務處理及完成指派任務。 2.負責主管工作行程規畫安排並隨行陪同。 3.客戶問題簡易整理和回覆。 4.相關文件製作與歸檔整理(需熟悉文書作業軟體)  5.偶爾須單獨外出，需自備機車。  【員工福利】 1. 員工聚餐 2. 員工旅遊 3. 年度業績獎金 4. 全勤獎金 5. 年終獎金 6. 依公司規定享有(勞保/健保/勞退)  *無業績壓力，另有績效獎金與專案達標獎金。優秀者薪資立即調整
14831646,USTINI我挺你健康鞋 –銷售人員(大直美麗華櫃),哈卡鞋業股份有限公司,雙北,台北市,台北市中山區,客服/業務/電商/貿易,生技/醫療保健,30000~9999999 (period=0),月薪,30000,30000,0,0,傳統無AI,無,0,0,0,0,1.顧客接待與服務 2.商品銷售與推薦 3.包裝商品 4.商品陳列擺放 5.進銷存貨管理 6.維護店舖及商品清潔 7.銷售業績結算  ※品牌資訊：https://www.ustini.com.tw/
15297485,【春水堂】正職人員-台北慶城店,分盈股份有限公司,雙北,台北市,台北市松山區,客服/業務/電商/貿易,其他服務/工商貿易,43000~49000 (period=0),月薪,43000,49000,0,0,傳統無AI,無,0,0,0,0,工作視個人能力、興趣與店務需求輪調，採全崗位學習。  1.排班制/月休8天(須輪休)  2.外場服務：喜歡與人溝通互動，負責收桌/帶位/送餐/清潔維護/認識顧客  3.櫃檯接待：介紹餐點、點餐、促銷  4.吧檯調茶：調出世界級的美味茶飲  5.餐點製作、茶食製作  6.茶藝知識與泡茶學習
14076044,日系複合式品牌＞LAKOLE 全職服飾銷售人員 (大台北地區),愛德利亞台灣股份有限公司,雙北,台北市,台北市南港區,客服/業務/電商/貿易,電子商務/數位零售,33000~45000 (period=0),月薪,33000,45000,0,0,傳統無AI,無,0,0,0,0,【 LAKOLE】 結合以能在日常生活中展現開心的「楽」 和禪意中代表每一天都是美好的「日日是好日」二者而誕生  LAKOLE(楽好楽)將日常所需的服飾、生活雜貨等用品變得更好入手、更美好。 所有的美好，都是理所當然。你的生活，從LAKOLE(楽好楽)開始!  【工作內容】 1.顧客服務與銷售：提供穿搭建議、商品介紹與專業服務 2.商品管理：依流程進行商品進出庫、轉調貨與庫存盤點 3.賣場維護：確保陳列整齊、環境清潔、商品狀態良好 4.陳列調整：依檔期或活動協助商品陳列調整與賣場布置調整 5.行政作業：POS 系統操作及其他基本店務相關文書處理  【排班制度】 ．依百貨商場營業時間採排班制，排
5448285,國外業務/國貿人員,集合企業有限公司,雙北,台北市,台北市大安區,客服/業務/電商/貿易,其他服務/工商貿易,面議,面議,,,1,0,傳統無AI,無,0,1,1,0,1.	國外客戶書信聯絡：負責與國外客戶進行日常溝通與書信往來，維持良好的合作關係，並解答客戶需求問題及提供高效的服務。 2.	客戶開發與訂單管理：負責新客戶開發，並追蹤既有客戶訂單進度及出貨與帳款相關事宜，同時確保交期及生產進度符合客戶需求。 3.	工廠進度聯絡：與內部團隊及工廠保持合作，確保產品生產流程順利進行，並即時協調與處理各項生產進度相關問題。 4.	英文溝通能力：具備基本英文聽說讀寫能力，可進行日常英文書信往來、會議溝通及客戶應對。  5.	需配合短期到工廠出差，全年累積出差時間約不超過1個月。   
8018990,空運出口Sales｜空運物流業務代表,台灣航空貨運承攬股份有限公司,雙北,台北市,台北市中山區,客服/業務/電商/貿易,其他服務/工商貿易,35000~60000 (period=0),月薪,35000,60000,0,0,傳統無AI,無,0,0,1,0,每天，你將與來自世界各地的客戶接觸，協助他們將貨物準時、安全地送達目的地。你不只是業務，更是國際物流的導航員，串連全球、創造價值。  我們是一家專業的航空貨運承攬業者，提供高效率、高可靠性的物流解決方案。現在，我們正在尋找一位擅長溝通、勇於挑戰的業務夥伴，一起拓展市場、建立長期合作關係。  【工作內容】 1.開發進出口客戶，拓展市場版圖，達成業績目標 2.定期拜訪重要客戶，維繫穩定且良好的合作關係 3.負責國內業務接洽，並協助處理進出貨相關事宜 4.編製報價單，處理帳務回收與相關行政作業 5.協助完成主管交辦事項，確保業務流程順暢  如果你勇於挑戰高獎金、具備良好抗壓能力，我們誠摯邀請你加入團
14671864,"【台北寧夏店】倉管員(薪資$36,380(含加班費/津貼/月休8天))",九乘九文具股份有限公司,雙北,台北市,台北市大同區,客服/業務/電商/貿易,電子商務/數位零售,36379~36379 (period=2),月薪,36379,36379,0,0,傳統無AI,無,0,0,0,0,【工作內容】 1.負責賣場之進出貨.退貨.理貨及撿貨等相關倉管工作 2.驗收貨運商品並對點與驗收物流公司寄送貨物 3.倉庫退貨、寄送商品管理、清點盤存作業 4.驗貨區環境整理、清潔維護 5.分店調撥管理、客詢處理 6.賣場商品前置作業處理與協助貼標籤  【班別及休假】 1.早、中8小時輪班，月休8-10天。 2.一個月會有7天需加班1小時。 # 月薪含加班費/津貼，依實際班表與出勤核算。
15147102,業務代表「承攬性質、非勞動契約」,南山人壽保險股份有限公司_重隼通訊處(陳宇麟),雙北,台北市,台北市中正區,客服/業務/電商/貿易,廣告行銷/公關顧問,面議,面議,,,1,0,傳統無AI,無,0,0,0,0,(1) 「關於保險業務員報酬部分，係依實際招攬業績（實收保險費）的比例計算。本網頁所顯示待遇部分係因欄位選項受限，故為簡要記載。」。  (2) 當各位求職者收到來自於本廣告之聯絡人或承辦人之聯絡訊息時，並不代表南山人壽保險股份有限公司已同意與各位求職者締結任何勞務契約關係。  (3) 不論各位求職者是否已取得保險業務員資格，以及是否參加南山人壽提供相關訓練，縱已收到本廣告頁面承辦人或聯絡人之通知，然尚未與南山人壽成立任何承攬、委任、勞動、居間或其他勞務契約關係。須待各位求職者取得業務員資格，並待南山人壽執行登錄前盡職調查後，南山人壽始將回覆是否同意登錄申請及締結契約。  (4) 各位求職者就本
15403109,北區業務營運專員,蓓蕾莉生技股份有限公司,雙北,台北市,台北市內湖區,客服/業務/電商/貿易,生技/醫療保健,40000~50000 (period=0),月薪,40000,50000,0,0,傳統無AI,無,0,0,0,0,工作內容  您將協助業務團隊處理日常銷售營運及客戶相關作業，並作為業務與公司內部各部門的重要協調窗口。  處理客戶報價、訂單、合約及相關銷售文件。 追蹤訂單、出貨及客戶需求進度，並協調內部相關部門完成作業。 負責醫院／診所寄售、借出品及醫材相關行政流程與紀錄追蹤。 建立及維護客戶基本資料、交易紀錄與相關文件。 協助業務處理產品試用、樣品及相關資料，並主動追蹤後續進度。 彙整日／週／月銷售資料及業績報表，確保資料正確並準時提供。 主動追蹤未完成事項、客戶需求及跨部門待辦事項，直至完成。 協助業務團隊其他日常銷售營運及行政工作。 完成主管交辦事項。
14953001,【西門捷運站】【9:30才上班】【週休六日，見紅休】外商電話內勤/均薪40K起/完整培訓(還有受訓津貼)-JO,展燁國際人事顧問有限公司,雙北,台北市,台北市大同區,客服/業務/電商/貿易,文教/補教培訓,34500~50000 (period=0),月薪,34500,50000,0,0,傳統無AI,無,0,0,0,0,"⭐外商體系純內勤⭐ ⭐新人獎金取得容易，月薪40K↑不是夢⭐  【上班時間】9:30–18:30（含1小時休息） 【休假制度】週休六日、國定假照休、遇停班停課也同步休假 【薪資組成】底薪＋新人補助5,000（前6個月達標即可領）＋無門檻獎金 　　　　　　新人平均薪35k～50k  【工作內容】1.電話拜訪客戶，產品介紹及解說。                         2.公司提供既有客戶名單，無需陌生開發、不需外勤拜訪。                         3.客戶問題說明；客戶購買意願確認。  【地點】（都在捷運站附近）  【福利項目】見紅就休 　　　　　　年終獎金至少兩"
15215159,【新展店】【不老松足湯養身行館】台北大直店-小中班櫃台及外場服務人員,手舞足道休閒餐旅事業集團北區_不老祿健康事業有限公司,雙北,台北市,台北市中山區,客服/業務/電商/貿易,生技/醫療保健,35100~37000 (period=0),月薪,35100,37000,0,0,傳統無AI,無,0,0,0,0,**開幕前將安排北部不老松新生、不老松信義門市受訓 **如業績達標，另有績效津貼!!  1.外場接待帶位、餐飲服務等，提供優質的顧客服務。 2.接聽電話、預約處理、電腦拉牌作業、櫃檯基本文書、結帳等相關作業。 3.店內外環境維護及餐區桌面整理清潔等。 4.配合公司行銷活動推廣。 5.執行主管交辦其他任務等等。 6.輪班、排休制。提供班次津貼。  歡迎有企圖心達成該班次團隊之公司營業目標者
15398504,資材部-採購助理,尚立股份有限公司,雙北,台北市,台北市內湖區,客服/業務/電商/貿易,其他服務/工商貿易,38000~42000 (period=3),月薪,38000,42000,0,0,傳統無AI,無,0,0,1,0,1. 執行採購相關作業，包含 : 供應商管理、採購單開立、交期確認。 2. 廠商帳款請款作業 3. 進出口相關工作。 4. 主管交辦事項。 
15381577,【擴編】AI 課程銷售顧問|純內勤|無上限獎金|均薪獎７萬|完整教育訓練,睿富文化股份有限公司,雙北,台北市,台北市中正區,客服/業務/電商/貿易,文教/補教培訓,30000~9999999 (period=0),月薪,30000,30000,0,0,傳統無AI,無,0,1,0,0,站在 AI 浪潮最前端，協助客戶升級核心競爭力！ 我們提供專業的前沿「AI 應用與轉型課程」。在這裡，你不需要盲目推銷，而是透過溫暖、專業的諮詢，協助客戶解決痛點並規劃合適的學習路徑。  ★【工作內容】★ 專業諮詢： 透過電話/線上通訊/面談 聯繫客戶，了解 AI 導入需求並推薦合適課程。 客製規劃： 安排 1 對 1 課程諮詢，協助學員制定專屬職涯與學習計畫。 名單管理： 靈活記錄學員資訊並追蹤反饋，維持精準的售後服務品質。 團隊合作： 告別惡性競爭，與團隊互助共享經驗，共同達成業績目標。 產品優化： 收集第一線市場反饋，協助團隊優化課程內容與競爭力。  ★【徵才條件】★ 經驗不拘： 歡迎無
13850692,【蝦皮總部】辦公室內勤 | 近捷運站 | 月薪42000【客服人員】無業績壓力 | 穩定工時 | 週休二日 TO,新加坡商立福人事顧問有限公司台灣分公司,雙北,台北市,台北市中正區,客服/業務/電商/貿易,電子商務/數位零售,42000~42000 (period=0),月薪,42000,42000,0,0,傳統無AI,無,0,0,0,0,＊專業培訓機制＊ ！社會新鮮人佳！   【工作內容】 - 多管道客戶服務： 負責蝦皮購物平台之買家與賣家問題回覆（包含即時文字線上對談、電話客服管道）。 - 客訴與問題解決： 發揮高度文字靈敏度與同理心，協助用戶排除交易、物流、系統操作等疑難雜症。 - 跨團隊支援： 依據專案與流量需求，偶爾需進行跨服務管道（文字/電話）之交互彈性支援。 - 客戶體驗優化： 蒐集並反映用戶反饋，協助內部團隊優化平台服務流程。   【教育訓練】 - 新人培訓期： 入職後享有 2~4 週完整專業教育訓練，訓練期間固定週休六日、固定早班（09:00 - 18:00），讓您安心上手！   【上班時間】 - 早班時段： 
14039079,客服行政兼職人員（長短期均可，短期需至26年年底）,台灣密思服務顧問有限公司,雙北,台北市,台北市松山區,客服/業務/電商/貿易,其他服務/工商貿易,196~196 (period=0),時薪折算,31360,31360,0,0,傳統無AI,無,0,1,0,0,★工作期間： 1.每月排班：至少100小時，至多150小時 (1)每週排定4天出勤 (2)固定每週一及五至少排7小時（至多8小時）  2.每日工作時間： (1)週一至五 10:00 - 19:30間任選7-8小時 (2)午休1小時，時間可自選  3.本職缺原則為長期，短期則至少需三個月  ★工作內容： 1.電話接聽與聯絡；信件回覆： (1)回覆神秘客調查相關詢問事宜 (2)協助神秘客招募 (3)協助追蹤神秘客調查進度  2.支援問卷審核及文書作業（1.工作量較少時須支援）： (1)確認問卷附件及內容 (2)資料查詢、鍵入、下載、歸檔等 (3)文章修飾、校正、矛盾確認  3.其他主管交辦事項  
15405413,客戶體驗大使｜每週30小時｜固定班別,克服瑜伽有限公司,雙北,台北市,台北市大安區,客服/業務/電商/貿易,其他服務/工商貿易,35000~9999999 (period=3),月薪,35000,35000,0,0,傳統無AI,無,0,0,0,0,喜歡瑜伽、喜歡和人相處，也想要一份生活平衡的工作？  如果你有 2 年以上客戶服務或銷售經驗，喜歡與人互動，也在意服務品質，這份工作可能很適合你。  這是一份每週 30 小時的全職工作，固定班別、不需輪班。  KRAVE YOGA 正在尋找一位【客戶體驗大使】，成為客戶來到 KRAVE 時第一個遇見、也是一路陪伴他們的人。你會在這個職位中負責讓每一位客戶，從第一次體驗到長期會員，都感受到「被看見」以及高品質、細緻的服務。  【你會負責什麼？】 1. 客戶服務：提供高品質、細緻且個人化的客戶服務，理解並處理客戶需求。 2. 顧問式銷售：透過提問、傾聽與了解客戶的需求、生活習慣與練習目標，協助客戶
15034124,成交師 ,碳水堂有限公司,雙北,台北市,台北市大安區,客服/業務/電商/貿易,其他服務/工商貿易,面議,面議,,,1,0,傳統無AI,無,0,0,0,0,多數人以為 ， 成交靠的是天賦 、 口才 、 或是人脈  全錯  過去半年 ， 我們孵化了 180+ 位創作者達成 「 個人品牌真實變現 」 把一群 「 想做自媒體但不知道怎麼變現 」 的人 ， 變成真正有收入的創作者 靠的不是靈感 ， 而是一套極其無聊 ， 但極其有效的系統  這套系統的核心是 ： 找到他們卡在哪裡 → 給他們看得到的解法 → 讓他們決定要不要改變  99% 的人會在第 2 週放棄 因為太無聊了 每天打 10 - 25 通電話 、 每天被拒絕 、 每天重複同樣的流程 但這就是普通人跟印鈔機的差別 如果你想成為印鈔機 ， 那就繼續往下讀  【 這份工作每天在做什麼 ？ 】 階段
15298896,【春水堂】正職人員-信義遠百店,分盈股份有限公司,雙北,台北市,台北市信義區,客服/業務/電商/貿易,其他服務/工商貿易,44000~47000 (period=0),月薪,44000,47000,0,0,傳統無AI,無,0,0,0,0,工作視個人能力、興趣與店務需求輪調，採全崗位學習。  1.排班制/月休8天(須輪休)  2.外場接待：喜歡與人溝通互動，負責收桌/帶位/送餐/清潔維護/認識顧客  3.櫃檯接待：介紹餐點、點餐、促銷  4.吧檯調茶：調出世界級的美味茶飲  5.餐點製作、茶食製作  6.茶藝知識與泡茶學習
14638789,健康管理師(具美容經驗、操作AI、高抽成),宏視國際有限公司,雙北,台北市,台北市中山區,客服/業務/電商/貿易,生技/醫療保健,32000~38000 (period=4),月薪,32000,38000,0,0,傳統無AI,無,0,1,0,0,▍職缺核心（品牌與服務定位） 我們是結合現代科技的 LUXE YOUNG Health Care 智慧健康館，隸屬於英國頂級保養品牌 LUXE YOUNG。 品牌源自英國，主張由內而外的美體與健康保養。我們結合「AI 智能健康檢測」與「光能煥活、美容美體艙體課程」，為 VIP 客戶提供全方位的逆齡健康管理方案。 品牌官網：https://luxeyoung.co/ 健康館資訊：https://ti-fo.com/signsbeat2/  ▍工作內容（Key Responsibilities） 【美容實操與舊客經營】 舊客深度維護：用心經營並耗用 LUXE YOUNG 既有舊客資源，進行長期健康
13613369,USTINI我挺你健康鞋 – 銷售人員(南港CityLink),哈卡鞋業股份有限公司,雙北,台北市,台北市南港區,客服/業務/電商/貿易,生技/醫療保健,30000~9999999 (period=2),月薪,30000,30000,0,0,傳統無AI,無,0,0,0,0,1.顧客接待與服務 2.商品銷售與推薦 3.包裝商品 4.商品陳列擺放 5.進銷存貨管理 6.維護店舖及商品清潔 7.銷售業績結算  ※品牌資訊：http://www.ustini.com.tw/
15378455,業務助理,至鴻股份有限公司,雙北,台北市,台北市中正區,客服/業務/電商/貿易,其他服務/工商貿易,35000~45000 (period=0),月薪,35000,45000,0,0,傳統無AI,無,0,0,1,0,歡迎有責任感、細心、積極的你加入我們。  【工作內容】 1. 協助業務人員的工作與行政作業。 2. 客戶後勤應對、國外廠商聯繫、訂單、庫存、出貨/進貨與倉庫人員配搭、發票、客戶帳款/結帳/沖帳。                   3. 熟悉國際貿易、進出口、logistics事宜。 4. 配合倉庫人員庫存稽核盤點。 5. 完成主管交辦事項。  
13717447,【DRCYJ全方位美學集團】-頭皮管理師(北區)-底薪+獎金無上限,曜胜生技股份有限公司,雙北,台北市,台北市大安區,客服/業務/電商/貿易,生技/醫療保健,36000~100000 (period=0),月薪,36000,100000,0,0,傳統無AI,無,0,0,0,0,--應徵前請先至「DRCYJ全方位美學集團」官網認識我們-- DRCYJ全方位美學集團官網介紹：https://drcyjhcc.com.tw/   = CYJ 源自Charming迷人、Young年輕、Joyful快樂 = 1.團隊組織年輕、活潑、開朗，好的想法皆可討論並採納，不怕才華被埋沒 2.組織升遷計畫透明，每關評核都清楚明瞭，從基層培育到店主管訓練，札實訓練不馬虎 3.勇敢追夢，想證明自己能力及自我實現者，都非常歡迎你與我們一起打拼   【好康福利】  ◆每月業績(加碼)獎金、特殊獎金、三節禮金、年終績效獎金  ◆基本勞健保、免費提撥6%勞退、免費提供員工制服、員購福利 ◆不定期的免
14577409,業務人員(台北),馬克租屋有限公司,雙北,台北市,台北市中山區,客服/業務/電商/貿易,文教/補教培訓,面議,面議,,,1,0,傳統無AI,無,0,0,0,0,【公司特色】 不用擔心沒經驗，有好相處的學長姊一對一手把手帶著你到可以獨立作業 也不用擔心賺不到錢，我們的業務平均三天就可以成交一筆 你甚至不用擔心你沒有客戶，我們客戶真的很多，只要你善用公司資源，絕對賺得到錢   《租賃》不等同於不動產《買賣》 只要你有目標，這邊一定可以幫助你找到對的方向 我們是正在成長的團隊，歡迎你一起加入 想找一樣有目標且自律想賺到錢的夥伴 團隊有分支兩種路線，可以讓你快速的了解你自己的方向  【工作性質】 1.不動產租賃開發及市調 2.利用公司資源媒合客戶 3.幫助客戶解答不動產租賃問題 4.回訪客戶，了解客戶淺在需求 5.熟悉租賃相關條款與注意事項 6.主攻雙北市區
15169615,總公司汽車業助(需會開車/有手排駕照佳),鼎煜食品有限公司,雙北,台北市,台北市內湖區,客服/業務/電商/貿易,其他服務/工商貿易,30000~9999999 (period=2),月薪,30000,30000,0,0,傳統無AI,無,0,0,0,0,1.了解車輛性能配備 2.車輛拍攝與上網刊登 3.協助廠商工作事項對應 4.完成主管、業務交辦事項 5.行政作業
15405637,【GAGA Plushie】A8｜手作老師（長期兼職）,怪獸星球有限公司,雙北,台北市,台北市信義區,客服/業務/電商/貿易,文教/補教培訓,196~200 (period=0),時薪折算,31360,32000,0,0,傳統無AI,無,0,0,0,0,＊A8於12/28 開幕，開幕前須至忠孝旗艦店進行培訓。  【工作內容】 ．負責現場專業的教學與製作 ．準備教學道具及所需原料，確保每堂課順利進行。 ．商品銷售、店舖維護及商品清潔。  【加分條件】 ．擁有熱情活力、大方的態度，活潑開朗的性格。 ．主動積極，具學習熱忱。 ．對手作有濃厚興趣，或具有鉤針專業與美術相關經驗者更佳。  【排班方式】 ．每次排班 4～6 小時 ．平日、假日皆可彈性排班者尤佳
15358116,業務助理（商務專員）,奧星台灣有限公司,雙北,台北市,台北市中山區,客服/業務/電商/貿易,其他服務/工商貿易,40000~9999999 (period=0),月薪,40000,40000,0,0,傳統無AI,無,0,0,0,0,崗位職責 1-負責商機及投標全流程支援工作，負責供應商資質審查、投標文件製作與管理、投標保證金辦理、平臺投標全流程操作，保障投標工作合規高效完成。							 2-負責合同全生命週期管理，完成合同文本起草、完善、評審簽訂、系統錄入與分包合同拆分立項，同步完成合同蓋章、郵寄、歸檔；外借管理與相關人員通知工作。							 3-負責合同開票與收款全流程操作，發起開票申請，通知財務開票並轉交發票、預付款或履約保函辦理申請及資訊提供、應收款認領、外匯結匯資料提供等工作，同步做好相關單據歸檔與記錄。							 4-負責應收賬款流程管理，制定月度回款計畫、核對專案進度與回款資料、組織回款情況彙報，
15163423,特休15天｜45000+獎金『電話客服』外商正職｜年終獎金【知名電商】JX,康彼斯顧問股份有限公司,雙北,台北市,台北市松山區,客服/業務/電商/貿易,電子商務/數位零售,45000~9999999 (period=0),月薪,45000,45000,0,0,傳統無AI,無,0,1,1,0,"✨ 實體辦公｜月薪 45,000 元＋獎金 排班＋輪班：07:00–16:00／14:00–23:00 依營運需求於 07:00–23:00 時段內安排班別。 ✨統一 9/14報到   簡介 台灣和韓國都是全球零售市場中增長最快的經濟體之一，Coupang酷澎是韓國前三大的的企業，韓國規模大概10萬人以上，來台灣大概三四年左右，主打「火箭速配」和「火箭跨境」服務，用高性價比和快速到貨為顧客帶來優質商品。  【工作內容】 1.有電話以及線上文字經驗 2.反應佳能即時線上與客戶溝通 3.可配合輪班，8am-10pm daily (包含週末及國定假日） 4.居家上班需要有良好且安靜的網路以及環境  "
15390154,散雜貨OP人員,中國遠洋企業股份有限公司,雙北,台北市,台北市中山區,客服/業務/電商/貿易,其他服務/工商貿易,36000~40000 (period=0),月薪,36000,40000,0,0,傳統無AI,無,0,0,1,0,1、船務OP操作。 2、連繫船東及客戶。 3、帳務處理作業。 4、彙整船期資料。 5、具服務熱忱，細心、負責任、穩定性高。 6、其他上級主管交辦工作。
15109474,北區醫療銷售業務(需自備汽車),鏵甡企業有限公司,雙北,台北市,台北市大安區,客服/業務/電商/貿易,生技/醫療保健,面議,面議,,,1,0,傳統無AI,無,0,0,0,0,1.與客戶建立起良好互動  2.充實自我專業知識並將它正確的轉給客戶  3.完成公司所訂立之業務目標  4.服務對象:區域級以上公/私立醫院  5.業務地區:台北市/新北市/新竹
14950776,門市店長（松菸文創店）,喜樂紅豆餅_喜諾亞商業開發有限公司,雙北,台北市,台北市信義區,客服/業務/電商/貿易,文教/補教培訓,37500~9999999 (period=0),月薪,37500,37500,0,0,傳統無AI,無,0,0,0,0,1. 監督和管理店面日常運營  2. 提供良好的客戶服務以及解決客戶問題  3. 管理和培訓員工，並確保他們遵守公司政策和程序  4. 確保店面的清潔、整潔和安全  5. 與供應商和其他合作夥伴聯繫，確保補貨和物流準時  6. 監督庫存和銷售數據，制定相應的銷售和營銷策略    連鎖店管理人員在公司中扮演重要角色，負責監督和指導員工，確保業績和客戶滿意度達到公司標準。此職位提供豐富的發展前景，包括晉升為區域經理或其他高層管理職位的機會。  如果您符合上述要求並對該職位感興趣，請提交您的申請。
13398496,業務助理/會計助理,愛笙企業有限公司,雙北,台北市,台北市松山區,客服/業務/電商/貿易,其他服務/工商貿易,面議,面議,,,1,0,傳統無AI,無,0,0,0,0,訂單與出貨管理：處理客戶訂單、製作報價單、出貨單與發票，並安排物流與追蹤交期。 客戶與廠商聯繫：回覆客戶基本詢價、確認產品交期，並協調跨部門處理客訴或帳款問題。數據與檔案維護：整理並更新交易紀錄，以及彙整業績與銷售報表。 行政庶務支援：處理部門日常文書、會議記錄、檔案歸檔及主管交辦事項     
13644095,【DRCYJ全方位美學集團】-行政櫃台(北車店),曜胜生技股份有限公司,雙北,台北市,台北市中正區,客服/業務/電商/貿易,生技/醫療保健,32000~37000 (period=0),月薪,32000,37000,0,0,傳統無AI,無,0,0,0,0,--應徵前請先至「DRCYJ全方位美學集團」官網認識我們-- DRCYJ全方位美學集團官網介紹：https://drcyjhcc.com.tw/    = CYJ 源自Charming迷人、Young年輕、Joyful快樂 = 1.團隊組織年輕、活潑、開朗，好的想法皆可討論並採納，不怕才華被埋沒 2.組織升遷計畫透明，每關評核都清楚明瞭，從基層培育到店主管訓練，札實訓練不馬虎 3.勇敢追夢，想證明自己能力及自我實現者，都非常歡迎你與我們一起打拼   【好康福利】  ◆每月店績獎金、特殊(加碼)獎金、三節禮金、年終績效獎金   ◆基本勞健保、免費提撥6%勞退、免費提供員工制服、員購福利 ◆不定期
14278200,F45信義健身房 - 會員顧問｜電話行銷,F45信義店_新榮恩資產管理有限公司,雙北,台北市,台北市信義區,客服/業務/電商/貿易,生技/醫療保健,30000~120000 (period=0),月薪,30000,120000,0,0,傳統無AI,無,0,0,0,0,大家好！我們是F45 信義的團隊！  F45 是一套功能性團體訓練系統，結合心肺、力量與高強度間歇訓練。 在這裡，我們想做的不只是「賣健身會籍」， 而是讓更多人真正踏出第一步，開始運動改變他們的生活！  我們正在尋找一位 喜歡與人互動、願意主動溝通，也享受達成目標成就感的夥伴！ 公司會提供已經對 F45 有興趣的潛在客戶名單 你需要了解他們的需求、介紹 F45，並邀請他們實際來體驗。  如果你不排斥電話溝通、喜歡與人聊天， 也希望自己的努力可以直接反映在收入上， 加入我們吧！  【工作內容】 1. 聯繫對 F45 有興趣的潛在客戶（公司提供名單） 2. 電話／訊息介紹課程並了解客戶需求 3. 
15107639,錢櫃忠孝店-日班月薪服務人員【任職滿6個月可領取留任獎金18000元】,錢櫃企業股份有限公司忠孝分公司,雙北,台北市,台北市大安區,客服/業務/電商/貿易,其他服務/工商貿易,31900~36900 (period=0),月薪,31900,36900,0,0,傳統無AI,無,0,0,0,0,●具服務熱忱，負責現場顧客接待、餐飲服務等工作 ●缺額時段：08:00~17:00、13:30~22:30(假日需輪至02:00) ●休假天數：週休二日+國定假日(排休制) ●每日工時：8小時(不含休息用餐1小時) ●依營運配合加班：依勞基法給付加班費 ●月薪內含浮動薪資-出勤獎勵金2400元
15341520,外場正職(35K起)-【GOHAN御飯食事处】,GOHAN 御飯食事处_萬達奕餐飲有限公司,雙北,台北市,台北市大安區,客服/業務/電商/貿易,其他服務/工商貿易,35000~9999999 (period=0),月薪,35000,35000,0,0,傳統無AI,無,0,0,0,0,GOHAN是以好吃的米飯自豪的日式定食店， 歡迎有活力、有想法的你，跟我們一起把食物的溫暖傳遞給更多的人～～  外場夥伴 〖工作內容〗 1.負責顧客帶位、點餐、送餐、櫃台結帳  2.於客人用餐完畢後，負責收拾碗盤與清理桌面  3.門市打掃與清理，進行環境清潔服務   〖工作時間〗 1.中午11:00-14:30、下午17:00-21:30 2.下午空班時間自由運用 3.月休8天，排休、週休   〖公司福利〗 1.供應中餐晚餐，而且員工餐超級好吃 2.生日禮金、三節獎金 3.夥伴來店用餐9折優惠 4.工作環境氣氛融洽，歡迎加入GOHAN大家庭～
15301366,(見紅休)(給力大碗-興安店)-正職儲備幹部,給力盒子/給力大碗_耕拾堂實業股份有限公司,雙北,台北市,台北市松山區,客服/業務/電商/貿易,生技/醫療保健,35000~50000 (period=0),月薪,35000,50000,0,0,傳統無AI,無,0,0,0,0,"《《工作內容》  * 餐點製作與備料：醃肉、洗菜、切菜、煎蛋等 * 煮飯、貢丸湯及滷油豆腐等簡易烹調 * 食材復熱、雞腿烤製等餐點準備 * 餐盒包裝及出餐 * 櫃檯點餐、結帳及電話接單 * 視現場需求協助外送 * 環境清潔與整理 * 食材及物資盤點、叫貨管理  《上班時間》  上班時間：09:30～19:30 統一休息時間：14:00～16:00  《營業時間》  上午｜10:30～14:00 下午｜16:00～19:20  《薪資》 -底薪35,000起 （如具餐飲相關經驗，並能於一個月內獨立作業、協助團隊運作，得由主管另行提報提前調整薪資）  《工作地點與休假》 -工作地點：給力大碗-興安"
11905488,客務業務專員(台北營業處),億宏科技資訊有限公司,雙北,台北市,台北市大同區,客服/業務/電商/貿易,資訊科技/軟體網路,80000~9999999 (period=0),月薪,80000,80000,0,0,傳統無AI,無,0,0,0,0,"在這個行業裡，不限經驗、不限科系、努力就能收穫高於10萬以上的收入， 我們提供的不只是一個工作，而是一份可挑戰的高薪事業， 歡迎有熱誠的各位來挑戰""百萬年薪""。  提供各項不動產、房屋、土地買賣相關業務。"
15328869,【韓國美妝保養品】台灣分公司客服人員,台灣卡麗斯有限公司,雙北,台北市,台北市信義區,客服/業務/電商/貿易,電子商務/數位零售,40000~9999999 (period=0),月薪,40000,40000,0,0,傳統無AI,無,0,0,0,0,我們正在尋找一位積極、細心且具備良好溝通能力的夥伴，與我們一起提供優質的客戶服務，提升顧客滿意度，並持續優化服務流程。  【工作內容】 • 維繫台灣地區客戶關係，提供專業且即時的客戶服務。 • 接聽客服專線，受理客戶諮詢與客訴案件，並完整記錄處理內容。 • 協助客戶解決問題，必要時與相關部門協調並追蹤案件進度。 • 提供產品資訊、服務內容及申辦流程說明。 • 協助處理日常行政事務及主管交辦事項。 • 妥善應對突發狀況，具備良好的應變與問題解決能力。 • 主動蒐集客戶回饋，發掘服務流程或營運上的改善機會，並提出具體建議。  【工作時間與休假制度】 • 營運時間：週一至週六 10:00–19:00
12034890,台北101 - 品牌工讀生(長期或短期皆可),Michael Kors _香港商邁克爾高司有限公司台灣分公司,雙北,台北市,台北市信義區,客服/業務/電商/貿易,其他服務/工商貿易,210~210 (period=0),時薪折算,33600,33600,0,0,傳統無AI,無,0,0,0,0,1. 協助庫存及所有店務相關工作 2. 商品/貨品的運送及收發管理 3. 協助正職人員處理臨時性店上事務 4. 假日可全時段配合排班
14915446,門市銷售人員(京站百貨),織彩股份有限公司,雙北,台北市,台北市大同區,客服/業務/電商/貿易,其他服務/工商貿易,32000~40000 (period=3),月薪,32000,40000,0,0,傳統無AI,無,0,0,0,0,"*尼莫選物 Nimo Finding｜門市人員招募 *  優質機能服飾品牌《尼莫選物》誠徵快閃櫃門市夥伴！ 如果你喜歡與人互動、熱愛穿搭、做事細心，我們歡迎你加入！  加入我們，成為懂質感的時尚夥伴！  熱愛與人互動、注重細節的你，就是我們在找的人！  工作地點 京站百貨B2樓層（尼莫選物門市） 檔期:2026 / 10 / 31 ～ 2026 / 12 / 30  工作時間 每日 8 小時（依百貨營業時間，排班制）, 月休8天 本職缺為需可配合假日排班。  工作內容 ・門市接待與商品介紹 ・櫃檯結帳作業 ・商品整理、補貨、陳列 ・維持門市整潔形象  我們希望你 1.態度親切、笑容自然 2.積"
14746048,業務行政,利泰國際建設股份有限公司,雙北,台北市,台北市松山區,客服/業務/電商/貿易,其他服務/工商貿易,45000~55000 (period=3),月薪,45000,55000,0,0,傳統無AI,無,0,0,0,0,1. 具備建設公司業務及客服經驗 2. 土地、房屋買賣文書作業與契約簽定事務。 3. 房屋售後服務處理。 4. 負責收發公文並處理會簽文件。 5. 負責交屋、客變、收款等業務。 6. 銀行、代書事務協辦。 7. 社區區權招集召開與管委會成立等事務。 8. 房地產資訊的蒐集與會報。 9. 其他主管交辦事項。
12620089,國外部專員,展茂運通股份有限公司,雙北,台北市,台北市大安區,客服/業務/電商/貿易,其他服務/工商貿易,45000~55000 (period=0),月薪,45000,55000,0,0,傳統無AI,無,0,0,1,0,1.海空運進出口作業流程處理與配合 2.與國外分公司及國內客戶的聯繫與溝通 3.提供客戶報價及相關e-mail信件回覆與處理 
13608682,國貿助理,達翌有限公司,雙北,台北市,台北市中山區,客服/業務/電商/貿易,其他服務/工商貿易,40000~50000 (period=0),月薪,40000,50000,0,0,傳統無AI,無,0,0,1,0,1.　輸入、處理並追蹤訂單，將訂單資料存檔備份。 2.　國內外產品詢價與開發產品詢價、比價，交期跟催。 3.　採購作業及庫存管理 ，工廠進貨作業。 4.　採購資料整理與維護。 5.　供應商溝通、協調。 6.　協助處理庶務性行政工作。 7.　其他主管交辦事項。  此職位需要細心、擅長溝通、對數字敏感之特質，歡迎新鮮人加入。
10885211,數位行銷開發顧問,恩群數位行銷有限公司,雙北,台北市,台北市信義區,客服/業務/電商/貿易,生技/醫療保健,30590~140000 (period=0),月薪,30590,140000,0,0,傳統無AI,無,0,0,0,0,「我們不找電話機器人，我們在找能聽懂老闆心聲的成長顧問。」  拒絕傳統盲打！恩群數位深耕 7 年，穩定數據開發流程，幫你精準對頻中小企業痛點，讓業務開發不再像大海撈針。  ❰選擇恩群的 3 大理由❱  ●真實生活平衡 09:30 - 17:30 準時下班。老闆極度重視家人，我們只拚效率、不拚加班。 ●回饋超有感 保障底薪不倒扣 + 無天花板高額獎金。讓你的物慾成為賺錢的動力！ ●專業轉型 提供完整培訓，讓你從純業務轉型為懂 Google SEO/SEM 的數位行銷專才。   ❰工作內容❱ （內勤電銷，不需奔波）  ●精準開發 篩選高價值名單，針對中小企業推廣數位行銷方案。 ●痛點診斷 分析數據
13689195,《北二區》社會住宅包租代管擴大徵才 專業培訓+高奬金+被動收入+晉升透明,星華股份有限公司,雙北,台北市,台北市萬華區,客服/業務/電商/貿易,文教/補教培訓,5000~200000 (period=0),面議,,,1,0,傳統無AI,無,0,0,0,0,#新興趨勢產業社會住宅包租代管及傳統租賃開發與招租-領雙份收入及代管費~ #人就是自己多想才不敢踏出第一步，我們都需要彼此一起賺更多的錢 #給年輕的你一個機會創造未來，不論如何我會扛著你一起 #給社會精英的你一個發光發熱的舞台，讓我帶你一起成長 #讓職涯多了斜槓專業，所有不動產精華傾囊相授不私藏，告訴你老闆是如何賺錢 #不要再辛苦兼雙職務，我們帶你領雙收入 #給很努力卻賺得不夠的你，一個突破成長的機會，包你終身受用  選擇比努力重要，選對行業的關件 1. 市場成長空間大，不動產最夯的工作內容 2. 全台唯一不需收取任何服務費的業務類工作 3. 完整教育訓練，主管手把手陪你去實戰簽約 4. 薪資
15256487,北部停車場管理員,藶峰有限公司,雙北,台北市,台北市信義區,客服/業務/電商/貿易,其他服務/工商貿易,35000~9999999 (period=0),月薪,35000,35000,0,0,傳統無AI,無,0,0,0,0,1.  收費結帳。 2.  承辦月租作業。 3.  場區巡視作業及環境維護。 4.  簡易設備故障排除。 5.  處理停車場客戶問題及突發事件處理。 7.  主管交辦事項執行。 8. 歡迎無經驗，但有意願熱忱者優先錄取。  **排  班  制：上班時段依分配之場地作業 **工作點：台中以北至宜蘭不分區  
15405476,運動經紀｜球員商業開發專員,悍創運動行銷股份有限公司,雙北,台北市,台北市南港區,客服/業務/電商/貿易,廣告行銷/公關顧問,面議,面議,,,1,0,傳統無AI,無,0,0,0,0,1.	球員經紀與品牌經營： 掌握球員特色、專業能力與市場定位，規劃長期個人品牌策略，並協助處理職涯相關事務。 2.	商業開發與提案： 開發企業品牌、廣告商、媒體及異業夥伴，拓展代言、贊助、活動出席、內容製作與跨界合作機會。 3.	合約與商務洽談： 負責合作提案、報價、條件協商與合約洽談，兼顧球員、品牌及公司的權益。 4.	品牌行銷與內容合作： 結合球員定位與市場需求，規劃社群經營、品牌曝光及內容合作，並與行銷、內容及公關團隊協作。 5.	專案管理與執行： 統籌合作專案、球員行程、拍攝與活動安排，追蹤進度並處理突發狀況，確保專案順利完成。 6.	關係經營： 維繫球員、品牌與合作夥伴關係，掌握需求
15403079,婚紗門市顧問｜無經驗可培訓,念念婚紗＿念念婚禮有限公司,雙北,台北市,台北市中山區,客服/業務/電商/貿易,文教/補教培訓,32000~60500 (period=3),月薪,32000,60500,0,0,傳統無AI,無,0,0,0,0,你對「美」的產業有興趣嗎？  我們是陪伴每一位新娘，找到命定婚紗的重要角色。  在念念，我們重視的不只是服務熱忱，也希望每一位夥伴都具備主動、企圖心與成長意識。  細膩、耐心、熱情、負責、謹慎、溫暖，是我們很重視的特質；但除了喜歡婚紗產業之外，我們也期待妳能對自己的業績負責、勇於挑戰目標，並在每一次服務與成交中，持續累積自己的專業與能力。  【我們期待這樣的妳】  妳喜歡與人互動，也享受成交後的成就感。  妳願意挑戰業務目標，不害怕 KPI，而是把它當成證明自己能力的方式。  妳有企圖心，只要妳敢闖、敢挑戰，念念的獎金制度也敢給。  我們相信，好的業務不是只會推銷，而是懂得傾聽、分析需求、提供
15401815,【Luxury House】家具軟裝助理,Luxury House_名邸傢飾有限公司,雙北,台北市,台北市松山區,客服/業務/電商/貿易,傳統製造/精密工業,35000~45000 (period=2),月薪,35000,45000,0,0,傳統無AI,無,0,0,0,0,在名邸，我們不只銷售傢俱， 而是參與每一個「家」的形成。 如果你的社群關注長期圍繞在軟裝、空間與傢俱，  甚至對材質、比例與風格有自己的觀察與偏好，  你將在實務中持續深化對空間與材質的理解。   工作內容 1. 協助軟裝及訂製傢俱專案執行，整理客戶需求與專案資料 2. 對接工廠及供應商，確認產品規格、製作細節、交期等溝通協調 3. 協助潛在客戶電話聯繫、初步需求紀錄與後續追蹤 4. 展間傢俱陳列與日常維護 5. 完成主管交辦事項及團隊協作任務   我們期待你具備 * 具備良好美感與空間敏銳度 * 曾有傢俱銷售、製作或相關經驗者佳 * 樂於與人溝通，能細心理解並整理客戶需求 * 對軟裝設計具高
15400700,國貿助理,友福開發建材有限公司,雙北,台北市,台北市大安區,客服/業務/電商/貿易,其他服務/工商貿易,34000~9999999 (period=0),月薪,34000,34000,0,0,傳統無AI,無,0,0,1,0,1.確認產品規格。 2.負責向廠商訪價。 3.負責向客戶報價並確認訂單。 4.安排生產出貨，處理出貨報關文件作業。 5.決定貨物裝運之方法，並準備提貨單、發貨單及其他相關文件。
15372276,【饗賓集團｜全品牌】餐飲營運主管｜讓專業站上舞台，創造更大可能_台北市士林區,饗賓餐旅事業股份有限公司,雙北,台北市,台北市士林區,客服/業務/電商/貿易,文教/補教培訓,46200~9999999 (period=4),月薪,46200,46200,0,0,傳統無AI,無,0,0,0,0,【關於饗賓】 饗賓集團持續打造多元餐飲品牌，從追求精緻體驗的精品餐廳、深受喜愛的人氣百匯，到各具特色的風格餐廳，透過不同品牌、料理與服務，為賓客創造美好，也為人才提供更多元的發展舞台。 不論在哪一個品牌，我們始終相信，每一次服務都是作品，每個細節都能創造價值。 從美味的料理、美好的服務、美感的氛圍、安心的體驗，到價值的傳遞，用心打造完整的餐飲體驗，讓每一次相聚都值得回味。 我們相信「人人都是經營者」，鼓勵每位夥伴發揮專業、主動思考，從每一次與貴賓的互動中創造價值。透過完善培訓、多元品牌與發展機會，讓每一份努力都有機會成為職涯成長的力量。 期待與你一起，在饗賓發揮所長、創造價值，開啟屬於自己的黃
15399558,百貨業務主管,LOTUS_旺代企業有限公司,雙北,台北市,台北市中山區,客服/業務/電商/貿易,電子商務/數位零售,40000~45000 (period=4),月薪,40000,45000,0,0,傳統無AI,無,0,0,0,0,【工作內容】 1. 負責 快閃百貨/展場 活動場地洽談與進撤場作業（含店開規劃與協調） 2.活動與檔期執行配合行銷活動及百貨檔期，協助櫃點活動執行與現場溝通協調。 3.營業目標達成計畫與每日進度跟進。 4.依活動檔期需求，須配合 六、日活動排班 非活動期間，則為 週一至週五(同總部辦公室行事曆休假) 5.執行活動策劃、流程安排與現場整體控管  6.銷售人員管理與業績分析並能提出改善方案。 7.與百貨商場相關業務接洽。   【希望你具備的條件及特質】 1. 2年以上零售、百貨通路管理經驗。  2. 具有良好的溝通、協調和領導能力。  3. 具備團隊管理和業務拓展經驗。  4. 具有良好的口頭和書
15398282,"助理銷售經理 / Assistant Manager, Licensing Sales",新加坡商太平洋管理顧問股份有限公司台北分公司,雙北,台北市,台北市大同區,客服/業務/電商/貿易,電子商務/數位零售,60000~9999999 (period=4),月薪,60000,60000,0,0,傳統無AI,無,0,1,0,0,總體職責  助理銷售經理在與事業部門主管（BUH）合作，以實現公司設定的目標和目標方面扮演關鍵角色。通過有效的規劃和預算管理，他/她將努力實現季度/年度營收目標。此外，他/她將制定銷售策略和技術，以接觸潛在客戶並為公司創造潛在商機，並將這些潛在商機轉化為業務交易。他/她還負責服務客戶並與客戶建立優秀的關係。  主要職責  銷售與業務發展 • 負責直接銷售（根據PLS的策略，按品牌、國家或類別），包括季度目標、對產品和潛在客戶的深入了解的盡職調查義務。 • 執行所有銷售規劃和報告功能，包括建立銷售管道、差距分析、預測和重新預測（根據PLS及其客戶的要求）、市場/品牌/類別報告、銷售環境和前景的評
14742646,ITF旅展/日本縣市政府展攤工讀生,聯想國際行銷有限公司,雙北,台北市,台北市南港區,客服/業務/電商/貿易,廣告行銷/公關顧問,200~200 (period=0),時薪折算,32000,32000,0,0,傳統無AI,無,0,1,0,0,"日期：11/06-11/9 （4天） 工時：10:00-18:00 薪資：時薪$200，總計$1600/天 備註：供午餐,  中午休息半小時(輪流吃飯) 條件：具備日語基礎溝通能力  工作內容： 1. DM發送 2. 旅遊產品解說及推廣. 3. 其他現場工作另行說明"
11382535,內勤業務代表 Inside Sales Representative,英屬開曼群島商萬里雲互聯股份有限公司台灣分公司,雙北,台北市,台北市信義區,客服/業務/電商/貿易,資訊科技/軟體網路,面議,面議,,,1,0,傳統無AI,無,0,0,0,0,【工作內容】 ◎ 熟悉電話行銷技巧，具有陌生開發客戶的能力。 ◎ 透過電話、Email、線上會議等方式進行客戶開發、需求訪談及商務洽談。 ◎ 協助企業客戶了解公司產品、解決方案及加值服務內容。 ◎ 協助產品提案、維護既有客戶關係，追蹤客戶需求並持續發掘潛在商機。 ◎ 定期更新客戶資料及銷售紀錄，維持良好客戶管理機制。 ◎ 協助進行行銷活動前邀約、活動現場支援，與活動後商機開發。 ◎ 每週數據報表整理。  【我們期待你具備以下特質】 ◎ 對業務開發、客戶經營及商務溝通工作有興趣。 ◎ 具主動積極的工作態度，願意持續學習新知識與新產業。 ◎ 具良好的溝通表達能力及問題分析能力。 ◎ 能獨立規劃工作
11689290,【區塊鏈】數位資產交易所 | 客服專員 Customer Service Specialist,MaiCoin_現代財富科技股份有限公司,雙北,台北市,台北市中正區,客服/業務/電商/貿易,資訊科技/軟體網路,35000~50000 (period=3),月薪,35000,50000,0,0,傳統無AI,無,0,0,0,0,MaiCoin 客服人員  工作內容： 1.接聽客服專線、回覆客服信箱、使用線上即時對話系統(文字客服) 2.提供客戶產品說明及各項服務，解決客戶問題含客訴處理。 3.管理官方社群 4.整理客戶建議與反饋並提出改善方案，追蹤相關部門處理狀況與進度 5.維護客服品質並提升客戶服務滿意度  6.完成主管交辦之事項  工作時間： 工作時段需排班，有分早班與中班 早班時間為9:00-18:00、中班為11:30-20:30 休假天數依勞基法規定，若排班遇國定假日核算加班費 
15235827,國貿專員,耐斯企業集團_耐斯國際開發股份有限公司,雙北,台北市,台北市大安區,客服/業務/電商/貿易,其他服務/工商貿易,38000~40000 (period=0),月薪,38000,40000,0,0,傳統無AI,無,0,1,1,0,1. 具備進出口貿易相關實務經驗，熟悉進出口作業流程。 2. 熟悉海運 ․ 空運 ․ 快遞及報關相關作業․。 3. 熟悉 Invoice ․ packing List ․提單等進出口文件製作與審核。 4. 能獨立負責進出口案件，從文件準備 ․ 訂艙․報關到出貨⁄ 到貨進度追蹤，帳務處理及追蹤，確實掌握各項作業。 5. 具備良好的問題分析與處理能力，遇到進出口異常能主動追蹤並協調解決。 6. 能與貸代 ․報關行 ․供應商及公司內部相關單位保持良好溝通。 7. 細心負責 ․重視作業準確性，並能妥善掌握工作時程。 8. 負責客戶資料、廠商資料及相關檔案文件的整理、建檔與維護。 9. 處理顧客及廠商的
15398041,業務專員-眼科醫療組-北區 (合約人員 2026/11/01-2027/07/31),台灣豪雅光學股份有限公司台北分公司,雙北,台北市,台北市中山區,客服/業務/電商/貿易,生技/醫療保健,面議,面議,,,1,0,傳統無AI,無,0,0,0,0,(短期合約人員，合約期間2026/11/01-2027/07/31) 此職位是與眼科醫療團隊業務主管密切合作，負責在公司指定區域內實現銷售目標和增加指定產品的銷售量。透過與各級醫療院所主要眼科醫生、眼外科醫生和驗光師建立長期關係來完成目標。  主要職責 •	指定區域內眼科 (眼科相關醫護人員) 的主要聯繫人。 •	與業務主管及目標眼科建立並保持牢固的工作關係。 •	區域業務規劃/執行和應用，以記錄、計劃、監控和實現銷售目標。 •	提高眼科對公司產品臨床數據、安全性和有效性的認識。 •	出席並代表公司出席眼科相關會議/大會。  The Position  The primary objectiv
15090798,業務副理,台灣電科股份有限公司,雙北,台北市,台北市大同區,客服/業務/電商/貿易,傳統製造/精密工業,60000~70000 (period=0),月薪,60000,70000,0,0,傳統無AI,無,0,0,0,0,1. 根據日本總公司的營業方針，確實執行各部門間的協調與業務。 2. 與部門管理階層商議後，策劃並推動具戰略性及計畫性的業務推廣活動。 3. 開發半導體及 PCB 市場之新客戶，並維繫與深耕舊客戶關係。 4. 執行例行的每月進度報告及相關業務報告作成。 5. 協同日本總公司共同拜訪客戶，並參與國內外展會及其應對工作。 
13161277,採購經理/採購專員 ｜採購部,上友有限公司,雙北,台北市,台北市內湖區,客服/業務/電商/貿易,其他服務/工商貿易,面議,面議,,,1,0,傳統無AI,無,0,0,1,0,1. 負責各項商品之詢、比、議價整合管理。 2. 負責確認商品規格後並向廠商訪價。 3. 採購合約維護與請款作業等行政事項之管理與執行。 4. 安排生產出貨，處理出貨報關文件作業。 5. 決定貨物裝運之方法，並準備提貨單、發貨單及其他相關文件。 6. 產品交期追蹤、跟催.處理貨品退貨或延遲的採購問題。 7. 建檔ERP系統，供應商資料及新產品相關資料。 8. 負責客戶資料、廠商資料及相關檔案文件的整理、建檔與維護。 9. 處理顧客及廠商的客訴。 10. 具備良好的溝通協調能力、彈性應變及邏輯思考能力、壓力承受與歸納解決方案能力。  
13329838,【融】客服專員(約聘),財團法人台灣中小企業聯合輔導基金會,雙北,台北市,台北市中正區,客服/業務/電商/貿易,其他服務/工商貿易,34000~40000 (period=2),月薪,34000,40000,0,0,傳統無AI,無,0,0,0,0,1. 執行經濟部中企署專案計畫，負責案件客服諮詢輔導服務，確保專案執行順暢，維謢話務品質，並協助案件達成階段性目標。 2. 傾聽並能迅速回覆客戶問題，解決客戶疑問及相關表單填寫教學。 3. 受理民眾案件、來函資料審查，問題紀錄與回覆。 4. 政府政策宣導與其他服務事項。 5. 主管視每日實際狀況之交辦業務。
15400802,行政助理(內銷業務單位),創見資訊股份有限公司,雙北,台北市,台北市內湖區,客服/業務/電商/貿易,傳統製造/精密工業,36000~45000 (period=3),月薪,36000,45000,0,0,傳統無AI,無,0,0,0,0,1. 協助業務團隊處理日常行政作業，包含憑證整理、單據歸檔及帳務資料維護，確保內部流程順暢與資料準確性。  2. 彙整團隊報告及定期製作銷售績效報表（如日報、月報、產品別/客戶別分析），提供業務及主管決策參考，強化數據導向管理。  3. 負責國內展覽申請作業，並與行銷部門跨部門協作，追蹤進度與執行細節，確保活動順利落地。 4. 協助主管交辦事項。   ※熟悉Excel、Power Point、Word等文書處理軟體為必備條件 
13644058,【DRCYJ全方位美學集團】-頭皮管理師(仁愛店)-底薪+獎金無上限,曜胜生技股份有限公司,雙北,台北市,台北市大安區,客服/業務/電商/貿易,生技/醫療保健,36000~100000 (period=0),月薪,36000,100000,0,0,傳統無AI,無,0,0,0,0,--應徵前請先至「DRCYJ全方位美學集團」官網認識我們-- DRCYJ全方位美學集團官網介紹：https://drcyjhcc.com.tw/   = CYJ 源自Charming迷人、Young年輕、Joyful快樂 = 1.團隊組織年輕、活潑、開朗，好的想法皆可討論並採納，不怕才華被埋沒 2.組織升遷計畫透明，每關評核都清楚明瞭，從基層培育到店主管訓練，札實訓練不馬虎 3.勇敢追夢，想證明自己能力及自我實現者，都非常歡迎你與我們一起打拼   【好康福利】  ◆每月業績(加碼)獎金、特殊獎金、三節禮金、年終績效獎金  ◆基本勞健保、免費提撥6%勞退、免費提供員工制服、員購福利 ◆不定期的免
14556320,一沐日-南港興華店-門市正職人員 月薪41000-46000元（底薪含獎金）,一沐日_樂芳源有限公司興華分公司,雙北,台北市,台北市南港區,客服/業務/電商/貿易,其他服務/工商貿易,41000~46000 (period=0),月薪,41000,46000,0,0,傳統無AI,無,0,0,0,0,｜工作內容｜  1. 進行飲料之調製 2. 負責製作半成品物料(無明火、有冷氣) 3. 負責結帳與收銀，並整理現金收據 4. 負責清洗餐具、吧台設備以及維護周遭工作環境 5. 外送飲品(公司備有公務機車)  ｜工作待遇｜  1. 本薪31000元 2. 每月考核激勵獎金7000元，依當月考核分數按比例發放。 3. 加班費另計 4. 月平均薪資41000-46000元  ｜加分條件｜  - 具有機車駕照  ｜福利制度｜  - 勞保、健保、勞退提撥金 - 團保、考核激勵獎金、員工定期聚餐 - 員工制服
13897591,【區塊鏈】數位資產交易所 | KYC 客戶審查專員（排班制）,MaiCoin_現代財富科技股份有限公司,雙北,台北市,台北市中正區,客服/業務/電商/貿易,資訊科技/軟體網路,35000~50000 (period=3),月薪,35000,50000,0,0,傳統無AI,無,0,0,0,0,工作內容： 1.審核開戶資料並確保資料之正確性 2.辨識開戶資料是否異常並即時回報 3.優化與維護審核作業規範 4.完成主管交辦之事項  排班制： ＊每週六或週日任選一天排班 (到職第一個月會先以週一到五正常班為主，之後會再視實際學習狀況轉換成排班制)
15340389,業務主任,壺特思有限公司,雙北,台北市,台北市中山區,客服/業務/電商/貿易,文教/補教培訓,面議,面議,,,1,0,傳統無AI,無,0,0,0,0,"At WSB, we are looking for a motivated Sales Manager (Taiwan), to expand our sales channels and volume. The Sales Assistant Manager will be responsible for market expansion and revenue growth through the management of sales strategy and personnel. The role is also expected to provide feedback on bra"
10050782,【企金】客戶帳務管理人員(內湖),中租控股_中租迪和股份有限公司,雙北,台北市,台北市內湖區,客服/業務/電商/貿易,其他服務/工商貿易,面議,面議,,,1,0,傳統無AI,無,0,0,0,0,當客戶有融資需求，業務與客戶對保之債券文件審核、後續撥款等相關行政作業，無銷售業績壓力  1. 對保文件與擔保設定文件準備與審查 2. 資金預計及撥款文件製作 3. 客票收票與撥款及帳戶處理 4. 應收帳款帳戶控管(開戶/讓與/支付價金/還款) 5. 與帳戶處理有關之客戶諮詢 6. 案件結清(含塗銷) 7. 債權文件審核管理與傳送  ※具相關經驗者，薪資面議
14896183,外務,承亞興圖文印刷有限公司,雙北,台北市,台北市內湖區,客服/業務/電商/貿易,傳統製造/精密工業,40000~42000 (period=0),月薪,40000,42000,0,0,傳統無AI,無,0,0,0,0,1.負責區域客關係維護、市場資訊或顧客意見蒐集。 2. 整理、盤點、記錄所有進出貨。 3. 整理出貨單與打單。 4. 進行宅配服務或印刷品配送。 5. 負責貨款之回收。  
12098947,投資併購顧問,崇格管理顧問股份有限公司,雙北,台北市,台北市大安區,客服/業務/電商/貿易,其他服務/工商貿易,1200000~2400000 (period=11),年薪折算,88889,177778,0,0,傳統無AI,無,0,1,0,0,1.具有豐富的企業併購經驗，從頭到尾多次的深入參與，可以處理各式的疑難雜症。 2.具有超強業務員特質，過去有多次推薦案件並讓金主投資的經驗。 3.能夠參與盡職調查並理解法律和財務相關文件。 4.能夠自行設立部門的預算目標並達成團隊的業績目標。 5.能夠獨立將標的公司所處產業、標的公司原始資料、鑑估價值等資訊整理成投資報告。 6.英語能力佳者優先考慮。
12138787,VASA 瓦薩美式餐廳-【連鎖餐飲集團 店經理】★薪資45K~53K★供員餐 獎金另計,拉亞漢堡_森邦股份有限公司,雙北,台北市,台北市內湖區,客服/業務/電商/貿易,文教/補教培訓,45000~53000 (period=3),月薪,45000,53000,0,0,傳統無AI,無,0,0,0,0, ➽➽優於同業的休假規劃，完整保障夥伴生活品質，可以讓您在努力工作與享受生活兼顧  ~你還在尋覓一展長才的舞台嗎?~ ~你對於 “挑戰” 始終正面迎戰，卻仍在尋覓伯樂嗎?~ ~別懷疑！我們要的就是您~ ~加入森邦！成就您我的未來~  【職務內容】  1.成本控管：包括人力成本、營運成本、協助內場的食材控管等。  2.外場管理：確保分店在符合公司文化及精神下正常運作。  3.教育訓練：針對新進人員及外場服務人員進行不定期教育訓練、以使工作人員達到最高標準的服務及表現。  4.危機問題反應及處理。  5.公司內部及外部的溝通管道及對內的上下溝通能力。 6.需有曾擔任一家連鎖店以上企業的內部主管經驗
14938267,(全遠端)【Google 專案】(韓+英)文內容審核專員 Content Review Specialist | 需韓+英文流利 | AMR_220,藝珂人事顧問股份有限公司,雙北,台北市,台北市信義區,客服/業務/電商/貿易,生技/醫療保健,35000~53000 (period=0),月薪,35000,53000,0,0,傳統無AI,無,0,1,0,0,【職務簡介】 此職位將負責審閱韓文使用者廣告內容，評估其是否符合 Google 平台的政策、社群準則與地區法規。您將透過精準的語言判斷與政策應用，協助全球使用者維持健康、安全的網路環境。公司提供全遠端且全套政策訓練，並有專人指導。  【工作內容】 1. 審查韓文內容（影片／圖片／關鍵字等），確認是否符合法規與平台準則。 2. 即時判定違規風險並進行標註或回報。 3. 針對模糊案件依據政策進行判斷。 4. 以英文撰寫案件報告並與美國團隊協作。 5. 持續追蹤政策更新並同步調整審核標準。  【任職條件】 _現居台灣  _韓文流利（含日常用語、網路俚語） _英文具備閱讀與書寫及對話能力 _細心、客觀
14911373,西班牙文業務助理,瑞瓏企業股份有限公司,雙北,台北市,台北市大安區,客服/業務/電商/貿易,傳統製造/精密工業,32000~38000 (period=0),月薪,32000,38000,0,0,傳統無AI,無,0,0,1,0,1. 諳西班牙文 2. 輸入、處理並追蹤客戶在台灣與大陸業務相關訂單與報價，並將訂單資料存檔備份。 3. 保持與客戶和廠商間之業務聯繫，並即時回覆e-mail，與確認交貨期。 4. 提供相關業務出貨文件，協助業務人員控管出貨，並處理進出口事宜。 5. 協助處理並完成主管交代之業務相關之公司內部行政事項與整理客戶資料（如：公司基本資料、交易記錄、問題處理狀況）。 
10596672,客服人員,美商優莎納股份有限公司台灣分公司,雙北,台北市,台北市松山區,客服/業務/電商/貿易,其他服務/工商貿易,面議,面議,,,1,0,傳統無AI,無,0,0,0,0,1. 處理直銷商及顧客入會、訂貨、換貨及退貨等事宜。 2. 處理直銷商及顧客辦理各項變更服務。 3. 客服專線值機、客戶來信回覆、協助顧客解決問題。 4. 維護客戶關係，例如：客戶電話關心、客戶電訪等等工作。 5. 櫃檯門市接待與需求服務。 6. 傳達、支援與配合直銷商及顧客業務活動。 7. 提供直銷商及顧客公司各相關事項的諮詢服務。 8. 提供直銷商及顧客產品售後服務。 9. 聆聽直銷商及顧客需求，提供客戶各項服務及客訴案件處理。
12962910,《月薪35000，穩定發展，團隊獎金》登義漢方-誠品南西店-門市營業專員(全職),登義漢方事業_益新企業股份有限公司,雙北,台北市,台北市中山區,客服/業務/電商/貿易,電子商務/數位零售,35000~35000 (period=0),月薪,35000,35000,0,0,傳統無AI,無,0,0,0,0,應徵店別：營運部-誠品生活南西店(台北市中山區) 職務名稱：門市營業專員  排班制度：依店別型態，規劃早班、中班、晚班或單人排班等 (需配合假日與國定假日排班)  工作內容包括：  產品說明、販售。 客戶應對、接洽。 漢方產品生產、包裝。 門市活動企劃執行。 揀貨、出貨相關作業。  進階培訓： 客戶關係經營。 門市活動企劃。  晉升管道： 門市組長 門市副店長 門市店長  品牌簡介： 今年邁入第40年的 登義參藥行//登義漢方  我們在尋找熱情、積極認真的你/妳 加入登義大家庭 更瞭解我們，歡迎造訪我們的官方網站： http://www.dengyi1985.com 以及Facebook粉絲專
15121941,銀樓門市人員,鴻億金坊有限公司,雙北,台北市,台北市大安區,客服/業務/電商/貿易,電子商務/數位零售,35000~38000 (period=0),月薪,35000,38000,0,0,傳統無AI,無,0,0,0,0,"【銀樓門市銷售工作】 1.介紹及銷售金飾與黃金相關商品。 2.接待及服務顧客。 3.負責商品包裝、陳列等工作。 4.處理櫃檯收銀與基本店務。 5.具備基礎電腦文書處理能力，協助產品資料輸入建檔與門市盤點管理。 6.孰悉社群媒體(如FB、IG、TikTok)操作，協助上傳產品照片與廣宣影音。 7.維持門市環境整潔。 8.配合老闆交辦事項。 9.自備機車，有時需至通化街、仁愛路二段取貨。  【工作時間】 1.星期一至星期五，上午11:00至下午8:00。 2.工作時間固定，不須輪班。 3.星期六、日及國定假日均休假。  【薪資及福利】 1.試用3個月，試用期間月薪35,000元。 2.試用期滿月薪"
15402524,短期工作-新光信義A11 <韓國食品展銷售人員> *11/4~11/17 期間可上班10天以上*,韓華國際股份有限公司,雙北,台北市,台北市信義區,客服/業務/電商/貿易,電子商務/數位零售,2000~2000 (period=2),面議,,,1,0,傳統無AI,無,0,0,0,0,"適合 *賺取短期收入*  或正處於 *轉職空檔*   【工作內容】商品推廣銷售、結帳、補貨 *有相關經驗 *  【工作地點】新光信義A11 6樓 *11/4~11/17 期間 必須能上班10天以上* 【工作時間及待遇】       A：全天班 (配合百貨營業時間,休息用餐:中午及晚上各一小時) 日薪2000元       B：計時班 12:00~21:00(休息用餐一小時不計薪) 時薪200元       (假日都需配合上班並於平日安排輪休)  1.擁有好的自我形象管理，能為產品銷量帶來助益 2.主動、熱情、善於溝通，這是你的強項 3.有第一線銷售經驗(收銀機操作)者尤佳 為了將美味分享給所有"
13716194,業務專員/儲備幹部(保障底薪+試用期滿依績效調薪),紐市科技股份有限公司,雙北,台北市,台北市內湖區,客服/業務/電商/貿易,資訊科技/軟體網路,35000~65000 (period=0),月薪,35000,65000,0,0,傳統無AI,無,0,0,0,0,1.開發潛在客戶，拓展市場。 2.維繫穩定舊有客戶關係，定期拜訪經銷客戶。 3.負責國內業務接洽及訂單處理。 4.負責產品報價及產品展示。 * 另依績效提供績效獎金及工作獎金!!
14919748,業務代表、壽險顧問(承攬性質、非勞動契約),南山人壽保險股份有限公司_鑫生通訊處(黃瑩),雙北,台北市,台北市中正區,客服/業務/電商/貿易,廣告行銷/公關顧問,面議,面議,,,1,0,傳統無AI,無,0,0,0,0,工作內容:  1.關於保險業務員報酬部分，係依實際招攬業績（實收保險費）的比例計算。 本網頁所顯示待遇部分係因欄位選項受限，故為簡要記載。  2. 當各位求職者收到來自於本廣告之聯絡人或承辦人之聯絡訊息時，並不代表 南山人壽保險股份有限公司已同意與各位求職者締結任何勞務契約關係。  3. 不論各位求職者是否已取得保險業務員資格，以及是否參加南山人壽提供相 關訓練，縱已收到本廣告頁面承辦人或聯絡人之通知，然尚未與南山人壽成立 任何承攬、委任、勞動、居間或其他勞務契約關係。須待各位求職者取得業務 員資格，並待南山人壽執行登錄前盡職調查後，南山人壽始將回覆是否同意登 錄申請及締結契約。  4. 各位
15381788,門市正職人員 ( 微風南山店 ),掌中乾坤網路科技股份有限公司,雙北,台北市,台北市信義區,客服/業務/電商/貿易,資訊科技/軟體網路,32000~36000 (period=0),月薪,32000,36000,0,0,傳統無AI,無,0,0,0,0,1. 提供專業導購服務，解答IP背景、商品特色及收藏價值等相關諮詢。 2. 負責商品上架、補貨、主題陳列維護及賣場環境清潔。 3. 協助收銀作業、訂單查詢及會員資料建檔與維護。 4. 參與社群經營，維護客戶關係並推動回購。 5. 整理存貨（包括點收來貨、查點賣場產品數量、核實出貨數量及盤點等）。 6. 配合主管交辦事項，協助完成部門相關行政及營運工作。
14860075,【總機人員｜近捷運小巨蛋、後山埤】薪資33K起〔固定週休二日免輪班〕高中畢業即可、免銷售_BIS_205,藝珂人事顧問股份有限公司,雙北,台北市,台北市松山區,客服/業務/電商/貿易,其他服務/工商貿易,32000~43000 (period=0),月薪,32000,43000,0,0,傳統無AI,無,0,0,0,0,【工作內容】 1.電話接聽與轉接 2.通話紀錄建檔、案件追蹤 3.外撥關懷與確認  【需求條件】 -高中職以上，背景不限 -具備良好溝通與應對能力，擅與人互動交流 -熟悉電腦基本操作  【工作資訊】 地點(可選)： 1. 捷運小巨蛋站 2. 捷運後山埤站  時間：9:00-18:00；週休六日、見紅休 ✨含勞保、健保、雇主提撥6%勞退，藝珂加碼團險保障 ✨全新辦公環境開放明亮 ___________________________________________ ▲直接按下「我要應徵｣，收到履歷後將主動與您聯繫 ▲歡迎投遞履歷至 michelle.hsu@adecco.com
1529907,國貿人員,合聯實業股份有限公司,雙北,台北市,台北市信義區,客服/業務/電商/貿易,其他服務/工商貿易,面議,面議,,,1,0,傳統無AI,無,0,1,1,0,"1. 具備國貿、船務概念, 國內外貿易採購及進出貨等相關作業 2. 製作簡報、業務推動、中英文書信和對話 3. 設備/備品等整合銷售 4. 客戶/廠商聯繫、溝通, 跨部門協調工作 5. 主管交辦事項"
14698321,【約聘】【台北地區】ChargeSPOT共享行動電源外勤運補人員,共享數位服務股份有限公司,雙北,台北市,台北市信義區,客服/業務/電商/貿易,資訊科技/軟體網路,35000~40000 (period=0),月薪,35000,40000,0,0,傳統無AI,無,0,0,0,0,1. 定期巡迴各指定地點，更換行動電源、補充電池數量 2. 協助設備故障排除或回報維修需求 3. 確保各機台與電池擺放整齊、美觀 4. 與內部客服、營運團隊協調問題點位處理 5. 協助新據點裝機、撤點等任務（不定期） 6. 執行主管交辦之其他任務 7. 依公司盤點日期配合盤點 8. 除固定月薪外，每月另有營運獎金
15398298,業務運籌專員,Cooler Master_訊凱國際股份有限公司,雙北,台北市,台北市內湖區,客服/業務/電商/貿易,傳統製造/精密工業,面議,面議,,,1,0,傳統無AI,無,0,0,1,0,1. 進出口報關作業，並匯整製作報關文件。 2. 處理、審核進出口報關之資料與文件。 3. 聯絡工廠、船公司和報關行，進行交期確認、排船、簽 S╲O、文件檢查等聯絡事項。 4. 接洽物流公司、通關行，安排海、空運輸相關業務 5. 熟悉保稅(自貿區或國際物流中心或共用保稅倉等)業務實務管理辦法與開發相關業務。 6. 處理進出口押匯、信用狀以及保稅帳務相關之工作。 7. 負責應付帳款之請款工作，並處理業務部門訂單後續事宜。 8. 協助品質部門處理 RMB 不良品的快遞，退運等相關工作。 
1522936,業務代表(承攬性質、非勞動契約),南山人壽保險股份有限公司_重益通訊處 (李昭逸先生),雙北,台北市,台北市大同區,客服/業務/電商/貿易,廣告行銷/公關顧問,面議,面議,,,1,0,傳統無AI,無,0,0,0,0,1.關於保險業務員報酬部分，係依實際招攬業績 (實收保險費) 的比例計算。本網頁所顯示待遇部分係因欄位選項受限，故為簡要記載。  2.當各位求職者收到來自於本廣告之聯絡人或承辦人之聯絡訊息時，並不代表南山人壽保險股份有限公司已同意與各位求職者締結任何勞務契約關係。  3.不論各位求職者是否已取得保險業務員資格，以及是否參加南山人壽提供相關訓練，縱已收到本廣告頁面承辦人或聯絡人之通知，然尚未與南山人壽成立任何承攬、委任、勞動、居間或其他勞務契約關係。須待各位求職者取得  業務員資格，並待南山人壽執行登錄前盡職調查後，南山人壽始將回覆是否同意登錄申請及締結契約。  4.各位求職者就本職務之應徵過程
14507872,"【蝦皮總部】智取店客服 (純電話/大夜班)｜月薪45,000 ~ 52,000 + 職務津貼｜完整培訓 _ NO",新加坡商立福人事顧問有限公司台灣分公司,雙北,台北市,台北市信義區,客服/業務/電商/貿易,電子商務/數位零售,35000~52000 (period=0),月薪,35000,52000,0,0,傳統無AI,無,0,0,0,0,【為什麼這個「固定大夜班」是你快速累積存款的首選？】 夜貓族看過來！如果你習慣深夜的寧靜，且想要有一份穩定、高收入的工作，這就是為你量身打造的舞台！ 蝦皮店到店「智取門市（無人店）」全台大擴張，我們正在招募專屬大夜班電話客服。除了 35K~42K 的優渥本薪，每天出勤再加碼發放 450 元夜班津貼（每月實質收入上看 4.5萬 - 5.2萬）！ 這是一份「純電話客服」工作，不用在實體門市搬貨、也不用面對面處理客訴。只要你高中職畢業、聲音親切，我們將提供長達一個月的「分階段保母級培訓」，讓你帶著 100% 的自信上線接單！   【你的關鍵任務】 1. 門市異常救援： 線上引導買賣家操作智取店系統，
14049601,睡飽飽再上班～【中華電信-士林】✦特約門市服務人員✦月均薪40K起✦無經驗可培訓✦JO7,新加坡商立福人事顧問有限公司台灣分公司,雙北,台北市,台北市士林區,客服/業務/電商/貿易,文教/補教培訓,35000~45000 (period=0),月薪,35000,45000,0,0,傳統無AI,無,0,0,0,0,"工作內容 ●工作內容： 1. 介紹及銷售門市商品 (含配件、3C商品、門號、小家電等) 2. 熱情且即時的服務：接待顧客及協助處理疑難雜症和售後服務 3. 辦理電信相關業務 4. 配合公司制度規範處理店內事務 5. 需配合店點支援、無經驗可、具備機車者尤佳  ●薪資待遇： 高中/大學畢業月薪32,000+全勤1,000+各項獎金 獎金約10,000-15,000 年終:1.5~2月(依當年度業績績效給予)   ●營業時間： 11:00-21:00(每間店略有不同)  ●休假天數： 每月約8~11天(每月天數有所不同)  ●上班地點：依居住地分配至各門市/全台皆有門市據點"
13710969,Fujisan日式燒菓子霜淇淋//南港Lalaport店-門市店長,最高峰夢想股份有限公司,雙北,台北市,台北市南港區,客服/業務/電商/貿易,生技/醫療保健,38000~9999999 (period=2),月薪,38000,38000,0,0,傳統無AI,無,0,0,0,0,Fujisan品牌以//低負擔//堅持純粹//讓愛循環//的核心價值，期待與邀請喜好孩童(包含毛孩)及甜品的夥伴一同加入，合力推廣與供應健康美味的日式霜淇淋和燒菓子。 在我們的世界裡，每一個微笑都承載著無限的力量，我們誠摯地邀請你加入我們的行列，一同點亮更多人的生活，成就更多幸福的時刻。歡迎二度就業。   [工作內容]門市店長 1.顧客服務：商品諮詢介紹、查詢庫存調貨、收銀結帳支援及商品包裝等。 2.商品管理：商品進貨出貨、補貨、商品排面整理、倉儲管理等。 3.商店形象維護：門市清潔、維護營業空間與工作場域的衛生與安全。 4.行銷活動企劃與執行 : 依照在地需求企劃提案，參與及執行。 5.人員
13244211,menomeno保養護膚品牌_電商客服專員,澄澄嵐有限公司,雙北,台北市,台北市大安區,客服/業務/電商/貿易,生技/醫療保健,33000~40000 (period=4),月薪,33000,40000,0,0,傳統無AI,無,0,0,0,1,Hi，我們是 m̄enom̄eno！  我們是一個快速成長中的新興護膚品牌。團隊組織扁平、決策敏捷，致力於提供純粹簡單的保養流程，帶給使用者更直覺的護膚體驗。  我們正在尋找認同 m̄enom̄eno 品牌理念與文化的夥伴。你將有機會親自參與品牌的建構與策略佈局，累積扎實的市場實戰經驗。   【電商客服專員】  一、顧客服務與維護 (50%) 1. 處理LINE官方、臉書社團、LINE社群等不同渠道的顧客肌膚諮詢、訂單問題排除，掌握客人需求，提供有溫度的回覆。 2. 協助執行社群抽獎活動及 LINE 官方帳號後台維運管理與機制設定。  二、蝦皮及公關品處理 (30%) 1. 負責每日蝦皮與不定
15398128,Logistics & Order Management Specialist 業務運籌管理專員,優式機器人股份有限公司,雙北,台北市,台北市內湖區,客服/業務/電商/貿易,傳統製造/精密工業,面議,面議,,,1,0,傳統無AI,無,0,0,0,0,Job description: 1. 根據訂單需求與庫存，協調銷售預測 建立生產需求。 2. 整理各地區訂單需求，建立訂單與庫存追蹤表，規劃訂單出貨順序與交期 3. 協調工廠TEAM關於加工安排等事宜。 4. 協調採購、倉庫與物流，確保出貨版本正確與交期準時。 5. 安排物流、追蹤出貨進度。 6. 確保各地區產品出貨需求設定、文件、SKU等 7. 處理後送逆物流 8. 費用申請 9. 客戶帳齡管理 10.熟悉鼎新ERP尤佳
14616467,【Volvo服務廠】服務顧問（濱江）,VOLVO_匯承汽車股份有限公司,雙北,台北市,台北市中山區,客服/業務/電商/貿易,電子商務/數位零售,30000~34000 (period=2),月薪,30000,34000,0,0,傳統無AI,無,0,0,0,0,【職務內容✨】 1. 車輛入廠接待，提供專業洽詢。  2. 追蹤客戶車輛維修進度，準時完成維修交車。  3. 保養廠行政文書。  4. 客戶電訪關懷。 5. 文件歸檔。  6. 主管交辦事項。  ✨薪資：月薪保底+獎金（另計） ✨福利：提供原廠專業訓練、年終獎金分紅。
7393869,婚紗門市顧問(台北店)✦挑戰高薪！無經驗可，見證幸福的產業,伊頓婚紗工作室_伊頓數位科技有限公司,雙北,台北市,台北市中正區,客服/業務/電商/貿易,資訊科技/軟體網路,32000~80000 (period=0),月薪,32000,80000,0,0,傳統無AI,無,0,0,0,0,【伊頓擴大徵才】  以熱情專注的服務人員搭配專業深入的導購建議，加上溫馨動人的現場氛圍，並提供優質  的客製化服務，無論線上或線下都能讓每一位到訪的貴賓享受如老朋友般自在的消費體驗  工作內容 : 拍照方案規劃、禮服租借 客戶經營、客戶關心 線上諮詢、回覆客戶訊息  需要特質： 1. 善於溝通，性格外向熱枕 2. 個性開朗、心態正向、樂觀積極 3. 挑戰自己、挑戰高薪  月休9天/可休假日/排休制  歡迎有興趣婚紗產業的朋友加入我們!!
14773941,課程顧問（天母館業務）,THE KEY YOGA_京御品股份有限公司,雙北,台北市,台北市士林區,客服/業務/電商/貿易,文教/補教培訓,30000~9999999 (period=0),月薪,30000,30000,0,0,傳統無AI,無,0,0,0,0,1. 銷售瑜伽會籍，包含接待來訪客戶、提供專業課程規劃諮詢、會員服務、場館參觀等。  2. 介紹及推廣瑜伽課程，為會員或體驗客安排適合的瑜伽課。  3. 開發潛在客戶、拓展市場，達成業績目標。  4. 能獨立作業、也具有團隊精神，和團隊夥伴們協力推展業務；傳達及說明公司各項重大訊息、活動及產品。  ｜福利  * 完整培訓計畫，幫助迅速適應、提升業績 * 提供良好升遷機制，努力就有機會晉升發展 * 月休 8 天以上，國定假日補休，兼顧生活與工作 * 員工專屬福利，隨時都能免費參與館內瑜伽課  適合活潑、積極、喜歡與人交流的你  加入 THE KEY Yoga 團隊，職涯和身心同步成長
12746371,"《月薪46,000元~48,000元》【日商壽司郎】台北內湖美麗華店-正職人員★歡迎二度就業、無經驗者★",台灣壽司郎股份有限公司,雙北,台北市,台北市內湖區,客服/業務/電商/貿易,文教/補教培訓,44000~46000 (period=0),月薪,44000,46000,0,0,傳統無AI,無,0,0,0,0,"﹌透過美味的壽司，將幸福傳遞下去﹌ うまいすしを、腹一杯。 うまいすしで、心も一杯。  年年調薪、福利最多， 歡迎對餐飲業有熱忱的你！  ⭕獎金福利 【優良表現獎勵】每月最高2,000元，依出勤狀況及個人工作表現綜合判斷，非固定薪資或全勤獎金，公司有權中止或廢除優良勤務津貼 【三節獎金】定額獎金、春酒抽獎活動 【競賽獎金】每月店鋪競賽活動獎金 【介紹獎金】介紹親朋好友入職，期滿可獲得3,000~10,000元獎金 【輪調津貼】配合外縣市輪調者，皆享租屋津貼補助 【其他津貼】結婚生育津貼、喪葬慰問金、生日禮券、生日假、在職進修、年度健檢津貼、員工用餐優惠 【夏、冬季獎金】一年兩次獎金發放（幹部限"
15395481,【台北市 中山】lionmango 流行飾品 門市店長  ｜南西,lionmango_喜新國際股份有限公司,雙北,台北市,台北市中山區,客服/業務/電商/貿易,電子商務/數位零售,48500~9999999 (period=0),月薪,48500,48500,0,0,傳統無AI,無,0,0,0,0,01｜對門市業績負責  你需要掌握門市核心營運數據：  ・營業額與目標達成率 ・來客與成交表現 ・成交率 ・客單價 ・個人／團隊業績 ・商品銷售結構 ・活動與促銷成效  當業績沒有達標，我們期待主管問的不是：  「今天是不是沒什麼客人？」  而是：  問題在哪裡？我們還可以改變什麼？  02｜打造有戰鬥力的銷售團隊  店長不是門市裡業績最好的人就夠了。  你的責任是讓整個團隊都變得更好。  你需要：  ・觀察夥伴銷售流程 ・進行現場狀況的掌握 ・協助設定改善目標 ・追蹤個人銷售表現 ・分享有效銷售方法 ・提升團隊成交與搭配能力  我們希望主管能把自己的能力，複製給團隊。  03｜人才管理與培養
10174857,門市人員,永進花卉批發_花卉營業人（１５０７，１５０８右）,雙北,台北市,台北市內湖區,客服/業務/電商/貿易,其他服務/工商貿易,42000~45000 (period=0),月薪,42000,45000,0,0,傳統無AI,無,0,0,0,0,1. 鮮花照顧、維護及包裝。 2. 門市商品陳列及整理。 3. 鮮花裝箱及搬運。 4. 倉儲管理。
15405000,櫃台人員,秐朗旅宿股份有限公司,雙北,台北市,台北市松山區,客服/業務/電商/貿易,其他服務/工商貿易,35000~40000 (period=0),月薪,35000,40000,0,0,傳統無AI,無,0,0,0,0,1. 處理房間安排事宜，如：訂房、排房、進房、退房等。 2. 處理帳務，如：收款、核帳、查帳等。 3. 負責轉接電話並且為客人留言。 4. 提供當地旅遊諮詢，並協助安排旅行計畫、交通工具租用、接送等事宜。 5. 接待客人，並提供相關服務（如：行李運送、車輛引導、泊車、開正門）。 6. 負責客房內清潔整理、倒垃圾、換床單、鋪床，以及各樓層公共區域之清潔維護。 7. 負責顧客資料之輸入與維護。 8. 設計並佈置飯店空間。
12418914,業務代表-承攬性質、非勞動契約,南山人壽保險股份有限公司_重仁通訊處(倪浩瀚),雙北,台北市,台北市中山區,客服/業務/電商/貿易,廣告行銷/公關顧問,面議,面議,,,1,0,傳統無AI,無,0,0,0,0,	關於保險業務員報酬部份，係依實際招攬業績(實收保險費)的比例計算。本網頁所顯示待遇部份係因欄位選項受限，故為簡要記載。  1. 當各位求職者收到來自於本廣告之聯絡人或承辦人之聯絡訊息時，並不代表南山人壽保險股份有限公司已同意與各位求職者締結任何勞務契約關係。 2. 不論各位求職者是否已取得保險業務員資格，以及是否參加南山人壽提供相關訓練，縱已收到本廣告頁面承辦人或聯絡人之通知，然尚未與南山人壽成立任何承攬、委任、勞動、居間或其他勞務契約關係。須待各位求職者取得業務員資格，並待南山人壽執行登錄前盡職調查後，南山人壽始將回覆是否同意登錄申請及締結契約。 3. 各位求職者就本職務之應徵過程中，若有
15258012,產品諮詢專員(客服中心) Specialist of Product Information,美商亞洲美樂家有限公司台灣分公司,雙北,台北市,台北市松山區,客服/業務/電商/貿易,生技/醫療保健,48000~9999999 (period=0),月薪,48000,48000,0,0,傳統無AI,無,0,0,0,0,主要職責 負責規劃客服中心及健康生活館的產品教育訓練，提升同仁產品知識與服務品質，並協助處理產品品質及相關問題，提供會員更專業的服務體驗。 1.	規劃並執行營運處產品教育訓練，提供產品知識支援，並協助處理會員反應問題。  2.	協助處理產品品質案件及相關問題，並追蹤回報處理進度。  3.	維護產品知識庫、FAQ及相關產品資料。  4.	與行銷團隊合作新品上市相關事項，擔任營運處產品講師。  5.	於客服尖峰時段支援電話服務。  6.	完成主管交辦事項。
14222533,行政助理,費思科光電有限公司,雙北,台北市,台北市信義區,客服/業務/電商/貿易,其他服務/工商貿易,35000~9999999 (period=0),月薪,35000,35000,0,0,傳統無AI,無,0,1,1,0,1. 負責進出口報關之行政作業，並匯整製作報關文件。 2. 處理、審核進出口報關之資料與文件。 3. 聯絡工廠、船公司和報關行，進行交期確認、排船、簽 S╲O、文件檢查等聯絡事項。 4. 處理進出口押匯、信用狀以及保稅帳務相關之工作。 5. 負責應付帳款之請款工作，並處理業務部門訂單後續事宜。 6. 負責一般文書資料處理及歸檔工作。 7. 協助處理庶務性行政工作（如：事務機器叫修維護、文具用品採買）。 8. 負責簡單零用金管理。 9. 其他主管交辦事項 10. 需會日文或美編相關技能
13754745,國貿人員,達翌有限公司,雙北,台北市,台北市中山區,客服/業務/電商/貿易,其他服務/工商貿易,40000~60000 (period=0),月薪,40000,60000,0,0,傳統無AI,無,0,0,1,0,1. 客戶訂單處理與安排出貨事宜. 2. 有效率完成回覆客戶與工廠之間的信件 3. 國內外產品詢價與開發業務追蹤 4. 深入了解我們的產品和服務，向客戶提供準確的信息。 5. 其他未盡事項
15392501,總公司|售後服務部專員/高級專員,台北合眾汽車有限公司,雙北,台北市,台北市內湖區,客服/業務/電商/貿易,傳統製造/精密工業,面議,面議,,,1,0,傳統無AI,無,0,0,0,0,1.負責售後服務部與全省/離島特約廠及直營廠之營運行政支援。 2.請款、結帳與財務作業管理。 3.合約管理與資材/採購嚴格管控。 4.系統資料維護、庫存與資產追蹤。 5.營運報表編制與跨部門活動支援執行。 6.主管交辦之其他臨時事項。
12198175,一般業務代表(承攬性質，非勞動契約),南山人壽保險股份有限公司_順福通訊處(莊家隆),雙北,台北市,台北市信義區,客服/業務/電商/貿易,廣告行銷/公關顧問,面議,面議,,,1,0,傳統無AI,無,0,0,0,0,招攬保險、服務客戶。  關於保險業務員報酬部份，係依實際招攬業績(實收保險費)的比例計算，本網頁所顯示待遇部分係因欄位選項受限，故為簡要記載。  1.當各位求職者收到來自於本廣告之聯絡人或承辦人之聯絡訊息時，並不代表南山人壽保險股份有限公司已同意與各位求職者締結任何勞務契約關係。  2.不論各位求職者是否已取得保險業務員資格，以及是否參加南山人壽提供相關訓練，縱已收到本廣告頁面承辦人或聯絡人之通知，然尚未與南山人壽成立任何承攬、委任、勞動、居間或其他勞務契約關係。須待各位求職者取得業務員資格，並待南山人壽執行登錄前盡職調查後，南山人壽始將回覆是否同意登錄申請及締結契約。  3.各位求職者就本職
12415434,童裝親子裝百貨專櫃銷售人員,MiFresa_各一商行,雙北,台北市,台北市信義區,客服/業務/電商/貿易,資訊科技/軟體網路,50000~75000 (period=0),月薪,50000,75000,0,0,傳統無AI,無,0,0,0,0,1.負責介紹及銷售百貨門市商品。  2.提供顧客之接待與需求服務（如：電話諮詢、調貨、修改、包裝及退換貨處理）。  3.負責商品進貨入庫、銷售管理及庫存管理。  4.負責商品包裝、陳列及促銷品換檔工作。  5.維持店櫃週遭之整潔。  6.其他主管交辦事項
11695539,業務助理,洋宏股份有限公司,雙北,台北市,台北市松山區,客服/業務/電商/貿易,其他服務/工商貿易,33000~45000 (period=0),月薪,33000,45000,0,0,傳統無AI,無,0,1,0,0,1. 協助業務相關的行政及後勤等工作。 2. 處理主管交辦事宜，文書作業及國內外溝通橋梁。 3. 英文程度中等以上者。  法定保障 ：勞保、健保、新制勞工退休金提撥、特休假、生理假、產檢假、產假、陪產假、家庭照顧假、防疫照顧假、育嬰留職停薪。 福利制度 : 員工體檢、結婚祝賀金、生育祝賀金、住院慰問、喪亡慰問金。 休假制度 ：週休二日、生日特別假、每季特別假、給薪志工假。 獎金制度 ：久任獎金、特別獎金 ( 依據實際營運狀況  )、端午獎金 ( 依據實際營運狀況 )、中秋獎金 ( 依據實際營運狀況 )、年終獎金 ( 依據實際營運狀況 )、推薦人才獎金。 休閒娛樂 ：尾牙餐會。 
15401015,西門町新開幕｜Island Orchard 島嶼果實 誠徵正職門市人員（資深員工／調酒師）,Island Orchard 島嶼果實_巨敏有限公司,雙北,台北市,台北市萬華區,客服/業務/電商/貿易,電子商務/數位零售,面議,面議,,,1,0,傳統無AI,無,0,1,0,0,Island Orchard 島嶼果實即將在西門町開出首間旗艦店： 白天是水果概念店，入夜切換成 Bar。同一個空間、同一套講究，靠的是站在現場的人。這個職缺，是要成為門市團隊裡撐起日夜兩種節奏的正職夥伴。  這個角色在做什麼： 你是現場品質的基準線。日班能把水果的糖度與產地講清楚，夜班能把一杯調酒的溫度與配方講清楚；同時是計時夥伴的第一個參照，他們遇到問題會先問你，你示範，他們才學得會。開幕初期由儲備店長與執行總監帶著你完整走過訓練，表現穩定後，逐步成為店內 SOP 執行與新人帶領的核心。  工作內容： • 依 SOP 製作果昔、雪花冰、霜淇淋等日間飲品與甜點，把關水果 Brix 糖度、備料
15406218,│BOOKS&BLOOM│咖啡師,薇閣餐旅股份有限公司,雙北,台北市,台北市中山區,客服/業務/電商/貿易,其他服務/工商貿易,面議,面議,,,1,0,傳統無AI,無,0,0,0,0,本職務主要負責咖啡及各式飲品製作、咖啡品質控管、吧台日常營運與顧客服務。希望你具備良好的服務意識，對咖啡風味及飲品品質有所要求，並能配合營運需求進行輪班。  【工作內容】  1. 負責義式咖啡、手沖咖啡及各式咖啡飲品製作。 2. 熟悉咖啡機、磨豆機等相關設備操作及基本保養。 3. 依標準流程執行咖啡豆研磨、萃取及飲品品質控管。 4. 協助咖啡豆、飲品原物料之盤點、備料及庫存管理。 5. 維持吧台、咖啡設備及工作區域之整潔與衛生。 6. 提供顧客咖啡介紹、飲品推薦及相關服務。 7. 配合店內營運需求及活動執行。 8. 協助新品測試、咖啡飲品調整及相關作業。 9. 完成主管交辦事項。  【職務條件
14918865,狀聲詞國內業務,BONNSU_狀聲詞有限公司,雙北,台北市,台北市中正區,客服/業務/電商/貿易,電子商務/數位零售,45000~50000 (period=4),月薪,45000,50000,0,0,傳統無AI,無,0,0,0,0,"1. 開發國內實體以及網路銷售據點 2. 開發企業採購, 禮品採購以及團購之銷售渠道 3. 既有客戶關係維護與專案跟進，優化穩定客戶關係。 4. 定期審視客戶銷售與庫存狀況，掌握預估業績需求，做好跨部門溝通協調。 5. 熟悉公司規章及客服作業流程、迅速回覆顧客問題解決客戶疑問。 6. 觀察、瞭解買家偏好與市場資訊，市售競品收集分析。 7. 整理銷售紀錄，每月提出銷售數據分析並檢討相對應之銷售方針。 8. 配合行銷以及設計開發銷售專案, 參展以及國內銷售活動提案。 9. 設計產品教程以及活動，教育通路人員以及客戶，建立品牌忠誠度。  關於我們： 成立至今即將邁入第八年，年輕且溫馨的小團隊。 快速"
6700560,海運出口OP,羅賓昇國際聯運股份有限公司,雙北,台北市,台北市中山區,客服/業務/電商/貿易,其他服務/工商貿易,面議,面議,,,1,0,傳統無AI,無,0,0,0,0,1. 有海運OP經驗。 2. 排船、簽 S╲O 等。 3. 認真、負責、主動積極、配合度高。 【鼓勵身障者申請】
11758440,資深授權業務｜Senior Sales Executive,薩摩亞商羚邦亞洲有限公司台灣分公司,雙北,台北市,台北市松山區,客服/業務/電商/貿易,其他服務/工商貿易,50000~9999999 (period=4),月薪,50000,50000,0,0,傳統無AI,無,0,0,0,0,．公司代理肖像之圖像授權業務，業績目標之達成 ．客戶拜訪開發、管理與執行，維繫穩定客戶關係 ．對IP產業趨勢有相當的敏銳度 ．具備獨立作業、組織規劃及活動企劃能力 ．企劃年度授權商品開發、活動合作規劃與執行 ．思考靈活，具高度責任心及抗壓性 ．協助公司主管交辦事項  ※實際薪資將依個人經驗、專業能力及面談結果綜合評估核定
14057718,台北永康店-門市正職人員 月薪39000-44000元（底薪含獎金）勞健保6%勞退 每月激勵獎金 年度尾牙 員工飲品免費 年度健康檢查,一沐日台北永康店_樂芳源有限公司永康分公司,雙北,台北市,台北市大安區,客服/業務/電商/貿易,生技/醫療保健,39000~44000 (period=0),月薪,39000,44000,0,0,傳統無AI,無,0,0,0,0,｜工作內容｜  1. 進行飲料之調製 2. 負責製作半成品物料(無明火、有冷氣) 3. 負責結帳與收銀，並整理現金收據 4. 負責清洗餐具、吧台設備以及維護周遭工作環境 5. 外送飲品(公司備有公務機車)  ｜工作待遇｜  1. 本薪31000元 2. 每月考核激勵獎金7000元，依當月考核分數按比例發放。 3. 加班費另計 4. 月平均薪資39000-44000元  ｜加分條件｜  - 具有機車駕照  ｜福利制度｜  - 勞保、健保、勞退提撥金 - 團保、考核激勵獎金、員工定期聚餐 - 員工制服
15232572,訂單處理人員,永濱小客車租賃有限公司,雙北,台北市,台北市大同區,客服/業務/電商/貿易,其他服務/工商貿易,32000~35000 (period=3),月薪,32000,35000,0,0,傳統無AI,無,0,0,0,0,1.善與人溝通並完整記錄內容。 2.可長時間執行重複性動作。 3.開立發票。並依照客戶習慣寄出。 4. 紀錄訂單相關等一切問題。  此工作要求正確率極高，無法細心工作者勿試  
14154749,台北業務專員,起點設計股份有限公司,雙北,台北市,台北市大同區,客服/業務/電商/貿易,電子商務/數位零售,38000~50000 (period=0),月薪,38000,50000,0,0,傳統無AI,無,0,0,0,0,"薪資福利月薪平均 50,000元以上。 績效達標，加獎金年薪 15 個月起跳！另有部門達標獎金。   工作內容 客戶維繫：規律拜訪、推進產品與製程升級。 產品推廣：規劃最適配的3D掃描與列印設備。 情資掌握：分析競品與收集產業案例。  應徵條件對3D列印有興趣，邏輯清晰。 能將生硬技術轉化為「商業價值」說服客戶。 高度自律，不排斥進入工廠或研發中心。  加分：機械/工設背景、1年硬體銷售經驗、有汽車駕照。  應徵歡迎點擊下方「應徵」按鈕，或將履歷寄至我們的官方信箱，期待你的加入！#3D列印 #業務招募 #高年薪 #有工程師隨行 #免處理行政"
15404093,CSD - 客戶服務管理專員/資深專員 Customer Service Specialist (EC、POS),順立智慧股份有限公司,雙北,台北市,台北市內湖區,客服/業務/電商/貿易,電子商務/數位零售,500000~9999999 (period=4),年薪折算,37037,740741,0,0,傳統無AI,無,0,1,0,0,【關於 CYBERBIZ】 CYBERBIZ 是台灣新零售與電商 SaaS 領域的科技公司，提供品牌官網、智慧 POS、電商倉儲、AI 數據與 OMO 全通路解決方案，協助品牌整合線上線下營運，提升數位化與成長效率。  【我們正在尋找的夥伴】 我們正在尋找具備 主動解題、跨部門協作與高度 Ownership 的夥伴加入團隊。 你將深入了解 CYBERBIZ 的產品與服務，協助客戶解決使用上的問題，並與產品、技術、業務、營運、行銷等團隊合作，從客戶需求與實際使用情境出發，持續優化服務流程與產品體驗。  【職務內容】 1.	產品與服務熟悉 o	熟悉公司產品功能、操作方式及服務流程。 o	理解產品與
15391315,管理部經理,艾美斯科技有限公司,雙北,台北市,台北市松山區,行政/總務/法務,文教/補教培訓,面議,面議,,,1,0,傳統無AI,無,0,0,0,0,【職務說明】  我們正在尋找一位具備管理思維、溝通協調能力及高度執行力的「管理部經理」， 負責統籌公司人力資源、行政總務及內部管理相關事務。  此職位需能承接公司管理政策與主管決策，建立並持續優化各項管理制度及作業流程， 同時協調跨部門資源，確保公司內部運作順暢。  【主要工作內容】  ◆ 部門管理 統籌管理部日常運作，包含人資、行政、總務等管理事務。 建立及優化公司管理制度、作業流程及SOP。  ◆ 人資管理 負責招募任用、出勤、薪酬福利、績效考核、教育訓練及員工關係管理。  ◆ 行政總務管理 督導行政總務、辦公環境、設備、資產及庶務管理。  ◆ 團隊協作 負責管理部人員工作分配、進度追蹤及
13841823,【正職】診所櫃檯,惠森復健科診所,雙北,台北市,台北市中正區,行政/總務/法務,生技/醫療保健,50000~9999999 (period=0),月薪,50000,50000,0,0,傳統無AI,無,0,0,0,0,我們在找一位陪伴病人走向健康的醫療服務夥伴。  在惠森，我們相信，醫療的價值，不只是在診間，更是在每一次真誠的互動中建立信任。  從病人踏進診所的那一刻開始，每一次接待、每一句關心、每一個細節，都可能影響他的就醫體驗與康復旅程。  如果你喜歡與人互動、樂於學習，期待在一個重視專業、團隊合作與持續成長的環境工作，我們誠摯邀請你加入惠森。  --- 【工作內容】  1. 接待病患、辦理掛號、預約安排及就診流程協助。 2. 提供親切的衛教說明，協助病患獲得良好的就診體驗。 3. 依病患需求，協助介紹診所治療項目、保健品及護具。 4. 病患關懷、基本問題回覆及客訴初步處理。 5. 櫃檯收款、結帳及帳務
15007760,【短期兼職】網拍出貨小幫手 10/1、10/2、10/5、10/6、10/7 13-17點 ( 時薪$196 ),買買選品有限公司,雙北,台北市,台北市信義區,行政/總務/法務,電子商務/數位零售,196~196 (period=0),時薪折算,31360,31360,0,0,傳統無AI,無,0,0,0,0,【主要工作內容】  ■ 衣服品檢整燙、包裝和出貨 ■ 協助倉庫 進貨/出貨/退貨   【工作時間】 網拍出貨小幫手 10/1、10/2、10/5、10/6、10/7 13-17點 ( 時薪$196 ) 
15404712,NEW!! 外商總務行政專員 40-50K｜固定日班｜週休六日｜台北101｜英文能力佳｜BIS_237,藝珂人事顧問股份有限公司,雙北,台北市,台北市信義區,行政/總務/法務,其他服務/工商貿易,40000~50000 (period=2),月薪,40000,50000,0,0,傳統無AI,無,0,1,0,0,"【工作內容】 • 負責辦公室日常行政及總務庶務作業 • 辦公用品、文具及印刷品採購與庫存管理 • 協助公司活動、會議、商務訪客及內外部活動安排 • 協助櫃台接待、訪客引導及電話／信件處理 • 其他主管交辦之行政事項  【條件要求】 • 具 1年以上行政／總務／櫃台接待相關工作經驗。 • 具備基本至中等英文能力，可進行簡單日常溝通及 Email 往來。 • 熟悉 Microsoft Office（Word、Excel、PowerPoint）。 • 個性細心、主動，具良好溝通協調能力。  【福利制度】 • 月薪 NT$40,000–50,000 • 固定日班：09:00–18:00 週休六日 • "
15352601,【財團法人票據交換所】夜貓族首選！票據處理專員✦月薪35K ✦固定晚班 16:00-24:00,東慧國際諮詢顧問股份有限公司,雙北,台北市,台北市中正區,行政/總務/法務,其他服務/工商貿易,35000~35000 (period=0),月薪,35000,35000,0,0,傳統無AI,無,0,0,0,0,【職缺優勢】 ✦起薪高於一般行政。 ✦工作環境單純無壓力。 ✦白天時間自由。 ✦幫自己的金融經歷加分。  【工作內容】 1. 負責票據交換業務，含票據整理、剔除票輸入、結帳、打包票據。 2. 每日如實登載個人出勤等相關資料。 3. 業務需要時須配合赴外縣市出差及業務演練(約半年一次)。  【職缺條件】 1. 須為國內外大學畢業，且已取得學士(含)以上學位(畢業)證書。 2. 細心、不排斥協助庶務事項。 3. 對於服務期間所知悉資料應與保密。  【工作地點】 臺北市中正區南海路3號仰德大樓2樓  【工作時間】 週一至週五16:00~24:00 (見紅休)  【東慧福利】 ★年終績效獎金 ★中秋、
15403823,帳務行政助理,元鑫國際股份有限公司,雙北,台北市,台北市松山區,行政/總務/法務,傳統製造/精密工業,37000~43000 (period=0),月薪,37000,43000,0,0,傳統無AI,無,0,0,0,0,1. 整理憑證、彙整帳務數據，使用 Excel 進行日常記帳作業 2. 費用報銷處理、簡單零用金管理 3. 協助製作財務報表與數據彙整 4. 處理主管交辦之財務相關事務 5. 協助執行國外銀行匯款與放款相關作業 6. 一般行政庶務與人資相關資料整理
15406553,行政總務專員｜採購．資產．庶務管理,聖東營造股份有限公司,雙北,台北市,台北市松山區,行政/總務/法務,其他服務/工商貿易,42000~9999999 (period=2),月薪,42000,42000,0,0,傳統無AI,無,0,0,0,0,一、採購與供應商管理 1. 辦理詢價、比價、議價及採購下單。   2. 協助各單位提出採購及付款申請。   3. 開發供應商並維護基本資料。   4. 追蹤訂單、交貨、驗收及請款進度。   5. 處理交期、品質及退換貨問題。    二、成本與合約管理 6. 蒐集市場行情及歷史採購價格。   7. 辦理年度合約及集中採購。   8. 管理合約期限及履約情形。   9. 整理採購數據並協助流程改善。    三、資產與行政總務 10. 辦理固定資產建檔、領用及報廢。   11. 執行資產盤點及帳物差異追蹤。   12. 管理辦公設備、車輛、門禁及行政物資。   13. 聯繫清潔、保全、電信及修繕廠商
14523892,中醫診所助理 (無經驗可，有績效獎金),好康中醫診所,雙北,台北市,台北市松山區,行政/總務/法務,生技/醫療保健,34500~60000 (period=0),月薪,34500,60000,0,0,傳統無AI,無,0,0,0,0,1.診所櫃檯工作(掛號、行政)。 2.跟診、協助醫師診務工作。 3.診所相關交辦事務、醫療資訊文書社群管理、協助拍攝影片 4.彈性工時 (週六排休、週日不看診全天休假) ，國定假日休假或補休。 5.協助藥局相關工作 6.協助衛教患者  好康中醫非常注重員工的服務態度，抗壓力，工作態度、配合度，試用期第一個月保障薪資34500元，考核後加上獎金可到35000以上，薪資第二個月起通過考核介於3.5-6萬，需工作滿40個小時，且每年調薪，歡迎您的加入，績效獎金另計，歡迎有服務熱誠的您來應徵！！  年終滿一年保障一個月，每年增加0.25個月，隨年資以及工作能力調高 高三節獎金  上班時間： 早：8：5
15402901,[IFM] 工務助理-辦公室（台北）,JLL Taiwan_仲量聯行股份有限公司,雙北,台北市,台北市信義區,行政/總務/法務,其他服務/工商貿易,60000~80000 (period=3),月薪,60000,80000,0,0,傳統無AI,無,0,0,0,0, 工作內容： 該職位將透過仲量聯行聘用，工作地點位於我們在台北的外商客戶辦公室。  1. 現場工作辦公室行行政庶務管理與協調（例：報表整理、廠商管理、維護紀錄、請修追蹤、文件處理、溝通協調等） 2. 辦公室現場簡易異常排除或設備處理 3. 成功完成計劃的維護活動並解決客戶請求  4. 確保始終保持高水準的專業性和客戶服務   任職要求：  1. 良好的溝通協調能力 2. 廠商管理協調能力 3. 基本機電概念即可 4. 專科以上學歷 5. 3年以上相關經驗      
14794585,大同大學國際暨兩岸事務處誠徵專案助理,大同大學_教學發展中心,雙北,台北市,台北市中山區,行政/總務/法務,文教/補教培訓,32000~36000 (period=0),月薪,32000,36000,0,0,傳統無AI,無,0,0,0,0,"負責外籍生之輔導相關事務以及國際專修部招國際計畫推動,詳細內容如下:  1.  教育部留台計畫之相關事務及活動安排執行。 2.  國際專修部之計畫執行包括公告、招生、報到、課程安排與生活輔導等相關事務。 3.  處理校內行政事務及執行主管交辦事項。 4.  一般外籍生(含陸生和交換生)之入學安排及生活相關的說明與輔導。 "
14907040,臺北松山機場行政業務暨旅遊諮詢-交通部觀光署,詠馳企業有限公司,雙北,台北市,台北市松山區,行政/總務/法務,其他服務/工商貿易,34732~34732 (period=3),月薪,34732,34732,0,0,傳統無AI,無,0,0,0,0,1.配合松山機場櫃檯輪值勤，執行每日櫃檯例行作業。 2.提供國內外旅客旅遊諮詢、航站設施指引、航情答詢等服務。 3.配合署內推廣臺灣觀光行銷活動。 4.協助接待受邀之來台貴賓及團體。 5.支援大陸觀光團體入出境通報相關業務。 6.本案相關交辦事項。
15405792,【行政部】行政人員,真建築科技股份有限公司,雙北,台北市,台北市北投區,行政/總務/法務,資訊科技/軟體網路,面議,面議,,,1,0,傳統無AI,無,0,0,0,1,1.文書處理與檔案管理：處理公文、合約、單據與會議紀錄，並建立有系統的電子與紙本歸檔機制。 2.會議與行程安排：協調會議時間、預訂場地、準備資料，以及統籌差旅與動線規劃。 3.總務與採購管理：控管辦公設備、耗材庫存與採購，並負責硬體設施維護及廠商聯繫。 4.財務報表與帳務支援：處理零用金、發票核銷、款項控管，並製作各類行政或基礎財務報表。 5.辦公環境管理：維護辦公室、會議室及公共區域之環境整潔與設備正常維護作業。 6.行政庶務與日常服務：協助郵件、包裹之收發與分送。辦理辦公用品、文具及耗材之採購與庫存管理。 7.內部溝通與接待：接聽電話、過濾來電、接待訪客，並對內發布公告與收發信件，維護公司
15399646,倉庫出貨助理（兼行政）,百電企業有限公司,雙北,台北市,台北市大安區,行政/總務/法務,其他服務/工商貿易,32000~9999999 (period=0),月薪,32000,32000,0,0,傳統無AI,無,0,0,0,0,工作內容 我們正在尋找細心、負責任且具效率的夥伴加入團隊，協助倉庫日常作業及行政事務。 工作內容包含： 1.商品包裝、出貨及出貨檢查 2.外出寄件及物流相關作業 3.接聽電話及協助處理客戶來電 4.銷貨、出貨單據建檔及歸檔 5.基本行政文書及資料整理 6.協助搬運商品貨物 7.完成主管交辦事項  我們希望您具備 1.具良好的數字觀念，對數量核對敏感。 2.熟悉電腦操作(Excel、Word、ERP系統)。 3.工作細心、負責任，能獨立完成交辦事項。 4.積極主動，做事有效率、動作俐落。 5.配合度高，樂於團隊合作。  加分條件 1.具倉庫管理、理貨或商品包裝出貨相關工作經驗者優先。 2.熟悉物
14904687,國泰世華銀行｜消金審查部｜信用卡徵審暨行政科｜行政專員｜無經驗可~長期穩定 !,華卡企業股份有限公司,雙北,台北市,台北市信義區,行政/總務/法務,其他服務/工商貿易,32000~36000 (period=0),月薪,32000,36000,0,0,傳統無AI,無,0,0,0,0,【工作內容】 1.信用卡相關作業事項（調閱申請書、部分建檔、補件影像處理、改派案件、核對資料等）  2.庶務相關事項（協助部門財產申請、報廢等、部門電腦及電話等設備設定、調整窗口）  3.其他主管交辦業務等  【職工福利】 1.勞保、健保、團保、退休金提撥。 2.三節禮金、生日禮金、生育、婚喪傷病緊急救助。 3.資深獎金、資深獎牌、定期健檢、年終獎金。
15203525,人資行政(居家辦公),台灣力德信息科技有限公司,雙北,台北市,台北市信義區,行政/總務/法務,資訊科技/軟體網路,30000~30000 (period=0),月薪,30000,30000,0,0,傳統無AI,無,0,1,0,0,*人資事務管理。 *員工與客戶溝通、管理及訊息整合。 *英文文件、郵件閱讀與回覆。 *發票出納等日常帳務對外跟進。 *協助專案、文件跟進與時程控管。 *其他主管交辦事項與行政事務處理。 *乙級就業服務技術士證照為必備條件。
15403843,(Senior) Compliance Specialist (資深)法遵專員,Gogolook_走著瞧股份有限公司,雙北,台北市,台北市大安區,行政/總務/法務,文教/補教培訓,面議,面議,,,1,0,傳統無AI,無,0,1,1,0,我們正在尋找具備 1–3 年法務、法遵、風險管理或相關工作經驗的夥伴加入法務暨法令遵循部。本職務將直接向集團法務暨法令遵循部主管報告，依既有制度、流程及主管指導，執行日常法遵作業、制度維護及跨部門事項追蹤。 我們期待你具備基本法律及法遵概念，能依既有制度、流程及主管指導，獨立完成範圍與要求明確的工作；如發現疑義、例外或潛在風險，能適時提出並向主管反映。  工作內容： 一、法遵制度維護與執行追蹤 • 維護法遵相關政策、作業流程、表單及內部文件，確保資料完整且為最新版本。 • 執行法遵自評、內部查核或主管機關改善事項之資料彙整與進度追蹤。 • 追蹤相關單位改善事項之完成情形，並維護必要的執行紀錄及
15068331,一般勤務員,百煇企業有限公司,雙北,台北市,台北市中正區,行政/總務/法務,其他服務/工商貿易,33000~36000 (period=0),月薪,33000,36000,0,0,傳統無AI,無,0,0,0,0,"1. 具國中畢業(含) 以上學歷(影印)。 2. 公文遞送工作。 3. 賓客接待工作。 4.整理、清潔環境。 5. 臨時交辦事項。 6. 毎月薪津約=33,000元(享勞健保) 加班費用另計、年節獎金2750元按月、發放。 7. 工作地點: 台北市羅斯福路三段。177號4林樓及中正區汀州路三段230巷1號。 面試連絡人電話:0958-901057張小姐 請將以下資料掃描寄電子信箱：splendo.eq44524@msa.hinet.net/  "
15338072,派駐公家機關(台北市中正區)-短期採購行政人員_106DC,萬寶華企業管理顧問股份有限公司,雙北,台北市,台北市中正區,行政/總務/法務,文教/補教培訓,37500~42500 (period=0),月薪,37500,42500,0,0,傳統無AI,無,0,0,0,0,派駐至公家機關 1.協助機關處理標案採購等相關業務，及執行採購教育訓練計畫。 2.協助蒐集及彙整最新政府採購法相關資料，規劃及精進採購作業標準化流程。 3.辦理採購押標金相關業務。 4.各項行政支援及其他主管交辦事項。  *此職缺為短期職缺* 期間：115年9月初至115年12月29日
12078372,♪多項津貼教育完善♪有無經驗皆歡迎☆彡格拉斯麗台北飯店_櫃檯人員（須具備日文能力）,格拉斯麗台北飯店_台灣藤田飯店股份有限公司,雙北,台北市,台北市中正區,行政/總務/法務,文教/補教培訓,35500~41500 (period=0),月薪,35500,41500,0,0,傳統無AI,無,0,1,0,0,1. CHECK-IN / CHECK-OUT 房間安排事務。 2. 處理訂房後台管理。 3. 櫃檯收款等相關帳務處理。 4. 提供客人接待、諮詢服務等事宜。 5. 客房行李寄存。 6. 房務作業支援。 7. 主管交辦事項。
12873319,【櫃檯行政】,正大纖維工業股份有限公司,雙北,台北市,台北市中山區,行政/總務/法務,生技/醫療保健,32000~9999999 (period=0),月薪,32000,32000,0,0,傳統無AI,無,0,0,0,0,【工作內容】 1. 櫃檯行政事務：訪客接待、電話接聽、訪客車位安排 2. 辦公室管理：辦公室設備管理、維護環境整潔、零用金管理、會議室管理及辦公文具耗材等物資採購和管理庫存。 3. 行政工作：管理內部文件、處理郵務、會議室預訂場布協助、協助訂餐、協助大樓訊息傳遞、公司活動協辦。 4. 內外聯絡：協調辦公室設施的維修或更新工作。 5. 協辦年度祭祀：開工拜拜、過年拜拜及普渡。 6. 主管交辦事宜。  【上班時段】 9:00-18:00 (12:00-13:30 休息1.5小時)  【福利制度】  1. 每日工時7.5小時 2. 獎金：年終獎金、三節禮金，每年績效評核取得標準者薪資為年薪14個月 
15406082,高階行政特助 Executive Special Assistant,頂盟國際顧問有限公司,雙北,台北市,台北市中山區,行政/總務/法務,文教/補教培訓,60000~9999999 (period=3),月薪,60000,60000,0,0,傳統無AI,無,0,1,0,0,身為 Executive Special Assistant，你將直接回報執行長，作為其高階行政幕僚。你將負責行程管理、重要會議溝通、跨公司專案控管與追蹤，確保執行長日常業務與專案高效順暢運作。  【主要工作內容】 ① 高階行政與行程管理：       ● 協助執行長行事曆規劃、商務會議安排、重要行程提醒及專案進度追蹤        ● 因應公務外出需求，須具備有效汽車駕照及優良的安全駕駛能力  ② 會議主持與決議追蹤：        ● 準備重要會議資料與簡報，確保內容品質與精準度 ，並兼顧視覺排版及色調美感等重要品牌形象       ● 追蹤會議紀錄、決議事項之跨部門交辦與後續執行狀況  
15288351,【櫃檯】行政總務專員,慧築營建科技股份有限公司,雙北,台北市,台北市中正區,行政/總務/法務,資訊科技/軟體網路,36000~9999999 (period=0),月薪,36000,36000,0,0,傳統無AI,無,0,0,0,0,主要工作： A) 櫃檯：接聽電話、賓客接待、前台及門廳會議室之維護管理美化清潔。 B) 總務：工務相關設備列管與採買、庶務雜項購買、拜拜用品、公司活動用品會議室管理。 C) 收發：訂/收貨、收發文、郵寄。 D) 行政：文書繕打、影印、掃描文件、行事曆登錄及維護。  
15239715,【臺北市立大學】總務處出納組臨僱管理員,臺北市立大學,雙北,台北市,台北市中正區,行政/總務/法務,文教/補教培訓,36165~36165 (period=0),月薪,36165,36165,0,0,傳統無AI,無,0,0,0,0,"一、職稱：臨僱管理員 三、聘用期間：錄取之日起至115年12月31日（逐年視表現續僱用)。 四、工作待遇與福利：學士級薪資每月36,165元（含勞健保及勞退費用），年終獎金1.5個月(按到職日比例計算)。 五、工作時間：彈性上下班時間：8:00～9:00；17:00～18:00，週休二日及國定假日休假，但需依本校行事曆及業務調整週末上班與平日補休。  六、資格條件： 具備教育部認可之國內外大專院校學士(含)以上畢業。 具備電腦文書處理能力、資訊能力。 具備良好事務規劃執行及組織能力、人際溝通能力。 態度積極、細心負責、耐心及具抗壓性。  七、工作內容 1、各項帳戶出帳作業及約用、約聘僱、臨時人"
15147962,國立臺灣大學管理學院EMBA辦公室徵服務中心全職助理,國立臺灣大學管理學院,雙北,台北市,台北市大安區,行政/總務/法務,文教/補教培訓,32451~32451 (period=0),月薪,32451,32451,0,0,傳統無AI,無,0,0,0,0,1. 總機、接待賓客、會議庶務及環境整理 2. 協助本室行政總務、電話連繫 3. 庶務文件等輸入、物品進出登記、庫存盤點 4. 資訊硬體、軟體設備維護 5. 主管交辦事項，落實規章制度，溝通內外聯繫，保證上情下達和下情上報 6. 其他部門內協助事宜 7. 上班時間早上8:30~9:00彈性上班~下午5:00~5:30彈性下班，享勞、健保及勞退公提金 8. 有工作經驗(含工讀)者，或夜間部在學學生擇優錄取。  【上班時間】 週三 08:30-17:00 (如有晚間課程需配合 13:00~21:30) 週四 12:30~21:00 週五 08:30~17:00 週六 08:00~18:00 週日 
15400155,【長期派遣 時薪$230】財務部PT｜德國外商光學科技公司 OCS_133,藝珂人事顧問股份有限公司,雙北,台北市,台北市中山區,行政/總務/法務,資訊科技/軟體網路,230~230 (period=0),時薪折算,36800,36800,0,0,傳統無AI,無,0,0,0,0,【 What you'll do 】 。彙整並記錄每日收款資料（Incoming Payments） 。維護折讓單／貸項通知單（Credit Note）相關資訊 。於系統中維護支票及現金收款紀錄 。準備並開立發票及對帳單予客戶 。協助主管交辦之其他臨時性工作  一週可安排4-5天工作，一天6-8小時。(實際天數時數可討論)  *此工作為Adecco派遣至客戶端 *此職位為一年派遣需求 *公司辦公室資訊:   110 台北市信義區
15214226,台大高階管理教育發展中心行政組員,國立臺灣大學管理學院,雙北,台北市,台北市大安區,行政/總務/法務,文教/補教培訓,36291~37946 (period=4),月薪,36291,37946,0,0,傳統無AI,無,0,0,0,0, 臺大SEED 誠徵行政夥伴 在這裡，你會成為讓課程順利運作、讓高階企業主管安心學習、讓課程精彩落幕的重要推手。 你的日常可能會是…  **把企業人才培訓需求變成一堂堂精彩課程 協助客製化課程規劃、提案及課程執行，陪伴學員一路從開課到結業。  **成為辦公室的最強後勤補給執行者 協助各類採購、總務及行政支援作業，讓每件事情都有條不紊地完成。  **當學長姐們最可靠的神隊友 解決各種疑難雜症、提供貼心服務，讓每位學員都感受到專業與溫度。  **和數字當朋友 協助業務費支出報帳、出納，讓每一筆經費都清楚、準確又安心。  **打造在台大回憶的重要時刻 協辦論壇、結業典禮、企業參訪及各類年度活動，協助
15390998,康寧大學學務處生輔組誠徵約聘辦事員,康寧學校財團法人,雙北,台北市,台北市內湖區,行政/總務/法務,生技/醫療保健,30300~36000 (period=0),月薪,30300,36000,0,0,傳統無AI,無,0,0,0,0,一、員額：約聘辦事員 1 名（性別不拘）。 二、資格條件 (一)大專（含）以上學歷。 (二)熟悉電腦軟體及工具（Word、Excel、PowerPoint）。 (三)具備生輔活動規劃、計畫制訂及執行能力，以具學校行政工作經驗者優先考慮。 (四)負責盡職，品性端正，具服務熱誠且配合度高。 (五)曾任學生事務經驗者尤佳。 三、工作內容 (一)品德教育、學生操評及獎懲委員會紀錄。 (二)辦理學生升旗獎勵作業(護理健康學院) 。 (三)學生改過銷過系統註銷作業(護理健康學院) 。 (四)學生考勤（獎懲、請假、缺曠）修正登錄作業(護理健康學院) 。 (五)協辦新生定向系列活動。 (六)專案教育(人權、品
9185197,OP部倉庫_工讀生,"ADAM elements International Co., Ltd._亞果元素國際股份有限公司",雙北,台北市,台北市大安區,行政/總務/法務,其他服務/工商貿易,200~200 (period=0),時薪折算,32000,32000,0,0,傳統無AI,無,0,0,0,0,工作內容: 1. 商品揀貨、包裝、出貨及退貨處理作業 2. 商品貼標、除標作業 3. 日常進貨驗收與上架管理 4. 庫存盤點 5. 維護倉庫環境整潔、安全及作業秩序 6. 每周三～五天，每天4~5小時。 7. 配合主管交辦事項與跨部門協調作業
13340223,櫃檯人員,西門雲町旅店_馥良股份有限公司,雙北,台北市,台北市萬華區,行政/總務/法務,其他服務/工商貿易,34000~42000 (period=2),月薪,34000,42000,0,0,傳統無AI,無,0,0,0,0,月休12天 我們有固定大夜班同仁，所以只有大夜班休假才會需要輪夜班(一個月排2~3天大夜)； 有語文證照還有語言加給喔! 上大夜班另有津貼~ 福利：正式員工每月員工聚餐/中秋、端午禮金/生日禮金/生日假/績效獎金/每年免費體檢  1.處理房間安排事宜，如：訂房、排房、進房、退房等。 2.處理帳務，如：收款、核帳、查帳等。 3.負責轉接電話並且為客人留言。 4.提供當地旅遊諮詢，並協助安排旅行計畫、交通工具租用、接送等事宜。 5.接待客人，並提供相關服務（如：行李運送、車輛引導）。 6.有相關經驗優先錄取。
15404041,日商總務專員(台北總公司任職),日商_台灣奇恭股份有限公司,雙北,台北市,台北市松山區,行政/總務/法務,資訊科技/軟體網路,32000~40000 (period=2),月薪,32000,40000,0,0,傳統無AI,無,0,1,0,0,我們是來自日本的娛樂產業集團⎯⎯GENDA GiGO Entertainment! 除了全台唯一的日系電子遊樂場GiGO，我們也同時經營數位光影樂園Little Planet、推活小物品牌fanfancy+、扭蛋專賣店GORON!，以及檸檬飲品專賣店LEMONADE Lemonica，總務一職則是支撐這些多元品牌運作的核心力量之一。 如果您細心、負責，且熱愛在充滿日系文化及IP的氛圍中發揮專長，我們誠摯歡迎您加入這個充滿活力的團隊！   【職務內容】 1.備品管理及盤點 2.營業店鋪及總公司之備品、一般用品採購 3.廠商開發及聯繫 4.合約管理及建檔 5.例行費用請款、簡易郵寄業務 6.其他主
14981934,台北市社區大樓服務人員,北都數位有線電視股份有限公司,雙北,台北市,台北市中山區,行政/總務/法務,其他服務/工商貿易,35000~9999999 (period=0),月薪,35000,35000,0,0,傳統無AI,無,0,0,0,0,"1. 回報所屬區域大樓需溝通事宜。 2. 定期擺放公司行銷DM，紀錄社區同業市場狀況。 3. 查訪區域內新大樓建置進度及登記聯絡窗口。 4. 配合公司專員針對大樓用戶需求予以提供協助。 5. 需自備交通工具，上班時間AM10:00~PM7:00 6. 保障底薪35,000起，另有績效獎金。 7. 具房地產經驗、保險銷售經驗、電信門市經驗佳。 "
14135705,教育部委辦計畫專任行政助理(遠距計畫),國立臺灣師範大學_英語學系,雙北,台北市,台北市大同區,行政/總務/法務,生技/醫療保健,36174~41370 (period=0),月薪,36174,41370,0,0,傳統無AI,無,0,1,0,0,應徵條件： （一）具教育部認可之國內外學士以上學位；具英語、語言教育、教育或相關 領域背景者尤佳。 （二）具教育計畫執行、活動規劃、人員管理、文書處理、經費核銷或其他行 政工作經驗者尤佳。 （三）具良好文字表達、資料整理及時程管理能力，能獨立作業、細心負責， 並善於溝通協調及團隊合作。 （四）熟悉電腦文書處理、試算表、簡報及雲端協作工具；具基本統計分析、 教學平臺操作或資訊問題排除能力者尤佳。 （五）對遠距教學及教育服務具興趣，能配合計畫需要辦理活動、會議及短期 國內出差；相關出勤、加班及差旅費依勞動法令與本校規定辦理。 （六）具全民英檢中高級以上或相當英語能力證明者尤佳。  工作內容： （一
12346528,★ 台北生麗【行政營運專員】★,生麗國際股份有限公司,雙北,台北市,台北市松山區,行政/總務/法務,資訊科技/軟體網路,37000~42000 (period=3),月薪,37000,42000,0,0,傳統無AI,無,0,0,0,0,排班制 11:00-19:30  1.迅速且準確地執行主管交付的各項事務。 2.協助處理日常行政工作，並提供行銷活動所需的支援，包括資料整理、課程安排、活動準備及執行等，提升部門的運作效率。 3.熟練運用Word、Excel等文書處理軟體進行資料輸入、報表製作及文件排版，能有效整合和管理各類文件及檔案，確保資料有序保存。 4.負責現場訂單資料的準確輸入，且確保發票開立無誤，並配合出貨流程，提供會員完整的購物服務體驗。 5.定期進行商品盤點，並準確記錄庫存數據，管理商品進出貨流程，確保庫存數量正確無誤，同時協助倉庫內部的調撥與管理。 6.依照公司安排，準備並支援各類活動和課程的進行，確保活動或課
8834175,兼職行政工讀生（萬華區）,洋學有限公司,雙北,台北市,台北市萬華區,行政/總務/法務,文教/補教培訓,200~200 (period=0),時薪折算,32000,32000,0,0,傳統無AI,無,0,0,0,0,"1. 接聽電話,文件整理, 櫃台服務 2. 各部門協力 3. 隨車至國小接學生 4. 完成主管交辦事項 5. 上班時間: 每週一到五，可以依照下面時間排班，天數不拘 (1）下午3:30 - 晚上7:30 （2）下午4:00 - 晚上8:00 (3) 下午12:30 - 下午4:30  6. 此職務為長期兼職，婉拒寒暑假工讀"
15405316,A台北齊家-中山區-財務秘書 40K 周休二日,齊家公寓大廈管理維護股份有限公司,雙北,台北市,台北市中山區,行政/總務/法務,其他服務/工商貿易,40000~9999999 (period=0),月薪,40000,40000,0,0,傳統無AI,無,0,0,0,0,一、社區接待服務。 二、協助現場主管完成庶務工作。 三、具有高度之服務熱忱、樂於學習及有主動積極之特性。 四、執行一般現金收付、異動、管理作業。  五、每月提列財務報表與管委會審查。	 六、有社區財務經驗佳，有丙級會計證照佳。 七、見紅休
15071973,歡迎無經驗社會新鮮人-櫃檯接待人員,那倪娛樂事業有限公司,雙北,台北市,台北市中山區,行政/總務/法務,其他服務/工商貿易,30000~9999999 (period=0),月薪,30000,30000,0,0,傳統無AI,無,0,0,0,0,別在電視前看戲了，來幕後當主角的「最強後援」！  ​如果你對娛樂傳媒充滿熱情，卻不想只當個路人甲，這裡是你踏入圈子的第一站。我們正在尋找一位具備「多工處理」超能力的櫃檯核心： ​你的任務簡報： ​賽事操盤手： 協助處理各類賽事項目，體驗競技的熱血節奏。 ​星級守護者： 負責接待演藝人員，你的專業，是藝人們最放心的依靠。 ​金流導航員： 精準處理轉帳匯款，數字在你眼裡不只是數字，是信任。 ​訊息轉運站： 負責接聽電話與留言，你就是辦公室的情報中心。 ​預約面試官： 接待未來的新夥伴，你是公司給人的第一印象。 ​驚喜挑戰： 主管不定時交辦的「神祕支線任務」，讓每天都有新鮮感。 ​加入我們，你不只是
14419465,內勤業務助理｜日本眼鏡品牌代理商｜週休二日,愛司達國際有限公司,雙北,台北市,台北市內湖區,行政/總務/法務,資訊科技/軟體網路,35000~40000 (period=3),月薪,35000,40000,0,0,傳統無AI,無,0,0,1,0,我們正在找一位細心、負責任的你，加入我們的團隊！  我們是專注於日本及國際眼鏡品牌代理與經銷的公司，合作品牌包含日本、韓國及歐洲等設計眼鏡品牌。  不同於一般傳統行政工作，這個職位會接觸到品牌、業務、客戶、訂單與商品管理，是公司內部非常重要的支援角色。  如果你喜歡有制度、但又不想每天做一成不變的工作，歡迎加入我們。  【你主要會負責】  ・協助業務處理客戶訂單及日常行政作業 ・客戶資料、訂單及商品資料整理 ・協助進出貨、庫存及商品管理 ・協助業務與客戶聯繫、追蹤訂單進度 ・使用公司系統進行資料建檔及維護 ・協助國外品牌相關資料整理 ・主管交辦事項  【我們希望你是這樣的人】  細心、負責任，
15061574,櫃台行政老師(松山校),比佛吏股份有限公司,雙北,台北市,台北市松山區,行政/總務/法務,文教/補教培訓,30000~36000 (period=0),月薪,30000,36000,0,0,傳統無AI,無,0,0,0,0,文件收發與檔案管理 行政事務處理 電話接聽與人員接待事項 接送學生 招生相關事宜 主管交辦事項
14481090,法務專員,相信音樂國際股份有限公司,雙北,台北市,台北市松山區,行政/總務/法務,廣告行銷/公關顧問,40000~45000 (period=3),月薪,40000,45000,0,0,傳統無AI,無,0,1,0,0,（1）撰擬、審閱及修訂集團公司契約（含中、英文），及各類法律文件處理、函文回覆。 （2）訴訟、非訟事務之處理。 （3）消費爭議案件處理。 （4）商標、專利申請事務之聯繫、相關文件管理。 （5）合約追蹤、歸檔、維護合約資料庫資訊。 （6）內部法律意見提供及風險管理。 （7）協助其他專案、其他主管交辦事項等。
15391123,南港分院-行政團膳人員,財團法人台北市私立愛愛院,雙北,台北市,台北市南港區,行政/總務/法務,生技/醫療保健,38000~9999999 (period=0),月薪,38000,38000,0,0,傳統無AI,無,0,0,0,0,行政部份： 1.協助處理庶務性行政工作。 2.文件歸檔及處理等相關事務。 3.配合政府單位相關行政事務。 4.配合並執行機構評鑑相關事項。 5.主管交代事項。  團膳部份： 1.準備住民及工作人員餐食。 2.為不同進食方式的住民準備不同的餐飲型式（如：攪食、切碎、流質飲食） 3.進行廚房衛生管理及清潔工作。 4.進貨驗收、貨物入庫。 5.截油槽定期清潔。   ●工作時間 日班08:30-17:30 月休8-10天  ※歡迎有團膳經驗願意學習行政事務應徵者主動投遞 ※如有行政主廚助理經驗請歡迎使用104聊聊
15398650,4萬2-5萬5  二本松/橋山壽喜燒 禪院 會計/財務 人事主管,二本松有限公司,雙北,台北市,台北市大安區,行政/總務/法務,其他服務/工商貿易,42000~50000 (period=5),月薪,42000,50000,0,0,傳統無AI,無,0,0,0,0,要會使用Apollo Hr 系統計算員工薪資 每月薪資結算 餐廳貨款結算  - 零用金、收付與銀行往來 - 發票開立與營業稅申報 - 應收應付管理與帳務入帳 - 月結與調節表編製，配合會計師查核 - 檔案歸檔與SOP維護，主管交辦事項  獨立負責中小企業全盤帳與稅務事務，打造精實與可複製的財務流程。 如果你追求穩健與效率，並樂於優化日常流程，期待你的加入！
14198751,行政人員(台北市),永固環境工程顧問股份有限公司,雙北,台北市,台北市大同區,行政/總務/法務,其他服務/工商貿易,38000~38000 (period=0),月薪,38000,38000,0,0,傳統無AI,無,0,0,0,0,1.學歷至少大學畢業 2.熟悉OFFICE及電腦基本操作，協助辦理行政文書作業及主管交辦工作 3.本職缺協助執行環保局專案業務，具有環保法規概念者佳   
15399765,【正職】健管部-健檢報告基資審核人員,博聯生技股份有限公司,雙北,台北市,台北市松山區,行政/總務/法務,生技/醫療保健,33000~35000 (period=2),月薪,33000,35000,0,0,傳統無AI,無,0,0,0,0,1.健康檢查報告基本資料審核 2.整理健檢報告紙本資料 3.主管交辦事項
15287288,經營企劃人員,華南金資產管理股份有限公司,雙北,台北市,台北市中山區,行政/總務/法務,其他服務/工商貿易,面議,面議,,,1,0,傳統無AI,無,0,0,0,0,負責經營企劃、公司治理專案及完成主管交辦事務。
15316095,營運儲備人才｜客戶服務（支援台南作業）、醫療設備管理,銀鐸實業有限公司,雙北,台北市,台北市南港區,行政/總務/法務,生技/醫療保健,40000~50000 (period=3),月薪,40000,50000,0,0,傳統無AI,無,0,0,0,1,如果你正在尋找一份不只是「行政工作」，而是能真正參與公司營運、跨部門協作，並逐步累積完整營運能力的職位，歡迎加入我們。  我們正在尋找 2–3 位具備學習力、責任感與發展潛力的營運儲備人才。  本次招募將透過共同面試、情境討論及適性評估，了解候選人的工作特質、邏輯思考、溝通協調能力與職涯興趣，並依個人特質與組織需求，安排適合的職務發展方向。  目前主要發展方向包含：  【客戶服務 Customer Service Operations】  你將參與從客戶訂單到實際交付的完整營運流程，並與業務、倉儲、物流及其他內部團隊密切合作。  主要工作包括： ・客戶訂單受理、建檔、追蹤及交期管理 ・ERP 
15326326,康寧大學總務處誠徵總務人員,康寧學校財團法人,雙北,台北市,台北市內湖區,行政/總務/法務,文教/補教培訓,30300~36000 (period=2),月薪,30300,36000,0,0,傳統無AI,無,0,0,0,0,一、員額：總務人員1名（性別不拘）。 二、資格條件 （一）大專（含）以上學歷。 （二）具備採購、環安、空氣品質、無障礙設施會勘人員等合格證書佳。 （三）熟悉電腦軟體及工具（Word、Excel、PowerPoint）、中文打字一分鐘30字以上。 （四）具備活動規劃、計畫撰擬及執行能力，並具部隊、機關、醫院、學校等單位採購、營繕、行政、經營管理等總務經驗1年以上。 （五）需有汽車或機車等交通工具，備汽車駕照。 （六）負責盡職，品性端正，具服務熱誠且配合度高。 三、工作內容 （一）擔任財產保管(建帳、除帳、折舊)、空間規劃與保管等業務。 （二）總務處採購相關業務。 （三）其他學校交辦之工作。 四、
15404652,【知名財團法人】行政人員 (數轉院/通訊應用創新中心)#812,怡東人事顧問股份有限公司,雙北,台北市,台北市信義區,行政/總務/法務,其他服務/工商貿易,面議,面議,,,1,0,傳統無AI,無,0,0,0,0,※此為派遣職，意者請投遞履歷  工作內容 派駐在經濟部產業發展署 1.辦理公文收發相關業務。  2.其他臨時交辦事項。 
15398340,行政採購專員,震旦集團_震旦行股份有限公司,雙北,台北市,台北市信義區,行政/總務/法務,其他服務/工商貿易,40000~50000 (period=6),月薪,40000,50000,0,0,傳統無AI,無,0,0,0,0,※採購作業與工程發包管理 　1.辦公室工程與設備發包。 　2.統購專案管理。 　3.日常行政請採購。 　4.供應商管理。 ※行政運作與系統管理 　1.內部系統維運。 　2.規章制度落實。 　3.跨部門協調。 　4.尾牙活動、會議規劃執行。
15396668,行政人員(採購),星序室內裝修有限公司,雙北,台北市,台北市松山區,行政/總務/法務,其他服務/工商貿易,35000~9999999 (period=0),月薪,35000,35000,0,0,傳統無AI,無,0,0,0,0,訂單與單據處理：開立採購單（PO）、請購單審查、ERP系統資料輸入與定期更新。 廠商對接與詢價：協助向供應商詢價、比價、索取樣品，並維護供應商基本資料庫。 交期追蹤與催貨：持續追蹤採購物品的生產與運輸進度，確保原物料或貨品按時到貨。 進貨與對帳處理：配合倉管確認到貨數量與品質（初驗），整理送貨單、發票並與財務部門進行請款對帳。 異常狀況協調：當貨品出現退換貨、缺貨、延遲交貨或數量不符時，擔任內部單位與外部廠商之間的溝通橋樑。 
15390592,(短期一年) 行政助理｜休六日｜底薪36k-42K+獎金｜休六日｜Contractor｜內湖港墘站【知名歐洲家電品牌】捷運港墘站_JX,康彼斯顧問股份有限公司,雙北,台北市,台北市內湖區,行政/總務/法務,傳統製造/精密工業,36000~42000 (period=0),月薪,36000,42000,0,0,傳統無AI,無,0,1,0,0,✨短期一年；滿一年有期滿獎金(1個月底新) ✨台北市內湖區，近捷運【港墘站】 ✨底薪36k-42K+月獎金 ✨具備基本行政能力。 ✨固定周一到週五09:00-18:00；休六日 ✨行政人員(客服部門) *無須接電話面對消費者，內勤為主   【公司介紹】 公司為歐洲知名外商家電品牌，產品線涵蓋廚房電器、洗衣設備、冷藏產品及多元小型家電，於全球市場具備高度品牌知名度與市占率，亦為歐洲最大家電製造商之一。  全球員工約5萬至6萬人，企業強調品質、創新與使用體驗，致力於透過科技提升居家生活品質。台灣據點負責品牌營運與市場推廣，團隊規模約100至150人，具完善制度與穩定發展環境。  【工作內容-行政人
14285560,【總部】行政專員,富錦樹台菜香檳/Mercer Brunch/I'm donut?/富錦樹集團_富錦樹文創科技股份有限公司,雙北,台北市,台北市松山區,行政/總務/法務,資訊科技/軟體網路,35000~38000 (period=0),月薪,35000,38000,0,0,傳統無AI,無,0,0,0,0,【工作內容】 1. 線上、線下通路帳務核對與聯絡事務 2.處理廠商貨款或費用等應付款項之帳務登錄、核對 3.文件或資料輸入建檔處理 4.協助自有商品庫存管理 5.協助電話接聽與人員接待事項 6.協助內勤行政工作 7.主管交辦事項  【福利制度】 • 基本項目：勞保、健保、團保及退休金提撥、年特休、加班費依法給付。  • 員工福利：  獎金福利：績效獎金、語言獎金、年終獎金、專案獎金、久任獎金等  節慶福利：中秋禮金(券)、端午禮金(券)、生日禮券 其他福利：免費員工供膳、集團訂製制服、員工休息室、集團店鋪員工消費折扣、聚餐活動、春酒、海外交流機會
14734773,國泰世華銀行｜財務會計部｜行政專員｜近捷運市政府站｜無經驗可~,華卡企業股份有限公司,雙北,台北市,台北市信義區,行政/總務/法務,其他服務/工商貿易,32000~36000 (period=0),月薪,32000,36000,0,0,傳統無AI,無,0,0,0,0,【職務內容】 1. 定期與不定期協助各科進行文書處理 2. 處理子女獎助金、旅遊補助申請 3. 市場利匯率日報 4. 同業財務數據資料庫整理 5. 總務相關行政工作 6. 其他主管交辦事項  【職工福利】 1.勞保、健保、團保、退休金提撥。 2.三節禮金、生日禮金、生育、婚喪傷病緊急救助。 3.資深獎金、資深獎牌、定期健檢、年終獎金。
15390579,內湖港墘站｜行政人員 ｜月薪36000-42000+獎金 ｜零配件庫存管理專員 ｜【知名歐洲家電品牌】捷運港墘站_JX,康彼斯顧問股份有限公司,雙北,台北市,台北市內湖區,行政/總務/法務,傳統製造/精密工業,36000~42000 (period=0),月薪,36000,42000,0,0,傳統無AI,無,0,0,0,0,✨台北市內湖區，近捷運【港墘站】 ✨基本行政經驗 ✨加入大型外商公司機會 ✨需配合配合貨品裝卸 ✨短期一年；滿一年有期滿獎金(1個月底新)  【公司介紹】 公司為歐洲知名外商家電品牌，產品線涵蓋廚房電器、洗衣設備、冷藏產品及多元小型家電，於全球市場具備高度品牌知名度與市占率，亦為歐洲最大家電製造商之一。  全球員工約5萬至6萬人，企業強調品質、創新與使用體驗，致力於透過科技提升居家生活品質。台灣據點負責品牌營運與市場推廣，團隊規模約100至150人，具完善制度與穩定發展環境。  【工作內容】 －進出貨作業：負責貨品收貨、驗貨、入庫、上架、撿貨、包裝及出貨等作業。 －庫存管理：執行庫存盤點、異
13982693,〖城市商旅-昆明館〗人事驗收(30),海霸王集團_城市商旅股份有限公司,雙北,台北市,台北市萬華區,行政/總務/法務,其他服務/工商貿易,30000~34000 (period=2),月薪,30000,34000,0,0,傳統無AI,無,0,0,0,0,1.倉管驗收作業。 2.熟電腦基本操作·有數字概念。 3.會勞健保·出缺勤管理作業。 4.配合度佳能吃苦耐勞。 5.另有伙食津貼伙食費1餐$100元，三節禮券及生日禮券
15171800,【中華賓士】關渡 接待+行政 34.5K｜固定早班×隔周六休×不須銷售 pw,全球人事顧問股份有限公司,雙北,台北市,台北市北投區,行政/總務/法務,其他服務/工商貿易,34500~34500 (period=0),月薪,34500,34500,0,0,傳統無AI,無,0,0,0,0,如果你喜歡與人接觸，樂於替客戶解決問題，享受客戶滿意所帶來的成就感 歡迎加入中華賓士的大家庭，你將會學到營運作業以及培養優秀的顧客服務能力!  【公司介紹】 中華賓士汽車是台灣規模最大的德國名車Mercedes-Benz經銷商。為全台服務業500強企業中的前100名。公司亦於2018年榮獲金商獎優良外商的殊榮。目前全台設有16間展示中心，12間維修服務廠。員工總數一千人。  【工作內容】 1. 接待客戶、提供茶水及迎賓點心、維護客戶休息區之整潔 2. 電話接聽、客戶試車賞車預約安排 3. 客戶資料建立維護、報表管理 4. 其餘展間行政庶務  【上班時間】08:30～17:30 【休假制度】 依
15383896,律師,有澤法律事務所,雙北,台北市,台北市松山區,行政/總務/法務,文教/補教培訓,面議,面議,,,1,0,傳統無AI,無,0,1,1,0,◆ 勞動法律師｜兼具一般民商事案件 本職缺以勞動法案件為主要發展方向，惟事務所案件類型多元，律師亦有機會參與民商事、公司法及其他類型案件，以累積完整之案件處理經驗。   工作內容： 1. 至少有三年實際執業年資 2. 以勞動法相關案件為主要工作領域，包括企業勞動法令諮詢、勞資爭議調解、勞動事件訴訟等。 3. 審閱及撰擬勞動契約、工作規則及其他勞動法相關文件。 4. 提供企業客戶日常法律諮詢及法律風險分析。 5. 辦理民事、商事、公司法等一般法律案件及訴訟。 6. 依個案需求參與其他法律領域案件之研究、書狀及法律意見書撰擬。 7. 與客戶進行案件溝通、法律問題分析及案件進度管理。 8. 其他與事
14933918,櫃台行政助理(行政處),中華民國資訊軟體服務商業同業公會,雙北,台北市,台北市中山區,行政/總務/法務,資訊科技/軟體網路,29500~31000 (period=0),月薪,29500,31000,0,0,傳統無AI,無,0,0,0,0,如果你： ✨ 喜歡有條理的工作節奏 ✨ 愛整理、愛數據，享受把事情處理得有頭有尾 ✨ 喜歡固定的出勤時間，能好好安排自己的生活  那麼，你很適合加入我們了！ 在這裡不用擔心自己一個人摸索，我們有親切的學姊帶領，隨時溫暖互助的團隊，絕對不會讓你孤軍奮戰～  快來加入我們，讓我們一起把行政工作做得更加專業又放心吧！  【工作內容】 1.負責訪客迎賓接待，引導並確認拜訪目的，精準對接相關單位及接聽電話。 2.負責內外部公文與信件之收發、登記及分送作業。 3.處理部分行政費用核銷，包含單據核對、資料建檔與名冊彙整。 4.協助總務庶務事項(例：文具及日用品盤點、補充、訂購等...)。
14878854,【總務處】約聘出納助理,台北市私立泰北高級中學,雙北,台北市,台北市士林區,行政/總務/法務,文教/補教培訓,34000~9999999 (period=2),月薪,34000,34000,0,0,傳統無AI,無,0,0,0,0,職稱：總務處 約聘出納助理 單位：泰北國際雙語學校 報告對象：出納組長  職務使命 確保學校日常收支作業之正確性、安全性與透明度，支援教學與行政運作所需之財務流暢與紀錄完整。以謹慎、誠信、操守與服務為原則，協助總務處落實財務管理、採購與庶務行政之執行效率。  主要職責 	出納與金流管理 -	負責銀行往來、匯款、零用金管理與每日結帳。 -	協助薪資、鐘點費、獎金及代扣項目之匯款執行。 	採購與報銷支援 -	協助處理請購、比價及付款申請流程。 -	核對發票與報銷文件，確保符合法令與學校財務規範。 -	追蹤付款進度、維護供應商資料，確保流程順暢且合規。 	行政與庶務協助 -	受理各雜項收費及開
15078189,營運管理部專員,台灣奇士美化粧品股份有限公司,雙北,台北市,台北市中山區,行政/總務/法務,其他服務/工商貿易,36000~38000 (period=3),月薪,36000,38000,0,0,傳統無AI,無,0,0,0,1,1.通路及POS管理：檔期活動提報、庫存維護、POS促銷活動設定與測試。 2.業績績效管理：彙整業績、各櫃績效及BA產值，追蹤營運與管理指標。 3.獎金獎勵管理：辦理BA、幹部獎金及各類檔期、績優與激勵獎勵計算。 4.對帳及請款作業：各通路差異對帳、帳務調整及相關費用請款。 5.營運分析與改善：定期分析通路、櫃點及活動營運成效，追蹤異常與執行進度，提出流程優化及營運改善建議，以提升整體作業效率與營運績效。 6.部門營運支援：協助主管交辦事項及部門相關營運作業。
15087472,E00200_資料處理專員,中磊電子股份有限公司,雙北,台北市,台北市南港區,行政/總務/法務,其他服務/工商貿易,面議,面議,,,1,0,傳統無AI,無,0,0,0,1,"工作內容｜Job Responsibilities  1.優化業務流程並推動數位化 2.使用 Excel 進行資料處理與報表製作 3.導入自動化／AI 工具以提升作業效率(Python, 爬蟲) 4.建立標準化資料流程與報表機制 5.支援跨部門資料整合與分析"
15400443,【月薪5萬起】會計行政(月結)醫療器材產業- (大安區),香港商唐尼爾森人力資源有限公司台灣分公司,雙北,台北市,台北市大安區,行政/總務/法務,生技/醫療保健,45000~55000 (period=3),月薪,45000,55000,0,0,傳統無AI,無,0,0,0,0,【工作內容】  會計財務  - 月結 - 辦理日常帳務、傳票及會計憑證整理 - 應收／應付款作業及帳務核對 - 發票開立、營業稅申報資料整理 - 配合會計師查帳及提供相關財務資料 - 零用金管理、銀行往來及帳務處理  秘書／行政  - 合約、文件及檔案管理 - 跨部門溝通協調與行政支援 - 辦公室支援  
15402758,總經理室副理／經理（法務合規與專案管理）,廷豐金融科技股份有限公司,雙北,台北市,台北市中山區,行政/總務/法務,資訊科技/軟體網路,面議,面議,,,1,0,傳統無AI,無,0,0,0,0,我們正在尋找一位具備敏銳商業邏輯、法律專業背景與高執行力的「總經理室副理/經理」。本職位定位為總經理的「核心幕僚與執行夥伴」，主要負責協助高層落實公司政策、進行跨部門專案控管與商務法務合規審查，確保各項營運指令精準落地。   【工作內容】 1. 幕僚支援與政策執行 ・協助總經理推動並落實各項公司政策，進行跨部門溝通協調與進度追蹤。 ・陪同參與重要商務會議，負責會議紀錄整理、決策事項之管控與後續執行狀況回報。 ・彙整與分析各部門營運數據，協助整理決策所需之背景資料與分析報告。  2. 法務合規與風險控管 ・審閱與擬定公司各類商業合約、合作協議及法律文件。 ・追蹤金融科技（FinTech）相關法令
15297787,總安處-行政組員(薪酬),國防醫學大學,雙北,台北市,台北市內湖區,行政/總務/法務,生技/醫療保健,35880~36970 (period=2),月薪,35880,36970,0,0,傳統無AI,無,0,0,0,0,1.辦理校聘人員薪資計算與發放、勞工保險、全民健康保險、勞工退休金、晉薪（升）調整、所得稅扣繳申報及勞退舊制等薪酬管理作業。  2.辦理各研究計畫年度結報作業，包括人事費、勞健保費、勞工退休金及二代健保補充保費等相關憑證及報表製作。  3.製作及分析薪酬相關統計報表，提供管理決策及業務推動所需資料。  4.辦理薪資所得相關證明文件、公文及各項人事行政文書作業。  5.協助辦理人事資料維護、差勤相關行政作業及其他人事業務支援事項。 6.辦理其他臨時交辦事項。     
15393498,資深行政助理(Senior Assistant),香港商地中海航運有限公司台灣分公司,雙北,台北市,台北市松山區,行政/總務/法務,其他服務/工商貿易,40000~9999999 (period=4),月薪,40000,40000,0,0,傳統無AI,無,0,0,0,0,1. 負責辦公室日常行政管理與相關作業。 2. 協調並協助員工辦理出差相關安排。 3. 負責辦公室接待及會議室預約管理。 4. 擔任職業安全衛生業務主管，並規劃及執行職業安全衛生相關計畫。 5. 協助員工出勤及加班相關管理作業。 6. 負責辦公室資產管理，包括設備採購及報廢流程。 7. 執行主管交辦之其他行政相關工作。
15267125,【知名外商FMCG公司】行政專員/秘書 Administrative Specialist_1 year_RFS_855,藝珂人事顧問股份有限公司,雙北,台北市,台北市內湖區,行政/總務/法務,其他服務/工商貿易,50000~60000 (period=4),月薪,50000,60000,0,0,傳統無AI,無,0,1,0,0,【工作內容】 一、主管支援 •	安排與管理主管行程（會議、差旅、拜訪等） •	規劃與準備會議資料，負責會議通知、記錄與後續追蹤 •	協助主管進行簡報製作與資料整理 •	處理主管日常行政庶務及臨時交辦事項 二、行政與專案管理 •	協助部門或公司行政作業（文件管理、報表整理等） •	協助專案執行進度追蹤與跨部門溝通 •	建立並優化行政流程，提高工作效率 •	維護內外部溝通窗口（客戶、合作夥伴等） 三、溝通協調、差旅與活動安排 •	作為主管與內外部利害關係人的橋樑 •	協助內部會議/活動安排及跨部門溝通 •	協助對外聯繫信件、公告及文件撰寫 •	協助國內外出差（機票、住宿、交通、簽證）事宜  【條件
12485339,人事行政,方達喜實業股份有限公司,雙北,台北市,台北市信義區,行政/總務/法務,其他服務/工商貿易,35000~38000 (period=3),月薪,35000,38000,0,0,傳統無AI,無,0,0,0,0,1. 日常文書行政作業 2. 加退保作業、薪獎核算 3. 會議室管理及賓客接待 4. 各類補助申請作業 5. 簡易修圖(adobe illustrator) 6. 臉書、ig 貼文維護 7. 日用品採購 8. 董事長、主管交辦事項
14975482,計畫派駐人員1名 (派駐臺北漁業署),財團法人農業工程研究中心,雙北,台北市,台北市中正區,行政/總務/法務,其他服務/工商貿易,38000~45000 (period=0),月薪,38000,45000,0,0,傳統無AI,無,0,0,0,0,協助計畫文書庶務、工程業務、漁港管理庶務，協助縣市政府或漁會所提報之相關資料整理、彙整等。  派駐地點： 農業部漁業署(臺北市中正區和平西路二段100號)    
15404878,【天母】祭典活動工讀｜10/4 單日・發章魚燒＋顧兌獎台,臺北市私立成昱文理短期補習班,雙北,台北市,台北市士林區,行政/總務/法務,文教/補教培訓,200~220 (period=0),時薪折算,32000,35200,0,0,傳統無AI,無,0,0,0,0,茲茲文教「黃金總複習　秋日祭典」單日活動工讀。 日期：2026/10/4（日）15:00–17:30，共 2.5 小時，天母校。  你只要做兩件事： 1. 準備並發放章魚燒、鯛魚燒給到場的學生 2. 顧祭典轉轉樂兌獎台，核對祈願木牌、對獎、發獎品  不用教課、不用招生、不用發傳單。 現場有老師帶，開始前會把流程講一次。  這是一場祭典，不是站著把東西遞出去。 我們要的是外向活潑、願意主動跟孩子互動的人： ．會主動喊「恭喜中獎」，把氣氛炒起來 ．孩子只搖到參加獎，也能讓他笑著走 ．笑得出來、招呼得動人，這比經驗重要 ．能久站、手腳快，做事俐落 ．沒做過也沒關係，現場會教  待遇：時薪 200–2
15336378,部分工時人員,金蘋果樹舞蹈工作室,雙北,台北市,台北市大安區,行政/總務/法務,其他服務/工商貿易,210~210 (period=2),時薪折算,33600,33600,0,0,傳統無AI,無,0,0,0,0,1.協助客戶完成租借.上課.手續； 2.回答客戶的問題並提供相關建議； 3.負責接聽電話並處理相關事務； 4.處理帳務相關事務； 5.提供客戶相關建議； 6.協助教室清潔整理相關事宜； 7.其他主管交辦事項。  櫃檯接待人員是顧客對公司的第一印象，主動並親切的語氣，總讓人有賓至如歸的感覺 這個職位在公司中扮演著非常重要的角色，並且具有良好的發展前景。 如果您對這個職位感興趣並且符合上述要求，盡快提交申請，我們期待您的加入！
15273143,【台灣蝦皮】人事/櫃台行政助理_AB,新加坡商立福人事顧問有限公司台灣分公司,雙北,台北市,台北市信義區,行政/總務/法務,電子商務/數位零售,33000~33000 (period=0),月薪,33000,33000,0,0,傳統無AI,無,0,0,0,0,上班時間：周㇐到週五，9AM - 6PM  【人事行政助理】 - 新人報到、轉調/ 離職相關作業&表單維護 - 辦公室用品採購協助 - 辦公室設備、資產管理與維護協助 - 活動作業協助 - 櫃台休假支援(代理)  【櫃台行政助理】 - 接聽、過濾、轉接來電。 - 訪客、面試接待。 - 完成行政、活動支援，以及主管交辦事項。 - 櫃台庶務雜項採購、叫件，及部分廠商費用請款。 - 完成例行性工作，協助同事處理包裹寄件問題。
15405707,行政助理,陽明國際律師事務所,雙北,台北市,台北市信義區,行政/總務/法務,其他服務/工商貿易,35000~9999999 (period=0),月薪,35000,35000,0,0,傳統無AI,無,0,0,0,0,1. 負責信件收發文。 2. 負責總機接聽、轉接與接待訪客。 3. 協助庶務性工作，如安排辦公室硬體、網路設備、總務用品維護工作等。 4. 維護辦公室、會議室等公共空間整潔。 5.辦公、庶務用品採購，與外部廠商接洽聯繫。 6.其他協助主管交辦事項。
15271265,"只需會Excel !!!【美商酷澎Coupang】Associate, Financial Accounting   記帳士 #穩定工時  #外商文化_OCS330",藝珂人事顧問股份有限公司,雙北,台北市,台北市松山區,行政/總務/法務,其他服務/工商貿易,40000~40000 (period=2),月薪,40000,40000,0,0,傳統無AI,無,0,0,0,0,前進外商的第一步! 在酷澎工作你將擁有 √ 穩定工時，網路快消品產業中難得的準時上下班 √ 新創文化的扁平化組織 √ 放眼全球的履歷能見度  【工作內容】 1.廠商發票審核 2.基礎對帳 3.費用審核 4.憑證整理 5.其他主管交辦事項  【應徵需求】 1. 基本文書處理能力，簡單excel使用能力  2. 良好溝通能力與邏輯思考能力  3. 細心態度積極主動，具責任感 
14049774,司機,伯克倈企業股份有限公司,雙北,台北市,台北市大安區,行政/總務/法務,文教/補教培訓,32000~35000 (period=0),月薪,32000,35000,0,0,傳統無AI,無,0,0,0,0,餐點運送 校務用品及活動等相關物品協助配送 協助學童接送 
14393400,【經理事業部】行政人員,群益期貨股份有限公司,雙北,台北市,台北市大安區,行政/總務/法務,其他服務/工商貿易,40000~9999999 (period=3),月薪,40000,40000,0,0,傳統無AI,無,0,0,0,1,一、銀行端管理 & 帳務對帳 • 處理銀行存款對帳(含每日對帳及每月帳務處理)   • 提供客戶帳務資訊（每月資產負債表&損益表及交易紀錄表）。   • 協助處理客戶獲利提領、增減資…等增補協議   二、法令遵循（法遵）相關作業 • 年度資料提供 (例如個人資料檔案清冊、年度自評)   三、內部控制（內控） 相關作業 • 每週、每月查核   • 年度內控自評   • 母公司查核/期交所查核   四、活動簽呈、結算報告 • 製作部門活動的簽呈及活動結束後之結案報告。   五、客戶資料管理 & 文件作業 • 協助維護客戶基本資料及契約資料   • 續約通知及續約徵信。   • 準備客戶文件給內部部
12831084,調查及資料分析員（中小學師資資料庫建置、維護及應用計畫）,國立臺灣師範大學_教育政策與行政研究所,雙北,台北市,台北市大安區,行政/總務/法務,文教/補教培訓,41558~44755 (period=0),月薪,41558,44755,0,0,傳統無AI,無,0,0,0,1,一、資料庫資料處理與分析：師資培育資料清理、統計分析、報告撰寫、簡報製作與說明。 二、成果推廣：製作師資培育統計指標、數據資料更新、協助會議、工作坊及說明會等活動辦理等。 三、資料庫建置與管理：資料蒐集、串接與檢核等。 四、專案管理：包括個資保護、文書處理、業務聯繫、進度追蹤等。 五、其他業務交辦事項。
13821509,國立政治大學 研究發展處學術推展組 計畫專任助理,國立政治大學_研究發展處,雙北,台北市,台北市文山區,行政/總務/法務,文教/補教培訓,41500~9999999 (period=0),月薪,41500,41500,0,0,傳統無AI,無,0,0,0,0,（一）	非國科會計畫行政支援 1.	徵件公告：辦理非國科會計畫之徵件公告發布。 2.	系統管理：負責「非國科會計畫研發處系統」之建檔、維護與資料管理。 3.	主持人費審核：依合約審核非國科會計畫之主持人費。 （二）	國科會計畫行政支援 1.	徵件公告：辦理國科會計畫之徵件公告發布。 2.	系統管理：負責「國科會專題計畫線上應用系統」之建檔、維護與資料管理。 3.	主持人費對帳：負責國科會計畫主持人費之對帳作業，確保款項核撥與主計室經費管控及出納組造冊系統一致。 （三）	學術獎勵與補助業務 辦理校內學術期刊補助受理申請與審核行政流程。 （四）	AI 媒合推播 運用研發處之計畫徵件AI 智慧推播系
15368185,通識教育中心附設語言中心秘書,德明財經科技大學,雙北,台北市,台北市內湖區,行政/總務/法務,文教/補教培訓,30000~35270 (period=0),月薪,30000,35270,0,0,傳統無AI,無,0,0,0,0,(1)負責中心行政事務溝通、整合及規劃。 (2)負責會議安排、通知，製作會議記錄與追蹤。 (3)負責中心相關活動統籌與辦理。 (4)負責一般文書資料處理及歸檔工作。 (5)協助主管交辦事項。
15105501,法務祕書（臺北所）,法祺國際法律事務所,雙北,台北市,台北市中山區,行政/總務/法務,其他服務/工商貿易,35000~45000 (period=0),月薪,35000,45000,0,0,傳統無AI,無,0,0,0,0,【工作內容】： （一）安排律師開會與開庭等行程。 （二）接聽電話、連繫當事人與法院等機關。 （三）送件與收信。 （四）文書及證據資料整理與排版校稿。 （五）案件管理追蹤。 （六）資料申請協助（包括國稅局、地政事務所、戶政事務所）。 （七）製作卷宗、書狀、資料歸檔、影印、掃描、備份。 （八）協助行政事項。 （九）判決等資料查詢。  【其他說明】：需大學法律系畢業或具備律師事務所工作經驗，具備一般電腦文書能力。 ｜每年依公司營運狀況與個人表現調薪。 ｜績效獎金、年終獎金。  ｜我們希望招募更多法律人才，做自己期待的法律人，只要你願意主動積極解決當事人的困難，重視團隊合作，我們都歡迎你的加入，共同創
12120200,行政人資專員 [年終獎金保障2個月],協科資訊股份有限公司,雙北,台北市,台北市士林區,行政/總務/法務,資訊科技/軟體網路,33000~33000 (period=0),月薪,33000,33000,0,0,傳統無AI,無,0,0,0,0,公司穩定氣氛融洽，準時下班，年終獎金保障2個月，歡迎細心、主動、熱忱的你，一起加入我們！  1. 行政：寄信、訂購公司用品、產品送修 2. 人資：協助新進離職作業、課程申請安排、打卡記錄統整、ISO文件整理 3. 福委會：生日禮、尾牙、員工旅遊、聚餐活動 
14790958,董事長特助,龍穩企業股份有限公司,雙北,台北市,台北市信義區,行政/總務/法務,其他服務/工商貿易,面議,面議,,,1,0,傳統無AI,無,0,0,0,0,1. 協助高階主管進行公司內部管理稽核事項（如：整合標準化工作流程、規劃及推動各項管理規章及制度）。 2. 協助高階主管進行跨部門、跨廠間的溝通協調與會議召集。 3. 負責公司經營策略分析、整合規劃、推動與執行。 4. 協助經營團隊執行公司之決議事項及各項專案。 5. 尋找公司未來發展之新事業（如：技術合作、合併、購併、策略聯盟）。 6. 負責企業營運績效分析與改善管理。 7. 負責經營策略擬定與策略品質提昇。 8. 追蹤、監督各部門的工作進度。 9. 負責重要客戶來訪接待及回函處理。 
15004189,國立政治大學外交學系戰略在職專班四職等行政專員,國立政治大學_國際事務學院,雙北,台北市,台北市文山區,行政/總務/法務,文教/補教培訓,40253~9999999 (period=2),月薪,40253,40253,0,0,傳統無AI,無,0,0,0,0,1.統籌外交系戰略與國際事務碩士在職專班學生各項學務、教務事項； 2.本系總務、主計相關業務：含本系經費預算編列及核銷、空間財產管理、獎學金及各項補助； 3.本系資訊服務，含本系網站管理、個資及資安稽核、公文收發登記； 4.其他臨時交辦事項與行政支援  
15309325,櫃台｜行政－公司培訓｜升遷機會,赫妍國際美學企業社,雙北,台北市,台北市松山區,行政/總務/法務,電子商務/數位零售,33000~48000 (period=0),月薪,33000,48000,0,0,傳統無AI,無,0,0,0,0,櫃台｜行政 ★ 提供管理職升遷機會  工作內容 01. 顧客接待、報到及送客。 02. 接聽電話、LINE及預約訊息回覆。 03. 安排每日預約及療程時段。 04. 協助美容師排班及行程安排。 05. 櫃台收款、結帳及每日帳務整理。 06. 客戶資料建檔、更新及管理。 07. 商品進貨、庫存及盤點管理。 08. 每日營收及相關報表整理。 09. 維持門市環境及櫃台整潔。 10. 協助門市行政及主管交辦事項。  【企業福利｜我們提供】  ・薪資獎勵：底薪＋個人業績獎金，努力與收入成正比。 ・完善保險：享勞保、健保、勞工退休金提撥及依法享有相關假別。 ・專業培訓：提供完整職前培訓及在職教育訓練，持
12597146,理貨工讀生,亞旭股份有限公司,雙北,台北市,台北市松山區,行政/總務/法務,其他服務/工商貿易,196~196 (period=0),時薪折算,31360,31360,0,0,傳統無AI,無,0,0,0,0,1.根據每日訂單包裝及出貨 2.進貨時需協助搬運貨物 3.協助建立商品檔案及Key in系統 4.可彈性調整周一至周五上班時間 (9：30~18：30，時間可調整，希望能長期配合)
15287051,亞東紀念醫院-外勤後勤專員,長德醫院管理顧問有限公司,雙北,台北市,台北市中山區,行政/總務/法務,生技/醫療保健,43000~9999999 (period=0),月薪,43000,43000,0,0,傳統無AI,無,0,0,0,0,1、交通接送:人員接送、檢體運送(必備汽車駕照) 2、體檢作業:健檢現場協助 3、後勤行政:單位內部行政事務 4、後勤裝備:健檢耗材與儀器整備及搬運 5、其他主管交辦事項 
15356684,行政營運管理師,台灣賀利氏材料科技股份有限公司,雙北,台北市,台北市內湖區,行政/總務/法務,文教/補教培訓,面議,面議,,,1,0,傳統無AI,無,0,0,0,0,一、總務行政 General Affairs  (30%) >辦公室各項辦公環境與設施管理 處理辦公室清潔、保全與空間庶務聯絡外部廠商與水電、裝修工程協調 >物資與資產採購管理 採購日常文具、茶水間耗材與辦公用品控管庫存數量，進行盤點與成本控管 >行政與文書支援 協助會議室預約、訪客、電話應對，協助辦理公司活動、福委會或尾牙事宜 公司信件、包裹收發及快遞聯繫、名片識別證等印製、證件辦理  二、業務行政支援 Business Administration Support  (25%) 協調配合旅行社辦理出差機票訂購、派車安排 臨時性業務專案支援（展覽物料/海報印製、送禮禮品採購等）  三、財務出
15406313,好樂迪-石牌店 行政專員【任職滿六個月可領取獎金18000元】,好樂迪股份有限公司,雙北,台北市,台北市北投區,行政/總務/法務,其他服務/工商貿易,33900~34900 (period=0),月薪,33900,34900,0,0,傳統無AI,無,0,0,0,0,1. 基本電腦操作能力、文書處理  2. 負責門市內勤相關工作 3. 配合營運狀況協助支援現場 4. 執行主管交辦事宜 ◎工作待遇（內含浮動薪資-出勤獎勵金2400元）   
12193532,主管司機_總務課(台北),慶堂工業股份有限公司,雙北,台北市,台北市松山區,行政/總務/法務,生技/醫療保健,45000~9999999 (period=4),月薪,45000,45000,0,0,傳統無AI,無,0,0,0,0,1.學歷高中職以上畢，科系不拘。 2.具3年以上主管駕駛經驗。 3.上下班接送、配合主管用車需求及主管交辦其他事項。 4.不抽煙喝酒、不吃檳榔、身心健康、無不良嗜好者。 5.對保養車輛有基本概念，維持座車內外之美觀與清潔。 6.個性穩定、配合度佳、機動性高，熟悉大台北地區道路，熱心有責任感具備職業道德。 7.經錄取者須提供良民證及無肇事記錄證明書。 8.熟BMW駕駛。 9.居住松山、內湖、南港、汐止地區者為佳。
12812679,行政櫃檯人員【PulseGym台北建國店】,嘉和智能科技股份有限公司,雙北,台北市,台北市中山區,行政/總務/法務,資訊科技/軟體網路,30000~35000 (period=0),月薪,30000,35000,0,0,傳統無AI,無,0,0,0,0,1. 櫃檯接待 — 親切應對會員，協助基本詢問與指引。 2. 結帳作業 — 協助完成課程費用收款、對帳作業。 3. 報表整理 — 協助彙整每日營運數據，填寫簡單表單。 4. 行政文書 — 文件整理、資料輸入，日常行政事務處理。 5. 配合主管交辦事項 — 團隊合作，協力完成分配任務。  工作內容簡單明確，皆有完整教學！ 只要認真完成份內工作，日常輕鬆無壓力！  勞健保、見紅排休、三節獎金、團績獎金、個人獎金 非上班時段可免費運動、可彈性安排運動1小時+休息1小時  團隊氛圍融洽，同事們親切好相處，歡迎活潑的你一起加入我們！ 
13458181,投顧後線人員,德信綜合證券股份有限公司,雙北,台北市,台北市中山區,行政/總務/法務,其他服務/工商貿易,35000~50000 (period=0),月薪,35000,50000,0,0,傳統無AI,無,0,0,0,0,"處理公會事宜。 帳務處理及會計作業管理。 審核各項費用支付之發票,單據及記錄。 核對員工薪水及獎金。 編製會計相關報表。 庶務行政工作及公司交代之其他工作。 "
13730769,近內湖ikea●單純文件掃描工作~派駐於上市櫃金控公司【免費機車停車位、固定上下班時間，周休六、日，下班無需處理公事，工作與生活平衡 | 視訊面試1次，通過即安排到職】BIS_211,藝珂人事顧問股份有限公司,雙北,台北市,台北市內湖區,行政/總務/法務,其他服務/工商貿易,30000~34000 (period=0),月薪,30000,34000,0,0,傳統無AI,無,0,0,0,0,◇◆全台知名金控集團，旗下人壽公司內勤招募中◆◇  ✔周休二日，固定日班 ✔金融產業穩定久任職 ✔試用期後享雙節獎金、年終獎金  【職務內容】 －資料掃描、分類、歸檔 －倉儲檔案管理、調閱 －檔案裝箱、倉庫存放 (須搬重物，有推車協助，約15-20kg) －其他行政事務協助  【職務條件】 －高中以上學歷 －基本文書操作能力 －能接受重複性較高之庶務者 －細心負責，願學習相關作業流程 －具內勤行政者加分  ✨符合法令的特休假、年假 ✨依照勞基法支付加班費 ✨基本勞、健保、雇主提撥6%勞退 ✨公司額外提供免費百萬團體保險 ✨試用期後享雙節、年終獎金  ----------------------
15402660,學務管理經理,英商明星足球訓練有限公司台灣分公司,雙北,台北市,台北市北投區,行政/總務/法務,文教/補教培訓,45000~45000 (period=2),月薪,45000,45000,0,0,傳統無AI,無,0,1,0,0,Master Football Academy（MFA 足球學院）正在招募一位具組織能力、積極主動且善於與人溝通的學務管理經理，協助學院日常行政與營運工作。 此職位在 MFA 中扮演重要角色，需要與學院管理團隊、教練、球員、家長、學校及在地供應商密切合作。合適的人選將協助確保溝通清楚、行程安排準確、各類詢問獲得專業處理，並讓所有家庭都能感受到友善且有效率的服務。 我們希望此職位的人選能夠主動承擔責任、解決問題，並持續思考如何改善學院的系統與工作流程。  主要工作職責: 學院行程安排與協調:  使用 MFA 的管理系統、行事曆及 LINE，管理並協調學院內教練、球隊及球員的各項行程。 確保教練與
14650373,綜合組專員/行政專員(需出差),中華民國高爾夫協會,雙北,台北市,台北市中山區,行政/總務/法務,資訊科技/軟體網路,40000~43000 (period=4),月薪,40000,43000,0,0,傳統無AI,無,0,0,0,0,***本會僅於104人力銀行、官網、FB公開人力招募訊息*** ***並無透過其他軟體進行徵才且無限制性別，切勿受騙上當***  一、辦理教練、裁判講習會相關業務(需國內出差)。 二、訪評工作業務綜整、協調與聯繫。  三、理監事會議、會員大會資料綜整。 四、其他臨時交辦事項。   本職務需具備 (1) 出差－自行開公務車至國內各球場。(單次出差約3~5天) (2) 文書處理能力－賽事活動統籌需使用電腦作業。 (3) 可搬重。(辦理講習等相關物資需檢整上車)
14017039,櫃台接待員(兼職),瑞昊國際股份有限公司,雙北,台北市,台北市中正區,行政/總務/法務,其他服務/工商貿易,200~230 (period=4),時薪折算,32000,36800,0,0,傳統無AI,無,0,0,0,0,1、接待賓客，辦理入住退房手續及帳務處理。 2、接聽、過濾、轉接來電。 3、處理訂房、訂單、訂金事宜。 4、即時回覆社群媒體訊息。 5、大廳及櫃檯環境整潔維護。 6、執行主管交辦事項。  
15237381,【教育事業處】行政專員,忠欣股份有限公司,雙北,台北市,台北市大安區,行政/總務/法務,電子商務/數位零售,36000~36000 (period=0),月薪,36000,36000,0,0,傳統無AI,無,0,1,0,0,1. 負責考場聯繫、勘查、租借。 2.考場資料建檔與更新。 3.考場異常問題調查、處理。 4.辦理外包人員之教育訓練。 5.測驗出勤支援。 6.各項資源專案執行。 7.TOEIC 500分尤佳。
14759920,湯姆熊助理,湯姆熊育樂事業股份有限公司,雙北,台北市,台北市內湖區,行政/總務/法務,其他服務/工商貿易,36000~38000 (period=0),月薪,36000,38000,0,0,傳統無AI,無,0,0,0,0,"工作如下：  1.	日常行政事務，文件收發簽核、辦公用品管理、環境維護 2.	協助主管回收整理回報資料、、內部會議記錄與追蹤，協助部門案子執行 3.	協助主管會議與行程安排 4.	具簡報能力(口說報告能力)與基礎簡報製作(PPT/WORD/EXCEL)。  5.	備汽車/機車駕照,熟新北市交通路線 且無重大交通違規記。 6.	無經驗可，樂意學習成長"
13261688,助理人,臺灣臺北地方法院所屬民間公證人許琬瑜事務所,雙北,台北市,台北市松山區,行政/總務/法務,其他服務/工商貿易,29500~32000 (period=3),月薪,29500,32000,0,0,傳統無AI,無,0,0,0,0,1. 具一般電腦文書處理/排版能力（熟悉Word、Excel、Gmail等）。 2. 整理案件卷宗及歸檔工作。 3. 外出送件、郵寄及簡易銀行事務。 3. 協助處理庶務性行政工作（如：事務機器叫修維護、文具用品採買）。 4. 辦公室環境與設備之清潔與維護。 5. 電話接聽、訪客接待。 6. 協助公證人辦理公認證案件（偶而當日出差至大台北地區）。
15405422,法金授信風險管理處-法金催收人員,永豐商業銀行股份有限公司,雙北,台北市,台北市中正區,行政/總務/法務,其他服務/工商貿易,面議,面議,,,1,0,傳統無AI,無,0,0,0,0,1.法金延滯、逾期及呆帳案件催收與相關法務作業。 2.電/訪催、還款協商談判、假扣押/假處分保全及強制執行程序。 3.催收相關各類書狀撰寫、開庭及配合法院辦理強制執行查封。  4.主管交辦事宜。
15358751,財政稅務系-系秘書,德明財經科技大學,雙北,台北市,台北市內湖區,行政/總務/法務,文教/補教培訓,29980~32590 (period=0),月薪,29980,32590,0,0,傳統無AI,無,0,0,0,0,"一、工作範圍： 1、電子公文簽呈，及登記桌作業。 2、提案院級資料彙整工作。 3、單位財產之管理。 4、主任、教師交辦之行政作業。  薪資待遇 月薪起薪29,980元 ~ 32,590元 (薪資因個人資歷或績效而異)"
14925437,病歷室  工讀生,璞之妍診所,雙北,台北市,台北市大安區,行政/總務/法務,生技/醫療保健,196~9999999 (period=0),時薪折算,31360,31360,0,0,傳統無AI,無,0,0,0,0,1.協助正職 2.管理病歷及維護病歷 3.外出送文件 4.處理主管交辦事項  男女皆可 固定週一、四、五、六 9：00-18：00 需會騎腳踏車 需外務 抗壓性高 
13394335,【台北】電商行政人員 【無經驗可】,二十一世紀數位科技股份有限公司,雙北,台北市,台北市信義區,行政/總務/法務,電子商務/數位零售,30000~9999999 (period=0),月薪,30000,30000,0,0,傳統無AI,無,0,0,0,0,職務內容: 1.文件資料KEY IN上傳比對 2.電話核對客戶資料及審核申請流程 3.主管交辦事項 (非電銷，無經驗可)  上班時間:需配合輪班 (周末也可排休) 早班:9:00-18:00 午班:12:00-21:00  備註：本公司位於交通便利的捷運市政府站1號出口旁。 無經驗可，歡迎對此職缺有興趣的您前來。 
14601752,Facility & Workplace Specialist (派駐外商/台北南港區),東僑實業有限公司,雙北,台北市,台北市南港區,行政/總務/法務,生技/醫療保健,52000~9999999 (period=0),月薪,52000,52000,0,0,傳統無AI,無,0,0,0,0,主要工作內容 設備與設施維護  定期檢查、維護與修繕辦公室、廠房或實驗室的機電設備（HVAC、給排水系統、電力、消防、弱電等）。  與供應商、承包商協調，確保維修及保養依時完成且符合安全規範。  空間與資產管理  規劃與優化辦公空間使用（工位分配、會議室管理、倉儲區域配置）。  設施資產盤點與管理，確保資產資料與實際狀況一致。  能源與成本控制  監控能源使用（電、水、冷氣等），提出節能減碳與成本優化方案。  分析營運成本，編列年度預算並追蹤支出。  安全與合規  確保消防、電力、高壓設備等符合當地法規與公司內部安全標準。  與EHS（環境健康安全）及Security團隊協作，落實安全管理。 
13930836,【蝦皮電商退貨退款審查專員】最高薪可達38K/台北中正/無經驗可/完整培訓 WC,全球人事顧問股份有限公司,雙北,台北市,台北市中正區,行政/總務/法務,電子商務/數位零售,33000~38000 (period=0),月薪,33000,38000,0,0,傳統無AI,無,0,0,0,0,"【工作內容】 1. 透過即時文字對談協助消費者退貨退款相關流程與疑問。 2. 退貨退款爭議案件之審核與協調。 3. 買/賣家等對外聯繫與支援行政事項(表單製作/維護等)。 ＊報到後會有三週培訓*  【待遇】 1.勞保、健保、勞退 2.符合法令的特休假 3.三節禮金 4.零食櫃、咖啡機、冰淇淋   【工作資訊】 1.時段: 9:00 - 18:00 2.時間: 不需輪班 / 需排休! 3.薪資: 33,000 - 38,000/月  "
15348537,病媒防治PT兼職人員,精隼病媒防治顧問有限公司,雙北,台北市,台北市大同區,行政/總務/法務,其他服務/工商貿易,250~300 (period=0),時薪折算,40000,48000,0,0,傳統無AI,無,0,0,0,0,協助正職人員工作 除蟲、滅鼠相關
13134824,【台北】行政人員/助理,新光合成纖維股份有限公司,雙北,台北市,台北市中山區,行政/總務/法務,傳統製造/精密工業,30000~42000 (period=3),月薪,30000,42000,0,0,傳統無AI,無,0,0,0,0,1.負責會議安排聯繫與會議記錄 2.協助專案推動與時程管控 3.年節贈禮考察挑選 4.文書資料彙整與檔案管理 5.書信撰寫 6.訪客接待與行政庶務支援  ※職稱依學經歷敘薪  
15403065,<台北區擴大徵才> 總公司 兼職花藝客服助理,敘思花藝美學花店,雙北,台北市,台北市大同區,行政/總務/法務,文教/補教培訓,196~196 (period=3),時薪折算,31360,31360,0,0,傳統無AI,無,0,0,0,0,｜工作內容｜ • 品牌合作及線上活動規劃與執行 • 社群平台經營與訊息回覆（Line、IG、FB、官網） • 訂單處理以及維護會員資料、商品定價更新與調整 • 訂單接洽、商品介紹、客訴處理，與各部門進行訂單溝通 • 主管交辦事項以及行政文書處理【建議自備筆電】。 • 能獨立完成項目，同時具備團隊合作精神，與夥伴共同推動專案執行。  ｜加分條件｜ •具有良好溝通和邏輯能力、情緒穩定細心 •熟悉文書工具（Excel、Word、PowerPoint） •曾有品牌社群經營、活動企劃或異業合作相關經驗  ｜制度與培訓｜ • 排班制（月基本工時 80 小時起） • 無經驗可，公司提供完整教育訓練 • 節慶
15392201,【中文台北】日期：10/15~11/3新光信義A11週年慶快閃攤位計時工讀,東西國際貿易有限公司,雙北,台北市,台北市信義區,行政/總務/法務,電子商務/數位零售,200~200 (period=0),時薪折算,32000,32000,0,0,傳統無AI,無,0,0,0,0,工作內容 1.器皿清潔清洗、維持營業場所的整潔與美觀 2.主動招呼客人、發放試吃、介紹商品、包裝、收銀結帳 3.依現場主管指揮工作事項 4.現場為食品攤位，工作期間需保持指甲乾淨無美甲彩繪並自備口罩 5.發薪以台新銀行於11/30匯款   應徵時再請詳填可以配合的日期跟時間段 
15378467,行政人員(臺北市青杭托嬰中心),財團法人中華民國唐氏症基金會,雙北,台北市,台北市中正區,行政/總務/法務,生技/醫療保健,33000~9999999 (period=0),月薪,33000,33000,0,0,傳統無AI,無,0,0,0,0,1. 公共空間維護 2. 公文、文書檔案管理 3. 配合行政規劃相關事務及勤務 4. 配合中心辦理或參與各項研習、活動與會議 5. 各項活動行政支援與平日勤務 6. 出納財務管理工作 7. 門禁管理 8. 財產教具設備採購與管理 9. 主任交辦事項及招生、行政相關業務  【基金會介紹】  唐氏症基金會成立於1998年，是台灣第一個由唐氏症家長組成的專業組織。我們為了孩子不同成長發展的需要，秉持「哪裡有需要，服務就到哪裡」的精神，陸續拓展服務據點。我們始終相信，每一個孩子都是獨特的，只要給他們機會，他們可以擁有自己人生的舞台。  以下為本基會官網&粉絲團，歡迎透過本會官網、粉絲團等管道對我們更進
4612021,【短期】即日起~11/15週年慶活動計時人員(台北天母店),新光三越百貨股份有限公司,雙北,台北市,台北市士林區,行政/總務/法務,其他服務/工商貿易,196~196 (period=0),時薪折算,31360,31360,0,0,傳統無AI,無,0,0,0,0,工作內容： 1.超市-收銀台結帳、包裝、補貨作業、貨架整理 2.贈品處-贈品兌換、 搬運、人潮疏散導引 3.服務台-顧客諮詢、貴賓卡申辦、停車折抵、物品租借 、輪值業務 4.營業辦公室-信件公文收發作業、自營進退貨打單、品牌對帳單發放、百貨開閉店作業、品牌宣傳、網路訊息刊登 5.其他活動支援、主管交辦事項  工作期間：即日起~11/15 ※分早班、晚班、全班彈性時段排班，可配合多日出勤者優先錄用。 ※歡迎喜歡百貨業，具有高度服務熱忱，有相關經驗者尤佳。  工作時間： 早班：11:00~17:00 早班：10:30~19:00 晚班：13:15~21:45 晚班：13:30~22:00 晚班：1
13549893,【外商總部行政】穩定上下班｜週休六日｜RC1,新加坡商立福人事顧問有限公司台灣分公司,雙北,台北市,台北市松山區,行政/總務/法務,電子商務/數位零售,32000~35000 (period=0),月薪,32000,35000,0,0,傳統無AI,無,0,0,0,0,【工作內容】 1. 內部組織資料維護 2. 內部商品資料核對與資料上傳 3. 文書處理及商品、品牌資訊校正整理 4. 商品資訊查詢與確認、品牌資訊校正整理 5. 維護、更新文件檔案、資料庫資訊、Dashboard更新 6. 利用系統進行商品價格核對、查詢作業 7. 其他主管交辦事項  【需求條件】 1.EXCEL 基礎能力(能使用篩選功能與常用公式等功能） 2.具備良好的邏輯與理解力、處事保有彈性與獨立思考能力 3.積極主動、具責任心且不排斥做重複性高的工作 4.對於電商產業與其內部營運作業具興趣 5.有半年以上辦公室行政經驗或跨團隊溝通經驗尤佳  【工作地點】 依職缺而定  【上班時間】 0
15392948,【集團總部】行政總務人員,炎洲股份有限公司,雙北,台北市,台北市內湖區,行政/總務/法務,傳統製造/精密工業,面議,面議,,,1,0,傳統無AI,無,0,0,0,0,工作內容 本職務以大樓機電設備巡檢及維護管理為主要工作，另依公司公務需求協助主管接送。適合具水電、機電、廠務或大樓設備維護經驗，且具良好駕駛習慣的人員。  一、機電設備維護管理｜主要工作 (70%) • 負責大樓機電設備日常巡檢、維護及異常處理通報。 • 發電機、空調、消防及相關設備巡檢管理。 • 一般水電設備基礎維修及故障排除。 • 設備維護保養廠商聯繫與施工管理。 • 建立巡檢紀錄及設備維護資料。 • 配合設備異常及緊急狀況處理。  二、公務駕駛支援 (30%) • 依公司公務需求協助主管行程接送  • 協助行車路線安排及車輛日常管理  • 維持公務車輛清潔、安全及基本保養   三、其他 
13026442,璞園建築團隊 建設業務行政,璞園建築團隊_樸園廣告股份有限公司,雙北,台北市,台北市內湖區,行政/總務/法務,廣告行銷/公關顧問,面議,面議,,,1,0,傳統無AI,無,0,0,0,0,1.具建設公司業務行政經驗尤佳（執行產權、簽約、收款、客變、對保、驗屋、交屋、成立管委會等工作）。 2.售後服務、溝通協調客戶服務、顧客諮詢服務等。 3.熟悉客戶服務流程，熟練高益AHM及AWM請款作業。 4.其他公司交辦事項。 5.配合度佳。 
11804075,☆報到獎金加碼共2萬元☆金子半之助【北車微風門市】外場服務員-月薪39000元起 月休8-10日,金御賞股份有限公司,雙北,台北市,台北市中正區,行政/總務/法務,文教/補教培訓,39000~45000 (period=0),月薪,39000,45000,0,0,傳統無AI,無,0,0,0,0,"⭐️報到獎金分三階段發放：       入職滿一個月，可領2,000元       入職滿三個月，可再領3,000元       入職滿半年，可再領5,000元      限時加碼1萬元，總計共20,000元！！！！！   ⭐️績效獎金：       試用期通過後，可依職位及考核績效領取  工作內容： 1.親切的服務與接待 2.為客人介紹餐點、點餐 3.收銀、結帳、維護環境清潔 4.協助餐點盛裝、出餐、簡易備料、清洗碗盤  ＊配合早晚兩段輪班，門市輪調，內外場交叉學習 ＊樂於與人互動、認真負責、學習意願高、有熱忱 ＊願接受公司由基層培訓，有心向管理階級挑戰者 ＊階段性升遷考核調薪，甚至外派至海"
14615025,Saibaba Ethnique 日本服飾品牌銷售人員(工讀生),saibaba ethnique服飾精品 _財發發服飾精品店,雙北,台北市,台北市中山區,行政/總務/法務,電子商務/數位零售,200~9999999 (period=0),時薪折算,32000,32000,0,0,傳統無AI,無,0,0,0,0,"1. 介紹及銷售服飾 (民族風/戶外/山女孩/露營/野餐) 2. 接待客戶，協助處理客戶需求(如: 電話、SNS諮詢、調貨、修改、包裝及退換貨處理) 3. 負責商品進貨入庫、銷售管理及庫存管理 4. 負責商品包裝、陳列及促銷品換檔 5. 維持店櫃週遭之整潔  * 會先安排實習2家店再安排工作地點 * 須擅長使用SNS (FB,IG,LINE等拍照穿搭推薦文) * 無服飾銷售經驗沒關係，只要喜灣穿搭願意認真學習"
12597237,迪奧Dior-櫃台行政助理(台北/新北地區),法國LVMH集團香水化粧品事業部_香港商法華香水化粧品有限公司台灣分公司,雙北,台北市,台北市信義區,行政/總務/法務,其他服務/工商貿易,30000~9999999 (period=0),月薪,30000,30000,0,0,傳統無AI,無,0,0,0,0,"【任務】  櫃檯行政助理是聘任在櫃檯上協助團隊執行櫃檯以報表, 庫存與帳務為主的行政相關事務, 並依業務部需求安排進行相關的支援。  【職責】  1.業務報表整理 2.人員資料整理 3.庫存管理 (進貨, 倉庫整理, 欠貨) 4.副料管理 5.依業務部需求安排特別的支援工作。 6.大型活動或外塲收銀  "
14339323,物流工讀生#時薪230#週一至週五下午4小時,奧齒泰有限公司,雙北,台北市,台北市松山區,行政/總務/法務,生技/醫療保健,230~9999999 (period=0),時薪折算,36800,36800,0,0,傳統無AI,無,0,0,0,0,1. 商品包裝 2. 商品揀貨 3. 商品整理 4. 基本文書處理 5. 其他主管交辦事項
11763035,行政業務助理,博得瑞恩股份有限公司,雙北,台北市,台北市士林區,行政/總務/法務,生技/醫療保健,35000~45000 (period=0),月薪,35000,45000,0,0,傳統無AI,無,0,0,0,0,工作概要 1.信件收發 2.訂單處理，鼎新ERP銷貨單key in 3.依主管要求及客戶所需條件開立發票 4.協助業務所需資料準備 5.協助業務標案資料準備 6.協助業務器械資料準備 7.電話接聽及客戶問題處理  工作需求 1. 抗壓能力 2. 細心與耐心 3. 基本文書處理能力 4. 溝通與清晰表達能力
15401996,法務專員,聚勃國際股份有限公司,雙北,台北市,台北市士林區,行政/總務/法務,其他服務/工商貿易,45000~9999999 (period=0),月薪,45000,45000,0,0,傳統無AI,無,0,0,0,0,【工作內容】  1. 契約與法律文件之撰擬、審閱及管理 ①.	辦理設備買賣、租賃、工程承攬、委託營運、經銷合作、保密協議及其他商務契約與         法律文件之撰擬、審閱及修訂。 ②.	依交易架構及實際營運需求，審查收付款、交付驗收、保固、損害賠償及契約終止等         條件，提出具體修正條文與協商建議，維護公司權益並降低履約風險。 ③.	協助各部門釐清契約權利義務，將法律議題轉化為符合商業運作需求、可落實執行的         建議，並視需要參與對外協商。 ④.	建立及維護契約範本、契約台帳與版本管理機制，追蹤契約效期、續約及重要履約期         限，確保簽署文件與附件完整留
13111552,客服專員,禧悅生產後護理之家,雙北,台北市,台北市士林區,行政/總務/法務,生技/醫療保健,30000~40000 (period=0),月薪,30000,40000,0,0,傳統無AI,無,0,0,0,0,【工作內容】 1. 總機行政事務、感控管理、訪客接待 2.參觀、預約、接待、簽約入住及退房…等相關工作執行  3.客服各項行政報表之匯總、歸檔   4. 中心內各項突發狀況及客訴之處理、聯繫與回報 5..協助完成主管交辦工作事項  6. 客戶服務 主動關懷     【備註】 我們相當重視團隊相處氛圍、和諧熱情及溫馨感  也是禧悅生要傳遞給所有人的感受  產後照護工作環境很單純  提供舒適的環境及頂級坐月子服務  妳需要對這份工作有熱忱及不怕陌生  喜歡與人談話、活潑大方並且主動積極  將爸爸及媽媽當作妳的朋友  適時的關心給予需要的服務 並且與大家一同分享生命到來的喜悅  讓媽媽爸爸們感受到像
14583357,台北總公司行政客服(薪資優.福利佳),緯嘉國際股份有限公司,雙北,台北市,台北市信義區,行政/總務/法務,其他服務/工商貿易,30000~36000 (period=2),月薪,30000,36000,0,0,傳統無AI,無,0,0,0,0,1.接待前來拜訪或參觀的人員，並提供諮詢服務。 2.提供聯繫或廣播的服務。 3.負責收發文件與匯集郵件的工作。 4.保持接待環境的整潔。 5.處理小額簡易的出納收銀。 6.處理工作場所臨時性的行政事務。 7.協助貨品打包寄送工作。
15405725,研發支援專員_RSBU RDC,神基科技股份有限公司,雙北,台北市,台北市南港區,行政/總務/法務,傳統製造/精密工業,面議,面議,,,1,0,傳統無AI,無,0,0,0,0,a.研發資源管理：協助研發機台、材料 等研發資源進銷存管理作業   b.專案文件支援管理: 協助BOM相關作業 c.專案支援管理: 協助研究經費的申請、管理與報銷、數據/單據的整理、分析 d.行政支援: 提供日常的行政支持，如安排會議、準備報告、及處理文書工作等主管交辦事項
4953747,管制中心（管制人員）,台灣保全股份有限公司,雙北,台北市,台北市中山區,行政/總務/法務,其他服務/工商貿易,38000~45000 (period=0),月薪,38000,45000,0,0,傳統無AI,無,0,0,0,0,客服人員、電腦操作、資料輸入、文書處理 享勞健保、勞工退休金，依法足額提撥 薪資福利待遇佳（服勤174小時，月領31400起，超過174小時另列計加班費） 月休7-8天，排班制 無事故獎金1000元、季獎金；薪資因加班時數而異
12584617,臺灣師大進修推廣學院進修學分組－幼幼客語專員,國立臺灣師範大學進修推廣學院,雙北,台北市,台北市大安區,行政/總務/法務,文教/補教培訓,36300~41500 (period=0),月薪,36300,41500,0,0,傳統無AI,無,0,0,0,0,【工作內容】 1.    規劃撰寫專案企劃書、參與投標，協助統整與分析成果報告。 2.    執行幼幼客語闖通關專案推廣與培訓活動。 3.   各項費用報支。  4.   其他臨時交辦事項。  【應徵資格】 1.    國內外大學或碩士畢業者。具一年以上工作經驗者尤佳。 2.    思考清晰、細心負責、個性主動積極、具協調溝通能力。 3.    具有電腦文書處理及排版能力、熟悉WINDOWS微軟應用軟體、行政事務處理等。 4.    其他條件如幼教相關科系或熟悉統計分析、會說客語者尤佳。  【上班時段】 每周一至周五日班（８時至17時，前後彈性各30分鐘）、週休二日。如業務需要可配合彈性調整休
13432369,知名外商銀行 證券資料處理行政人員,鑫承股份有限公司,雙北,台北市,台北市南港區,行政/總務/法務,其他服務/工商貿易,38000~40000 (period=0),月薪,38000,40000,0,0,傳統無AI,無,0,0,0,0,工作內容  負責證券及基金商品資料蒐集、彙整、建檔與文件管理  使用內部系統進行商品資料維護、設定調整及交易下單等後台流程作業  支援部門營運行政與主管交辦事項  加入本職缺，你將： 累積銀行投資商品實務經驗 熟悉證券與基金交易流程及後台系統操作 深入了解金融商品運作模式與銀行營運架構 為未來往金融相關職涯發展打下扎實基礎  歡迎對象  應屆畢業生 想轉職金融業者 尋求穩定內勤工作的求職者 二度就業者
13073260,早班櫃檯(萬大館),iGYM健身生活館_翔宇健身股份有限公司,雙北,台北市,台北市萬華區,行政/總務/法務,其他服務/工商貿易,32000~38000 (period=0),月薪,32000,38000,0,0,傳統無AI,無,0,0,0,0,1.會員制俱樂部會員接待服務  2.會員制俱樂部會員會籍合約諮詢  3.審核會員會籍應收款項帳務  4.販售商品及內部備品之進銷存管理  5.維護、更新、管理各類文件檔案報表  6.會員會籍資料庫系統使用、管理  7.主管交辦事項 8.工作時間:07點到16點 9.例行打掃
8556929,食安專員,國聯觀光大飯店股份有限公司,雙北,台北市,台北市大安區,行政/總務/法務,文教/補教培訓,面議,面議,,,1,0,傳統無AI,無,0,0,0,0,1. 規畫、執行及修訂HACCP計畫，維持HACCP食品安全管制系統運作暨內部稽核。 2. 食品安全管制系統之規劃、推動、修訂及文件申報。 3. 食材檢驗報告審核，實施巡查、檢查及作業。 4. 食品安全法規收集和更新及協助主管機關或驗證單位相關稽核事務。 6. 負責衛生管理紀錄表、廚師證管理、餐飲從業人員衛生管理。 7. 食品衛生安全教育訓練之規劃及執行。 8. 定期更新各項法規及編列相關教材。 9. 針對驗收、退貨之流程進行SOP作業檢查報。 10. 熟悉各類餐飲、包裝(散裝)食品製備流程、成分標示與營養標示。 11. 針對異常問題提出檢討與改善方針。 12. 其他主管交辦事項。
15145118,【長期約聘兼職】課程營運助理｜時薪 220～250・近古亭站・實體到班 #類正職,寰宇教育事業機構(台北市私立寰宇文理短期補習班),雙北,台北市,台北市大安區,行政/總務/法務,文教/補教培訓,220~250 (period=2),時薪折算,35200,40000,0,0,傳統無AI,無,0,0,0,0, 我們是寰宇教育的遠距直播校，服務國中小線上課程。這個職位結合家長關懷、線上帶班、課程服務與行政營運，協助家長獲得清楚資訊、學生穩定上課，並讓每項聯繫與營運任務被完整追蹤。  █ 高時數的長期兼職，每週約 24～32 小時 █ 時薪 220～250 元，依相關經驗、工作熟練度及面試結果核定 █ 提供課程、電話聯繫、家長應對及線上帶班教育訓練 █ 累積家長溝通、學生帶班、課程服務及營運專案經驗 █ 設有兼職六職等制度，依工作表現評估升等與調薪  【應徵前請先確認】 ・本職缺為長期約聘兼職，每期契約期間為六個月，並非短期工讀。 ・每週工時約 24～32 小時，上班日為週三至週日；週六需固定配合，週
15040579,一般事務スタッフ,中泰紙業有限公司,雙北,台北市,台北市士林區,行政/總務/法務,其他服務/工商貿易,40000~9999999 (period=0),月薪,40000,40000,0,0,傳統無AI,無,0,1,1,0,"閲覧いただき、誠にありがとうございます。  C&T中泰は、化学品, フィルムや膜材料のような ポリマーソリューションの提供に注力する複合専業商社です。  今回、産休・育休に入る日本人スタッフの代理の方を募集しております。  【業務内容】 ・日本側のベンダーとのメール対応 ・輸出入書類の管理 ・サンプル発送業務 ・日本語資料の中国語翻訳（翻訳ツール使用可、その後台湾人スタッフが添削） ・資料整理   【応募資格】 ・大学卒業、日本での就業経験者 ・基本的なPCスキル（Word, Excel, タイピング） ・中国語、英語の語学力は問いませんが、読み書きに抵抗がない方 ・台湾での就業資格をお持ちの"
15406809,櫃檯接待人員,淨之力有限公司,雙北,台北市,台北市萬華區,行政/總務/法務,其他服務/工商貿易,35000~9999999 (period=0),月薪,35000,35000,0,0,傳統無AI,無,0,0,0,0,接待客人
14914701,總務執事,財團法人臺北市臺疆樂善壇,雙北,台北市,台北市大同區,行政/總務/法務,其他服務/工商貿易,33000~9999999 (period=2),月薪,33000,33000,0,0,傳統無AI,無,0,0,0,0,職務略述： 1.採購及準備法事敬品。 2.敬菜準備(會簡單烹飪)。 3.環境清潔整理。 4.各項物品管理及歸放。
13925234,【台北大安 | 近科技大樓或大安捷運站】#頭戴式&手腕裝置錄製影片平日PT#無經驗可#簡單任務操作_ITS 837,藝珂人事顧問股份有限公司,雙北,台北市,台北市大安區,行政/總務/法務,資訊科技/軟體網路,200~200 (period=0),時薪折算,32000,32000,0,0,傳統無AI,無,0,0,0,0,★歡迎對穿戴式裝置或新科技體驗有興趣者。  【工作內容】 主要為蒐集真實居家活動影像資料，參與者需於指定工作地點中佩戴指定頭戴式及腕部裝置進行錄影，模擬日常生活動作。  【工作職責&條件】 • 　配戴指定頭戴式裝置進行測試與資料錄製。 •　依照指示於模擬居家環境中完成日常生活任務，例如倒茶、洗碗、摺衣服、整理物品、拿取及移動生活用品等。 •　測試過程需配合操作及移動居家用品，並依照工作人員指示完成指定動作。 •　錄製期間需全程配戴頭戴式設備，每次約20至40分鐘。 •　做事細心、配合度佳且能依指示完成指定任務者尤佳。   【聯絡窗口】   Crystal Chen 陳小姐 電話: 02-771
15296710,"【饗 A Joy 】台北101店｜品牌接待大使｜起薪46,200_以細膩姿態迎接極致饗宴",饗賓餐旅事業股份有限公司,雙北,台北市,台北市信義區,行政/總務/法務,其他服務/工商貿易,46200~9999999 (period=4),月薪,46200,46200,0,0,傳統無AI,無,0,1,0,0,饗 A Joy｜台灣，寫給世界的一封情書  以高空視野演繹奢華百匯，饗 A Joy 融合究極和食、歐陸美饌與台灣在地風土滋味，嚴選時令食材，匯聚島嶼山海四境的精華，在雲端中呈現一場專屬台灣的世界級饗宴。 在饗 A Joy，你將與來自不同領域的餐飲專才並肩合作，培養放眼世界的視野。 誠摯邀請對餐飲有熱情、對品質有堅持的你，加入饗 A Joy，與我們一起，將台灣的風味與款待，帶向世界。  【工作內容】 1. 提供親切的迎賓接待，並負責專屬電梯動線引導。 2. 執行現場訂席與座位安排。 3. 為顧客進行現場環境介紹與品牌概念導覽。 4. 妥善應對現場突發狀況，協助顧客解決問題，並於第一時間回報主管。
13362371,【長安】櫃台行政人員,象印家電_台象股份有限公司,雙北,台北市,台北市中山區,行政/總務/法務,其他服務/工商貿易,29500~9999999 (period=0),月薪,29500,29500,0,0,傳統無AI,無,0,0,0,0,※ 此為「全職」工作，非兼職，請留意。 ※ 歡迎 大學夜間部學生 。 ※ 此職缺需要配合偶爾假日輪值班。  1. 協助商品清潔作業。 2. 主管交辦事項。  
12998832,總經理秘書（總部辦公室）,路易奇洗衣股份有限公司,雙北,台北市,台北市信義區,行政/總務/法務,其他服務/工商貿易,面議,面議,,,1,0,傳統無AI,無,0,0,0,0,1. 執行主管所交代的事務及各項專案，隨時掌控進度  2. 跨部門溝通、協調、整合，處理各項行政事務。   3. 負責主管工作行程之規劃安排及單位事務聯繫。  4. 隨時因應工作調配行程。  5. 薪資成長快速。  人格特質 1. 個性勤奮有熱忱。 2. 學習能力佳，細心。 3. 有責任感/時間觀念強，工作時間配合度高。 4. 抗壓性高。
15401342,上海銀行國外部外匯業務組工讀生,上銀行銷股份有限公司,雙北,台北市,台北市中山區,行政/總務/法務,其他服務/工商貿易,29600~29600 (period=0),月薪,29600,29600,0,0,傳統無AI,無,0,0,0,0,(1)內勤行政庶務(接DHL文件、分派信件、檔案整理、搬重物等)，其他主管      交辦事務皆要完成 (2)享端午、中秋優渥節慶獎金，雙薪與年終獎金
14583364,台北總公司【行政助理】,緯嘉國際股份有限公司,雙北,台北市,台北市信義區,行政/總務/法務,其他服務/工商貿易,30000~35000 (period=2),月薪,30000,35000,0,0,傳統無AI,無,0,0,0,0,1.依照各企業的行業性質，從事一般行政工作、主管交辦事項 2.文書管理：資料key-in、列印、整理、維護、更新 3.工作行程及會議之準備、安排、參與、紀錄；行事曆管理、排定 4.公文、貨品裝箱、郵件收發及寄送 5.接聽客戶來電 6.庶務管理
13639623,門市兼職銷售人員,紅帽子喜餅_新順益國際企業有限公司,雙北,台北市,台北市大安區,行政/總務/法務,其他服務/工商貿易,196~200 (period=0),時薪折算,31360,32000,0,0,傳統無AI,無,0,0,0,0,門市／店員／專櫃人員 1. 介紹及銷售門市商品。 2. 提供顧客之接待與需求服務。 3. 負責商品包裝、陳列等工作  銷售人員是顧客對我們的第一印象，淺淺的笑容、親切的語氣與專業的服務，總讓人有賓至如歸的感覺。這個職位在公司中扮演重要角色，且有很好的晉升發展機會。 如果你有相關經驗或是對服務業有熱誠，我們歡迎你加入我們的團隊！請投遞履歷表並告知我們你對這個職位的熱情。
14979118,工讀生,新亞旅行社股份有限公司,雙北,台北市,台北市中山區,行政/總務/法務,其他服務/工商貿易,196~196 (period=0),時薪折算,31360,31360,0,0,傳統無AI,無,0,0,0,0,1.負責一般文書資料處理工作。 2.維護、更新、管理各類文件檔案（如：旅遊團行程文件）。 3.確認派車訂餐。 4.負責費用預估、控管及報表製作。 5.須具備至少N4日檢能力(不俱備N4請勿投遞)
14505299,行政人員,均展電訊科技有限公司,雙北,台北市,台北市中山區,行政/總務/法務,資訊科技/軟體網路,35000~38000 (period=6),月薪,35000,38000,0,0,傳統無AI,無,0,0,0,0,【工作說明】 1. 負責行政工作、資料統計與彙整、報表製作等。 2. 完成工作時程表，管理行事曆，負責與單位協調與安排。 3. 檔案管理。 4. 帳務核對。 5. 依照價格政策執行查價工作，進行產品價格核對、查詢及管理作業 6. 接聽、過濾、轉接來電，並提供資訊及留言。 7. 主管交辦事項。 8.態度負責、細心、能獨立作業  負責協助管理各項行政事務，需大量使用excel作業，可假日排班。 歡迎符合條件的人士應徵此職位，並表達您的興趣和申請。    
14650593,網路違法內容處理社工_網路治理組（性影像處理中心）,台北市電腦商業同業公會,雙北,台北市,台北市松山區,行政/總務/法務,其他服務/工商貿易,43000~9999999 (period=2),月薪,43000,43000,0,0,傳統無AI,無,0,0,0,0,一、處理兒少網路性剝削內容申訴案件 二、處理成人非自願外流性私密影像內容申訴案件 三、處理網路有害兒上身心內容申訴案件 四、處理網路上其他不當內容申訴案件 五、案件數據彙整、分析 六、各類宣導 
15271113,【派遣至LINE Pay｜行政助理】每日提供早餐/ 協助商店申請文書審查_101VE,萬寶華企業管理顧問股份有限公司,雙北,台北市,台北市南港區,行政/總務/法務,資訊科技/軟體網路,35000~35000 (period=0),月薪,35000,35000,0,0,傳統無AI,無,0,0,0,0,※ 長期合約，穩定發展 ※    【工作內容】 • Merchant application screening  執行商店申請審查 • Set up/update merchant properties & information 協助設定與變更商店資料需求 • Support merchant application re-screening & document follow-ups 協助審查補件追蹤與複審作業 • Assist with backlog clearance & operational support 協助處理積案與營運支援作業   【福利等】 ✓ 每日提供早餐 ✓ 每月
12431438,【航空訓練中心－誠徵正職行政助教（台北）】,翱翔菁英顧問有限公司,雙北,台北市,台北市大同區,行政/總務/法務,文教/補教培訓,36000~9999999 (period=0),月薪,36000,36000,0,0,傳統無AI,無,0,0,0,0,▍職缺名稱：正職行政助教（台北教室）     ▍上班時間：  週三至週五 13:00～22:00 (輪休1H) 週六至週日 10:00～18:30 (輪休0.5H)  ▍月休天數：週休二日（固定休週一及週二）  ▍工作內容： 1. 提供學生與訪客課程諮詢、考試諮詢及報名服務。  2. 主動關心學員需求，建立良好的顧客關係與品牌形象。 3. 協助安排老師與教官的每月課程排程。 4. 協助經營社群平台並回覆訊息（LINE / FB / IG）。 5. 協助文案撰寫、資料整理與行政歸檔。 6. 維持教室環境整潔及布告欄資訊更新。 7. 協助教室日常營運相關行政與服務支援。  ▍薪資範圍： 起薪：$3
15021534,【小巨蛋分部】營運行政人員,臺北市私立軟實力文理短期補習班,雙北,台北市,台北市松山區,行政/總務/法務,文教/補教培訓,40000~45000 (period=0),月薪,40000,45000,0,0,傳統無AI,無,0,0,0,0,"工作範圍與職責:  支援分校日常營運與行政事務，確保環境與流程順暢。 提供專業的家長服務，維護良好溝通並協助留存。 協助試聽、招生與續班相關流程，並進行必要的後續追蹤。 與教師與教學團隊協作，確保課堂品質與溝通一致。 管理學生與課程相關資料，維持文件與報表的準確性。 與分校經理及總部保持密切溝通，適時回報營運狀況與風險。 需熟悉Google Workspace操作 *需自備筆電  薪資範圍:  月薪至少 新台幣 40,000 元，具體金額彈性，依應徵者之資歷與能力可議。另提供績效獎金制度。  福利制度:  健保、勞保、勞退、彈性休假/排休、每雙周不定時聚餐、辦公室餵食、高級員工酒吧半價"
15350141,Workplace Operations Manager（辦公室營運經理）,inline_樂排股份有限公司,雙北,台北市,台北市中正區,行政/總務/法務,資訊科技/軟體網路,60000~9999999 (period=4),月薪,60000,60000,0,0,傳統無AI,無,0,0,0,1,"▌About the Role We're looking for a Workplace Operations Manager who can run a reliable, well-controlled workplace operation for our Taiwan office, lead a small Workplace Operations team, and has the judgment to take on broader responsibilities over time.  This role owns day-to-day workplace operati"
15277141,醫美行政櫃檯,賦羽美整形外科診所,雙北,台北市,台北市大同區,行政/總務/法務,生技/醫療保健,36000~38000 (period=0),月薪,36000,38000,0,0,傳統無AI,無,0,0,0,0,一、櫃檯接待  * 接待來診貴賓，提供親切、專業的服務。 * 協助報到、身份確認及病歷建檔。 * 引導初診、複診及術後回診流程。 * 維持候診區整潔與舒適環境。  二、預約管理  * 安排門診、諮詢、療程及手術預約。 * 確認醫師看診及手術排程。 * 提醒顧客回診、治療及術前注意事項。 * 處理預約異動、取消及候補安排。  三、行政文書  * 建立及維護病歷資料。 * 整理各類行政文件及表單。 * 協助健保（如有）、自費療程相關行政作業。 * 製作每日報表及統計資料。  四、收銀與帳務  * 負責療程及手術費用收款。 * 開立發票、收據及相關單據。 * 每日結帳及現金、刷卡帳務核對。 * 配合
13919993,【LG生活健康】韓文翻譯行政人員 (需具備韓文TOPIK6級者),LG_ 臺灣樂金生活健康股份有限公司,雙北,台北市,台北市信義區,行政/總務/法務,生技/醫療保健,34000~45000 (period=2),月薪,34000,45000,0,0,傳統無AI,無,0,0,0,0,【主要職責】 1. 與韓國總部直接溝通及翻譯文件 2. 翻譯內容與PIF檔案相關 (化粧品安全性/安定性/微生物/有害物質..相關等) 3. 化粧品登錄內部作業流程 4. 委外微生物作業流程  【日常作業】 1. 其他行政工作內容或主管交辦事項
15045999,診所櫃台人員,漢補世家中醫診所,雙北,台北市,台北市中山區,行政/總務/法務,生技/醫療保健,34000~38000 (period=2),月薪,34000,38000,0,0,傳統無AI,無,0,0,0,0,【主要工作內容】 1.櫃枱患者服務 2.行政作業 3.環境清潔維護 4.配合公司職務安排  *須具備1年以上櫃台或客服工作經驗 *需有穩定的情緒  月休8~9天(周日全天休假)  工作地點： 台北市大安區、中山區 (近捷運站)                               
15138045,接待櫃台,白研滴方診所,雙北,台北市,台北市中山區,行政/總務/法務,生技/醫療保健,35000~45000 (period=0),月薪,35000,45000,0,0,傳統無AI,無,0,0,0,0,1️⃣ 接待與客戶體驗管理 *負責來客接待、引導與環境介紹 *管理預約、報到與候診流程 *維持現場秩序與舒適氛圍（燈光、音樂、整潔） 2️⃣ 預約與櫃檯行政 *預約安排與時段控管（電話、LINE、現場） *收費結帳與帳務處理 3️⃣ 客戶溝通與關係維護 *回覆客戶基本問題（療程流程、時間、注意事項） *協助提醒預約與回訪關懷 4️⃣ 協助療程轉化 *基礎介紹診所服務項目（點滴、醫美） *與護理師／醫師配合，提升整體成交流程順暢度 5️⃣ 診所營運支援 *環境整理與日常清潔維護 *備品管理（茶水、衛生用品等）  無經驗可，歡迎有熱忱的你加入我們大家庭！
15347430,急缺 #計時理貨人員,可誠貿易有限公司,雙北,台北市,台北市大同區,行政/總務/法務,其他服務/工商貿易,200~220 (period=0),時薪折算,32000,35200,0,0,傳統無AI,無,0,0,0,0,整理商品以及分類 需要理貨，協助短程送貨
13329436,櫃檯診助(大安區),許世賓婦產科診所,雙北,台北市,台北市大安區,行政/總務/法務,生技/醫療保健,33000~37000 (period=0),月薪,33000,37000,0,0,傳統無AI,無,0,0,0,0,1.診所行政櫃枱及診助相關事宜處理。 2.各項福利當班津貼 。 3.具備活力。 4. 完成主管交辦事項  5.每年有忘年會 6.不定時聚餐 7.提供工作制服及工作鞋 8.工作滿一年有生日禮金 9.三節獎金
13717454,【DRCYJ全方位美學集團】-行政櫃台(北區),曜胜生技股份有限公司,雙北,台北市,台北市大安區,行政/總務/法務,生技/醫療保健,30000~35000 (period=0),月薪,30000,35000,0,0,傳統無AI,無,0,0,0,0,--應徵前請先至「DRCYJ全方位美學集團」官網認識我們-- DRCYJ全方位美學集團官網介紹：https://drcyjhcc.com.tw/    = CYJ 源自Charming迷人、Young年輕、Joyful快樂 = 1.團隊組織年輕、活潑、開朗，好的想法皆可討論並採納，不怕才華被埋沒 2.組織升遷計畫透明，每關評核都清楚明瞭，從基層培育到店主管訓練，札實訓練不馬虎 3.勇敢追夢，想證明自己能力及自我實現者，都非常歡迎你與我們一起打拼  【好康福利】  ◆每月店績獎金、特殊(加碼)獎金、三節禮金、年終績效獎金   ◆基本勞健保、免費提撥6%勞退、免費提供員工制服、員購福利 ◆不定期的
9565243,松山機場國際線專櫃人員(上班時間06:00-15:30；11:30~21:00 ),裕珍馨食品股份有限公司,雙北,台北市,台北市松山區,行政/總務/法務,傳統製造/精密工業,39000~40000 (period=0),月薪,39000,40000,0,0,傳統無AI,無,0,1,0,0,1. 提供顧客滿意的服務及商品介紹。 2. 負責商品進貨入庫、銷售管理及庫存管理。 3. 負責商品包裝、陳列以及店櫃週遭之整潔。 4. 須配合公司教育訓練。 5. 月休8天  另有早班津貼。 6. 具日文證照(3級以上)有額外獎金。 7.上班時間-需輪班；早班06:00-15:30；晚班11:30~21:00
15329959,捷運站旁【中正區】辦公室內勤專員｜#工作單純 #固定日班 #周休二日/EL,新加坡商立福人事顧問有限公司台灣分公司,雙北,台北市,台北市中正區,行政/總務/法務,其他服務/工商貿易,40000~60000 (period=0),月薪,40000,60000,0,0,傳統無AI,無,0,0,0,0,"【工作內容】 1.電話聯繫既有 VIP 客戶（不是陌生開發） 2.提醒各項優惠、帳務資訊 3.協助客戶資料更新、基本行政作業 4.公司提供電話話術，全程室內、穩定好上手 完全不需自己找名單、不用跑外面、不推銷高風險商品。  【上班時間】 09:30–18:30 固定日班，不輪班  【休假制度】 週休六日 國定假日見紅就休（停班停課就放假）  【薪資福利】 保障底薪 無門檻抽成制度 新人保障底薪 34,000～42,000 + 業績獎金（均薪多落在 55K＋100K） 享三節禮金、生日禮金 免費員工按摩 定期聚餐、部門活動"
15107640,錢櫃忠孝店-時薪服務人員【任職滿6個月可領取留任獎金10000元】,錢櫃企業股份有限公司忠孝分公司,雙北,台北市,台北市大安區,行政/總務/法務,文教/補教培訓,196~9999999 (period=0),時薪折算,31360,31360,0,0,傳統無AI,無,0,0,0,0,"【只要你是】個性活潑、開朗、貼心又喜歡唱歌交朋友  【不論你是】學生或是忙著想搶錢的上班族  我們提供完整的教育訓練且畢業後還可以優先轉任正職員工  我們需要你負責提供客戶優質的服務  趕快來應徵加入錢櫃,讓你【開薰】工作,當個每天快樂的打工族!!  ●假日津貼另計"
15010667,(自助洗衣)門市兼職人員-文山店,上洋產業股份有限公司,雙北,台北市,台北市文山區,行政/總務/法務,其他服務/工商貿易,196~196 (period=2),時薪折算,31360,31360,0,0,傳統無AI,無,0,0,0,0,【工作職責】 1.提供顧客之接待與相關洗衣需求服務 2.代客洗、烘、褶衣服務 3.維護形象店面的整齊清潔，讓客人感受品牌形象 4.建立與鞏固客戶關係，讓客戶感受信任及專業 5.執行及完成公司交付之任務  自助洗衣品牌，持續於大台北地區展店，擴大招募中! 面試通過之夥伴會先安排至門店進行訓練，門市地點及其餘細節於面試時告知。
15345842,【再睡5分鐘】採購助理,再睡5分鐘_躺著喝股份有限公司,雙北,台北市,台北市大同區,行政/總務/法務,生技/醫療保健,32000~35000 (period=2),月薪,32000,35000,0,0,傳統無AI,無,0,1,1,0, 工作內容 (Job Description) 【崗位職責】  採購單據與流程處理： 協助建立、審核與追蹤 PO（採購單）、請購單及確認交期。  廠商溝通與追蹤： 與國內外供應商保持密切聯繫，確認排程、交期、數量、品質及物流寄送狀態。  進銷存與庫存管理： 協助定期核對庫存數量，鍵入 ERP 系統，確保資料準確性。  請款與對帳作業： 彙整月結請款單據、發票，對帳並協助財務部門完成請款與付款流程。  樣品與資料庫管理： 整理新舊供應商資料庫、產品樣品保管與相關文件檔案歸檔。  跨部門溝通協調： 配合倉儲、業務及財務部門處理到貨異常、退換貨或折讓事宜。  其他主管交辦事項： 支援部門日常行政工作
12759082,網路文字客服人員,微樂客有限公司,雙北,台北市,台北市內湖區,行政/總務/法務,廣告行銷/公關顧問,29500~32000 (period=0),月薪,29500,32000,0,0,傳統無AI,無,0,0,0,0,1. 確保客服功能正常運作並持續改善提升。  2. 處理客訴案件。  3. 幫助顧客解決問題。  4. 提供產品相關資訊及申辦資料流程協助。  5. 提供產品後續服務。  6. 反應顧客需求至相關部門。  7. 透過與顧客互動過程中發現公司運作盲點與問題，積極提出改善建議。  8. 掌握環境變化與公司發展需求，主動豐富化客服功能的內涵。  9. 處理主管交辦事件。 
15267993,派駐電信 客服助理,鴻集實業股份有限公司,雙北,台北市,台北市大安區,行政/總務/法務,其他服務/工商貿易,31800~34000 (period=0),月薪,31800,34000,0,0,傳統無AI,無,0,0,0,0,1.接聽使用者電話  2.協助MSG系統使用者申告案件處理  3. 相關資料報表撰寫與更新  4.使用者回饋收集與分析 
15390588,【好呷拉麵｜合江店】兼職人員可固定班，依表現調薪。,人可餐飲股份有限公司,雙北,台北市,台北市中山區,行政/總務/法務,其他服務/工商貿易,210~210 (period=2),時薪折算,33600,33600,0,0,傳統無AI,無,0,0,0,0,工作內容 加入我們，一起打造一碗好拉麵、實現開店夢想！ 我們正在招募【兼職門市夥伴】，工作內容包括： •	基本備料、煮麵、出餐、碗盤清洗、桌面清潔 •	用餐環境清潔維護 •	顧客服務與簡單點餐收銀 •	配合店舖營運外送與排班(需自備機車) 我們的特色： •	流程清晰、容易上手 •	專注拉麵本業，降低工作負擔 ________________________________________ 工作時間 •	早班：10:30 - 14:30 •	晚班：17:00 - 22:30 •	日班/晚班/假日班/彈性排班 •	無須輪班，排定早晚班即可 _____________________________
15376527,㊕外商職缺㊕【國際驗證機構｜業務助理/行政人員】半年期專案 | 享期滿合約獎金 _RFS_225,藝珂人事顧問股份有限公司,雙北,台北市,台北市內湖區,行政/總務/法務,其他服務/工商貿易,38000~48000 (period=0),月薪,38000,48000,0,0,傳統無AI,無,0,1,0,0,【工作亮點】 -國際產品測試與驗證產業，接觸企業客戶及跨部門合作 -工作內容涵蓋業務行政、案件追蹤及客戶資料管理 -適合具備行政協調能力、希望累積外商經驗的人選 -月薪最高48K，另有半個月合約期滿獎金  【工作內容】 1.協助業務團隊處理日常行政作業及相關文件 2.協助建立與維護客戶資料、案件紀錄及系統資訊 3.協助製作報價單、合約、訂單及相關業務文件 4.追蹤客戶案件、文件及內部作業進度，適時更新相關資訊 5.與業務、技術、財務及其他內部單位進行溝通協調 6.協助整理業務報表、會議資料及其他主管交辦事項  【條件要求】 -大專以上學歷，科系不拘 -具備良好的英文閱讀能力，能理解一般英文文件
13779728,貴賓接待秘書 (具備空服員/國際飯店/餐飲服務經驗佳),財團法人富邦人壽美術館基金會,雙北,台北市,台北市信義區,行政/總務/法務,其他服務/工商貿易,面議,面議,,,1,0,傳統無AI,無,0,1,0,0,工作內容  1. 貴賓室接待及管理。 2. 餐點預定、桌邊服務及擺盤準備等 。 3. 禮賓迎接及備禮安排等。  4. 活動安排：餐廳訂位、邀請及確認出席等。  5. 擔任助理秘書及完成主管交辦事項。  應徵條件  1. 具備國際飯店櫃台、國際餐飲服務、機場貴賓室或空服員等工作經驗佳。  2. 具備基礎英、日語或其他外語溝通能力佳。  3. 具備服務熱忱、個性活潑樂觀、協調能力佳、做事細心負責，抗壓性高。
5871671,採購助理,惠而強實業股份有限公司,雙北,台北市,台北市內湖區,行政/總務/法務,資訊科技/軟體網路,40000~45000 (period=0),月薪,40000,45000,0,0,傳統無AI,無,0,0,1,0,1.根據貨物、零件的庫存量，執行訂購作業。    2.協助採購單的查詢工作。    3.負責一般報表彙整及歸檔管理工作。   4.具備採購談判與議價技巧。  5.文件或資料輸入電腦系統建檔工作(熟鉅茂貿易軟體尤佳)。
14042701,中工公寓管理有限公司徵-萬華區青年社會住宅(一期+二期)行政專員(見紅輪休 排班制),中工保全股份有限公司,雙北,台北市,台北市萬華區,行政/總務/法務,其他服務/工商貿易,35000~35000 (period=3),月薪,35000,35000,0,0,傳統無AI,無,0,0,0,0,我們是中工公寓大廈管理有限公司，專注於提供專業的公寓大廈社區管理服務，致力於提升住戶的生活品質與安全水準。我們的主要服務對象為居住於公寓大廈及社會住宅的住戶，提供全面性管理及客戶服務，確保社區運作的高效與和諧。  工作內容： 1. 負責文件的收發與建檔，確保資料的正確性與完整性。 2. 執行各項文書處理工作，包括報告撰寫與會議紀錄製作。 3. 負責日常行政事務處理並確保事項執行符合規範。 4. 整理與彙整各項報表與管理。 5. 處理住戶資料輸入與管理，並維護資訊的準確性與保密性。 6. 負責社會住宅的日常管理與顧客服務，回應住戶需求並解決問題。 7. 管理服務中心日常業務，確保服務順暢與高效運
15197208,投資行政專員,群益證券投資信託股份有限公司,雙北,台北市,台北市大安區,行政/總務/法務,其他服務/工商貿易,35000~50000 (period=2),月薪,35000,50000,0,0,傳統無AI,無,0,0,0,1,1.	投資處文書行政庶務處理  2.	投資處主管交辦事項 3.	協助投研單位製作績效表及會議資料 4.	投資系統日常維運與流程優化作業 5.	跨部門全委專案整合運作
15386774,視覺設計師,沐春創作有限公司,雙北,台北市,台北市大同區,傳播藝術/設計,電子商務/數位零售,38000~40000 (period=4),月薪,38000,40000,0,0,傳統無AI,無,0,0,0,0,歡迎充滿熱忱，創意發想力豐富的你加入我們的團隊。  ■ 擁有產品包裝設計的能力，能與印刷廠聯繫並執行。 ■ 品牌及行銷相關視覺設計，包括數位與印刷品。 ■ 與客戶及團隊深度對話，具備清晰的設計邏輯與提案力。 ■ 完成主管交待事項，並配合專案完成進度。  【能力需求】  ■ 設計相關工作經驗。 ■ 熟練Illustrator、PhotoShop軟體能力。 ■ 此職位需與他人溝通合作，需具備良好的溝通能力。 ■ 喜歡學習，願意跟團隊一起成長。 ■ 請提供歷年作品集。 
13611949,設計助理,優越廣告股份有限公司,雙北,台北市,台北市中山區,傳播藝術/設計,廣告行銷/公關顧問,32000~9999999 (period=0),月薪,32000,32000,0,0,傳統無AI,無,0,0,0,0,【 如果您是有熱情的設計師 】  我們正在尋找有熱情的設計人員。如果您是相關科系畢業，或是對於設計有獨到的見解、覺得滿腦子創意想要一展抱負，歡迎來找我們！  【條件需求】  	• 平面設計相關一年工作經歷或美術相關科系畢業 	• 能主動溝通。願意分享創意，有自己的想法。  【工作環境與福利】 開放且融洽的辦公空間。公司規模不大，但工作的空間很舒適，同事好相處。 交通便利，距離捷運站很近。 辦公室開門面對公園，還有籃球場。小吃街近在咫尺，中午用餐很方便。  加入我們，發揮你的設計實力，一起創造出令人驚豔的作品！
13111032,包裝及平面設計人員(Packaging & Graphic Design Specialist),香港商金栢科技實業有限公司,雙北,台北市,台北市內湖區,傳播藝術/設計,傳統製造/精密工業,面議,面議,,,1,0,傳統無AI,無,0,0,0,0,職務說明 1.燈具與產品包裝規劃：評估產品緩衝防護需求，繪製包材刀模圖，完成燈具產品之簡易包裝結構與防護規劃  2.視覺與標籤製作：負責產品標籤、外箱貼紙、條碼貼紙及相關印刷品之排版與設計  3.說明書與圖資繪製：使用 SolidWorks 導出產品 3D 結構線稿、爆炸圖，製作產品組裝/使用說明書  4.包裝成本計算與估價分析：負責包材成本估算（含紙箱、彩盒、內襯、貼紙、說明書等），評估最佳裝箱率（Pallet / Container Loading）  5.包材打樣與廠商對接：與包材廠、印刷廠進行溝通發包、核對樣品、測試與成本控管  6.包材圖檔維護：建立與管理包材 BOM 表及圖資 
15402835,遊戲動畫設計師（Game Animator）,光速未來有限公司,雙北,台北市,台北市中正區,傳播藝術/設計,資訊科技/軟體網路,面議,面議,,,1,0,傳統無AI,無,0,0,0,0,【工作內容】   ✦ 負責遊戲的動作設計與動畫製作   ✦ 執行 2D / 3D 動畫相關任務，並確保與美術與引擎整合流程順暢   ✦ 具備 3 年以遊戲動畫製作經驗   ✦ 熟練操作 AE / Spine 等動畫與cocos引擎整合工具   ✦ 能獨立完成從動作設計、動畫製作、測試至引擎整合的完整製作流程
14316345,★【台北】新聞主播,台北之音廣播股份有限公司,雙北,台北市,台北市中正區,傳播藝術/設計,其他服務/工商貿易,33000~40000 (period=2),月薪,33000,40000,0,0,傳統無AI,無,0,0,0,0,有新聞從業經驗者佳 工作內容：新聞稿編輯、改寫，製播整點新聞 單元錄製、專案及業配訪問執行 協助主管行政事務
15219702,品牌美編設計師,台義宇宙有限公司,雙北,台北市,台北市松山區,傳播藝術/設計,電子商務/數位零售,35000~40000 (period=0),月薪,35000,40000,0,0,傳統無AI,無,0,0,0,0,【關於這個職位】 噗噗噠噠已經建立一套「可愛但科學、親切但專業」的品牌風格，加入後你會先在現有風格中負責社群圖文、賣場視覺與包裝設計，熟悉品牌和鼠寶家長們的喜好。 等你對品牌有足夠的理解，我們非常歡迎你提出讓視覺更進化的想法，一起讓品牌越來越好。 如果你喜歡我們目前的風格，也享受在既有框架裡把作品打磨得更好，我們很期待認識你，跟我們一起傳達「可愛但科學、親切但專業」的品牌精神。   【核心工作內容】 1. 週期性數位內容製作 - 知識圖文 - 社群公告內容 - 修改及更新賣場 Banner - 製作新品賣場頁面視覺（含商品修圖） - 調整舊品賣場頁面（依數據決定優先順序） - 配合新品上架製作
14545459,Seoul醫美｜整形醫美診所-兼職平面設計(In-House)(200-250元/時),首爾醫美整形_首爾醫美診所,雙北,台北市,台北市大安區,傳播藝術/設計,生技/醫療保健,200~250 (period=0),時薪折算,32000,40000,0,0,傳統無AI,無,0,0,0,0,【工作內容】 1.Benner製作、人像修圖等。 2.完成主管交辦事項。  【需求條件】 1.熟悉Illustrator、Photoshop專精。 2.會簡易剪輯加分。 3.有上進心。  *面試需提供作品集*  【工作時間】 1.一到五13:00-19:00。 2.可彈性排班。
15403418,"Specialist Visual Merchandising - North, adidas",adidas Taiwan Limited_台灣阿迪達斯股份有限公司,雙北,台北市,台北市中山區,傳播藝術/設計,電子商務/數位零售,面議,面議,,,1,0,傳統無AI,無,0,0,0,0,"PURPOSE & OVERALL RELEVANCE FOR THE ORGANISATION: Executes and monitors all Channels efforts on Visual Merchandising and In-Store Communications efforts so as to meet the company financial projection, while pursuing the brand building effort.  KEY RESPONSIBILITIES:   -Work closely with marketing fro"
14999772,經紀助理,百澤娛樂有限公司,雙北,台北市,台北市松山區,傳播藝術/設計,其他服務/工商貿易,33000~9999999 (period=0),月薪,33000,33000,0,0,傳統無AI,無,0,0,0,0,1.對娛樂產業有熱情、有想法、熟悉台灣戲劇及電影 2.記憶佳、專注、協調性高、可配合突發性任務、配合出差 3.個性細心、耐心完成主管交辦事項 4.會開車。 
10765256,演唱會特效技術人員,宏益舞台特效有限公司,雙北,台北市,台北市內湖區,傳播藝術/設計,文教/補教培訓,35000~60000 (period=0),月薪,35000,60000,0,0,傳統無AI,無,0,0,0,0,1. 特效演出器材架設及拆除工程  2. 設備清點、備貨、保養、維修、整理、控制系統操作  3. 演出現場活動執行 4. 主管交辦事項  你曾經站在演唱會現場，感受音樂與特效交織的震撼時刻嗎？ 當音樂響起，燈光閃爍，舞台特效爆發的那一瞬間，每一刻都是震撼 ! 讓舞台的奇蹟，在電光火石剎那間，乍然驟現 !!  我們是一群熱愛挑戰並肩作戰的特效工程團隊， 視專案類型不同，參與國內各種類型的大小型活動及演唱會， 如果你具有工程背景對演唱會特效有熱忱者， 沒有背景經驗具有豐富的執行力與責任心， 想了解演唱會特效幕後的技術執行， 公司具有完善的教育培訓， 帶領你一步步完成每場演出， 和我們一起努力，打造
15399051,皮革打版人員,皮兒吧_皮兒企業社,雙北,台北市,台北市大安區,傳播藝術/設計,電子商務/數位零售,40000~48000 (period=4),月薪,40000,48000,0,0,傳統無AI,無,0,0,0,0,1. 根據設計圖進行皮革包包的打版； 2. 包包處理或修正； 3. 與相關人員討論確定產品尺寸和細節； 4.主管交辦事項 需有皮革相關打版經驗 
15405407,音效師,昕展資訊有限公司,雙北,台北市,台北市中山區,傳播藝術/設計,廣告行銷/公關顧問,面議,面議,,,1,0,傳統無AI,無,0,0,0,0,工作內容 1.設計並製作各類音效，包含UI互動音、角色動作音效、環境音、戰鬥特效音等 2.規劃並製作背景音樂，符合不同場景、情境之氛圍需求 3.依企劃需求及玩家回饋，持續優化音效設計與音量平衡 4.管理音效資源庫，建立並維護音效命名規範及素材歸檔系統 5.參與遊戲整體聲音風格定調，提出符合IP調性之聲音設計建議  職務要求 必要條件 1.3年以上遊戲音效設計或廣告/短影片音樂音效經驗 2.熟悉音訊編輯軟體（如Pro Tools、Reaper、Adobe Audition、Logic Pro等） 3.了解音訊基礎理論，包含取樣率、位元深度、動態範圍、壓縮等概念 4.具備良好的音樂素養及聲音美感，
14738916,大碼女裝商品企劃專員,AIR SPACE_新地國際股份有限公司,雙北,台北市,台北市士林區,傳播藝術/設計,其他服務/工商貿易,面議,面議,,,1,0,傳統無AI,無,0,0,0,0,AIR SPACE為台灣第一女裝品牌， 我們提供安心的工作環境、人才培育訓練課程， 願您能成為永續經營的共同夥伴，歡迎加入AIR SPACE團隊！  ◆歡迎國際人才/僑外人士/可申辦工作證◆  【我們提供的發展舞台】  1.鼓勵創意與主動提案的開放工作環境 2.實際參與商品開發專案與供應鏈實務經驗 3.有潛力者可進階成為商品企劃／開發主力，培養全方位職能  【我們在找什麼樣的你】  對女裝時尚市場趨勢保持高度敏感、熱愛研究流行穿搭 如果你熱愛透過設計與企劃專長，打造棉花糖女孩的服飾新趨勢， 歡迎加入我們，一起引領下一季的女裝潮流。  【你的工作內容】  1.季度流行趨勢分析商品企劃提案 2.各
15150246,平面設計師 Graphic Designer,新加坡商鏈榮投資股份有限公司台灣分公司,雙北,台北市,台北市內湖區,傳播藝術/設計,電子商務/數位零售,面議,面議,,,1,0,傳統無AI,無,0,0,0,0,【職位定位】 HONOR Taiwan 正在尋找一位 Graphic Designer 平面設計師，負責品牌與產品在台灣市場的 digital、social、campaign 與 retail 視覺設計。 你會是 HONOR Taiwan 的品牌視覺守門員：一方面維持 HONOR 的高端科技感與品牌一致性，一方面把 HQ 資產快速在地化，支援新品上市、社群、媒介與通路大量而快速的設計需求。  【工作內容】 1. 負責 HONOR Taiwan 品牌與產品在台灣市場的平面 / 數位視覺設計。 2. 依新品上市節奏製作本地主視覺 KV、產品賣點圖、campaign mechanic 與延展素材。 
14251833,聖誕相關工程人員(半年期),特選有限公司,雙北,台北市,台北市士林區,傳播藝術/設計,廣告行銷/公關顧問,32000~50000 (period=0),月薪,32000,50000,0,0,傳統無AI,無,0,0,0,0,"1. 協助大型聖誕樹,裝置藝術搭建組裝。 2. 協助道路周邊路樹燈光佈置。 3. 協助社區,住家內部聖誕佈置。 4. 協助店面產品擺設。 5. 裝置藝術前期手工製作。 "
14825428,數位印刷學徒,承亞興圖文印刷有限公司,雙北,台北市,台北市內湖區,傳播藝術/設計,傳統製造/精密工業,38000~40000 (period=0),月薪,38000,40000,0,0,傳統無AI,無,0,0,0,0,我們是專業的印刷公司，致力於提供高品質的數位印刷及相關服務，服務的主要對象包括各類企業、本地商家及個人客戶，滿足他們在行銷、宣傳、以及專業文印方面的需求。 工作內容： 1. 協助數位印刷設備的操作及基本維護，確保機器順暢運行。 2. 處理並檢查客戶提供的圖文原稿，確保內容符合印刷標準。 3. 協助進行數位打樣及製版過程，確保最終輸出的文件品質達到專業要求。 4. 學習並掌握印刷前準備作業，包括材料整理及排版設計。 5. 協助執行印後加工作業，如切割、裝訂及包裝作業等。 6. 進行設備日常清潔與保養，並將問題迅速回報。 7. 定期參與公司提供的印刷技能培訓，提升專業知識與操作能力。 8. 與團隊
6168086,展務人員,尊彩國際藝術有限公司,雙北,台北市,台北市內湖區,傳播藝術/設計,其他服務/工商貿易,38000~48000 (period=2),月薪,38000,48000,0,0,傳統無AI,無,0,0,0,0,1.藝術中心展覽空間規劃、執行。  2.藝術品展覽的佈展及撤場。  3.藝術品管理及倉儲規劃。  4.藝術品運輸規劃。  5.展場秩序維護。  6.國際性藝術展覽活動規劃、運輸執行。  7.展覽空間常態維護管理。  8.公司內部電力監管。        基本福利：  週休二日（依據勞基法規範）  週一公休、假日採輪休制  享勞、健、團保、勞退  公司三節、年終獎金。  入職滿三個月，視工作執行力及出勤紀錄表現，可申請調薪審查。
15383707,藝人經紀助理,超級娛樂經紀有限公司,雙北,台北市,台北市大安區,傳播藝術/設計,其他服務/工商貿易,200~2000 (period=0),時薪折算,32000,32000,0,0,傳統無AI,無,0,0,0,0,1.接受公司派遣，協助藝人完成工作及生活瑣事。 2.不固定休假，不固定工時。 3.細心、願意服務，能吃苦，能接受隨時派遣。 4.能處理日常文書、工作報表。 5.自己有交通工具，有工作相關的外勤。 6.會開車、會修照片、會拍攝及剪輯短影音優先錄用。
15312519,Game Animator,奕界科技有限公司,雙北,台北市,台北市中正區,傳播藝術/設計,資訊科技/軟體網路,面議,面議,,,1,0,傳統無AI,無,0,0,0,1,"We are looking for a talented 2D Animator to create dynamic and visually appealing animations that bring characters, environments, and visual effects to life. This role requires a strong understanding of animation principles, solid artistic skills, and the ability to collaborate effectively with cro"
12419165,音業工程人員(音樂隔音艙/多媒體設備器材),臺灣艾肯音樂科技有限公司,雙北,台北市,台北市南港區,傳播藝術/設計,廣告行銷/公關顧問,35200~49800 (period=0),月薪,35200,49800,0,0,傳統無AI,無,0,0,0,0,工作條件： 1.必須具備⼿排⼩汽⾞駕照。 2.PA相關工作經驗、具備Mixcraft國際證照、勞工安全衛生證書者佳。  ⼯作內容：隔音艙工程及錄音室系統工程。 組裝津貼及獎金。  公司訓練及福利 1.外縣市租屋津貼。 2.雙北外通勤津貼。 3.汽車停⾞費用補貼。 4.【中秋禮⾦】、【⽣⽇/端午禮⾦】、不定期聚餐。 5.外縣市出差之交通費及住宿費，全由公司⽀出。 6.如到國外出差，另領取【零⽤⾦/⽇】。  歡迎所有求職者應屆畢業⽣…等 1.發展/遠景：職員可再學得數位⾳樂系統及直播系統。 2.職員會有全台出差，拓展視野。 3.公司以台灣為出發點，做全球發展，服務科技業，扁平化組織，職涯發展與潛⼒
15403697,Garena - Graphic Designer（6-month Part Time）,Garena_新加坡商競舞電競有限公司臺灣分公司,雙北,台北市,台北市中正區,傳播藝術/設計,資訊科技/軟體網路,200~300 (period=2),時薪折算,32000,48000,0,0,傳統無AI,無,0,0,0,0,Garena 美術團隊是一支充滿創意與熱情的視覺冒險隊伍，致力於以視覺創意驅動遊戲與品牌價值，將遊戲與品牌的想像化為真實。  我們的工作範疇涵蓋平面設計、影片製作、AI 輔助設計與攝影，為玩家與用戶帶來兼具美感與影響力的內容體驗。 我們期待能夠與充滿創意、熱愛遊戲與設計的你，一起打造能與全球玩家產生共鳴的視覺作品。  ✨在這裡，你將負責... 1. 支援團隊日常平面設計需求，協助完成各類視覺素材的設計、編排與基礎圖片處理，確保作品符合專案需求與視覺品質。 2. 製作與調整不同應用情境的設計素材，包含行銷活動、社群媒體、簡報及內部溝通等，並依實際需求進行尺寸延伸、版本調整與內容更新。 3. 配合
15293391,剪輯師,踢帕娛樂股份有限公司,雙北,台北市,台北市大安區,傳播藝術/設計,廣告行銷/公關顧問,32000~35000 (period=2),月薪,32000,35000,0,0,傳統無AI,無,0,0,0,0,剪輯品牌頻道及偶像團體頻道影片 剪輯節目IP衍生之額外影片(如花絮、廣告、精華…等) 處理主管交代之品牌相關影像作品 (能獨立完成素材整理/初剪/效果字/調色/音效/字幕)
15261776,商化人員,麗嬰國際股份有限公司,雙北,台北市,台北市內湖區,傳播藝術/設計,文教/補教培訓,32000~9999999 (period=0),月薪,32000,32000,0,0,傳統無AI,無,0,0,0,0,1. 賣場商品陳列與商化規劃（貨架、端架、主題區） 2. 依檔期／促銷活動進行賣場佈置與陳列調整 3. 協助event及新品陳列與曝光規劃 4. 其他主管交辦事項
15406221,3D 動態設計師｜Junior Motion Designer,目子拾參創意有限公司,雙北,台北市,台北市中山區,傳播藝術/設計,廣告行銷/公關顧問,35000~9999999 (period=2),月薪,35000,35000,0,0,傳統無AI,無,0,0,0,0,3D 動態設計師｜Junior Motion Designer  【工作內容】 - 依專案分鏡與視覺方向，完成分配的專案製作任務，包含動畫、材質燈光、渲染與後期合成。 - 與團隊協作，依回饋調整作品，主動回報進度與問題，完成檔案整理及交接，確保準時交付。 - 將 AI 工具運用於創意發想、視覺測試或素材製作，與團隊共同測試並改善工作流程。  【必備條件】 - 相關工作年資 1 年，須具動畫、影像或設計公司的實習或工作經驗。 - 能理解製作需求、安排工作進度，獨立完成分配的任務，遇到問題時主動溝通。 - 具備團隊合作能力，能接受並落實製作回饋，配合團隊流程與交付規範。 - 具備 Cinema 4
15212902,AI 產品設計師（具工業設計背景）,開羅直效行銷贈品事業股份有限公司,雙北,台北市,台北市松山區,傳播藝術/設計,傳統製造/精密工業,600000~1000000 (period=6),年薪折算,44444,74074,0,0,傳統無AI,無,0,0,0,0,我們正在尋找一位具備「工業設計思維」與「善用AI 設計」的人才。 您不只是做造型，而是能從使用者需求、產品定義、AI 體驗到實際落地，參與行銷活動的商品設計。  我們希望您具備  ◾必要條件 工業設計、產品設計相關背景 熟悉產品開發流程與設計提案 具備將想法商品化能力 熟悉 Adobe 系列、3D 軟體等設計工具 能運用 AI 工具導入產品設計的能力 具備客戶溝通與跨部門協調能力 產品提案能力  ◾加分條件 有禮贈品、生活用品、品牌周邊商品設計經驗 具 3D 建模與產品渲染能力 有品牌提案經驗 了解打樣、生產與材質應用 有業務簡報提案能力   ❣我們期待您 喜歡新工具與創新技術來產品設計 能快
15401759,印前製作／美編專員(台北總公司),國高紙品股份有限公司,雙北,台北市,台北市大同區,傳播藝術/設計,傳統製造/精密工業,38000~43000 (period=4),月薪,38000,43000,0,0,傳統無AI,無,0,0,0,0,1.	印刷檔案檢核：負責客戶來稿及內部稿件之規格檢核（出血、刀模線、解析度、字型、CMYK 及特別色設定等），確保檔案符合印刷輸出標準。 2.	完稿與拼版落版：依紙張尺寸、印刷機台及加工需求執行拼版落版與最終完稿，並完成校對作業。 3.	特殊加工稿製作：掌握紙材特性，依印刷落版位置製作打凸、燙金、局部上光等特殊加工所需之底片稿，確保對位準確。 4.	刀模線稿拼模與套圖：依刀模廠提供之單模刀線圖，拼製多模刀線稿，並將設計稿精準套入各模位置，確認展開圖與版面對應正確。 5.	色彩與打樣核對：協助印刷色彩設定與數位打樣輸出，核對打樣與稿件之色彩及內容一致性。 6.	美編排版與影像處理：協助產品包裝、
15337331,3D 專案管理／3D PM,子午計畫有限公司,雙北,台北市,台北市士林區,傳播藝術/設計,廣告行銷/公關顧問,30000~42000 (period=2),月薪,30000,42000,0,0,傳統無AI,無,0,0,0,0,【工作內容】  1. 協助 3D 專案之時程安排、進度追蹤與相關事項管理。 2. 整理專案需求，協助將企劃內容轉化為 3D 團隊可執行的製作需求。 3. 與模型、動畫、動捕、分鏡、場景等製作人員確認工作進度與交付時間。 4. 協助跨部門需求對接及資訊同步，確保相關執行人員掌握專案內容。 5. 協助錄製、直播等專案之內部資源與時程安排。 6. 維護專案排程、製作進度、交付紀錄及相關文件。 7. 協助追蹤外包製作進度與檔案交付狀況。 8. 配合團隊持續整理及優化 3D 製作流程與工作規範。  【工作需求】  1. 對 3D 製作流程具基本理解，了解模型、場景、動畫、動作捕捉等製作環節。 2. 具良
6655506,視覺設計企劃專員,千康有限公司,雙北,台北市,台北市內湖區,傳播藝術/設計,電子商務/數位零售,37000~9999999 (period=2),月薪,37000,37000,0,0,傳統無AI,無,0,0,0,0,工作內容  * DM、海報、型錄、POP、吊卡等印刷品設計。 * 門市陳列物、展場輸出物及促銷物設計。 * 印刷流程、材質應用及發包作業。 * 電商平台商品圖、活動頁及Banner設計。 * 商品拍攝、情境拍攝及照片修圖。 * 協助主管執行各項品牌專案。 * 具AI操作運用者尤佳。  
13675753,多媒體專案專員/Digital Design Project Specialist,iStaging愛實境_愛實境股份有限公司,雙北,台北市,台北市松山區,傳播藝術/設計,資訊科技/軟體網路,45000~50000 (period=2),月薪,45000,50000,0,0,傳統無AI,無,0,0,0,0,Main Function : 專案執行與內容製作   【工作內容】  1. 釐清需求擬定專案時程，追蹤專案進度，確保按時交付。 2. 負責與客戶、外包或其他利益相關者進行溝通。 3. 素材設計、圖像優化並編輯 iStaging 平台內容設計。 4. 數位多媒體影像設計與製作 。   【技能要求】 - 擅長工具：Excel、PowerPoint、Word、Photoshop。 - 具有企劃溝通能力尤佳。  
15402649,新聞主播／節目主持／編輯記者,美商無限資訊傳媒有限公司,雙北,台北市,台北市信義區,傳播藝術/設計,廣告行銷/公關顧問,36000~55000 (period=0),月薪,36000,55000,0,0,傳統無AI,無,0,0,0,0,想站上鏡頭，讓觀眾聽見你的觀點？歡迎對新聞有高度熱情的你／妳加入!  職位要求：  1.口條清晰、台風穩健，能親自擔任新聞主播/節目主持人，完成鏡前播報與錄製。 2.具備新聞寫作編輯能力，將外電資訊改寫為口語化、符合華語地區觀眾閱讀習慣的新聞稿。 3.具新聞敏感度與議題發想能力，能將單則新聞報導，延伸發想成約2-3分鐘的節目專題或單元。 4.有主播/主持/記者經驗者優先：應屆畢業生若具備相關實習、校內外電視台、Podcast主持經驗亦可投遞。  工作內容  一、鏡前播報/主持  擔任新聞主播／節目主持，掌控節目節奏，需具備良好的鏡頭表現與台風。  二、新聞編輯  1.將外電資訊改寫為符合華人、
15404567,產品外觀設計師／工業設計師（專案兼職）,驊鍵有限公司,雙北,台北市,台北市松山區,傳播藝術/設計,生技/醫療保健,50000~120000 (period=3),月薪,50000,120000,0,0,傳統無AI,無,0,0,0,0,【工作內容】  我們主要從事醫療復健及人體穿戴式產品開發，產品為穿戴於人體上的護具類產品，主要結合布料、泡棉、織帶、塑膠射出件等軟硬材質。  希望尋找具產品設計／工業設計經驗的設計師，以個別專案方式合作，協助既有產品或新產品之外觀設計與造型優化。  工作內容包含：  ・依產品功能、使用方式及既有結構進行外觀設計與造型提案。 ・針對人體穿戴產品，考量人體工學、外觀比例及整體視覺進行設計。 ・整合布料與塑膠件等不同材質，提出適合實際生產的外觀設計方案。 ・提供設計草圖、3D建模及產品效果圖（依個別專案需求）。 ・配合開發過程進行設計調整，並與內部產品開發人員討論可行性。  【希望條件】 ・工業設計
15157492,(需面議合作方式) 短影音剪輯,那倪娛樂事業有限公司,雙北,台北市,台北市中山區,傳播藝術/設計,資訊科技/軟體網路,15000~40000 (period=0),月薪,15000,40000,0,0,傳統無AI,無,0,0,0,0,1. 獨立完成影片後期製作； 2. 拍攝影片及攝影專案工作； 3. 影片檔案整理及分類； 4. 應用各種剪輯後製軟體（Premiere、After Effects等）進行影片剪輯、特效、字幕等製作； 5. 創造性地發揮自己的想法，提高影片質量。  本職位需要具備專業的剪輯技能，能夠獨立完成各種類型的影片後期製作工作。剪輯師在當今的視頻行業中扮演著至關重要的角色，有著良好的發展前景。 如果您符合要求並對該職位感興趣，請盡快申請，我們期待與您合作！
10852145,藝人經紀/宣傳,大藝娛樂企業有限公司,雙北,台北市,台北市信義區,傳播藝術/設計,廣告行銷/公關顧問,30000~40000 (period=3),月薪,30000,40000,0,0,傳統無AI,無,0,0,0,0,公司旗下群星：浩角翔起、徐凱希、張文綺、籃籃、巫苡萱、宜芳、筠熹、檸檬、秀秀子、郭婷筠、賴慧如、郭忠祐、陳怡婷、曾瑋中、蔡家蓁、彭正、王茉聿、歐巴尚青、黃新皓、吳美琳、安苡葳等知名藝人， 熱播中節目有：《綜藝大集合》、《綜藝新時代》、《天才衝衝衝》等優質節目， 尋找有經驗的你，加入公司大家庭，和我們一同成長！ 　 工作條件： 1. 具備藝人經紀經驗二年以上 2. 具備業務開發、公關應對能力 3. 注重團隊合作精神，善於溝通協調 4. 時間觀念良好，抗壓性高、責任感強 5. 熟影音拍攝剪輯者佳 6. 基本文書能力  工作內容： 1. 為藝人開發節目、戲劇、廣告、活動等工作，爭取曝光機會 2. 陪
15255480,品牌平面設計師（UI/Brand / VI / 行銷視覺設計）,大銀科技股份有限公司,雙北,台北市,台北市中山區,傳播藝術/設計,廣告行銷/公關顧問,40000~50000 (period=3),月薪,40000,50000,0,0,傳統無AI,無,0,0,0,0,工作內容 1. 品牌識別（VI）建立：負責多個品牌的 VI 系統設計與規範（Logo、色彩、字體、應用規範）。 2. 行銷素材製作：產出官網、社群、廣告、EDM、展會、包裝、型錄等各類行銷視覺。 3. 專案企劃階段 UI 設計：於專案規劃期協助 Landing Page／網站／介面的 UI 草稿與視覺提案。 4. 配合專案經理的進度與需求，於時程內交付設計稿並進行修改。 5. 維護品牌視覺一致性，建立並更新各品牌素材庫。   條件要求 - 工作經驗：2 年以上平面／品牌設計經驗（有多品牌 VI 建立經驗尤佳） - 學歷：專科以上，設計、視覺傳達、商業設計相關科系佳 - 擅長工具：Illustr
15180358,【器材部】攝影助理,旋轉牧馬有限公司,雙北,台北市,台北市大安區,傳播藝術/設計,廣告行銷/公關顧問,30000~9999999 (period=0),月薪,30000,30000,0,0,傳統無AI,無,0,1,0,0,1.協助攝影師執行攝影工作(短片、電影、影集、MV、廣告、紀錄、訪談…等) 2.攝影組器材相關事務：器材調度、測試、整備、保養、轉檔、盤點 3.對攝影、拍片工作具高度熱誠者 4.熟開手排、自排車 5.具備外語能力尤佳  我們在尋找熱愛拍片、具備強大責任感、對排除問題具備成就感的夥伴，在攝影組工作注重效率、品質，管理彈性、工作氣氛良好，如果你對這樣的工作有興趣，歡迎立即投下履歷，我們當面聊聊! 
14728662,婚禮企劃師,想樂創意_想樂創意整合股份有限公司,雙北,台北市,台北市中正區,傳播藝術/設計,文教/補教培訓,32000~65000 (period=3),月薪,32000,65000,0,0,傳統無AI,無,0,0,0,0,想樂這次想尋找【婚禮企劃師】 針對每場獨一無二的婚禮，從主題發想到執行， 喜歡美、好玩、有趣的事物， 對主題有自己的想法，也在意每個畫面呈現； 如果你已經有企劃或婚禮相關經驗，更歡迎加入我們。   我們希望你具備：  1. 吃苦耐勞  → 是的～做婚禮需要不少體力 2. 溫暖的特質  → 想樂一直以「朋友式的服務」陪伴新人 3. 抗壓性與細心  → 婚禮是一生一次的事，想樂都是非常謹慎。 4. 接受假日上班  → 婚禮都是在週末舉行唷！ 5. 願意接受想樂的培訓與栽培  → 不論你有沒有婚禮相關經驗，都希望您成為真正的想樂人。 6. 強大的穩定性  → 想樂希望找到的是可以長期當夥伴的朋友 7
15059486,助理小編,新民文化事業有限公司,雙北,台北市,台北市中山區,傳播藝術/設計,其他服務/工商貿易,230~250 (period=3),時薪折算,36800,40000,0,0,傳統無AI,無,0,0,0,0,"1) 管理網站、Threads、FB粉專等品牌社群平台 2) 負責以上社群平台之內容發想、規劃、撰寫發布及維護整理 3) 回覆留言並能與粉絲互動提升社群熱度 4) 簡易影片剪輯,修圖美化,設計排版 5) 能分析數據並提出優化操作之建議 6) 主管交辦事項"
15302948,蝦皮總部【節目企劃助理】35K/固定晚班/高中職可 WC,全球人事顧問股份有限公司,雙北,台北市,台北市信義區,傳播藝術/設計,電子商務/數位零售,35000~35000 (period=0),月薪,35000,35000,0,0,傳統無AI,無,0,0,0,0,【工作內容】 1. 現場商品收發 2. 前置擺品作業及場復作業 3. 節目串流執行 (依需求回覆留言、互動抽獎等) 4. 節目道具採買及整理 5. 節目初版腳本撰寫 6. 短影音&節目內容審查   【職務需求】 1. Office 軟體操作能力(Power Point/Excel) 2. 做事具備邏輯性、有條理、細心者尤佳 3. 可適應電商快速步調及反應快速具備解決問題能力!  【待遇】 1.零食櫃、咖啡機、冰淇淋 2.符合法令的特休假、年假 3.基本勞、健保、雇主提撥6％勞退 4.三節禮金  【上班時段】週一至週日(排班制) 14:00-23:00  【地點】台北市信義區菸廠路88號(松山文
14904235,中央研究院原分所 - 科教館常設展徵科普解說員暨展場助理,中央研究院_原子與分子科學研究所,雙北,台北市,台北市士林區,傳播藝術/設計,文教/補教培訓,38338~9999999 (period=0),月薪,38338,38338,0,0,傳統無AI,無,0,0,0,0,【徵才｜展場科普推廣夥伴】  喜歡科學、教育，也喜歡和孩子互動嗎？讓我們一起把科學變得好玩、好懂！  中央研究院原子與分子科學研究所與遠哲科學教育基金會合作，於國立臺灣科學教育館(台北市士林區)三樓展場，開辦「看見分子相遇的奇妙」展覽，徵展場工作人員。  工作內容 展場科普解說、實驗示範、展場展品維護 協助實驗教學、校外教學及展場活動及處理相關行政 提供基礎培訓，不需一開始就什麼都會  工作時間 配合展場開閉館時間  工作日 符合一例一休 原則上每週六、日及國定假日等開館日需出勤  周休二日應排班於周一(休館日)及周二至周五選一日 實際班表應依展場需求安排，並依勞基法辦理休假、加班。  薪資福
15394586,(外商_wfh)Packaging Engineer包材工程師,Morgan Philips Hong Kong Limited Taiwan Branch_香港商博禹國際顧問有限公司台灣分公司,雙北,台北市,台北市信義區,傳播藝術/設計,其他服務/工商貿易,面議,面議,,,1,0,傳統無AI,無,0,0,0,0,"Responsible for the design, development, testing, and production of wood crate and industrial packaging solutions. Lead packaging projects from concept through mass production, ensuring structural integrity, quality compliance, and cost optimization. Collaborate with global R&D teams, suppliers, and"
13359453,金工講師,Wedding Code_葳町釦有限公司,雙北,台北市,台北市中山區,傳播藝術/設計,電子商務/數位零售,35000~50000 (period=3),月薪,35000,50000,0,0,傳統無AI,無,0,0,0,0,喜愛珠寶有熱忱的你，擁有婚戒珠寶銷售對金屬有一定常識 擁有金工手作熱忱！  1. 製作相關課程教材。 2. 規劃、執行活動。 3. 講習課程內容。 4. 進行商品行銷，產品特色分析介紹，並提供產品購買的建議。 5. 提供售後服務，處理客戶端之問題，給予完善的處理。  有金工相關證照或經驗優先錄取，能了解客人需求，推薦客人適當之產品並解說；平時需維護店內環境，也需要做商品建檔與資料管理，因此需對電腦操作有一定程度熟悉，本公司產品為貴金屬及首飾類，需細心謹慎。 月休8天(排休)，願意挑戰高額獎金，穩定薪水穩定性高的夥伴，有珠寶銷售經驗優先錄取歡迎加入Wedding Code。  ★薪資依學經歷而定
15280047,商品/規劃業務助理(時裝包組),NET服裝_主富服裝股份有限公司,雙北,台北市,台北市松山區,傳播藝術/設計,其他服務/工商貿易,34000~34000 (period=0),月薪,34000,34000,0,0,傳統無AI,無,0,0,0,0,1、隨時掌握相關流行資訊，整合市場調查及彙整&樣品整理 2、需學習商品跟單全套流程，並培養獨立作業能力。 3、彙整下單資料及建檔。 4、確認進出貨、追蹤銷售及追加，商品驗貨。 5、處理主管交辦事項    
12704341,繪圖工程師,英谷企業股份有限公司,雙北,台北市,台北市文山區,傳播藝術/設計,其他服務/工商貿易,40000~45000 (period=0),月薪,40000,45000,0,0,傳統無AI,無,0,0,0,0,AutoCAD基本操作、工地監工、報告製作  ※有時須配合外縣市出差(食宿、津貼另計)
14557607,排版人員,新學林出版股份有限公司,雙北,台北市,台北市大安區,傳播藝術/設計,其他服務/工商貿易,32000~32000 (period=0),月薪,32000,32000,0,0,傳統無AI,無,0,0,0,0,主要工作為書籍期刊內文排版（Word排版為主，InDesign為輔），須熟悉Word、InDesign使用，若有排版作品請一併附上。
11659410,設計 Designer/ 資深設計 Sr. Designer,香港商台灣智威有限公司台灣分公司,雙北,台北市,台北市信義區,傳播藝術/設計,電子商務/數位零售,面議,面議,,,1,0,傳統無AI,無,0,0,0,0,"工作內容  1. 品牌與視覺識別執行, 建立並維護一致的品牌視覺識別規範, 確保所有消費者接觸點的視覺風格一致性 2. 包裝設計與延伸應用, 設計產品包裝及產品視覺（Product Shot） 3. 製作棧板堆疊圖（Pallet stacking diagram） 4. 與供應商及印刷廠溝通製作規格 5. 準備最終完稿檔案（包含正確刀模、色彩規格等印刷需求） 6. 零售通路物料, 設計品牌型錄、摺頁、POSM（通路陳列物）, 電商商品頁設計與尺寸調整, 其他產品與品牌相關物料設計與延伸 7. 跨部門合作: 與品牌經理及行銷助理密切合作, 必要時與外部代理商協作, 管理時程，確保所有行銷素材準時"
14583365,台北總公司平面設計/美編人員,緯嘉國際股份有限公司,雙北,台北市,台北市信義區,傳播藝術/設計,廣告行銷/公關顧問,32000~40000 (period=2),月薪,32000,40000,0,0,傳統無AI,無,0,0,0,0,1.網頁設計製作、產品插圖及logo設計 2.包裝設計、簡介設計 3.美編設計、文字編排 4.平面廣告與製作物設計 5.針對所選定之產品的性能與特性，規劃商品的包裝與設計 6.分析消費者對於造型、圖案、色彩、材料及價格之選擇傾向 7.網站/網頁美學視覺設計與維護 8.動態產品拍攝，尤其是影片剪輯後製
15295808,服飾門市人員,Glien進口服飾,雙北,台北市,台北市信義區,傳播藝術/設計,其他服務/工商貿易,42000~50000 (period=0),月薪,42000,50000,0,0,傳統無AI,無,0,0,0,0,1. 開店環境維護 2. 與客人互動介紹銷售門市商品 3. 商品進貨入庫、銷售管理及庫存管理 4. 店面商品拜訪陳列與商品拍照 5. 商品出貨包裝及寄件 6. 維持店面周遭之整潔，維護舒適購物空間
14612521,社群企劃實習生,C Channel_魅客數位科技股份有限公司,雙北,台北市,台北市松山區,傳播藝術/設計,廣告行銷/公關顧問,5000~10000 (period=0),面議,,,1,0,傳統無AI,無,0,0,0,0,1.FB/IG/Threads操作 2.網紅系統運用(搜尋及資料整理)  3.社群短影音製作 4.拍攝企劃執行 5.專案素材製作 6.專案數據分析與整理  若表現OK，有機會轉正(會依照性格與專長安排職缺)  
14110761,正職人員-台北館,台灣皇家德州撲克競技協會,雙北,台北市,台北市松山區,傳播藝術/設計,其他服務/工商貿易,42000~60000 (period=0),月薪,42000,60000,0,0,傳統無AI,無,0,0,0,0,德州撲克發牌工作、清理環境。
13491221,網站前端設計師,政久興業股份有限公司,雙北,台北市,台北市內湖區,傳播藝術/設計,其他服務/工商貿易,面議,面議,,,1,0,傳統無AI,無,0,0,0,0,我們正在尋找一位熟練的網站前端工程師，能夠負責使用WordPress平台並熟悉WordPress外掛，能獨立架設網站並維護更新  1. WordPress平台：具有豐富的WordPress平台使用經驗，能夠獨立搭建和維護網站，並能快速上手進行WordPress相關設定。  2. WordPress外掛：熟悉常用的WordPress外掛，並能根據需求選擇適合的外掛，擴展網站功能。  3. UI/UX設計：具備優秀的UI/UX設計能力，能夠設計出符合用戶體驗和品牌形象的網站介面。  4. 前端開發技術：了解HTML、CSS和JavaScript等前端語言，能夠使用這些語言實現網站的外觀和交互效果。
15395289,派遣至南港3M集團-Packaging Engineering Support,萬寶華企業管理顧問股份有限公司,雙北,台北市,台北市南港區,傳播藝術/設計,資訊科技/軟體網路,面議,面議,,,1,0,傳統無AI,無,0,0,0,0,"The Contract Packaging Engineering Support role will provide day-to-day support for Taiwan CBG packaging engineering activities to ensure business continuity after the current contract worker’s departure. The main purpose of this role is to support Taiwan CBG packaging projects, project follow-up, d"
12925119,網頁設計師 UI/UX,QSAN_廣盛科技股份有限公司,雙北,台北市,台北市內湖區,傳播藝術/設計,資訊科技/軟體網路,36000~55000 (period=4),月薪,36000,55000,0,0,傳統無AI,無,0,0,0,0,1. 熟悉HTML、CSS，獨立完成網頁RWD設計與切版。 2. 協助 Wireframe / Prototype / Mockup 規劃製作。 3. 配合產品行銷活動，執行頁面設計切版。 4. 對於使用者體驗有高度敏銳度，確保產品易用性，並持續優化體驗。  必備條件 A. 三年以上網頁設計相關經驗。 B. 具提案能力、善於表達設計理念、熟悉 Adobe Photoshop 、Illustrator、Figma 。
8526514,流行生活商品設計專員/開發主任,好園地股份有限公司,雙北,台北市,台北市內湖區,傳播藝術/設計,其他服務/工商貿易,40000~60000 (period=2),月薪,40000,60000,0,0,傳統無AI,無,0,0,0,0,1. 建立年度採購計劃，並確保其有效執行  2. 評估市場供應情況，進行採購談判和議價，確保物品的供應和貨源穩定  3. 管理供應商，建立評鑑制度，維護與供應商之間的關係  4. 監控庫存水平，確保物品的合理儲存和管理  5. 與公司其他部門合作，協調工作進展和溝通  6. 參與其他採購相關的項目  作為公司採購部門的主管，您將負責制定和執行採購策略，確保公司所需的原材料、設備等物品的供應，並協調與供應商之間的關係。這個職位在公司的運營中非常重要，將為您提供良好的發展前景和晉升機會。 如果您符合上述要求，請立即投遞您的簡歷以表達您對此職位的興趣。我們期待與您共同成長和發展。
15406500,服飾品牌 內容企劃 ,Apartment.b 男子公寓_河川公寓有限公司,雙北,台北市,台北市信義區,傳播藝術/設計,電子商務/數位零售,45000~55000 (period=4),月薪,45000,55000,0,0,傳統無AI,無,0,1,0,0,我們正在尋找一位對品牌、影像、社群內容有高度敏感度的夥伴  這個職位不只是負責社群發文，而是希望你能從品牌角度出發，參與每一季的內容與形象規劃，將品牌概念轉化成可以被看見、被感受到的內容  從季度主題、Campaign 概念、Moodboard、拍攝企劃，到 Instagram、Reels、Threads 等社群內容，我們希望你可以一起建立完整且一致的品牌溝通  【工作內容】 季度品牌企劃｜30% • 依照品牌年度方向與新品規劃，發展季度主題、Campaign Concept 與內容方向 • 製作季度 Moodboard、視覺參考與內容提案，協助建立品牌每一季的形象與溝通主軸  社群內容企劃與
15225939,工讀生,學邑工程技術顧問股份有限公司,雙北,台北市,台北市文山區,傳播藝術/設計,其他服務/工商貿易,200~200 (period=0),時薪折算,32000,32000,0,0,傳統無AI,無,0,0,0,0,1.電腦繪圖、資料調查整理分析。 2.行政業務、郵務、庶務及其他臨時交辦事項。 3.都市計畫、地政、建築相關科系尤佳
10646347,【7014】服裝工藝設計專員（特工）,信源企業股份有限公司,雙北,台北市,台北市內湖區,傳播藝術/設計,傳統製造/精密工業,38000~48000 (period=0),月薪,38000,48000,0,0,傳統無AI,無,0,0,0,0,1.技術研發與樣衣製作：根據客戶設計圖，分析布料特性，製作出符合標準的試作樣衣 2.生產優化與測試：進行縮率、牢度等相關測試，評估並定出大貨（量產）最佳生產流程，確保良率 3.特殊工藝研發與SOP制定：研發無縫貼合、雷射切割、電繡等特殊工藝，編排製作流程並建立標準作業程序（SOP） 4.廠區技術支援：協助生產線解決技術性問題，排除製作生產瓶頸工段 5.主管交辦事項：其他與產品開發、品管相關之跨部門協助工作。  *歡迎喜歡服裝手作、技術研究、工藝設計的您加入~~~~
15358569,劇團活動執行,九歌兒童劇團,雙北,台北市,台北市大安區,傳播藝術/設計,資訊科技/軟體網路,30000~35000 (period=0),月薪,30000,35000,0,0,傳統無AI,無,0,1,0,0,◆招募職務：劇團活動執行  ◆工作內容：   1、戲劇活動之企劃提案、帶隊執行   2、戲劇演出之排練助理、製作參與   3、戲劇教學之活動接洽、助教行政   4、劇團常態之行政庶務處理  ◆條件要求：   1、大專以上。對推動兒童戲劇演出、戲劇活動有熱忱與理想。   2、對兒童戲劇教學有經驗或有興趣，有志專精發展。   3、邏輯思考強，具備良的口語表達和應對能力   4、具備電腦文書/試算/簡報/影音軟體使用能力。    5、須能配合本團平日或假日不特定活動公出。  ◆其它需求：   1、英語聽說寫能力者尤佳。    2、駕照者尤佳。   ◆待遇福利   1、團保、勞健保。   2、假日出勤
11772812,攝影助理,牧羊人影像有限公司,雙北,台北市,台北市士林區,傳播藝術/設計,廣告行銷/公關顧問,1500~5000 (period=0),時薪折算,240000,240000,0,0,傳統無AI,無,0,0,0,0,【職缺名稱】兼職 / 自由接案 攝影助理 (Freelance Camera Assistant) 【薪資待遇】 論案計酬（將依單日班別、專案時數或案件規模彈性報價與核薪）  我們正在尋找機動性高、對拍攝現場充滿熱情的外掛神隊友！ 如果你喜歡片場的節奏，想跟著專業團隊參與各類商業廣告與短影音的實戰拍攝，累積更多現場經驗與人脈，歡迎成為我們的長期合作夥伴！只要你手腳俐落、態度積極，案源絕對穩定發包！  【工作職掌】  器材管家： 負責出班前的器材清點、測試與準備；以及撤班後的器材保養、歸位與點交。  現場神救援： 拍攝現場協助攝影師更換鏡頭、架設腳架與軌道、拉線，以及機動性的燈光與場務支援。  
12226103,底片沖印工程師 (助理),現代電影沖印股份有限公司,雙北,台北市,台北市南港區,傳播藝術/設計,其他服務/工商貿易,29500~32000 (period=0),月薪,29500,32000,0,0,傳統無AI,無,0,1,0,0,1.印片、沖洗、印拷貝片、檢查、沖印設備維護，底片數位後期製作流程執行。 2.配合工作時間調整。 3.具責任感、抗壓性高、自我學習要求高者佳。 4.需具備基礎英文能力。
15029568,歡迎無經驗社會新鮮人-影音剪輯人員 可兼職配合,那倪娛樂事業有限公司,雙北,台北市,台北市中山區,傳播藝術/設計,資訊科技/軟體網路,15000~9999999 (period=0),月薪,15000,15000,0,0,傳統無AI,無,0,0,0,0,1.非線性影片後製作業。 2.從事短影片拍攝作業。 3.從事錄影前置作業。 4.從事現場錄影，包括錄製內容，現場轉播。 5.從事攝影棚錄影，包括操作攝影機，及多媒體軟體。  依照工作能力調整薪資 可兼職配合 需面議
15322183,【北部】服裝設計助理｜制服設計／樣衣協助／產品開發,源洋制服時裝有限公司,雙北,台北市,台北市大同區,傳播藝術/設計,傳統製造/精密工業,38000~9999999 (period=0),月薪,38000,38000,0,0,傳統無AI,無,0,0,0,0,1.完成制服與服裝設計相關工作（繪圖、打樣、修改） 2.布料與配件資料整理、歸檔及樣本管理 3.與工廠、生產單位及業務端進行協調，確保設計落實 4.拍攝、行銷素材整理 5.主管交辦事項 6.需會開車具備汽車駕照
12176069,3D遊戲建模師,蒼龍科技有限公司,雙北,台北市,台北市信義區,傳播藝術/設計,廣告行銷/公關顧問,30000~40000 (period=0),月薪,30000,40000,0,0,傳統無AI,無,0,0,0,0,無論是熱愛遊戲、動畫或電影，歡迎與我們一起培養名為好奇心的幼苗，參與日本誇耀全世界的多種娛樂產業。有中日翻譯協助，不用擔心語言的隔閡。加入我們，運用各式各樣的CG軟體，以新世代的創作者為目標一同成長吧！  會使用3ds MAX / MAYA / After Effects其中之一
15200691,產品工業設計師/產品外觀設計,井得企業有限公司,雙北,台北市,台北市中正區,傳播藝術/設計,傳統製造/精密工業,30000~35000 (period=0),月薪,30000,35000,0,0,傳統無AI,無,0,0,0,0,"1. 新產品研發及改善現有產品外觀及結構 2. 從概念提案發展至具量產性設計：概念發想>繪圖表現>材質色彩計畫>3D建模與渲染 3. 3D建模與渲染所需技能: 熟悉Creo以及keyshot 4. 理工或工業設計背景,具LED照明類產品及鐵製家俱設計經驗者尤佳 5. 每年固定出差至越南(兩到三周)，有機會出差至德國荷蘭及香港 "
15395251,商品專員｜服裝商品開發,媽媽餵股份有限公司,雙北,台北市,台北市中正區,傳播藝術/設計,傳統製造/精密工業,38000~45000 (period=2),月薪,38000,45000,0,0,傳統無AI,無,0,0,0,0,我們正在尋找對服裝商品開發有興趣、具備服裝專業基礎的夥伴，參與從流行趨勢、市場分析、商品企劃、樣衣開發到大貨生產的完整流程。 此職務需要與設計、採購、行銷及供應商等不同單位合作，適合對服裝、面料、版型及商品開發流程有興趣，且喜歡將想法實際轉化為商品的人。 【工作內容】 •	蒐集及分析國內外流行趨勢、市場及競品資訊，協助季度商品企劃與款式開發。 •	進行服裝款式、版型、面料及主副料規劃，協助商品提案、品項整理及資料製作。 •	負責樣衣打樣、尺寸丈量、版型、布料、副料及加工細節確認。 •	負責服飾類裁片印花、花色及圖案確認。 •	追蹤樣衣進度，協助試穿、修改、品質確認及大貨前確認。 •	協助供應商
15204381,節目執行製作,五条文化股份有限公司,雙北,台北市,台北市松山區,傳播藝術/設計,其他服務/工商貿易,32000~45000 (period=4),月薪,32000,45000,0,0,傳統無AI,無,0,0,0,0,．擔任影像導演、後製公司與電視台之間的核心溝通橋樑，負責傳達製作需求、修改意見及各方事務協調  ．規劃與管理節目後製日程（包含剪輯、調光、混音等進度追蹤），確保各階段任務按時完成，以符合播出時程  ．負責節目跟播帶、拍攝素材之規格確認、品質把關，並執行電視台送播與網路平台之上傳作業  ．協助拍攝現場相關事宜之對接，並負責後製檔案、節目帶及相關文書資料之整理與歸檔管理
14277538,兼職保底直播主【在家工作】,凱若有限公司,雙北,台北市,台北市信義區,傳播藝術/設計,文教/補教培訓,面議,面議,,,1,0,傳統無AI,無,0,0,0,0,經營個人形象品牌，成為自己的老闆 在這個自媒體盛行的時代，每個人都有機會成為表演者，讓自己的才能被更多人看見。透過簡單的直播環境，你可以展現自己的才華，與觀眾建立真摯的連結，實現自我價值。  工作內容 互動直播：在各大直播平台上與觀眾互動，展示你的才藝與個人魅力，讓更多人認識你。 經營粉絲：積極與粉絲建立關係，分享生活點滴，提升你的影響力。  公司的優勢 免費直播空間：我們提供專業的直播設備，讓你隨心所欲地使用，無需擔心設備成本，隨時準備展現你的才華。 活動支援：公司為每位主播提供預算支持，協助你進行各類活動，讓你的直播更具吸引力和互動性。 經驗分享會：每月邀請成功主播分享心法和經驗，幫助你學
13878489,平面及陳列設計專員,DOUCHANGLEE_啟騰事業有限公司,雙北,台北市,台北市中山區,傳播藝術/設計,電子商務/數位零售,35000~40000 (period=2),月薪,35000,40000,0,0,傳統無AI,無,0,0,0,0,負責品牌門市與活動現場的整體視覺呈現，透過陳列策略與美感規劃，提升顧客體驗與品牌價值。  主要職責 	•	負責門市商品陳列、平面設計視覺規劃 	•	依據季度主題、新品上市與行銷活動進行陳列更新 	•	與行銷、設計、門市團隊協作，落實品牌視覺一致性 	•	規劃並執行店櫃活動等現場視覺佈置 	•	分析銷售動線與顧客視覺焦點，優化展示效果 	•	管理道具、陳列素材與門市視覺設備 	•	蒐集國際時尚趨勢、零售陳列案例，提出創新提案 
12409607,Junior 3D Artist / 3D 設計師,創意連點有限公司,雙北,台北市,台北市中山區,傳播藝術/設計,資訊科技/軟體網路,32000~45000 (period=0),月薪,32000,45000,0,0,傳統無AI,無,0,0,0,0,"Junior 3D UE/Vizrt Artist / 3D 設計師 工作內容： ‧  虛擬AR 攝影棚節目包裝與動態圖像設計。 ‧  協助同事完成專案  基本條件：  ‧ 對圖像設計與色彩風格有美感。 ‧ 熟任一3D軟體 (C4D/ Maya / 3Ds Max)。  懂UE/Vizrt優先入取 入職後會必須使用這兩項軟體. 公司會提供教學 薪水32,000-45,000起 公司提供勞、健保，專案績效獎金，Vizrt 軟體訓練。 履歷/作品集請寄 job@dotconnector.tv 主旨請註明應徵職位名稱"
15402110,影音企劃拍攝 / 攝影剪輯專員【總公司】,皇昌營造股份有限公司,雙北,台北市,台北市內湖區,傳播藝術/設計,廣告行銷/公關顧問,面議,面議,,,1,0,傳統無AI,無,0,0,0,0,我們正在尋找一位具備「影視說故事能力」與「實務拍攝技術」的全方位影音 人才。您將深入大型公共工程現場（如捷運工程、隧道開挖、海事工程等）， 負責官方 YouTube 頻道與企業品牌形象的影音內容產出。這份工作不僅是紀錄 工程進度，更需要您具備編導思維，將生硬的工程語言轉化為具備公關影響力 的優質影像。  【工作內容】 1. 工程影像紀錄與空拍： 負責大型公共工程（如捷運、隧道、海事工程等）現場進度攝影、與影像紀錄。 2. 後製剪輯與包裝： 負責影片剪輯、調色、配樂及字卡特效製作，產出符合社群及公關需求的高品質影音內容。 3. 頻道與專案企劃： 負責官方 YouTube 頻道及社群平台的影音單元
15403060,褆姆股份有限公司【視覺設計／美編設計師｜可遠端工作】,褆姆股份有限公司,雙北,台北市,台北市中山區,傳播藝術/設計,廣告行銷/公關顧問,40000~55000 (period=0),月薪,40000,55000,0,0,傳統無AI,無,0,0,0,0,【視覺設計／美編設計師｜可遠端工作】 我們希望找到一位有美感、能獨立作業，也能把設計概念實際完成的設計夥伴。  【工作內容】  1. 設計製作平面文宣、海報和DM。 2. 規劃商品包裝的設計理念，並進行提案。 3. 修改並執行其設計理念。 4. 設計公司整體CI（企業形象識別）。 5. 進行期刊書籍的圖文編輯。 6. 進行圖稿、文案的排版設計。 7. 與印刷廠聯絡，進行估價、打樣之事宜。 8. 將圖稿交由印刷廠印刷排版。 9. 進行完稿的後置裁切工作。。  【條件需求】  * 熟悉 Illustrator、Photoshop、InDesign等設計軟體。 * 具平面設計、排版及印刷完稿經驗。 
15004578,3D設計師※ IP 動漫公仔相關 (需有經驗起薪40K以上)※保障年終+準時下班不加班,宏儀國際有限公司,雙北,台北市,台北市士林區,傳播藝術/設計,資訊科技/軟體網路,面議,面議,,,1,0,傳統無AI,無,0,0,0,0,"1. IP 動漫公仔設計, 產品外觀造型, 結構設計  2.使用相關軟體繪製模型  3.公司會教2D/3D列印技術"
15197869,美編助理,真善美國際旅行社有限公司,雙北,台北市,台北市松山區,傳播藝術/設計,電子商務/數位零售,33000~38000 (period=2),月薪,33000,38000,0,0,傳統無AI,無,0,0,0,0,一、協助設計  1.協助完成旅遊產品文宣、手冊、EDM/DM之平面排版  2.進行電商上架所需之圖像與文案排版設計   二、多媒體加工  1.進行圖片、相片的修整、美化與後製加工 2.簡單的影片剪輯和後製  三、旅行用品製作物品管及設計協助 1.協助小組規劃執行旅遊用品周邊的設計 2.與製作物之協力廠商協作，追蹤估價、打樣與製程 3.協助盤點用品庫存及出貨管理  四、線下活動專案協助  1.配合線下活動專案進行簡報製作及編修工作  2.協助製作線下活動所需實體宣傳品  3.其他主管交辦事項
7953688,視覺設計/美術設計專員,DECOTV室內設計平台DECO雜誌_宇思文化事業有限公司,雙北,台北市,台北市中山區,傳播藝術/設計,廣告行銷/公關顧問,36000~40000 (period=2),月薪,36000,40000,0,0,傳統無AI,無,0,1,0,0,我們正在尋找具有美感敏銳度與整合能力的視覺設計專員，加入我們的創意團隊。此職位將參與公司各項專案內容的視覺編排與平面設計製作，並協助部分行政與跨部門合作項目。  主要工作內容：  1. 負責平面設計與視覺編輯，包括設計案件視覺編排、簡報、刊物等內容之排版設計 2. 針對不同的設計案件進行圖稿、文案的排版設計 3. 參與數位設計專案，包含網站視覺設計、社群媒體素材製作與多媒體內容製作 4. 支援行政部門之簡報製作、設計相關文書處理 5. 部分專案需使用英文閱讀或簡單書寫，具英文基礎尤佳 6. 參與國際設計獎項相關專案  我們希望你具備： 1. 優秀的視覺美感與排版邏輯 2. 熟悉 Illustr
14698167,藝術行政助理,宇珍國際藝術有限公司,雙北,台北市,台北市中正區,傳播藝術/設計,廣告行銷/公關顧問,35000~37000 (period=2),月薪,35000,37000,0,0,傳統無AI,無,0,0,0,0,1.協助藝術拍賣會、展覽相關事務 2.行政事項處理、電話接聽及各類庶務性工作支援 3.協助藝術品攝影及圖錄製作 4.平面廣告與網站頁面設計管理 5.廠商溝通協調 6.客戶接待 7.支援其他臨時交辦事項
15366479,天然石水晶直播主播,晶格格的多寶格礦石工藝行,雙北,台北市,台北市士林區,傳播藝術/設計,電子商務/數位零售,36000~42000 (period=0),月薪,36000,42000,0,0,傳統無AI,無,0,0,0,0,工作內容 ．於Facebook、蝦皮等平台進行天然石水晶／飾品直播銷售（基本上為不露臉直播） ．協助顧客看貨、選貨 ．直播事務、直播準備與協助 ．協助商品包裝、配貨、店務整理及主管交辦事項 ．學習天然石／飾品相關知識與直播銷售技巧  我們希望您 ．個性活潑自然，不怕鏡頭，願意學習直播互動 ．具服務熱忱，細心負責，穩定度高 ．口條清楚、反應快，具良好臨場應變能力 ．喜歡天然石、飾品、手作相關工作者佳 ．有門市銷售、直播、飾品、水晶相關經驗者佳 ．願意接受培訓，可獨立直播  工作時間 ．排班制，週一公休 ．需配合直播日排班 ．主要直播時段依公司安排(目前為週日、三、四固定直播時間為19:00-22
14707636,日系偶像團體 經紀助理｜全職,杰克音樂_藝富文創展演館,雙北,台北市,台北市萬華區,傳播藝術/設計,廣告行銷/公關顧問,35000~9999999 (period=0),月薪,35000,35000,0,0,傳統無AI,無,0,0,0,0,一起成為舞台背後最關鍵的力量！  我們正在尋找一位有熱情、有責任感，對COS與日本偶像文化有愛有理解的夥伴，加入我們的經紀團隊。  這不只是一份工作，更是一段與偶像一同成長、共築夢想的旅程。    【職務說明】  作為經紀助理，妳將成為偶像與公司之間的橋樑，協助管理日常與通告、支援現場與行政，讓每一場舞台都能順利閃耀。    【工作內容】  協助公司執行交辦事項與行政作業  安排與追蹤偶像行程（演出、拍攝、錄音、排練等）  陪同藝人出席活動，拍立得拍攝、周邊販售與突發狀況處理  撰寫演出簡報、通告確認單、報表等文件  社群內容協助（限動側拍、素材整理、帳號經營）  更新藝人資料（履歷、作品集、
15343779,食品包裝設計  case by case 歡迎提案,埕米峰國際有限公司,雙北,台北市,台北市大同區,傳播藝術/設計,其他服務/工商貿易,38000~42000 (period=0),月薪,38000,42000,0,0,傳統無AI,無,0,0,0,0,工作內容： 1.參與商品包裝設計、改版、印刷與發包。 2.建立清楚的設計脈絡與商品說明。 3.理解專案背景與策略方向，讓視覺表現能回應品牌與商品需求。 4.具備良好的溝通能力、學習能力、具責任感。
15396428,"【台北旗艦館】科技娛樂場館外場服務專員 ｜薪$45,500｜斥資 5,000萬打造全新震撼娛樂設備.員工搶先玩",星聚點文創股份有限公司,雙北,台北市,台北市大同區,傳播藝術/設計,電子商務/數位零售,45500~45500 (period=0),月薪,45500,45500,0,0,傳統無AI,無,0,0,0,0,"★ ★ ★ 2027 超狂員工福利登場！★ ★ ★  斥資 5,000萬打造全新震撼娛樂設備 ★  全新設備，員工免費玩！ ★  正式開放前，員工搶先體驗、搶先玩！  工作不只拚成績，福利也要玩真的！ 加入我們，2027一起搶先玩遍最新娛樂設備！  工作內容 :  • 現場顧客服務：親切接待顧客、引導遊戲設施使用、提供諮詢與現場熱情互動。  • 餐飲服務支援：點餐收銀、桌邊清潔與餐飲區衛生維護。  • 櫃檯與結帳作業：每日營業結算與盤點。  • 主管交辦事項：協助店內活動推廣與團隊互相支援。  工作特色 : ★ 歡樂工作氛圍：工作環境活潑不沉悶，天天傳遞歡樂給顧客！ ★ 完善培訓機制：提供完整"
14489190,遊戲直播主,Finger Game_芬格國際股份有限公司,雙北,台北市,台北市大安區,傳播藝術/設計,資訊科技/軟體網路,20000~100000 (period=2),月薪,20000,100000,0,0,傳統無AI,無,0,0,0,0,※投遞履歷時，請附上您的社群平台連結（FB／IG／YT／抖音／其他）※  【工作內容】 1. 每週直播指定時數（週末能開播佳，其他開播時間可彈性討論） 2. 在家直播工作自由 3. 薪資待遇：底薪 +獎金 4. 履歷需附上社群平台連結（FB／IG／YT／抖音／其他）  【期待你具備的能力與特質】 1. 粉絲數3000以上外向、不怕生、願意跟人互動、有直播經驗佳！  【注意事項】 · 如果團隊覺得有機會合作，一起往更高的目標邁進，我們會儘速聯絡你！ · 若不符合的面試者，將不另行通知。
15225159,網站營運暨SEO專員,銓宏汽車音響包膜_銓宏汽車多媒體科技股份有限公司,雙北,台北市,台北市內湖區,傳播藝術/設計,電子商務/數位零售,50000~55000 (period=3),月薪,50000,55000,0,0,傳統無AI,無,0,0,0,0,負責官網商品上架、資料維護與分類管理。  操作CYBERBIZ後台，執行商品、活動及內容更新。  規劃與維護官網首頁、商品頁及活動頁面。  製作網站Banner、活動視覺與相關網頁素材。  撰寫及優化商品文案、品牌內容，提高搜尋能見度。  執行SEO優化作業，包含關鍵字規劃、Meta Title／Description設定及網站內容優化。  分析網站流量及SEO成效，提出優化建議。  配合行銷活動進行網站內容更新與頁面調整。  
14967911,《色色柴犬遊戲工作室》Unity 技術美術＆特效師,光穹遊戲股份有限公司,雙北,台北市,台北市中山區,傳播藝術/設計,資訊科技/軟體網路,45000~70000 (period=0),月薪,45000,70000,0,0,傳統無AI,無,0,0,0,0,注意：此職位將涉及R18成人向單機遊戲之製作  一、工作內容    1. 使用Unity引擎製作3D專案（主）2D專案（輔）   2. 利用Shader製作特效、3D風格化等需求   3. 與程式、美術、製作人討論研發製程   4. 對2D、3D場景進行環境打光渲染與效能優化   5. 利用Unity Particle System 製作特效   6. 如有需求協助外包等規格建立與對接   7. 協助TopDown視角，2D轉3D或3D轉2D像素風格化製程  二、技能需求    1. 能獨立作業處理專案美術與程式對接需求   2. 依專業對遊戲列舉外包需求表單並與外包溝通業務需求   3. 完
13425477,EPOCH SALON-平面美編,EPOCH Salon_伊波克企業社,雙北,台北市,台北市中正區,傳播藝術/設計,其他服務/工商貿易,40000~9999999 (period=2),月薪,40000,40000,0,0,傳統無AI,無,0,0,0,0,工作內容： •平面設計 •社群網站經營與基本編緝美化  應徵條件： •對時事與潮流具敏銳度，能快速應變並轉換點子 •有一定美感  『加分條件』 +熟悉美髮行業生態 +有經營短影音平台經驗  『薪資』 過考核38000~42000up（依能力）  ＊投遞應徵面試請附上作品集及簡歷＊ 如果您對此職位有興趣，請提交您的履歷和相關作品，我們期待與您合作！ 
15257849,設計助理,PORTER INTERNATIONAL_尚立國際股份有限公司,雙北,台北市,台北市內湖區,傳播藝術/設計,其他服務/工商貿易,36000~40000 (period=2),月薪,36000,40000,0,0,傳統無AI,無,0,0,0,0,1.商品設計（服裝/袋包/配件） 2.技術圖稿繪製 3.打樣與開發溝通 4.視覺與行政支援 5.設計專案協助  
14540977,【品牌行銷部】品牌社群行銷｜社群內容企劃｜社群媒體創作者 (FEM-T01),艾斯博媒體股份有限公司,雙北,台北市,台北市大安區,傳播藝術/設計,資訊科技/軟體網路,38000~45000 (period=2),月薪,38000,45000,0,0,傳統無AI,無,0,0,0,0,我們在找一位能把社群內容做出風格的人，如果你喜歡拍、喜歡講，也想把內容變成品牌影響力，這份工作會很適合你。  ✦ 你會做的事情 ① 社群經營｜讓人想追蹤、想互動 ・經營 Instagram / Facebook 等平台內容 ・規劃貼文與限時動態，打造品牌節奏感 ・跟上趨勢，公司鼓勵、也願意提供創意空間  ② 短影音企劃｜從0到1做出會被看的內容 ・發想 Reels / 短影音主題與腳本 ・親自入鏡拍攝（我們希望你就是內容的一部分） ・完成剪輯，做出讓消費者有購買意願的內容  ③ KOL / KOC 合作｜讓好內容被放大 ・聯繫合作對象，討論合作形式 ・協助內容方向確認與品質把關 ・一起把「內容
13435625,美育大安總校-舞蹈助教,美育兒童音樂舞蹈國際教育機構_美育旺旺文化事業股份有限公司,雙北,台北市,台北市大安區,傳播藝術/設計,文教/補教培訓,200~250 (period=0),時薪折算,32000,40000,0,0,傳統無AI,無,0,0,0,0,＊舞蹈大學/碩士就讀生 ＊幼兒團體教學 ＊創造性肢體律動為主要教學內容 
13860240,YouTube頻道營運企劃（影音社群／戲劇內容）,八大電視股份有限公司,雙北,台北市,台北市內湖區,傳播藝術/設計,其他服務/工商貿易,30000~45000 (period=0),月薪,30000,45000,0,0,傳統無AI,無,0,0,0,0,1. YouTube、Facebook等社群日常運營 (包括維權、清權、社群平台留言與觀眾互動管理、後台設定等相關事宜等)。 2. 頻道數據監測及成效分析，協助內容優化與調整。 3. 關注時事，快速反應市場狀況，並了解用戶喜好，機動調整頻道內容設定及推薦。 4. 短影音素材碎片化剪輯。 5. 參與戲劇專案之內容規劃及執行。 6. 跨部門溝通協調和行政執行能力。 7. 線上 / 線下活動執行或規劃、其他異業合作。 6. 主管交辦事項。
13425569,［台北］系統櫃業務設計師，歡迎待過系統櫃設計師或組裝師父,拾間室內裝修設計有限公司,雙北,台北市,台北市中山區,傳播藝術/設計,文教/補教培訓,40000~9999999 (period=2),月薪,40000,40000,0,0,傳統無AI,無,0,0,0,0,【工作內容】 熟悉系統櫃下單流程。 安排師傅對接工廠。 對外/對內 接案。 歡迎待過系統櫃公司的設計師到職。 高業績抽成獎金培訓制度。 門市人員_假日值班1~2天。 高獎金高抽成挑戰業界最高獎金制度。 挑戰月薪百萬。
13659068,婚禮顧問業務專員（底薪+獎金）,想樂創意_想樂創意整合股份有限公司,雙北,台北市,台北市中正區,傳播藝術/設計,其他服務/工商貿易,29500~90000 (period=3),月薪,29500,90000,0,0,傳統無AI,無,0,0,0,0,"想樂這次想找尋婚禮訂席業務人員 如果你在婚禮產業有二年的經驗  我們誠摯的邀請你加入我們  不論是主持人、企劃、婚禮秘書、婚禮顧問各式婚禮相關的工作 想樂都張開雙手歡迎你 業務是能訓練自已 「溝通人力」「建立人脈」「洞悉事物」三個重要的軟實力 想樂陪伴你一同學習及成長 創造更高及無限的收入可能 同時也可以在想樂兼具婚禮主持或是企劃的工作  想樂的業務工作方向: 針對婚禮顧問 每一場獨一無二的婚禮做介紹  讓結婚的新人了解公司的主題精神、服務的項目  喜歡婚禮、美、好玩、有趣的事物  也希望在婚禮的領域有相關的經驗    工作內容 1.客戶開發：尋找新的潛在婚禮場地,建立合作專案，推廣專案。 2"
15390994,床寢/織品 設計師,特力集團_特力股份有限公司,雙北,台北市,台北市內湖區,傳播藝術/設計,其他服務/工商貿易,面議,面議,,,1,0,傳統無AI,無,0,0,0,0,為品牌研發與視覺呈現的核心；將負責主導高端床寢的季度開發，將原廠頂級花版與主題進行在地化轉化。 應兼具深厚的美學品味與精湛的織品工藝知識，從高支數天然面料研發、印緹花工藝設定到色彩美學，打造符合高端客群品味、兼具極致舒適與奢華質感的寢具系列。  【核心工作內容】 1、季度主題引導：深入理解原廠各季主題概念，針對授權花版進行二次創作。將圖案精準轉化為符合床組的構圖與排版設計。 2、面料材質研發：主導高端面料開發，針對高支數、真絲、天絲等天然材質進行織紋組織設計，追求極致的親膚觸感與絲滑光澤。 3、頂級工藝處理：依主題設定製程工藝，包含印花、緹花、刺繡及蕾絲拼接，確保洗滌後的穩定性與高貴手感。 4
14836948,ZARA HOME_ Visual Commercial 駐店陳列 (ATT for Fun),INDITEX_荷蘭商愛特思股份有限公司台灣分公司,雙北,台北市,台北市信義區,傳播藝術/設計,電子商務/數位零售,面議,面議,,,1,0,傳統無AI,無,0,0,0,0,你熱愛美感與設計嗎？喜歡打造充滿風格與溫度的生活空間嗎？  Inditex旗下品牌Zara Home: https://www.zarahome.com/tw/  Inditex不僅是一個零售空間，而是顧客快速滿足需求、實現選擇的首選場域。你與顧客的每一次互動，都在打造流暢且愉快的購物體驗。  【工作內容】:  -每日商品視覺陳列調整及維持與展示商品更換 -根據陳列指南進行門市新品規劃(每週兩次) -分析銷售數據並依照數據進行進一步調整 -依照賣場銷售情形與倉庫商品數量進行門市視覺陳列工作 -須支援賣場銷售工作，提供客戶服務 -須能進行即時溝通與具備快速應變能力  在Inditex，我們相信多
15405189,電商美編/平面設計人員,萊瑪精品有限公司,雙北,台北市,台北市大同區,傳播藝術/設計,電子商務/數位零售,37000~42000 (period=3),月薪,37000,42000,0,0,傳統無AI,無,0,0,0,0,你喜歡 畫畫、設計、拍照、修圖， 也喜歡研究穿搭、配色、流行與生活美感嗎？  那我們很想認識你！ 我們的上班時間9:00~6:00(不需加班)  工作內容  1. 商品頁、活動 Banner 等視覺素材設計      ◎如果你會手繪、插畫，絕對是大加分！ 2. momo／購物中心等平台商品圖片製作、排版及上架 3. Facebook、Instagram 社群經營與內容製作       ◎協助發想有趣、可愛、有溫度的品牌內容 4. 協助商品及情境照片拍攝、修圖，短影音剪輯與製作 5. 執行主管交辦事情。   我們希望你 對設計與美感有熱情 熟悉基本排版、修圖與視覺設計 喜歡手繪、插畫、攝影或影像
15394319,客家電視台節目部兒童青少年組-執行製作,財團法人公共電視文化事業基金會,雙北,台北市,台北市內湖區,傳播藝術/設計,其他服務/工商貿易,33000~50000 (period=2),月薪,33000,50000,0,0,傳統無AI,無,0,0,0,0,1.自製節目企劃發想、腳本協調、基礎拍攝、後期編輯、溝通協調、行政庶務。 2.委製節目製作協調，企劃方向、腳本內容、影音成品等工作進度和品質掌控。 3.負責兒少群的相關行政庶務工作；負責兒少群預告、短影音等、網路數位資料製作。 4.參與發想、會議和支援臨時性交辦事務。 5.其他主管交辦事項。
14414417,Spine 2D 動畫師,印尼商奧拉創意有限公司台灣分公司,雙北,台北市,台北市信義區,傳播藝術/設計,資訊科技/軟體網路,面議,面議,,,1,0,傳統無AI,無,0,0,0,0,工作內容 |  ⚠️ 此職務僅接受具備 Spine 實際專案開發經驗，並以 Spine 為主要技術工具的人選。若未曾使用 Spine，或缺乏相關資深實務經驗，請勿投遞履歷，感謝您的理解。  • 使用Spine2D 設計專案內所需之演出動態、特效。包含角色、場景、物件。 •處理動態特效所需之拆件、骨架權重綁定 • 與企劃、前端溝通配合完成專案，準確實現專案開發需求。 • 製作參考腳本或示意影片，向開發團隊表達和溝通。 • 獨立快速完成動畫＆特效。  必備條件 | • 三年以上遊戲相關產業工作經歷。 • 熟悉Spine2D、Affter Effect。 • 優良的溝通技巧及團隊合作能力。 • 對遊
14838299,設計助理（實習生/兼職可）【股感資訊】,股感資訊股份有限公司,雙北,台北市,台北市松山區,傳播藝術/設計,生技/醫療保健,35000~9999999 (period=0),月薪,35000,35000,0,0,傳統無AI,無,0,0,0,0, [About the Role]  **正在尋找一個機會，開啟職涯或重新定位嗎？**  我們提供一個充滿挑戰與學習的環境，您將透過協助設計師，參與真實的商業專案，並學習如何將創意轉化為實際產品。  - 協助處理小任務、整理簡報，並參與從發想到執行的完整流程，將設計技能應用於真實的商業情境。 - 專案橫跨金融、生活、健康等不同領域，這將是您快速拓展視野、累積跨產業經驗的最佳機會。 - 與新創團隊並肩作戰，近距離體驗 0-1 創業過程。            [What We're Looking For]  **必備技能**  - 1 年以上相關工作經驗，或具備扎實的設計背景。 - 熟悉 Fi
13859994,派遣至LINE PT_影視節目製播 工讀生(歡迎在學生，至少可配合半年到一年，一周可配合3天以上) 115AL,萬寶華企業管理顧問股份有限公司,雙北,台北市,台北市內湖區,傳播藝術/設計,資訊科技/軟體網路,200~200 (period=0),時薪折算,32000,32000,0,0,傳統無AI,無,0,0,0,0,依照 STUDIO 各種不同需求的專案，協助各類型的工作職務及行政庶務，並視節目需求進行職務崗位及工作內容的輪調。  Responsibilities 影棚作業包含下列各項工作，並依專案需求輪值：  1. 助理導播：更換節目字卡、素材，播放影片，讀秒、Call Cue，協助錄影歸檔、整理錄影檔案及素材。 2. 攝影助理：協助攝影機架設、數值設定操作、攝影機操作，協助搬運攝影機、更換鏡頭及配件。 3. 訊號監控：設定直播設備或軟體的參數，測試相關AV 訊號是否正常，監控直播過程的訊號及封包穩定度。 4. 音控助理：轉播用音響設備及收音麥克風之調整、架設、試音、拉順線，協助錄音歸檔、整理錄音檔案及
14524204,外銷業務,偉特企業股份有限公司,雙北,台北市,台北市內湖區,傳播藝術/設計,傳統製造/精密工業,48000~9999999 (period=3),月薪,48000,48000,0,0,傳統無AI,無,0,1,0,0,1.管理成衣、禮服製作樣本。  2.國外客戶電話連絡及書信往來處理，保持與客戶間之聯繫，回覆e-mail 3.提供出貨文件，及審查出口文件內容 4.工廠出貨跟催、文件確認等聯絡事項 5. 具良好外語能力，需與國外客戶書信與視訊會議往來 6.開發客戶資料、廠商資料、產品資料與訂單資料建檔與維護 7.主管交辦事項 8.紡織相關科系者佳 9.有禮服出口相關經驗者佳
15289893,聯誼活動小幫手/主持人,誼安公關顧問有限公司,雙北,台北市,台北市信義區,傳播藝術/設計,廣告行銷/公關顧問,200~250 (period=0),時薪折算,32000,40000,0,0,傳統無AI,無,0,0,0,0,工作時間：週六或週日（排班制，一個月1-8個時段可以選擇） 工作內容：協助假日聯誼活動參加者，活動順利進行 小幫手-報到/帶位/倒飲料/配合活動主題（有時候有手作活動） 主持人-主持引導活動/控場/配合主題活動順流程（有時候有手作活動）  動作俐落/喜歡接觸人群/ 歡迎各行各業上班族假日打工 網紅或模特兒也歡迎
15406988,車體結構設計工程師,豐藝電子股份有限公司,雙北,台北市,台北市大安區,傳播藝術/設計,傳統製造/精密工業,面議,面議,,,1,0,傳統無AI,無,0,0,0,0,【工作內容】 1. 負責車體結構、底盤及相關機構零組件的設計開發，建立 3D 模型與 2D 工程圖面。 2. 依結構需求與製造條件，評估材料、板厚、管材規格、焊接及機械鎖固方式。 3. 與各系統工程團隊協作，確認零件安裝位置、管線配置、組裝與維修空間，執行干涉檢討及設計改善。 4. 使用 CATIA 進行產品設計，並透過 3DEXPERIENCE／ENOVIA 管理圖面、產品資料及設計變更。 5. 與製造單位及供應商討論加工、組裝與量產可行性，解決開發及生產過程中的結構設計問題。 6. 參與新車型開發及既有車型的車體結構優化。  【應徵條件】 1. 機械、車輛工程、機電或相關科系大學以上。 2
15104427,大學美術術科講師,臺北市私立王健設計藝術技藝短期補習班,雙北,台北市,台北市大安區,傳播藝術/設計,文教/補教培訓,700~9999999 (period=3),時薪折算,112000,112000,0,0,傳統無AI,無,0,0,0,0,工作內容： 1. 輔導國中、高中美術班升學，以及大學美術術科考試準備。 2. 指導素描、水彩、彩繪等手繪表現與藝術創作。 3. 指導學生作品製作，並協助參與國內外學生藝術競賽(如:全國學生美術比賽)。 4. 協助學生建立個人創作方向、作品集及設計思維。 5. 依學生程度與升學目標，規劃個別化教學內容。 6. 團體班或一對一授課。  職務條件： 1. 美術、藝術相關科系畢業，國內外藝術院校背景尤佳。 2. 具美術升學、術科教學或藝術教育相關經驗。 3. 對教學有熱忱，具耐心，喜歡與國高中學生互動。 4. 具獨立授課及課程規劃能力。 5. 具國高中美術班、大學美術術科輔導經驗者佳。  需求條件： 
15028669,消防繪圖設計助理,華揚消防工程顧問股份有限公司,雙北,台北市,台北市大同區,傳播藝術/設計,生技/醫療保健,35000~50000 (period=0),月薪,35000,50000,0,0,傳統無AI,無,0,0,0,0,1、消防設計圖、送審圖繪製 (AutoCad繪圖) 2、竣工圖繪製、修改、清圖 3、消防會審勘相關文件匯整 4、完成上級指派的其他工作 5、略懂消防法規  【工作需求】 1、具備消防專業知識(無經驗可)，有獨立AutoCad繪圖能力(基本條件) 2、需具工作熱誠、抗壓性高、高度責任感  【福利介紹】 1、勞保健保團保 2、三節禮金 3、員工旅遊 4、年度調薪 5、教育訓練 6、交通津貼 7、全勤獎金 8、結婚禮金 9、久任獎金 10、年終獎金   *滿三個月視工作態度調薪 *每年依考核調薪 *對消防工程、繪圖、審勘流程有興趣者佳。 *無經驗可、有經驗者佳。 *有興趣考取消防設備師（士）執業職照
15407072,【無經驗可】小編｜社群經營｜完整培訓,提爾娛樂事業有限公司,雙北,台北市,台北市內湖區,傳播藝術/設計,文教/補教培訓,38000~60000 (period=0),月薪,38000,60000,0,0,傳統無AI,無,0,0,0,0,※ 本職務將依個人特質與專長，參與社群經營、內容企劃及人才招募等相關工作。 ________________________________________  喜歡刷短影音？對社群趨勢有興趣？ 如果你平常常滑 IG、TikTok、Threads， 喜歡研究熱門話題，也常想著「如果是我，我會這樣拍」， 那你可能就是我們正在找的人！ 我們希望你不只是發文的小編， 而是一起參與社群經營、內容創作、短影音及人才開發的夥伴。 ________________________________________  你會做什麼？ 1. 社群經營 負責 IG、Facebook、Threads、TikTok 等平台
14930071,影像內容部　影音製作專員,財團法人看見齊柏林基金會,雙北,台北市,台北市北投區,傳播藝術/設計,其他服務/工商貿易,40000~45000 (period=2),月薪,40000,45000,0,0,傳統無AI,無,0,0,0,0, 我們是看見．齊柏林基金會影像內容部，在這個用影音大量溝通的時代裡，我們的影音專案與空拍任務日漸增多，我們需要擴編招募一位對影像製作有經驗的夥伴加入我們！在這裡你可以參與各種類型的影片製作案，以及參與空拍任務，同時挑戰自己影片製作的各種可能。  工作內容： 1.	專案企劃與腳本創作：負責各類影音專案之企劃撰寫、發想腳本與視覺風格品管。 2.	拍攝執行與現場協助：協助拍攝前製準備與現場拍攝作業執行，必要時支援地面紀錄拍攝或輔助空拍。 3.	後製協調與剪輯製作：使用Adobe工具進行基礎影音剪輯、字卡包裝，並負責後製團隊（配音、混音、特效、調色）的進度控管與溝通。 4.	跨部門溝通與專案管理：與跨
14866221,【遠距上班 有手機即可 免簽約】招募聲播不露臉主播 全職/兼職 ,羽潔文創有限公司,雙北,台北市,台北市士林區,傳播藝術/設計,文教/補教培訓,面議,面議,,,1,0,傳統無AI,無,0,0,0,0,招收聲播不露臉主播  招聘條件:  -男/女主播  -年滿18週歲  -基本語言表達能力  -排檔時間自己安排 一天兩小時    聲播主優勢：  1.免簽約，不需要被合約綁住  2.全職兼職皆可  3.免露臉，我是i人也能輕鬆上手  4.免設備，一支手機即可  5.時數獎勵與時數競賽  6.不分地點可在家工作，不用出門風吹日曬雨淋  7.薪水沒有天花板，百萬主播不是夢  8.沒經驗沒關係， 專人培訓主播課程    聲播主福利：  1.不定時的主播獎金/品福利、生日禮金/品  2.每月開播時數可兌換獎品  3.專人手把手培訓  4.達標獎勵    •想嘗試但是擔心不知道我們在做什麼？  >>IG
15400009,電視節目主持人、網路直播主,父工投資股份有限公司,雙北,台北市,台北市信義區,傳播藝術/設計,其他服務/工商貿易,50000~200000 (period=4),月薪,50000,200000,0,0,傳統無AI,無,0,0,0,0,1. 進行網路直播節目，或電視直播節目與粉絲互動； 2. 計劃和演練表演節目和活動； 3. 吸引目標觀眾，增加粉絲數量； 4. 維護直播平臺和社交媒體帳戶； 5. 協助公司進行市場推廣和品牌宣傳。 6.節目及活動主持、流程掌控。 7.推廣銷售產品。 8.與群眾、粉絲互動。 9.具一定歌藝。  底薪，產品推廣銷售額外抽成。
15380025,【接案配合】女偶像練習生,顏趣文化股份有限公司,雙北,台北市,台北市內湖區,傳播藝術/設計,文教/補教培訓,1200~9999999 (period=0),時薪折算,192000,192000,0,0,傳統無AI,無,0,1,0,0,歡迎加入負責人的官方LINE詢問 @857vhyqv  【工作內容】  • 歌唱與舞蹈全方位實力培訓 接受專業導師指導，進行密集且紮實的聲樂發聲、肢體協調與團體排練 參與各類舞蹈風格訓練，培養舞台上的爆發力、表現力與團隊默契  • 演藝表演與口條訓練 參與戲劇表演、鏡頭前口條、肢體開發與媒體應對課程 培養個人特色與鏡頭魅力，為未來面對大眾與媒體做好準備  • 品牌宣傳、影音內容與實境拍攝 配合官方社群、YouTube 頻道及各大宣傳平台拍攝日常訓練日記、實境互動短片與幕後花絮 參與概念照拍攝、時尚穿搭演繹與品牌形象宣傳活動  【我們提供】  • 業界頂尖師資團隊提供的完整免費培訓與出道養成計畫
15343542,產品開發服裝設計師助理,美感框實業股份有限公司,雙北,台北市,台北市萬華區,傳播藝術/設計,電子商務/數位零售,32000~37000 (period=0),月薪,32000,37000,0,0,傳統無AI,無,0,0,0,0,【職務目的】 為開發部底層數據100%正確率負責。獨立建立檔期表、工單、布卡與樣衣歸檔，確保大貨生產不因基礎資訊錯誤而空轉或重工。  【主要任務】  1. 行政與工單建檔：協助建立與維護BOM表、尺寸表、Tech Pack，確保資訊無誤 2. 樣衣與物料庫存管理：負責樣衣收發、分類與建檔，維護布料卡與副料庫，確保跨部門借用動線順暢不遺失 3. 基礎設計與繪圖輔助：在設計師指導下，協助完成平鋪圖（CAD）繪製、配色方案調整 4. 準備Fitting下單會議前置作業（整燙、表單），及部門庶務處理 5. 產前核對防呆：執行大貨投產前尺寸/副料交叉比對，阻斷投產失誤  【任職要求】  學歷：服裝設計、
14564156,大圖輸出現場助手｜無經驗可｜反應快佳,點將影像事業有限公司,雙北,台北市,台北市信義區,傳播藝術/設計,傳統製造/精密工業,32000~45000 (period=0),月薪,32000,45000,0,0,傳統無AI,無,0,0,0,0,加入點將影像後製團隊，從影像輸出、成品加工到現場佈置，學習實用且不易被取代的專業技能。無經驗也可以，只要願意學習，我們會提供培訓！  【工作內容】 1.加工(貼膜、裁切、護貝及成品整理)。 2.包裝、清點與出貨準備。 3.協助展場及會場佈置。  【我們在找的你】 ✔ 細心、穩定、願意學習 ✔ 對影像輸出或展場佈置有興趣 ✔ 無經驗可  聯絡人｜陳先生 (02) 8786-1937 #13 歡迎來電、私訊或留言，我們會盡快與你聯繫！
11245677,OLIVIA YAO 珠寶設計師 / 金工助理 (需附珠寶金工作品集),OLIVIA YAO_奧櫟國際有限公司,雙北,台北市,台北市大安區,傳播藝術/設計,資訊科技/軟體網路,35000~55000 (period=0),月薪,35000,55000,0,0,傳統無AI,無,0,0,0,0,我們正在尋找熱愛金工工藝、對時尚趨勢有敏銳嗅覺的夥伴加入 Olivia Yao！ 從設計提案到打樣生產，你將參與一件珠寶從無到有的完整歷程。  ✦ 關於我們  Olivia Yao Jewellery 是近年成長最快的台灣珠寶品牌之一。我們垂直整合設計、打樣、製作到銷售，並獲選於巴黎時裝週展出，創辦人 Olivia Yao 更被《VOGUE》譽為「吹響輕珠寶革命號角的台灣之光」。目前全台擁有 6 間直營門市，海外合作通路跨足亞洲及歐美。  ✦ 職務內容  設計提案：深入觀察全球時尚趨勢，參與品牌每季的開發提案。  金工打樣：將創意轉化為實體，負責品牌商品的開發打樣與製作。  產品製作：高效穩定
11045774,製片助理,子影有限公司,雙北,台北市,台北市大安區,傳播藝術/設計,廣告行銷/公關顧問,31000~31000 (period=0),月薪,31000,31000,0,0,傳統無AI,無,0,0,0,0,協助廣告影片前後期製作
12366457,宅錄/直播/錄音MIDI設備 業務專員 薪資38-42K起,數位通樂器有限公司,雙北,台北市,台北市松山區,傳播藝術/設計,電子商務/數位零售,38000~9999999 (period=0),月薪,38000,38000,0,0,傳統無AI,無,0,0,0,0,宅錄/直播/錄音MIDI設備 販售專員  管理並販售 數位鋼琴電子鼓/MIDI編曲錄音/宅錄直播 等相關器材 包含但不限於搬運整理 盤點清潔 後勤備貨 研究器材等等 會需要能配合松山門市/汐止倉庫 兩邊上班 試用期後業績達標會有團隊獎金  ----------------------------- 建議欲應徵此工作 請準備好最晚四年內 需要增加能力至少五萬薪資的水平 公司會協助業務能力成長的規劃  但需要應徵者 對器材與技術的知識要有不斷成長的熱忱 與客人的應對與溝通態度永遠保持專業 對重複循環的工作內容要有執行耐心
8409817,視覺設計,啟藝文化創意有限公司,雙北,台北市,台北市松山區,傳播藝術/設計,其他服務/工商貿易,38000~60000 (period=4),月薪,38000,60000,0,0,傳統無AI,無,0,0,0,0,工作內容  ・創意發想 ・視覺設計 / 展場設計 / 效果合圖 ・協助策展 / 策展資料收集 / 簡報 ・配合展場監修  能力需求 ・視覺設計或其他相關科系 ・實務經驗三年以上  ・具備策展企劃力 ・配合團隊工作  ・具有語言能力  叮嚀事項 ・應徵者需熱愛展演娛樂相關產業 / 了解文化產業動向 
14564682,【台北】3D特效設計師,日商艾鳴網路遊戲股份有限公司台灣分公司,雙北,台北市,台北市南港區,傳播藝術/設計,資訊科技/軟體網路,35000~50000 (period=2),月薪,35000,50000,0,0,傳統無AI,無,0,0,0,0,"【工作內容】 ◎3D角色及場景特效設計與製作。  【需求條件】 ◎熟悉3ds Max 或 MAYA, Unity, After Effects, Adobe Photoshop等軟體。 ◎觀察力佳，對造型、色彩、動態搭配上的表現具有一定審美能力及製作能力。 ◎積極度及配合度高、學習力強、負責任，有良好的理解能力和團隊合作精神。 ◎對遊戲美術工作有高度熱忱。 ◎有遊戲特效製作經驗與業界經驗者尤佳  【國際交流】 ◎依職務表現，可取得赴東京本社就職機會。"
4203686,電商平台管理人員,永昌創新國際有限公司,雙北,台北市,台北市中山區,傳播藝術/設計,電子商務/數位零售,35000~40000 (period=0),月薪,35000,40000,0,0,傳統無AI,無,0,0,0,0,1.各電商平台，例如Momo、樂天、蝦皮、家樂福、全聯..等網站商品上下架 2.商品圖片編修，需會修圖軟體 3.訂單管理、線上及電話諮詢客服 4.各平台活動檔期規劃 5.需有相關經驗   
15327065,影音製作剪輯助理人員,正晴偉業股份有限公司,雙北,台北市,台北市信義區,傳播藝術/設計,傳統製造/精密工業,35000~40000 (period=0),月薪,35000,40000,0,0,傳統無AI,無,0,0,0,0,"1. 獨立完成影片的剪輯及製作，掌握影片進度與品質 2. 負責數位內容相關影音製作執行 3. 詢價議價, 訂單出貨交期跟催 4. 報表彙整與管理 5. 請款對帳作業 6. 其他主管交辦事項   "
14974161,商品部_商品開發企劃助理,Poly Lulu_斐優國際股份有限公司,雙北,台北市,台北市信義區,傳播藝術/設計,傳統製造/精密工業,33000~9999999 (period=2),月薪,33000,33000,0,0,傳統無AI,無,0,0,0,0,我們正在尋找一位對流行時尚、服裝市場趨勢敏銳，細心負責且時間管理和資料整合能力的夥伴  ▲ 工作職責  1. 商品開發與資料維護 *蒐集與分析國內外流行趨勢、競品資料、熱銷款式買發版 *參與樣衣試穿和記錄 *商品資料更新和維護 *包裹收發與包裹費用紀錄和管理  2. 商品拍攝協助 *協助新品拍攝搭配、配件採買及拍攝現場管理 *拍樣追蹤和點收、整燙 *支援花絮影片拍攝，強化品牌多元內容輸出   3. 跨部門合作與專案執行 *提供部分商品上架資料給商控執行上架 *協助會議記錄與各項報表更新 *其他主管交辦之專案任務  ｜我們希望你具備｜ - 熟悉服飾品牌營運流程 - 擅長資料整合與和獨立作業能力 
15193274,台灣 YouTuber,微笑科技股份有限公司,雙北,台北市,台北市萬華區,傳播藝術/設計,資訊科技/軟體網路,32000~50000 (period=0),月薪,32000,50000,0,0,傳統無AI,無,0,0,0,0,Osmile 招募 YouTuber／影音創作者  你熱愛創作、喜歡在鏡頭前分享想法嗎？ 你是否希望透過影片影響更多人，打造屬於自己的個人品牌與價值？ 現在，Osmile 正在尋找充滿熱情與創意的 YouTuber／影音創作者加入我們的團隊！ 在這裡，你不只是拍影片的人，更是能夠透過內容傳遞影響力的創作者。  【工作內容】 製作高品質、具吸引力的影音內容 發想創意企劃與影片主題 與觀眾互動，經營社群與粉絲關係 與團隊合作執行各類專案 拍攝、剪輯、優化 YouTube 影片內容  【我們希望你具備】 良好的鏡頭表現力與口語表達能力 熟悉 YouTube、生態與流行趨勢 具影片拍攝與剪輯經驗佳 有
15033807,美編工讀生,仨也音樂股份有限公司,雙北,台北市,台北市大安區,傳播藝術/設計,電子商務/數位零售,196~220 (period=0),時薪折算,31360,35200,0,0,傳統無AI,無,0,0,0,0,"▍加入我們，攜手為音樂產業盡一份心力！  你是否對音樂有無比的熱忱？是否渴望在音樂環境下找到找尋自我成就，同時為音樂圈貢獻力量？ 你好！我們是仨也（撒野同音）音樂，誠摯邀請您一同在音樂圈中努力、盡情撒野。  仨也音樂旗下包含【他 ,在旅行 -吉他專賣店】、【黃石樂器 -台灣第一家口琴專門店】等品牌，是台灣樂器圈少數跨足B2C、B2B、EC皆有突出成績的優良企業。我們立志打造友善的音樂環境，助所有努力的音樂人一臂之力。在我們快速成長的途中，我們正在尋找志同道合的夥伴，與我們一同攜手面對挑戰。  美編工讀生  一週需排班三天以上，每次5-8小時。  1.熟悉 Illustrator, PhotoS"
15095924,品牌視覺設計師 [Visual Designer],AB Taiwan Limited Taiwan Branch_香港商亞妮斯比股份有限公司台灣分公司,雙北,台北市,台北市信義區,傳播藝術/設計,電子商務/數位零售,35000~9999999 (period=3),月薪,35000,35000,0,0,傳統無AI,無,0,0,0,0,加入我們，打造品牌視覺的每一個精彩觸點：  【數位設計與內容製作】 • 網站版面設計：官網與電商平台之影像編排，商品拍攝及後製、Banner 設計製作 • 社群媒體： IG / FB / Line Banner 製作 • 活動製作物：品牌活動主視覺（Key Visual）發想與延展  【空間與商品設計】 • 櫥窗及展示設計：季節性櫥窗與空間陳列設計提案與執行 • 商品設計：品牌生活風格商品與包裝設計  【行政與專案管理】 • 圖文資源系統化歸檔 • 處理專案報價單、請款單（Invoice）製作及後續款項追蹤 • 規劃與掌控專案時程及成本 
15332592,服飾批發女裝平面麻豆,Fuu_展躍商行,雙北,台北市,台北市信義區,傳播藝術/設計,電子商務/數位零售,200~250 (period=0),時薪折算,32000,40000,0,0,傳統無AI,無,0,0,0,0,商品拍攝、款式配件搭配、門店視覺陳列、修圖製圖、團隊協作、商品清點整理、貨物包裝搬運、人員引導等，提供勞力服務和處理各項交辦事項
14991767,技術美術,當若科技藝術股份有限公司,雙北,台北市,台北市中山區,傳播藝術/設計,廣告行銷/公關顧問,50000~70000 (period=0),月薪,50000,70000,0,0,傳統無AI,無,0,0,0,0,1. 熟Unity / Unreal  / Touch Designer 引擎  2. 製作互動所需特效素材 3. 製作相關Shader、協助美術技術研發及相關測試 4. Unity particle system / VFX graph or Unreal Niagara 5. Realtime Lighting  
12958482,電商客服人員,彭氏國際企業有限公司,雙北,台北市,台北市松山區,傳播藝術/設計,電子商務/數位零售,36000~42000 (period=0),月薪,36000,42000,0,0,傳統無AI,無,0,0,0,0,1. 電話客服、文字客服（文字力佳） 2. 操作官網與各電商後台系統。 3. 賣場商品編輯以及上架。 4. 協作其他電商相關工作（改價、庫存設定...等等）。 5. 對電玩、旅遊、票券相關產業有熱忱者佳。 
12653619,助理(娛樂事業部/綜藝中心/食尚玩家),TVBS_聯利媒體股份有限公司,雙北,台北市,台北市內湖區,傳播藝術/設計,其他服務/工商貿易,30000~32000 (period=0),月薪,30000,32000,0,0,傳統無AI,無,0,0,0,0,"1.節目企劃與腳本撰寫能力 2.節目初剪(使用Edius) 3.部分行政工作,如排班與節目帶入庫"
14956968,產品機構工程師,蘭德格林科技有限公司,雙北,台北市,台北市大安區,傳播藝術/設計,傳統製造/精密工業,面議,面議,,,1,0,傳統無AI,無,0,0,0,0,工作內容 1. 負責產品機構設計與結構評估 2. 負責機構材料的測試與選用 3. 繪製機構設計圖面 4. 負責模具設計、檢討、並修改模具設計 5. 負責和3D列印溝通做出機構模型製作、測試分析與改善 6. 負責試產檢討及設計修正 7. 協助解決量產製造及製程中的機構相關問題 8. 負責各產品工程技術文件之製作 9. 建立及改善各項產品製程技術
15404430,數位發展部網站UI設計人員,華南產物保險股份有限公司,雙北,台北市,台北市信義區,傳播藝術/設計,電子商務/數位零售,34600~50000 (period=3),月薪,34600,50000,0,0,傳統無AI,無,0,0,0,0,工作內容 ‧負責「公司官網」維運與管理。 ‧協助規劃並執行電商網路投保平台UI/UX 設計。 ‧挖掘用戶需求及痛點，規劃順暢的用戶體驗。 補充說明： ‧具備社群媒體經營經驗者佳，可協助跨平台內容規劃與操作。 ‧熟悉 RWD（響應式網頁設計）原理，具備基礎前端概念（HTML/CSS 基礎認知，利於與資訊端溝通） 
13860829,【MERCCI22】視覺企劃,美而快國際股份有限公司,雙北,台北市,台北市南港區,傳播藝術/設計,電子商務/數位零售,面議,面議,,,1,0,傳統無AI,無,0,0,0,0,"具備美感且喜愛流行事物，有相關實務經驗，能獨立作業也能和夥伴互相幫忙 。對品牌有一定的主動積極 , 細心且有效率, 有想法喜愛挑戰新的事物  工作內容 •	能獨立完成拍攝企劃及現場跟拍 •	主導及策劃實體活動的能力       •	人像修圖、調色 •	廣告素材製作                  條件需求 •	熟Photoshop / Illustrator / Lightroom軟體應用 •	具備影像修片、校色、美化、去背之技能，對顏色敏銳度高 •	平面視覺設計能力、插畫或其他專長 •	有廣告素材製作經驗 •	有品牌/平面視覺相關工作經驗2年以上。 •	具備美感且喜愛流行事物，有電商經驗或"
14456595,一般會計記帳專員（每月收據、發票、出納…整理）,博證物理治療所,雙北,台北市,台北市中正區,傳播藝術/設計,生技/醫療保健,200~9999999 (period=0),時薪折算,32000,32000,0,0,傳統無AI,無,0,0,0,0,1.）徵一般會計記帳專員，主要任務為：於本治療所每個月月底彙整出相關出納帳目。（本單位平時有櫃檯行政人員處理當日收支，常年另有會計師事務所處理後續相關會計。）《需要使用Excel來做記帳及每月歸檔》      2.）如能協助影片拍攝或剪輯後製，佳  3.）如能協助單位內區域環境清掃整理，佳    主要徵求1.）每月工作1～2天即可，極適合兼差或額外打工。    若符合2.）、3.），項亦可納入工作內容，一同給予相關報酬。      這個職位工時彈性任務導向、可自由安排在本所營業時間內到所內做相關工作，僅需於該月月底前完成當月帳目整理即可。過去經驗每月僅需一個下午或晚點時間即可完成相關帳目。（亦
12840849,美術設計師  一週四天排班,西米創意設計有限公司,雙北,台北市,台北市信義區,傳播藝術/設計,其他服務/工商貿易,2000~2000 (period=2),面議,,,1,0,傳統無AI,無,0,0,0,0,博物館展覽文宣品文創品美術設計
15229556,【集團總部】馬克助理,承展國際股份有限公司,雙北,台北市,台北市松山區,傳播藝術/設計,傳統製造/精密工業,32000~36000 (period=0),月薪,32000,36000,0,0,傳統無AI,無,0,0,0,0,1.報價與大貨採購用布量計算 2.素色及條子排版 3.開條距及印花布循環定位 4.主管交辦事項
14564159,展場現場技術協力夥伴（長期兼職） | 時薪可達350 up | 有培訓,點將影像事業有限公司,雙北,台北市,台北市信義區,傳播藝術/設計,文教/補教培訓,200~380 (period=0),時薪折算,32000,60800,0,0,傳統無AI,無,0,0,0,0,點將影像有限公司成立20年，深耕於會展與視覺輸出產業，是多家知名展會、品牌活動的幕後推手。我們誠摯邀請你加入我們的施工團隊，一起打造令人驚艷的現場空間。  【工作內容】 1. 協助展覽／活動現場施工、搭建與拆卸 2. 展架、輸出物安裝與定位 3. 配合團隊完成每日進場與出場任務  【條件需求】 喜歡動手做事、有責任感 無經驗可，需願意配合體力工作 可長期配合者優先（每週2日以上）  【薪資待遇】 起薪 $200 起，依能力與學習進度提升 滿月獎金、介紹獎金制度 供現場午餐、飲水補貼  【我們提供】 完善的教育培訓制度：從工具認識到現場施工分工，皆由前輩手把手帶領 視能力調整時薪：進步有感，看得
15199808,臺灣戲曲中心-後臺兼職服務人員【時薪實習生】學校實習學分,中和創意國際有限公司,雙北,台北市,台北市士林區,傳播藝術/設計,文教/補教培訓,196~9999999 (period=0),時薪折算,31360,31360,0,0,傳統無AI,無,0,0,0,0,你喜愛劇場、熱愛表演藝術嗎？除了看演出，也想走進場館第一線，看看一場演出是如何在前台與後台的協作下順利完成的嗎？你對場館營運、劇場技術、觀眾服務有興趣，未來也想成為「劇場人」嗎？   我們正在尋找充滿熱忱、積極主動、樂於學習，願意投入劇場場地管理的實習夥伴。 這份實習會讓你真正走進劇場最核心的日常：從日常保養、演出前期準備、裝台、彩排、觀眾進場、開演、中場、散場到拆台的完整流程。你會親眼看見每個環節如何在時間表與流程控管中精準銜接，把每一場演出穩穩地呈現到觀眾面前，這種成就感只有在現場才懂！ 如果你願意把對表演藝術的熱愛轉化成行動，想在劇場裡學到一套真正能運作現場的能力，歡迎加入我們，一起完成
15341113,產品設計師／軍警戰術裝備設計師,瓔珞雲國際有限公司,雙北,台北市,台北市士林區,傳播藝術/設計,傳統製造/精密工業,面議,面議,,,1,0,傳統無AI,無,0,0,0,0,我們正在尋找⼀位具備產品設計､材料應⽤及實際打樣能⼒的設計師加入我們的產 品開發團隊｡ 未來主要負責軍警､戰術､⼾外及個⼈防護相關產品的設計與開發產品以⼈體防護 部品､戰術裝備､包袋､尼龍配件及機能性產品為主｡ 我們期待你不只是｢會畫設計圖｣⽽是能夠從⼀個產品概念開始完成 Concept → Design → Technical Drawing → Prototype → Factory Communication → Modification → Production 將設計真正轉化成可以量產的產品｡   主要⼯作內容 1. 軍警／戰術裝備產品設計   ● 負責戰術裝備､個⼈防護產品､包袋及
14992442,花藝師,天水東來企業社,雙北,台北市,台北市中山區,傳播藝術/設計,電子商務/數位零售,38000~45000 (period=3),月薪,38000,45000,0,0,傳統無AI,無,0,0,0,0,1.此職務需具有《花藝師實務經驗》兩年以上！ 2.能獨立製作完成花籃、花束及各式花禮，並具備品管能力。 3.花禮包裝設計及陳列擺設。 4.基本店務及門市顧客接待服務。 5.採買花材及成本控管。 6.積極、負責任、具備耐心及細心，抗壓力強，能與團隊溝通配合，並指導助理學習。 7.具備色彩及時尚敏感度。 8.可配合公司排班制度。
14110769,兼職人員-台北館,台灣皇家德州撲克競技協會,雙北,台北市,台北市松山區,傳播藝術/設計,其他服務/工商貿易,220~400 (period=0),時薪折算,35200,64000,0,0,傳統無AI,無,0,0,0,0,1.協助顧客完成公司提供之服務，包括內、外勤。 2.提供相關事項的諮詢服務。 3.提供產品售後服務。 4.傳達公司、經銷商訊息。 5.維護客戶關係，從事如客戶電話關心、客戶拜訪等工作。
15319351,【線上課程】視覺設計助理(全天兼職）｜平面設計＋影音校對,聯聖企管顧問股份有限公司,雙北,台北市,台北市松山區,傳播藝術/設計,文教/補教培訓,196~196 (period=0),時薪折算,31360,31360,0,0,傳統無AI,無,0,0,0,0,【聯聖集團線上學習平台】 聯聖集團深耕台灣企業訓練市場 30 年，為了讓知識傳遞突破時間與空間的限制，我們打造了「職人學堂」線上學習平台。 我們相信，優質的商業知識需要好的視覺來包裝與傳遞。如果你擁有設計美感、對線上教育產業充滿熱忱，並渴望你的設計作品能實際在數位平台上曝光，我們誠摯邀請你加入我們的行銷與內容團隊，一起創造更棒的學習體驗！  【你的實戰任務（工作內容）】 1.數位平面視覺製作（主要任務）： 協助「職人學堂」線上課程的視覺延伸，製作具吸引力的課程介紹頁面 (Landing Page)、宣傳 DM 及各類社群行銷素材。 2.課程影音初審把關（輔助任務）： 成為線上課程品質的守門員！
13913789,平面設計師,榮樂文創有限公司,雙北,台北市,台北市大同區,傳播藝術/設計,廣告行銷/公關顧問,32000~45000 (period=0),月薪,32000,45000,0,0,傳統無AI,無,0,0,0,0,設計很多人都會，但可以適合這產業的可能不多 設計是主觀的，但溝通可以讓它更客觀。 每位客戶的審美與需求都不同，理解並適應，才能設計出對的答案。 我們相信設計不只是風格，更是一場與目標受眾的對話。  讓視覺說話，是我們的信念。 一張好的設計稿，能清楚傳達概念與目的。 設計沒有標準答案，但能打動客戶、解決問題，就是好設計。  排版不是填空遊戲，是資訊的引導藝術。 客戶腦中常有無限創意，我們的工作就是把這些想像，落地成一場場精彩的活動提案。  希望你是非常喜歡辦活動、也喜歡參加活動，也喜歡團隊合作 不會每天讓你對著電腦，你也必須到活動的現場  這份工作將是你職涯中非常有趣的經驗 我們期望你有良好的E
15405441,媒體小編,森怡國際顧問有限公司,雙北,台北市,台北市信義區,傳播藝術/設計,廣告行銷/公關顧問,面議,面議,,,1,0,傳統無AI,無,0,0,0,0,我們正在尋找一位 擅長社群經營、對內容創作有熱情，並熟悉數位媒體操作 的夥伴加入團隊！  如果你喜歡 Instagram、Facebook、Threads、小紅書等社群平台，對文字、圖片、短影音及流行話題敏感，能將品牌資訊轉化成有吸引力的內容，歡迎加入我們！  【職務內容】 1.社群平台經營與管理 負責 Facebook、Instagram、Threads、小紅書等社群平台日常經營。 規劃社群內容主題、貼文排程及內容發布。 維持品牌社群形象與整體視覺及溝通風格。 回覆粉絲留言、私訊及社群互動，提升粉絲黏著度。 2.社群內容企劃與製作 撰寫社群貼文、品牌文案、活動宣傳及行銷素材。 協助製作圖片、
15353747,Senior Technical Designer / 資深技術設計師,美商奧托集有限公司,雙北,台北市,台北市內湖區,傳播藝術/設計,傳統製造/精密工業,面議,面議,,,1,0,傳統無AI,無,0,1,0,0,"Job Description  We are looking for a Senior Technical Designer to join our team. This role will work closely with our U.S. headquarters, brand customers, suppliers, and vendors worldwide to support and improve the product development process from the design stage through sample approval.  The ideal"
15314625,平面設計／美編,權鋒國際股份有限公司,雙北,台北市,台北市南港區,傳播藝術/設計,電子商務/數位零售,32000~35000 (period=0),月薪,32000,35000,0,0,傳統無AI,無,0,0,0,0,1. 設計製作文宣、海報和DM 2. 社群經營協助 3. 其他主管交辦事項
4470239,[ 台北-總公司 ] 設計部-平面視覺設計  (正職),服部創意有限公司,雙北,台北市,台北市中正區,傳播藝術/設計,傳統製造/精密工業,32000~45000 (period=0),月薪,32000,45000,0,0,傳統無AI,無,0,0,0,0,"工作涉及內容： 1. 關服裝及配件、飾品之相關設計 2. 圖像設計及插畫 3. 美編圖文排版 4. Photoshop 影像合成及修片編輯 5. 商品攝影與電腦後製 6. 櫥窗設計/進撤場/穿搭表現 7. 網路商城上下架 8. 主管交辦事項  需要具備能力： 1. 熟用illustrator/ PhotoShop 設計繪圖軟體 2. 手繪能力 3. 耐性與心細 4. 願意多風格嘗試與展現 5. 熟悉電腦操作及網路相關資訊應用 - 公司福利： 基本必備：勞健保、生日禮金、三節禮金、年假 (滿半年三天,一年七天)、員工聚餐。  彈性下班時間：準時上班是基本的，但我們追求的是效率，不推崇加班文化，準"
11921079,編導,好看娛樂製作股份有限公司,雙北,台北市,台北市內湖區,傳播藝術/設計,其他服務/工商貿易,30000~30000 (period=0),月薪,30000,30000,0,0,傳統無AI,無,0,0,0,0,1.學習幕後各項製作，創造好看且趣味的節目內容！ 2.擁有無限創意，大膽想法！ 3.認真負責且熱愛團隊合作，與夥伴們一起解鎖成就！ 4.具備機車駕照  擁有滿腔熱血卻無處發揮的你，不要猶豫，快來加入我們的行列吧！
15348646,電商小幫手,研達國際股份有限公司,雙北,台北市,台北市中正區,傳播藝術/設計,電子商務/數位零售,35000~42000 (period=2),月薪,35000,42000,0,0,傳統無AI,無,0,0,0,0,《工作內容 / 時間》 (週一到週五)(上班時間 9:00~18:00)  品牌與電商營運平面設計師 《 職務使命 》 我們在尋找對「角色靈魂」有共鳴的設計師！如果你熱愛公仔、各種IP角色、收藏插畫家周邊，且能將創意轉化為商品，歡迎加入研達Yendar。喜歡可愛周邊以及富有創意設計的你，歡迎加入我們的團隊!  ■ 工作內容與職責 1. 品牌與電商營運（主要工作） 品牌形象維護、電商平台商品上下架、價格設定及商品資訊更新。 製作商品頁、Banner、活動頁及各式品牌行銷素材。 協助商品攝影、修圖、社群素材及影片剪輯（具相關經驗者佳）。  2. 品牌設計與印刷製作 商品DM、POP、展示物、Ban
12448694,影片製作技術人員 / 導演 / 剪輯師 / 攝影師,漣澐視覺整合有限公司,雙北,台北市,台北市信義區,傳播藝術/設計,廣告行銷/公關顧問,面議,面議,,,1,0,傳統無AI,無,0,0,0,0,1.熟悉 premiere 、after effects、photoshop 等軟體 2.影片排版設計，具備一定的美感 3.認真負責、細心、有顆熱情的靈魂 4.有良好溝通能力，並可獨立完成交辦作業
13027643,短影音部丨經紀人助理(歡迎應屆畢業生),VS MEDIA_台灣金媒體有限公司,雙北,台北市,台北市中山區,傳播藝術/設計,廣告行銷/公關顧問,30000~35000 (period=0),月薪,30000,35000,0,0,傳統無AI,無,0,0,0,0,【工作內容】 - 安排創作者：行程與上線排程、日常聯繫、信件往來 - 跟隨創作者：拍攝廣告、節目、活動出席、個人活動 - 協助經紀人：維持創作者KOL與品牌合作之聯繫事宜 - 行政庶務：請款文書作業、公關品寄送、會議記錄等 - 其它主管交辦事項  【必要能力】      - 具備 基礎KOL網紅開發技巧      - 具備 突發情境危機處理能力      - 具備 靈活的溝通技巧、協調事務、統籌能力      - 具備 Office360、GoogleSheet操作應用能力  【個人特質】 (若是具備以下特質我們能夠聊得更多)：      - 守時守信、有著強烈責任感者      - 態度積極
10616600,舞台監督助理,必應創造股份有限公司,雙北,台北市,台北市內湖區,傳播藝術/設計,資訊科技/軟體網路,29500~35000 (period=0),月薪,29500,35000,0,0,傳統無AI,無,0,0,0,0,1.協助舞台監督處理技術服務及相關文件流程  2.整理簽核相關文件及發送，並負責追蹤執行狀況，隨時掌控進度。  3.負責會議安排與通知，製作會議記錄並追蹤處理決議事項。 4.行政資料整理、製作。 5.負責舞台監督專案事務流程之溝通、整合及規劃。  6.現場硬體工程執行協助。 7.協助專案推動與時程控管。 8. Microsoft Office 軟體初步文件製作 9. AutoCAD基本圖紙繪製
15337130,短影音動畫影像編輯 (有機會轉正職),韓商頂通股份有限公司台灣分公司,雙北,台北市,台北市大安區,傳播藝術/設計,資訊科技/軟體網路,200~9999999 (period=0),時薪折算,32000,32000,0,0,傳統無AI,無,0,0,0,0,- 企劃剪輯短影音，優化標題、字幕與節奏 - 規劃視覺圖卡，維持整體設計感一致 - 聚焦創作影音媒體短影音製作 - 運用AI創作 - 不排斥男性向成人內容
15315842,社群小編,台北市藥師公會,雙北,台北市,台北市中山區,傳播藝術/設計,其他服務/工商貿易,33000~50000 (period=0),月薪,33000,50000,0,0,傳統無AI,無,0,0,0,0,管理本會官網、Facebook、Instagram、LINE官方帳號等社群平台。 發想社群企劃，撰寫貼文文案 拍攝影片素材，製作 Reels、短影音及限時動態。 獨立完成照片修圖、平面製圖、短影音剪輯等內容製作。 規劃社群內容行銷，提升公會曝光、互動率與詢問度。 回覆社群私訊、留言，維護公會團體形象。 分析社群數據，持續優化內容成效。 主管交辦事項。  需具美編設計與影音剪輯能力。
15090187,派遣至LINE PAY_Design Assistant_115MW,萬寶華企業管理顧問股份有限公司,雙北,台北市,台北市南港區,傳播藝術/設計,其他服務/工商貿易,35000~9999999 (period=2),月薪,35000,35000,0,0,傳統無AI,無,0,0,0,0,我們致力尋找具有1年以上企業內部設計經驗的設計師，如果你對設計充滿熱情並具備積極態度，樂於透過設計解決問題，歡迎投遞此職缺。  [Responsibilities] •      負責 LINE Pay 行銷活動素材的尺寸調整。 •	與內部設計團隊密切合作，確保所有設計符合 LINE Pay 品牌訊息與風格。  ※ 應徵時請務必附上作品集以利審核。 ※ 作品集需為個人作品，如為團體專案，請註明個人參與比例。
15386197,市場專員/品牌內容專員,水映美股份有限公司,雙北,台北市,台北市松山區,傳播藝術/設計,電子商務/數位零售,35000~45000 (period=0),月薪,35000,45000,0,0,傳統無AI,無,0,0,0,0,我們正在找一位對社群、市場﹐保養品、短影音有高度敏感度，也喜歡站在鏡頭前表達自己的夥伴。  這個職位不只是坐在電腦前做企劃，你會實際參與市場、品牌的發想、拍攝與執行，也有機會成為品牌影片中的固定面孔。  【你會負責】  ・短影音 Reels／TikTok／Shorts 企劃與腳本發想 ・參與品牌短影音拍攝，依企劃需求出鏡、主持或示範產品 ・追蹤社群熱門話題、短影音趨勢與內容形式 ・KOL／KOC 開發、邀約、合作洽談與進度追蹤 ・協助品牌內容與行銷 ・與攝影、剪輯及設計夥伴共同完成內容製作 ・分析市場內容成效，持續優化題材、Hook 與內容方向  【我們希望你】  ・具良好個人形象與品牌感，對
15220634,導演 × 內容行銷,特博斯影像製作有限公司,雙北,台北市,台北市松山區,傳播藝術/設計,廣告行銷/公關顧問,40000~9999999 (period=2),月薪,40000,40000,0,0,傳統無AI,無,0,1,0,1,DOUBLE SHOTS 是一間創意影像製作公司，從策略概念、視覺設計到拍攝與後製一站到位，協助品牌透過影像清晰溝通、被市場記住。  我們要找一位內容導演（導演 × 內容行銷）——一個能「導」也能「行銷」的人：對外，你優先扛起商業廣告與客戶案；對內，你領導我們的 AI 小隊，製作並行銷公司自己的內容。我們替品牌做出有觀點、有質感的內容，現在想把同樣的水準，用這個時代該有的方式，用在「自己」身上。   【你會做的事】 導演（優先） ・優先處理商業廣告與客戶案：主導提案與導演工作，把需求變成有觀點的作品。 ・必要時親自下場拍攝與剪輯，確保成品到位。  對內主軸 ・領導公司的 AI 小隊，產出 AI
15008769,設計 Art,聯樂數位行銷股份有限公司,雙北,台北市,台北市大安區,傳播藝術/設計,廣告行銷/公關顧問,面議,面議,,,1,0,傳統無AI,無,0,0,0,0,我們是聯廣集團聯樂數位行銷UNISURF Digital Marketing Member of HAKUHODO INTERNATIONAL  如果你對細節有一點偏執 如果你對想法有一點堅持 如果你覺得你的視覺會說話 甚至說得比文案還好 如果你對做廣告還有一點憧憬  那來聊聊吧 我們對這樣的你很感興趣 也希望你對我們在創造的價值和文化有興趣  畢竟廣告公司的art要做的事，可以做的事 你已經知道個大半 但我們希望你來這裡 是可以體驗到你不知道的另一半 
8721644,副總特助,龍巖展鳳營業處_才佳實業有限公司,雙北,台北市,台北市大安區,傳播藝術/設計,文教/補教培訓,面議,面議,,,1,0,傳統無AI,無,0,0,0,0,1.協助業務副總，辦理區部教育訓練及相關實體活動。 2.活動相關之 EDM 設計、簡報設計製作、影片製作。 3.粉絲團維護及管理。 4.文書行政作業管理。 5.協助人資相關之收發信。 6.需會開車。 ★起薪依學經歷而定★
15378727,C#.NET  (松江南京),康翔科技股份有限公司,雙北,台北市,台北市中山區,傳播藝術/設計,資訊科技/軟體網路,面議,面議,,,1,0,傳統無AI,無,0,0,0,0,"1.會C#.Net,有開發經經驗1~2年以上 2.會Vue,有開發經經驗1~2年以上 3.會SQL語法有使用RMDB的經驗,ex. Oracle、MS SQL 4.熟悉開發的IDE工具Visual Studio, VS Code,Git. 等 5.個性主動積極且會主動回報的 "
15061572,兼職設計助理,莊景富建築師事務所,雙北,台北市,台北市松山區,傳播藝術/設計,其他服務/工商貿易,200~260 (period=0),時薪折算,32000,41600,0,0,傳統無AI,無,0,0,0,0,1. 繪製建築設計圖。 2. 協助整理建照文件相關資料 3. 製作簡報聯絡事項。 
14826893,藝人助理,木曜企業有限公司,雙北,台北市,台北市內湖區,傳播藝術/設計,廣告行銷/公關顧問,30000~35000 (period=0),月薪,30000,35000,0,0,傳統無AI,無,0,0,0,0,藝人助理  1. 協助藝人通告事務執行  2. 大量對外與跨部門溝通，需配合度高、抗壓性強、良好表達能力  3. 行政相關事務執行，需具備審閱合約能力  4. 文字能力：新聞稿撰寫、補助案撰寫經驗  5. 社群經營：圖片美編、文案撰寫、粉絲互動、廣告投放、時事話題跟進  6. 主管交辦事項完成  7.需要有駕照開車    這份工作是娛樂產業中不可或缺的角色，隨著行業的發展，未來的發展前景非常看好。  歡迎符合資格的申請人應聘，期待您的加入！
826904,3D繪圖工程師-內湖,台灣動力工程股份有限公司,雙北,台北市,台北市內湖區,傳播藝術/設計,其他服務/工商貿易,45000~65000 (period=3),月薪,45000,65000,0,0,傳統無AI,無,0,0,0,0,1.BIM水電消防施工圖繪製檢討  2.繪製、修改工程設計圖、施工圖或竣工圖 3.熟悉BIM操作及空間概念者佳
14613814,美術助理｜演唱會娛樂產業,禾火設計有限公司,雙北,台北市,台北市大安區,傳播藝術/設計,文教/補教培訓,32000~38000 (period=4),月薪,32000,38000,0,0,傳統無AI,無,0,0,0,0,禾火設計 | 演唱會燈光設計團隊  誠徵夥伴，與我們一起點亮舞台！ 對台灣娛樂產業及舞台燈光有興趣為優先錄取。  工作內容 :  ・文件整理、資料輸入、報表製作等日常行政工作。 ・協助部門內部溝通，促進資源調度與運作效率。 ・製作社群圖卡、活動宣傳圖及基本排版素材 ・協助社群貼文上架、文字校對及內容更新 ・整理設計檔案、照片、表單及公司資料 ・協助處理日常行政、寄件、文件及簡單聯繫事項 ・追蹤交辦工作進度，完成後主動回報 ・其他主管交辦事項   * * * * * * * * * * 我們希望你具備的能力 * * * * * * * * * * 職務條件 :  ・具平面設計、美編或行政相關工作
15240926,香源時岱 美編,香草食坊,雙北,台北市,台北市信義區,傳播藝術/設計,廣告行銷/公關顧問,38000~60000 (period=0),月薪,38000,60000,0,0,傳統無AI,無,0,0,0,0,【工作內容】   1、使用 Photoshop、Illustrator 等設計軟體，負責社群媒體、官網 Banner、DM、平面廣告等視覺設計與排版製作。 2、協助影音素材剪輯與後製作業（非經常性工作）。 3、負責門市相關平面設計物製作與管理，包括產品貼紙、架上卡、展示盒等。 4、擅長溝通，需與主管及相關廠商溝通設計需求發包，確保設計內容符合品牌形象與行銷方向。 5、協助完成其他主管交辦事項。 6、餐期忙碌的時候需協助櫃檯收銀。  【上班時間、休假】  8:00～17:00  9:00～18:00  10:00～19:00  （經雙方溝通、協調確認上班時段）  週休二日 排班制   意者可來電
15168839,工讀生,新舍裝潢有限公司,雙北,台北市,台北市北投區,傳播藝術/設計,廣告行銷/公關顧問,200~9999999 (period=0),時薪折算,32000,32000,0,0,傳統無AI,無,0,0,0,0,1.協助室內間規劃與設計 2.繪製平面圖 、 施工圖 (AutoCAD)  3.建立3D模型（Sketchup ) 4.選材搭配與家具配置 5.案場丈量與業主需求溝通 6.案場監工及協助師傅
13785023,VJ視覺執行,必應創造股份有限公司,雙北,台北市,台北市內湖區,傳播藝術/設計,文教/補教培訓,30000~45000 (period=0),月薪,30000,45000,0,0,傳統無AI,無,0,0,0,0,"加入我們的團隊，成為演唱會現場的視覺魔法師！我們正在尋找專業的VJ，負責將動畫師的創作與現場歌曲完美結合，透過大螢幕和投影，為觀眾帶來難忘的視覺饗宴。此職位需要與團隊緊密合作，並有機會參與海外演唱會的執行工作。   主要職責： ●負責演出中的視覺畫面與現場歌曲同步播放，確保視覺效果與音樂完美融合。 ●在每次演出前，負責器材的整理和測試，確保所有設備運作正常。 ●演出結束後，進行器材、檔案的整理和存檔工作。   職位開放： 1.VJ（月薪 35,000 至 45,000元） ●熟悉Resolume Arena或Disguise (D3)軟體。有即時反應以及處理危機的應變能力，可以舉一反三，彌補現"
10801189,設計助理,潤山建築師事務所,雙北,台北市,台北市大安區,傳播藝術/設計,廣告行銷/公關顧問,30000~38000 (period=0),月薪,30000,38000,0,0,傳統無AI,無,0,0,0,0,室內設計、建築背景皆可  熟悉auto cad等軟體操作  有志往空間設計業發展者  計畫先從行政部門培養
14052105,旅行社美編人員(需帶旅遊相關作品面試),正格國際旅行社有限公司,雙北,台北市,台北市松山區,傳播藝術/設計,其他服務/工商貿易,30000~42000 (period=3),月薪,30000,42000,0,0,傳統無AI,無,0,0,0,0,1.負責網站維護  2.旅遊行程的編排作業    3.設計製作公司及旅展文宣dm 及布置  4.協助行政庶務工作    5. 配合公司網路行銷相關業務。    6. 其他主管交辦之相關業務事項
15386256,Auntie Anne's 美國蝴蝶餅總公司-行銷美編專員,飲多吉有限公司,雙北,台北市,台北市信義區,傳播藝術/設計,廣告行銷/公關顧問,200~9999999 (period=0),時薪折算,32000,32000,0,0,傳統無AI,無,0,0,0,0,1.  設計製作菜單文宣、海報和DM。 2. 規劃商品包裝的設計理念，並進行提案。 3. 修改並執行其設計理念。 4. 設計公司整體CI（企業形象識別）。 5. 進行FG/IG 貼文撰寫。 6. 進行圖稿、文案的排版設計。 7. 與印刷廠聯絡，進行估價、打樣之事宜。 8. 接洽KOL部落客的業配、聯名等等相關活動討論⋯等 9. 進行完稿的後置裁切工作與製作物歸檔整理 
13181636,音響師,若谷股份有限公司,雙北,台北市,台北市中正區,傳播藝術/設計,其他服務/工商貿易,32000~36000 (period=0),月薪,32000,36000,0,0,傳統無AI,無,0,1,0,0,「Legacy 傳 音樂展演空間」，以「推動音樂人在產業發光發熱」爲宗旨。爲了深入服務音樂人，Legacy在尋找擅長演出執行、熟稔技術協調爲工作核心的音響師，能共同管理與維護場館與其設備，並對音樂產業有熱情的夥伴加入團隊。  工作內容： １.演出執行（自辦、外租場次） ２.演唱會音響拆裝台、音控執行、樂器架設 ３.演出前技術會議之安排與參與 ４.演出前器材清單/圖面之核對與溝通協調 ５.熟練各家控台介面邏輯操作（Avid/Yamaha/Midas尤佳） ６.對音響系統、樂器設備及電力設施等皆具備基本學識並能應用於工作程序中 ７.場館音響器材、樂器設備保養與維護  ８.場館音響相關技術支援 ９.
13904648,後期Ai助理,景三造戶斤影像制作有限公司,雙北,台北市,台北市松山區,傳播藝術/設計,廣告行銷/公關顧問,32000~35000 (period=0),月薪,32000,35000,0,0,傳統無AI,無,0,0,0,0,公司介紹： 景三造戶斤影像制作工作室創立於民國2005年，主要從事製作商業廣告語企業形象影片；擁有為數不少的客戶群。 本公司擁有優秀的經營團隊，秉持著『專業 精準 高度質感的視覺』的經營理念，追求企業永續經營及成長；除整體營運穩定外，獲利狀況也逐年提昇，是國內績優廠商之一 。我們重視每一位員工，除了有良好工作環境、也提供學習及成長的空間，歡迎優秀的朋友一起加入景三造戶斤影像制作有限公司的工作行列。  官網：https://www.facebook.com/profile.php?id=100057558823591   工作內容： · 影片後期製作作業：Ai影像生成、美術視覺排版 · 支援前期
15213673,【學會組】平面設計師,荷陽創意行銷整合有限公司,雙北,台北市,台北市大安區,傳播藝術/設計,廣告行銷/公關顧問,40000~55000 (period=4),月薪,40000,55000,0,0,傳統無AI,無,0,0,0,0,我們有舒適的工作環境、豐富的資源，彈性的上班時間、優渥的設計獎金制度， 期待喜愛穩定環境的您一起加入我們的團隊！ 我們需要： 1. 須依不同設計需求與時程，進行掌握完成主視覺設計或各類平面製作物 2. 設計延伸製作平面印刷、會議展覽佈置、道具禮品等各式設計物 3. 具印刷、輸出等完稿發包實務經驗，掌握發包案件進度與跨部門資訊同步細節 4. 須配合假日加班、活動進場，或現場/線上支援活動臨時設計異動 6. 具雙向溝通協調能力進行團隊合作、抗壓性高、細心、效率高、獨立作業 7. 熟悉使用 Mac電腦  我們可以提供給您： ※優渥的獎金制度 ※彈性之出勤制度 ※穩定調整的薪資待遇(不定期調整、固定年
15075062,【4萬-4.5萬】社群行銷小編（中古車電商平台、純行銷免洗車、無業績壓力）,權上國際有限公司,雙北,台北市,台北市內湖區,傳播藝術/設計,電子商務/數位零售,40000~45000 (period=2),月薪,40000,45000,0,0,傳統無AI,無,0,0,0,0,【工作內容】  社群平台日常經營： 負責品牌 FB、IG、Threads 及 LINE 官方帳號經營，包含文案撰寫、粉絲互動回覆。  短影音企劃與製作： 針對現有中古車款，進行 TikTok / Reels 短影音發想、腳本撰寫、拍攝與剪輯（使用手機或 CapCut 即可）。  汽車交易平台維護： 協助將車輛照片、規格資訊上架至中古車管理平台（如 8891、兩千中古車等系統），維持資訊正確性。數據追蹤：觀察社群成效（觀看量、互動率），調整點閱率高的熱門話題。  (備註：本職缺為純行銷職，不需要陌生開發、不需要背負汽車銷售業績、不需要洗車擦車！)  本職位將負責公司品牌形象、產品設計的整體規劃與
14052715,模特兒經紀人,星訊國際模特兒_新訊國際實業有限公司,雙北,台北市,台北市大安區,傳播藝術/設計,文教/補教培訓,30500~40000 (period=2),月薪,30500,40000,0,0,傳統無AI,無,0,1,0,0,星訊為台灣最具規模的國際專業模特兒經紀代理公司，在國際市場占有重要席位。   現徵國際專業模特兒經紀人，經公司錄取後將給予國際經紀人專業培訓，歡迎加入國際流行行列！      應徵條件：   -一般英語會話說寫能力。   -個性開朗。   -能單獨與客戶洽談。      待遇：   -月薪30500起，除底薪外，公司採取團體業績獎金制度。   -若入職後表現優異，有機會能至歐美地區洽談商務。      請參考本公司網站: www.newfacemodelmanagement.com  歡迎 所有求職者  發展/遠景： 結合時尚產業與演藝經紀，讓你有更寬廣的眼界和世界觀，成為更全面性的公關人才。
15406659,助理產品經理（APM）,凱亞科技股份有限公司,雙北,台北市,台北市南港區,傳播藝術/設計,資訊科技/軟體網路,面議,面議,,,1,0,傳統無AI,無,0,0,0,0,我們正在尋找一位對產品開發充滿熱情、樂於跨部門協作的 產品經理！ 你將與研發、設計、行銷、營運等團隊密切合作，從使用者洞察出發，打造能真正解決問題、讓人喜歡的產品。 在這裡，你不只是規劃產品，更能參與每個創新的誕生。
7447175,業務助理,LUNACASA_夏月家居有限公司,雙北,台北市,台北市松山區,傳播藝術/設計,電子商務/數位零售,33000~38000 (period=0),月薪,33000,38000,0,0,傳統無AI,無,0,0,0,0,1.輸入、處理並追蹤客戶訂單，並將訂單資料存檔備份。  2.保持與客戶間之聯繫，回覆e-mail，並確認交貨期。  3.提供出貨文件，協助業務人員控管出貨。  4.協助業務人員處理銷售業務相關之公司內部行政作業。  5.維護、更新、管理家具相關文件檔案和資料庫系統。
13850932,繪圖人員,永騰國際企業有限公司,雙北,台北市,台北市中山區,傳播藝術/設計,傳統製造/精密工業,38000~50000 (period=3),月薪,38000,50000,0,0,傳統無AI,無,0,0,0,0,1. 繪製、修改公共工程設計圖、施工圖或竣工圖 2. 檢視工程設計圖、施工圖及圖面數量計算，進行必要修正，以符合設計概念 3. 進行電腦繪圖相關的其他工作 4.熟Auto CAD。。 5.工作負責任、細心。 6.提供客戶諮詢服務。 電腦繪圖人員在當今工業社會中扮演著至關重要的角色，他們負責製作各種工程設計的圖面，從而幫助公司更好地進行工程設計和實施。在未來，隨著科技的發展，電腦繪圖人員將有更多的發展機會。 我們歡迎對此職位感興趣的應聘者提交申請，期待您的加入！ 
11694668,網紅YouTuber,黑火娛樂有限公司,雙北,台北市,台北市中山區,傳播藝術/設計,其他服務/工商貿易,50000~60000 (period=0),月薪,50000,60000,0,0,傳統無AI,無,0,0,0,0,- 有一個想火的心 - 我們要找完全沒有經驗的新人培養成網紅， - 每天拍影片 - 請提供你/妳的IG  只要你想火就可以了，我們會依據你的個人條件量身打造適合你的路線  【公司簡介】 我們是黑火娛樂 從2013經營到2024經營超過10年 成功從0開始經營孵化網紅黑男，黃士倫，姜宣宣 超過10年街頭拍攝經驗 營運熱門頻道美女健身聯盟  【我們的頻道】 美女健身聯盟FB：https://www.facebook.com/goddessworkout（100萬追蹤） 美女健身聯盟YT：https://www.youtube.com/c/goddessworkout （60萬訂閱） 黑火娛樂YT：
14999696,麻古茶坊 總公司-包裝設計師 (台北）,麻古茶坊股份有限公司,雙北,台北市,台北市信義區,傳播藝術/設計,其他服務/工商貿易,面議,面議,,,1,0,傳統無AI,無,0,0,0,0,1.負責品牌包裝視覺設計與相關延伸應用（杯身、封膜、瓶身、外帶包裝、禮盒等） 2.依品牌定位與產品需求，發想並執行包裝設計 3.理解包裝結構與刀模，確保設計能實際製作並正常使用 4.進行包裝完稿與印前檢查，確保檔案符合印刷與量產需求 5.與行銷、產品、採購及印刷端溝通協作，讓設計順利落地 6.跟進打樣與量產流程，確認實體成品符合設計與品牌標準 7.整理並維護包裝設計相關檔案與規範 8.留意包裝材質與市場趨勢，提出優化與改善建議 9.協助完成主管交辦的相關設計
13747041,"【台北旗艦館】日班保齡球全職專員 薪$45,500 日班/正職服務人員",星聚點文創股份有限公司,雙北,台北市,台北市大同區,傳播藝術/設計,其他服務/工商貿易,45500~9999999 (period=0),月薪,45500,45500,0,0,傳統無AI,無,0,0,0,0,"★高薪禮聘★ 歡迎具有保齡球場館管理服務經驗、充滿熱情與活力的你(妳)，快來加入我們~  1、顧客接待及服務 2、櫃檯銷售，介紹設施與消費方式 3、活動／遊戲設備指導 4、營業場域環境清潔與維護  5、設備簡單故障排除，維持妥善率 6、保齡球營運運作及相關管理經驗 7、需配合主管交辦事項　　　  工作時段:    @日班:10:00~00:00(依營運需求排班八小時)　  月薪$45,500元 ※ 正職人員浮動獎金(不定時不定額)一年4次，年度總計約為0~48,000元"
15369885,華人市場媒體投放 ( 實況主/Vtuber ),碩禹資訊服務有限公司,雙北,台北市,台北市信義區,傳播藝術/設計,資訊科技/軟體網路,35000~55000 (period=4),月薪,35000,55000,0,0,傳統無AI,無,0,0,0,0,1、負責華人市場數位行銷策略規劃與執行，提升品牌曝光、流量及轉換成效。 2、操作與優化華人主流平台之媒體投放及內容行銷。 3、直播主持與互動：規劃直播主題，直播邊與觀眾聊天、回答留言，炒熱氣氛。 4、內容企劃與準備：研究及分析熱門主題、規劃主題內容，維持節目吸引力。 5、影音剪輯與粉絲經營：將直播精華剪輯成短影片或精華，上傳至社群平台吸引觀眾累積粉絲群。 6、分析流量及直播數據，持續優化行銷策略，提高流量。   
13690232,攝影助理(全職人員),何映廷攝影工作室,雙北,台北市,台北市內湖區,傳播藝術/設計,資訊科技/軟體網路,30000~32000 (period=3),月薪,30000,32000,0,0,傳統無AI,無,0,0,0,0,有經驗為主要錄取條件。  1.前置作業-尋找道具採買/找場景場勘&溝通時間 2.拍攝當下-協助器材架設場怖道具休景搬運等 3.人像修片需求-需熟悉軟體 Capture One & Photoshop 4.日常攝影棚維護及行政事務   備註： ！！現場需要協助搭景製作，力氣小請三思！！ ！！現場需要協助搭景製作，力氣小請三思！！ ！！現場需要協助搭景製作，力氣小請三思！！  細心靈敏不怕麻煩辛苦負責任 工作真的没有照片上看起來的漂亮 請確認自己的決心再來面試  公司攝影案例：https://reurl.cc/b3onO3
15339249,【日商 | 視覺設計工讀生(兼職) 】,台灣微告股份有限公司,雙北,台北市,台北市松山區,傳播藝術/設計,電子商務/數位零售,196~196 (period=0),時薪折算,31360,31360,0,0,傳統無AI,無,0,0,0,0,Hi！我們是日商台灣微告的『 創意行銷策劃部 - 製作Team 』  MicroAd是亞太地區數位行銷的先驅，專注於全方位數位廣告。我們不僅擁有強大的跨文化團隊，更以創新和卓越的技術幫助品牌成功打入日本市場。在MicroAd，你將能體驗創新挑戰與專業成長！  我們正在招募《數位廣告設計工讀生》 來這裡會有專屬 Mentor 帶你進入數位廣告的世界  歡迎對於「數位廣告設計與製作」有興趣的你/妳，加入MA的行列 應徵時請附上清楚履歷及平面與影音作品集，讓我們快速認識你/妳！   ​​【 我們希望你有以下能力 】 1. 具備基礎平面設計能力及美感 2. 熟悉 Adobe Photoshop、Ado
5558136,商品部行政助理,betty's_貝蒂思國際服飾有限公司,雙北,台北市,台北市士林區,傳播藝術/設計,傳統製造/精密工業,面議,面議,,,1,0,傳統無AI,無,0,0,0,0,1.協助部門主管及部門相關的交辦事項 2.熟悉電腦文書使用或繪圖軟體 3.對時裝潮流有一定的觀察力 4.開立樣衣生產單建檔等商品部工作流程 5.協助目錄拍攝及穿搭 6.可獨立作業 7.商品進度追蹤 8.協助輔料開發
15393887,短影音企劃｜美容保養品,水映美股份有限公司,雙北,台北市,台北市松山區,傳播藝術/設計,電子商務/數位零售,35000~45000 (period=0),月薪,35000,45000,0,0,傳統無AI,無,0,0,0,0,|工作內容與需求| －短影音企劃與文案：Reels / TikTok / 小紅書腳本發想、文案與標題撰寫 －幕前入鏡演出：需入鏡擔任主角，具備自然鏡頭感與良好口條互動 －商品展示與穿著配合：因公司為女性內衣品牌，工作內容包含實際商品展示與影片拍攝，需願意配合穿著公司女性內衣及相關商品進行入鏡拍攝，並依影片主題配合不同款式之商品展示 －影音拍攝與後期剪輯：獨立完成短影音日常拍攝、剪輯、特效音效與節奏把控 －拍攝相關安排與現場執行：負責模特兒經紀洽談、預約攝影棚等前置作業與現場控場 －多渠道社群排程與發布：負責各平台後台影片上架、排程設定與標籤優化 －追蹤影片觀看與互動數據，持續優化內容   |具
14505113,開發助理,Kinloch Anderson金安德森_名代實業有限公司,雙北,台北市,台北市大同區,傳播藝術/設計,傳統製造/精密工業,30000~33000 (period=2),月薪,30000,33000,0,0,傳統無AI,無,0,0,0,0,工作內容：   1. 下單資料建檔等文書工作。   2. 協助樣衣與試穿修改過程處理。   3. 主副料配色及協助生產開發。   4. 協助商品生產及廠務聯絡生管。   5. 協助每季型錄拍攝。   6. 處理設計師交辦事項。
3238764,工程繪圖人員,喬翰金屬股份有限公司,雙北,台北市,台北市中山區,傳播藝術/設計,傳統製造/精密工業,面議,面議,,,1,0,傳統無AI,無,0,0,0,0,"1.設計金屬帷幕牆2D.3D圖。 2.無經驗可,擅長工具CAD. 3.具工程建築圖學能力。"
13286887,德州撲克計分員(台北),臺灣華人德州撲克競技協會,雙北,台北市,台北市中山區,傳播藝術/設計,其他服務/工商貿易,220~9999999 (period=0),時薪折算,35200,35200,0,0,傳統無AI,無,0,0,0,0,發牌、協助牌局進行，現場環境整理。 
5797196,攝影助理(工程製播部)無經驗可！,三立電視台_三立電視股份有限公司,雙北,台北市,台北市內湖區,傳播藝術/設計,其他服務/工商貿易,35000~9999999 (period=0),月薪,35000,35000,0,0,傳統無AI,無,0,0,0,0,※ 只要你懷抱著夢想，歡迎加入我們的行列※  ENG作業，外景HD作業，主要工作內容如下： 1.協助攝影師執行攝影工作。 2.維護攝影器材
14504245,【台北仁愛校區】櫃檯行政人員｜週休二日・歡迎新鮮人・無經驗可,小孩子創意有限公司附設小孩子文理美術短期補習班,雙北,台北市,台北市大安區,傳播藝術/設計,文教/補教培訓,35000~45000 (period=0),月薪,35000,45000,0,0,傳統無AI,無,0,1,0,0, 喜歡與人互動，也希望在有孩子笑聲、充滿活力的環境中工作嗎？  我們正在尋找細心、親切、有責任感的行政夥伴，協助櫃檯接待、家長聯繫與校務行政，讓家長獲得即時的協助，也讓老師與孩子的每一天順利展開。  沒有補教經驗也歡迎！只要你願意學習、樂於溝通，我們會帶你逐步熟悉工作流程。  【你主要會做的事】  ・櫃檯接待與家長服務 接待來訪家長、回覆電話與訊息，說明課程資訊，協助處理日常問題。  ・文書與班級行政 使用 Excel、Google 表單等工具，整理學生資料、課程文件與班級紀錄，協助主任處理日常校務。  ・課程諮詢與報名協助 協助介紹課程、安排試聽、辦理報名手續，招生活動期間協助現場支援。  
13798413,室內設計助理,陳昭穎建築師事務所,雙北,台北市,台北市士林區,傳播藝術/設計,廣告行銷/公關顧問,36000~55000 (period=0),月薪,36000,55000,0,0,傳統無AI,無,0,0,0,0,1. 徵求對設計有熱忱之夥伴，具備基礎繪圖等相關設計操作，並熟悉3D繪圖作業。  我們提供同仁各階段設計之涉略，若您具備上述條件，本事務所將是您一展長才的好選擇。 
15258887,國際新聞晚班編譯,財團法人中央廣播電臺,雙北,台北市,台北市中山區,文字/傳媒工作,文教/補教培訓,37000~49000 (period=0),月薪,37000,49000,0,0,傳統無AI,無,0,1,0,0,一、工作內容 1.	國際新聞即時發稿。 2.	國際新聞專題製作、採訪。 3.	廣播音檔過音及剪輯。 4.	國際新聞影音製作。 5.	主管臨時交辦事項。  二、資格條件 1.	教育部認可之國內外大學以上學校各系所畢業，且已取得學位（畢業）證書者（國外學歷須經駐外單位驗證），外語、大眾傳播、新聞科系畢業尤佳。 2.	具國際新聞編譯及專題採訪、製作能力。 3.	需對新聞時事具濃厚興趣，熱愛新聞工作、熟悉國內外時事。 4.	具實際國際新聞編譯經驗者尤佳，有經驗者請附編譯報導作品（請以附檔或雲端連結方式提供）。 5.	機動性高、配合度佳、人際互動良好、具溝通協調能力及團隊精神。 6.	需配合輪班及值班（
15399642,【正職】健管部｜健檢報告基資審核人員,博仁綜合醫院,雙北,台北市,台北市松山區,文字/傳媒工作,生技/醫療保健,33000~35000 (period=0),月薪,33000,35000,0,0,傳統無AI,無,0,0,0,0,1. 健康檢查報告基本資料審核； 2. 整理健檢報告紙本資料； 3. 其他主管交辦事項。
15095576,新聞助理（部分工時）,財團法人中央廣播電臺,雙北,台北市,台北市中山區,文字/傳媒工作,文教/補教培訓,200~9999999 (period=0),時薪折算,32000,32000,0,0,傳統無AI,無,0,0,0,0,一、 工作內容： 1. 經營社群媒體、維護官網，提升新聞曝光率與瀏覽量。 2. 改寫國內外重要新聞即時發稿。 3. 基礎廣播音檔與影音剪輯。 4. 協助影、音與圖文新聞上架。 5. 完成主管交辦之其他任務。  二、 資格條件： 1. 科系不拘，傳播（新聞）系所或中文相關科系尤佳，具教育部認可之國內外大學以上學校畢業或在校學生資格者。 2. 具備基本新聞稿撰寫能力，能完成新聞改寫、擬定標題與貼文。 3. 具圖文美感與時事敏銳度，能操作簡單美編與剪接軟體。 4. 對新聞時事有興趣、主動積極、團隊配合度佳。 5. 工作時間：14:00-22:00，依實際狀況安排，每日工作6小時，一週上班天數約3-5
15325375,特約西班牙文新聞網站編輯,財團法人中央通訊社,雙北,台北市,台北市中山區,文字/傳媒工作,資訊科技/軟體網路,面議,面議,,,1,0,傳統無AI,無,0,0,0,0,我們正在尋找具備敏銳新聞眼與優秀跨語言能力的西班牙文新聞編輯，這不僅僅是一份翻譯工作，更是連結台灣與西語世界的橋梁。在這裡，您將深入了解台灣的產業脈動、政經發展與國際視野，將優質新聞傳遞給西語讀者  1.	網站編務：挑選台灣關鍵議題、具國際影響力的新聞，並翻譯成西班牙文，更新網站、APP推播。 2.	社群經營：經營Facebook、Instagram、Threads或其他社群帳號。  條件： 具備 DELE / SIELE B2以上檢定證明，或母語為西班牙語且中文閱讀能力佳。  我們鼓勵靈活且彈性的工作型態，歡迎善用AI或翻譯輔助工具來提升效率。如果你渴望用西班牙文發揮影響力，歡迎投遞履歷，與
12903859,文件排版專員 Desktop Publishing Specialist,寫意達股份有限公司,雙北,台北市,台北市中山區,文字/傳媒工作,文教/補教培訓,32000~40000 (period=0),月薪,32000,40000,0,0,傳統無AI,無,0,0,0,0,【為什麼選這份工作？】 WritePath 寫意達的圖文排版團隊正在招募文件排版專員。歡迎你加入我們的多元文化團隊，邁向專業與穩定的職涯！  ★跨文化職場經驗，拓展國際視野： 加入 WritePath 的多元文化背景團隊。讓你累積跨文化溝通與協作力，為你的職涯增添國際競爭力。 ★ 打造專業實力，從零開始沒問題： 我們提供完整教育訓練，從 Microsoft Word 到資訊圖表製作，讓你快速掌握技能，成為專業人才。 ★ 職涯有方向，升遷有機會： 明確的升遷管道與相應的教育訓練，適合追求穩定成長的你。 ★ 穩定工作時段，生活品質再升級： 不需輪班、不需站立作業，見紅就休，讓你兼顧工作與生活，擁有
13246320,【新聞部／採訪組】文字記者 (預計116年遷至桃園新址),財團法人原住民族文化事業基金會,雙北,台北市,台北市南港區,文字/傳媒工作,生技/醫療保健,34000~42000 (period=2),月薪,34000,42000,0,0,傳統無AI,無,0,0,0,0,1.每日新聞、專題新聞採訪。 2.遇有專案需出差。 3.新聞現場連線。 4.其他主管交辦事項。   ★本基金會預計於116年搬遷至桃園新會址。 ★本職缺徵才至 9/30 止，經本會初審通過者，10/1 後另行通知面試時間，謝謝。 ★初審資格不合或面試未獲錄取者，不另行通知。 ★面試當天如遇颱風等天災，經行政院人事行政總處公告「臺北市停止上班」，面試順延，時間另行通知。 ★如經面試錄取後，報到時須繳交「體格檢查表(一般)」，請於報到前自行至醫療機構辦理體檢。
12866959,童書編輯,采實文化事業股份有限公司,雙北,台北市,台北市中山區,文字/傳媒工作,其他服務/工商貿易,32000~9999999 (period=3),月薪,32000,32000,0,0,傳統無AI,無,0,0,0,0,熱愛編輯工作，有赤子童心，會說故事，喜歡與孩子互動。
15390698,【投資課程】內容企劃,大師課業股份有限公司,雙北,台北市,台北市中山區,文字/傳媒工作,其他服務/工商貿易,42000~48000 (period=0),月薪,42000,48000,0,0,傳統無AI,無,0,0,0,0,ShiFu 是「師父」的拼音。  我們集合華人世界頂尖人士，打造具獨特觀點的課程，讓大師成為你的師父。合作過的老師超過 30 位，包含前立法院長王金平、暢銷作家吳淡如、世界麵包冠軍吳寶春、主持人 Melody、職籃傳奇陳信安、知名藝人千田愛紗......  但光是找到大師還不夠。我們真正在意的是：學生上完課之後，有沒有真的做出結果。  這件事，需要一群人一起做出來。  而【投資課程】內容企劃，就是這個作品的共同創作者。你會與投資領域的老師密切合作，把他累積數十年的技術分析心法，轉譯成學生看得懂、學得會、用得上的課程內容。  【你的工作內容】  1. 課程內容企劃：與老師討論課程架構，萃取專業知
15393482,【日本著名企業】日文翻譯,日商華大林組營造股份有限公司台灣分公司,雙北,台北市,台北市信義區,文字/傳媒工作,其他服務/工商貿易,面議,面議,,,1,0,傳統無AI,無,0,1,0,0,本職務需要與眾多相關人員進行跨文化與跨語言溝通，我們不限定是否具有口譯經驗，而是重視能夠積極融入現場團隊，並抱持提升口譯專業能力與持續成長意願的人才。 若您對於日商文化或對營建業感興趣，誠摯歡迎您加入！  通訳経験の有無は問いませんが、多くの関係者とのコミュニケーションが求められる業務です。積極的に現場の一員として溶け込み、通訳者としてスキルアップを目指す意欲のある方を歓迎します。  工程案件：台北捷運環狀線工程-信義松仁路至永春站；  【工作內容及基本條件】 ① 在工地現場及工務所進行之各類會議中，負責台灣人與日本人之間之口譯工作。工作場所不限於工務所內，亦可能需進入實際施工現場執行口譯業務
14790988,編輯助理,華泰文化事業股份有限公司,雙北,台北市,台北市內湖區,文字/傳媒工作,文教/補教培訓,32000~42000 (period=0),月薪,32000,42000,0,0,傳統無AI,無,0,1,0,0,華泰文化主要經營高等教育商管類書籍，除了自行開發的書籍，同時進口、代理中外文商管書籍及劍橋大學出版社之英語學習教材。  〔我們提供〕 ◇學習出版印務及編輯工作，了解出版與高等教育產業，提升專業能力 ◇舒適辦公環境，團隊氛圍友善 ◇員工購書優惠  〔工作內容〕 學習並協助執行以下工作： ◇印務作業：印刷相關廠商聯繫、出版作業ERP操作 ◇編務作業：文稿整理與修潤校對 ◇出版行政工作：美編排編溝通，內外部及跨部門溝通  〔希望你具備〕 ◇具商管背景或具良好中英文能力 ◇細心耐心條理分明，能妥善整理修潤文稿  
15034887,プロジェクト推進 担当キャスト（日本語堪能）,JR東日本大飯店台北_台灣捷爾東旅館管理顧問股份有限公司,雙北,台北市,台北市中山區,文字/傳媒工作,其他服務/工商貿易,面議,面議,,,1,0,傳統無AI,無,0,1,0,0,ホテル開発案件におけるプロジェクトをご担当いただきます。開業前の準備業務から開業後の運営支援まで幅広く携わり、日本本社、総支配人、および各部門間の架け橋として、円滑なコミュニケーションと調整を担う重要なポジションです。  【具体的な業務内容】 1. プロジェクト推進支援：ホテル開発案件の開業準備およびプロジェクト全体の進捗管理。 2. 通訳・翻訳業務：開発準備期間における会議での通訳、および各種資料（運営資料、SOP、契約書、プレゼン資料等）の日中翻訳。 3. 運営体制の構築：ホテル運営に関するSOP（標準作業手順書）の策定、導入、および継続的な業務改善。 4. 部門間調整：各部門との折衝・コ
13991881,企畫編輯,財團法人信誼基金會,雙北,台北市,台北市中正區,文字/傳媒工作,其他服務/工商貿易,38000~9999999 (period=4),月薪,38000,38000,0,0,傳統無AI,無,0,0,0,0,1. 產品企畫與開發：企畫及開發0～8歲幼兒圖畫書、玩具，以及幼兒園教材、教具等產品。 2. 出版品製作與專案管理：依產品企畫及出版需求，進行錄音、動畫、影片等內容製作及外部製作發包、聯繫與執行管理。 3. 行銷推廣專案協作：協助行銷單位規劃及執行產品推廣、宣傳等相關專案。 4. 內容與資源轉化：將既有出版內容資源及專業素材轉化為多元形式，發展產品、活動或數位內容。 5. 社群平台經營：規劃及製作社群內容，經營與維護社群平台，提升品牌及產品之觸及與互動。
14809835,體育休閒記者,民報媒體股份有限公司,雙北,台北市,台北市松山區,文字/傳媒工作,其他服務/工商貿易,面議,面議,,,1,0,傳統無AI,無,0,0,0,0,【工作內容】 採訪體育、休閒相關議題，撰寫職棒、職籃等體育新聞外，也要針對路跑、爬山、羽球、游泳等其他運動項目，撰寫實用、切身專題報導。 依實際求職者相關工作經歷議定薪資。  【必備條件】 1.運動相關領域採訪工作經驗2年以上 2.能獨立採訪、撰寫稿件，拍攝照片並完成上傳 3.需定期製作專題採訪寫作，並參與影音製作  【加分條件】 1.對體育、休閒議題具高度熱忱，能掌握國內外重大體育新聞動向，並撰寫球員內幕觀察 2.其他相關新聞支援 3.個性積極、配合度高
15405630,文字編輯,朱墨形象設計廣告有限公司,雙北,台北市,台北市信義區,文字/傳媒工作,廣告行銷/公關顧問,38000~38000 (period=0),月薪,38000,38000,0,0,傳統無AI,無,0,0,0,0,1. 負責公司專刊、刊物編輯、文字編輯、採訪內部及外部文件的編輯、排版、修訂等工作。 2. 負責公司網站、社群平臺等內容的撰寫、翻譯、校對等工作。 3. 撰寫公司相關宣傳、廣告、推廣等文案。 4. 參與公司內部會議、報告等相關文件的編輯、整理等工作。 5. 協助其他部門完成相關文案撰寫、翻譯、排版等工作。  本職位負責公司文字編輯、翻譯、校對等相關工作，對於文字內容有高度要求，工作發展前景良好。 歡迎符合上述要求的人才申請本職位，期待您的加入！
5375689,日本部專業人員【福利佳，待遇優】,豐業聯合會計師事務所,雙北,台北市,台北市中山區,文字/傳媒工作,文教/補教培訓,35000~65000 (period=0),月薪,35000,65000,0,0,傳統無AI,無,0,1,0,0,工作內容及日文語文能力： (1)日本客戶電話回覆，日文書信翻譯及往來，日本客戶拜訪時出席會議並翻譯 (2)薪資委外計算及勞健保加退保等 (3)工商登記助理(本事務所有專人帶領及指導，無相關工商登記經驗可) (4)日文檢定：N1 (5)具會計商業背景尤佳  員工福利： (1)年終獎金 (2)半年度獎金 (3)國外或國內員工旅遊 (4)加班費、勞健保(雇主負擔部分)及新制退休金另計 (5)每位員工皆加入團體保險 (6)不定期所內及所外教育訓練 (7)正常工時：每日上班工時8小時(AM9:00-12:00，PM1:00-6:00，但PM1:00-1:30為自由時間，可上班可休息) (8)亦可選擇彈性
14040847,In-House Staff Writer,三民書局股份有限公司,雙北,台北市,台北市中山區,文字/傳媒工作,資訊科技/軟體網路,面議,面議,,,1,0,傳統無AI,無,0,0,0,1,Company Introduction: Sanmin is dedicated to creating high-quality educational materials. We are seeking experienced and enthusiastic writers to contribute to our senior high school textbooks and supplementary publications. This is an opportunity to make a meaningful impact on students’ learning jou
14281600,數據標註暨資料審查員,美商昇迪凡科技術有限公司台灣分公司,雙北,台北市,台北市南港區,文字/傳媒工作,資訊科技/軟體網路,33000~38000 (period=0),月薪,33000,38000,0,0,傳統無AI,無,0,1,0,0,"【資格條件】 大學在校生、大學畢業生、,英文讀寫精通(具備第二外語為plus) ； 細心、注重細節，思考邏輯清晰；  必須達到：多益 600 以上 或者 全民英檢高級 或者 IELTS 6.0 或者 TOFEL 90  【工作內容】 依照作業手冊規定，使用公司系統工具對各類英文表單/相關數據進行判讀及標註作業  確認所標註資料的準確度及一致性。 "
15145207,Chinese - Korean Interpreter 中韓專業口筆譯人員,LINE Pay_連加網路商業股份有限公司,雙北,台北市,台北市南港區,文字/傳媒工作,資訊科技/軟體網路,面議,面議,,,1,0,傳統無AI,無,0,0,0,0,職務介紹 本職務所需擔任的角色並非專業 IT 工程師，而是與開發和基礎設施(Infra)團隊共同合作，負責協助中韓文間之順暢溝通。 我們正在尋找對 IT 領域工作環境及技術專業術語有興趣，能快速理解專案內容與工作脈絡，並準確傳達資訊的人才。 如果您具備優秀的口筆譯能力、良好的溝通協調能力，且樂於積極學習新領域的知識，即使沒有技術背景也歡迎加入我們（具備技術領域經驗者更佳）。  [Responsibilities] 支援中韓文 IT 溝通及口譯 (80%) - 協助開發與基礎設施團隊間的中韓文溝通。 - 於技術會議及專案協作過程中，協助逐步口譯並準確傳達工作內容。 - 理解 IT 專業術語及業務
15152952,記者,財團法人幼幼社會福利慈善基金會,雙北,台北市,台北市中正區,文字/傳媒工作,廣告行銷/公關顧問,33000~40000 (period=0),月薪,33000,40000,0,0,傳統無AI,無,0,0,0,0,我們正在尋找一位兼具文字力與同理心的夥伴，加入幼幼基金會，一起為弱勢孩子發聲，讓更多人看見需要被幫助的生命故事。  1. **社群經營與內容製作** * 經營 Facebook、Instagram、Threads 等社群平台 * 規劃並撰寫貼文（含募款、活動宣傳、故事分享等） * 發想具傳播力與溫度的內容，提高互動與觸及  2. **人物採訪與報導撰寫** * 每月完成至少 2 則弱勢個案採訪與深度報導 * 實地訪視、整理故事脈絡，撰寫具感染力的文字內容 * 與內部團隊合作，轉化為募款或倡議素材  3. **行政與文書支援** * 協助補助申請案件之資料整理與文書處理 * 配合專案進行相關行政
15017259,【食力傳媒】編輯助理,元就股份有限公司,雙北,台北市,台北市中正區,文字/傳媒工作,生技/醫療保健,210~230 (period=0),時薪折算,33600,36800,0,0,傳統無AI,無,0,0,0,0,如果你對飲食、食育、農業、食品安全、食品產業、健康生活等議題有興趣，並且願意一起改變社會、傳遞正確知識，歡迎加入食力！ 1、協助文稿編輯與上稿、數據整理、文案資料整理等 2、協助辦理媒體活動、執行行政事務 3、認真細心，具備文字能力、口語表達能力者佳加分 4、新聞、文學、食品、營養、農業、生物相關科系尤佳 5、一週至少可工讀時數24小時以上（至少3個工作天）
14383639,歐美留學升學顧問,臺北市私立王健設計藝術技藝短期補習班,雙北,台北市,台北市大安區,文字/傳媒工作,文教/補教培訓,20000~70000 (period=3),月薪,20000,70000,0,0,傳統無AI,無,0,0,0,0,In house 專案留學顧問。可獨立作業，具備歐美留學經驗者佳。 輔導國內高中生，大學生申請歐美四年制大學或研究所。 工時彈性，可以依照時數或案件計算報酬。  如果您符合以上要求，並對此職位感興趣，請隨時提交您的申請。我們期待著您的加入！
14920523,輕漫書系編輯,三采文化股份有限公司,雙北,台北市,台北市內湖區,文字/傳媒工作,其他服務/工商貿易,面議,面議,,,1,0,傳統無AI,無,0,1,0,0,【三采輕漫書系】徵人 讀起輕小說、滑起網漫就停不下來的你，會珍藏喜愛周邊特典、熟悉日本輕漫二次元，更對韓國流行文化如數家珍的你，快來成為【三采輕漫書系】的一份子吧！  【主要工作內容】 1.編務執行 ‧「如質、如期、如預算」能力為基本；能掌控出版編務流程與時程。 ‧邏輯清晰、表達清楚，溝通能力佳。 ‧對輕漫市場、讀者需求等有概念，能隨書市變化做滾動式調整。 ‧具2年以上輕漫書籍編輯與製作周邊經驗。  2.日韓台輕漫之選書審書 ‧具基礎韓日文能力，熟悉韓日台輕漫生態系，長期關注韓日流行文化。 ‧常關注輕漫相關社群，有行銷宣傳概念者尤佳。  【具備特質】 1.喜歡閱讀，細心並具責任感。 2.主動積
14283143,責任編輯,五南圖書出版股份有限公司,雙北,台北市,台北市大安區,文字/傳媒工作,其他服務/工商貿易,32000~35000 (period=2),月薪,32000,35000,0,0,傳統無AI,無,0,0,0,0,1.編輯、校對政治、公行及法律領域的大專教科書、一般科普書籍及期刊。 2.法律工具書的資料蒐集及校正。 3.掌握書籍出版流程、進度以及控管書籍品質。 4.協助執行部門主管交辦事項。
15269156,專利程序專員,聖島國際專利商標聯合事務所,雙北,台北市,台北市松山區,文字/傳媒工作,其他服務/工商貿易,35000~40000 (period=0),月薪,35000,40000,0,0,傳統無AI,無,0,0,0,0,進口專利案件申請及專利程序相關事務之處理。
15238416,圖書編輯(CT-春光出版),城邦媒體控股集團_城邦文化事業股份有限公司,雙北,台北市,台北市南港區,文字/傳媒工作,其他服務/工商貿易,36000~40000 (period=4),月薪,36000,40000,0,0,傳統無AI,無,0,1,0,0,【春光出版介紹】 我們是綜合型的出版社，以「女性會關注的題材」為選書主題。主力書系為：南風系（BL小說、BL漫畫）、圖文書、暢銷小說（為女性讀者選題的文學小說）、TOUCH小說（療癒小說）、命理開運（命理、占星工具書）。  常規書系之外，另規劃有「言情名家專門店」，專門出版台灣本土言情作家的作品，如：典心、凌淑芬、黑潔明、蔡小雀（雀頤）、鏡水、瓊瑤（依姓名筆畫順序排列）。  部門團隊氣氛活絡，成員溝通水平流暢，市場資訊交流公開，歡迎喜愛文字與閱讀，想要成為第一線出版人的人才加入我們的行列！  【主要項目】 1.	社內選書：企劃、發想本土主題自製書；評估書訊、發掘適合春光的外版書。書市狀況觀察。
10268720,日籍主管助理・秘書・行銷助理（日本人歓迎）,大鴻藝術股份有限公司,雙北,台北市,台北市大同區,文字/傳媒工作,文教/補教培訓,42000~9999999 (period=0),月薪,42000,42000,0,0,傳統無AI,無,0,1,0,0,本職務主要負責職務範圍： 日系生活創意、流行文化、演藝娛樂活動等相關業務  職務內容： 1.會議口譯及日文之文件翻譯  2.日本客戶之對應與接待 3.行政事務及日籍主管交辦事項 4.支援相關企業協調溝通  需求條件：  1.願意長期穩定在任者優先考慮 2.日文聽說讀寫流利(JLPT N1或接近母語程度) 3.歡迎中文聽說讀寫流利(具business level)的日本人 4.具備跨部門溝通協調能力  工作表現優良者有長期派駐或轉任日本關係企業的機會。 大鴻藝術鼓勵夥伴透過社內培訓或海外研修精進技能、擴大視野， 我們相信人材的進步才能讓公司不斷成長，秉持共好理念，提供多元的職涯發展選擇。
15269572,【台北】韓語海外專員 / 한국어 글로벌 해외 스페셜리스트（無經驗可！/경력 무관）,愛生育生物科技股份有限公司,雙北,台北市,台北市中山區,文字/傳媒工作,生技/醫療保健,40000~52000 (period=0),月薪,40000,52000,0,0,傳統無AI,無,0,1,1,0,"尋找熱愛跨文化溝通、充滿溫暖的你！ / 글로벌 커뮤니케이션을 사랑하는 따뜻한 인재를 찾습니다!  【우대 및 환영 대상 / 歡迎對象】 대만 거주 한국인 (중국어 말하기 소통이 원활하신 분, 한자 독해가 조금 서툴러도 환영!)  長住台灣之韓國人（中文口語溝通順暢，即使中文字閱讀較不熟悉也熱烈歡迎！）  한국어 능통 대만인 (TOPIK II 5급 이상) 具備韓語專長之台灣人（韓檢 5 級以上或具同等實力）  우리가 제공하는 혜택 / 我們提供 체계적인 교육 및 트레이닝 제도 (신입 지원 가능!) 의학 지식이 없어도 걱정하지 마세요! 체계적인 교육을 통해 "
12832248,內勤記者,八大電視股份有限公司,雙北,台北市,台北市內湖區,文字/傳媒工作,其他服務/工商貿易,32000~45000 (period=0),月薪,32000,45000,0,0,傳統無AI,無,0,0,0,0,製作每日新聞 製作每週節目部新聞 地方新聞蒐集彙整及開稿 製作業配、專案 側錄新聞畫面  
15083461,找尋英文細節控！兒美教材編輯夥伴,新加坡商佳智科技股份有限公司台灣分公司,雙北,台北市,台北市松山區,文字/傳媒工作,文教/補教培訓,260~260 (period=0),時薪折算,41600,41600,0,0,傳統無AI,無,0,1,0,0, 關於這份工作： 我們正在尋找一位對英文有熱情、對文字有「潔癖」的戰友！這不只是一份編輯工作，你是讓小朋友愛上英文的幕後推手。我們提供優於市場的 $260 時薪，找尋同樣追求高品質的你。  你的日常挑戰（任務全紀錄）：  【內容守門員】 負責國小程度英語題目(針對108 課綱、生活化情境式英文)編輯，把關每一題的品質。 發揮你的校對功力進行內容優化，並細心完成系統上架與檢查。 維持每日題目更新，讓學習不間斷！  【系統整理大師】 協助建立課程資料，把課表內容整理得井然有序。 負責系統資料的更新與校對，你是我們資料庫的導航員。  【教學最強後援】 整理各式英語學習素材，發揮語感進行翻譯與文字優化
15364645,【42~45K】知名遊戲集團-新聞部社群編輯(NOWNEWS) STL,美商康彼斯有限公司台灣分公司,雙北,台北市,台北市內湖區,文字/傳媒工作,生技/醫療保健,42000~45000 (period=0),月薪,42000,45000,0,0,傳統無AI,無,0,0,0,0,工作內容： 1. 輪班擔任新聞主粉專之值班編輯，早晚兩班皆須輪值 2. 獨立負責當班 Facebook 貼文之選題、文案撰寫、發布與互動回覆 3. 負責當班 LINE 官方帳號推播一則，含選題判斷與標題撰寫 4. 突發新聞之即時跟進與發布 5. 依排班表輪值週末與國定假日  特質： 1. 可配合輪班制（早班與晚班皆須輪值），並可輪值週末及國定假日 2. 具獨立值班能力：能單獨完成選題判斷、決定是否推播、自行下標並發布 3. 具即時新聞判斷力：能判斷事件是否跟進、跟進節奏 4. 具中文下標與社群文案撰寫能力 5. 具基本新聞法遵認知：個資、未成年報導、自殺與兒少報導準則、圖片著作權 6. 可穩定
13959055,小說企劃編輯(SP3-2-2-尖端出版),城邦媒體控股集團_城邦文化事業股份有限公司,雙北,台北市,台北市南港區,文字/傳媒工作,其他服務/工商貿易,32000~9999999 (period=0),月薪,32000,32000,0,0,傳統無AI,無,0,0,0,0,1.編製原創圖書、輕小說、一般翻譯書籍（英、日、西班牙文等）。 2.負責推廣IP、洽談異業合作、授權業務。 
11292478,日本業務助理,眾尋科技股份有限公司,雙北,台北市,台北市內湖區,文字/傳媒工作,資訊科技/軟體網路,40000~60000 (period=0),月薪,40000,60000,0,0,傳統無AI,無,0,0,1,0,1. 協助日籍客戶到廠時的口譯工作； 2. 國外會議的口譯紀錄、書信往來、文件翻譯； 3. 資料輸入及相關表格製作； 4. 出口報關的資料整理； 5. 科技相關文件翻譯及必要時口譯； 6. 其他主管交辦事項。  本職位在日籍客戶與臺灣員工之間擔任重要的溝通橋樑，未來發展前景廣闊，可望在跨國企業內發揮更大的影響力。 歡迎符合上述條件的求職者申請，期待與您合作。
13518774,韓文翻譯專員 / 한국어 번역인원 - 경력 무관! 졸업예정자 환영!,Pearl Abyss_珍艾碧絲有限公司,雙北,台北市,台北市松山區,文字/傳媒工作,其他服務/工商貿易,37000~60000 (period=0),月薪,37000,60000,0,0,傳統無AI,無,0,0,0,0,語文系畢業後不知道下一步在哪裡? 擔心沒有相關產業經驗? 擁有優秀的語言能力，卻找不到能盡情發揮的舞台? 如果你熱愛遊戲、樂於學習，並且想把語言專長轉化成職場競爭力，Pearl Abyss 珍艾碧絲正在尋找這樣的你! 加入我們，你不只是翻譯遊戲內容，更是全球玩家與遊戲世界連結的重要橋樑! 除了累積翻譯與在地化專業能力外，若你對遊戲營運或行銷等其他相關領域有興趣，也有機會透過跨部門合作與內部職涯發展，逐步接觸相關工作內容，探索更多發展方向喔~!   --------------------------- 工作內容 --------------------------- ▶ 文書翻譯 (公司內部文
15318966,【外發】文字編輯,巴巴文化_也是文創有限公司,雙北,台北市,台北市文山區,文字/傳媒工作,其他服務/工商貿易,10000~9999999 (period=2),面議,,,1,0,傳統無AI,無,0,0,0,0,你熱愛發掘好故事、有用不完的創意點子嗎？歡迎來聊聊！  【工作內容】 1. 共創故事：不只是修改，更能主動與創作者激盪想法，協助故事梳理脈絡、調整結構，讓內容以更完整、更有創意的方式被表現出來。 2. 進度規劃與專案掌控：依據出版排程，安排清晰的編輯時程，主動掌握並推進各階段工作進度。 3. 文字品質把關：進行校對作業，把關錯別字、語病與事實查核，一起守護孩子的閱讀體驗。  【必要條件】 1.  一年以上編輯相關工作經驗。  我們希望你有這樣的特質 1.  喜歡討論，能與團隊激盪創意。 2.  懂得掌握進度，不用人催也能準時交出漂亮作品。 3.  細心又耐得住性子！  採論件計酬，依專案難易度
14882714,安庭青年旅舍＿能聊善寫小管家（晚班文字&影音社群工作）＿(C),安庭澔思有限公司,雙北,台北市,台北市大同區,文字/傳媒工作,資訊科技/軟體網路,200~210 (period=0),時薪折算,32000,33600,0,0,傳統無AI,無,0,1,0,0,關於工作環境： 我們是位在台北車站的青年旅館 旅客來源多為世界各國的背包客 其中又以北美、歐洲、紐澳為主 然後點綴著其他從世界不同角落來的客人 是一個可以不用出國但世界就會在你身邊的工作環境   關於你： 英文聽說讀寫流利 善於使用社群媒體、修圖及影音編輯軟體 對外國人事物有高度的熱衷 可能有在追蹤和國外相關的粉絲頁 樂於和外國人聊天、交朋友 喜歡探索生活、興趣多元 可能是美食、電影、旅行、音樂、攝影 喜歡和人聊天交換想法 喜歡用文字、影片記錄各種觀察   工作內容： 1. 和客人閒話家常（能在聊天的過程中構思想寫的內容或想拍的短影音，並且能夠在聊天結束後的空檔把內容完成，有點類似記者做人物專
8257747,長期工讀生,斯維行銷有限公司,雙北,台北市,台北市大安區,文字/傳媒工作,廣告行銷/公關顧問,200~200 (period=0),時薪折算,32000,32000,0,0,傳統無AI,無,0,1,0,0,1. 認真、負責任、勤奮、反應快、善溝通者尤佳。 2. 主動積極 3. 中文與英文寫作能力佳 4. 邏輯性強對於公關及時尚產業有高度興趣。 5. 思路清楚具有策略分析及統籌能力，細心負責有責任感 6. 具備卓越的溝通技巧，能夠建立並維護與高端客戶的良好關係。 7. 優秀的時間管理能力，能夠在快節奏的環境中有效組織工作。 
13458787,法律專業用書校對人員,新學林出版股份有限公司,雙北,台北市,台北市大安區,文字/傳媒工作,其他服務/工商貿易,196~196 (period=0),時薪折算,31360,31360,0,0,傳統無AI,無,0,0,0,0,主要工作是協助編輯校對「法律系大專用書、法律工具書」，例如法條及實務判決的查校、校對內文的正確性（例如挑出錯別字、文意通順與否等等）。  工作要求： 1.細心負責。 2.須具備基本的Word文書操作。  學經歷需求： 法律系或法律所畢，近兩年曾準備或正準備律師、司法官考試者尤佳。  待遇： 依勞基法規定，時薪$196元，並享勞健保。  工作福利： 1.每月特定日的員工下午茶。 2.考試用書、教科書的購書，享員工價折扣。  上班時間： 工作天為週一至週五的上班日9:00~12:00；午休一小時；13:00~18:00， 可週一、週四、週五排班者優先，每週二至三天。  
14619502,TaiwanPlus 新聞部新聞節目群-編輯,財團法人公共電視文化事業基金會,雙北,台北市,台北市中山區,文字/傳媒工作,其他服務/工商貿易,37000~70000 (period=0),月薪,37000,70000,0,0,傳統無AI,無,0,0,0,0,1.負責蒐集並追蹤台灣及國際重大新聞議題，進行相關資料彙整與報稿。 2.協助編修與校正記者文稿，確保內容正確性與專業度。 3.規劃與編排各時段新聞節目RUNDOWN，並負責節目ON AIR播出之流程掌控。 4.製作新聞片段，包括ROLL帶、片尾以及TEASER等影音內容。 5.協助每週專題報導之錄影與相關製作工作。 6.協助新聞片庫上傳，建檔作業 7.協助新聞影片上傳至TaiwanPlus官網
14786996,科技產業編輯－科技趨勢洞察 ∣ AI 驅動分析 ∣ 引領全球新創議題 Tech Industry Editor,TRENDFORCE_集邦科技股份有限公司,雙北,台北市,台北市中山區,文字/傳媒工作,資訊科技/軟體網路,42000~50000 (period=0),月薪,42000,50000,0,0,傳統無AI,無,0,0,0,1,【職位概述】 我們是一家專注於前瞻科技領域的科技產業分析調研機構與內容平台，致力於為讀者提供最深入、最具洞察力的產業分析。我們相信，優質的內容是推動創新與連結社群的關鍵力量。我們的團隊充滿熱情與好奇心，共同打造一個引領科技對話的知識中心。  作為我們內容團隊的核心成員，你將不僅僅是一位編輯，更是科技脈動的解讀者與趨勢的領航員。你將運用 AI 工具，從龐雜的資訊海中提煉出獨家觀點，透過精闢的分析與報導，塑造市場對科技議題的認知。這個職位將賦予你絕佳的機會，與我們一同定義下一代科技內容的標準，並成為產業中具備影響力的聲音。  【Position Overview】 We are a tech in
14516321,行銷企劃 /資深行銷企劃,時報文化出版企業股份有限公司,雙北,台北市,台北市萬華區,文字/傳媒工作,廣告行銷/公關顧問,35000~50000 (period=4),月薪,35000,50000,0,0,傳統無AI,無,0,0,0,0,1. 針對出版品內容發想行銷創意，規劃行銷主軸，並執行跨媒體及數位社群合作，以數據驅動決策並優化策略，達成績效目標。 2. 規劃並執行各種活動（作者見面會、記者會、演講、課程…等）。  3. 掌握產品行銷進度與品質，保持與作繪者和外界重要合作夥伴的密切溝通。 4. 規劃與經營圖書主題領域社群，建立網路口碑傳播的管道。  
15400601,誠徵- Atlas 托福雅思模擬考批改老師（遠端 + 長期合作）,菁英雲教育科技股份有限公司,雙北,台北市,台北市中正區,文字/傳媒工作,文教/補教培訓,140~200 (period=0),時薪折算,22400,32000,0,0,傳統無AI,無,0,1,0,0,【關於Atlas】 Atlas 是專注於托福 (TOEFL) 與雅思(IELTS) 的成人英語學習品牌，由擁有30年以上教學經驗的菁英國際文教體系所知持。  【工作內容】 ✔依照團隊的 SOP，批改考生「口說」與「寫作」科目的模擬試題 ✔依官方標準，給予準確且具鑑別度的分數 ✔針對考生的答題內容，撰寫具體、可執行的修改建議（如：文法、邏輯連貫性、發音）  ✔配合批改時效 於指定期限內完成批改並回傳結果，確保考生能即時取得回饋  【工作性質】 ★採計件合作制，非僱傭關係  ✔全遠端線上 ✔論件計酬   【條件】 ★ 中英文精通 ★ 有托福/ 雅思考試經驗為佳  【應徵方式】 ★ 請直接點選表單進
15391391,10/11-10/16 台灣國際水週-英文人員,人才天下有限公司,雙北,台北市,台北市南港區,文字/傳媒工作,廣告行銷/公關顧問,196~220 (period=0),時薪折算,31360,35200,0,0,傳統無AI,無,0,1,0,0,活動名稱：10/11-10/16 台灣國際水週-英文人員 活動時間： (檔期一) 10/11  14:00-18:00 職訓 10/14  11:00-17:00 10/15  11:00-17:00 10/16  11:00-16:00 (檔期二) 10/11  14:00-18:00 職訓 10/14  09:30-17:00 10/15  09:30-17:00 10/16  09:30-16:00 (檔期三) 10/13  13:00-17:00 職訓 10/14  09:00-17:00 10/15  09:00-17:00 10/16  09:00-16:00 (檔期擇一，檔期內日
13481507,英語研究員(碩士級及博士級),財團法人語言訓練測驗中心,雙北,台北市,台北市信義區,文字/傳媒工作,文教/補教培訓,44000~9999999 (period=0),月薪,44000,44000,0,0,傳統無AI,無,0,1,0,0,英語測驗評量、教材研發及學術研究
14751155,財經助理,浦惠證券投資顧問股份有限公司,雙北,台北市,台北市中山區,文字/傳媒工作,資訊科技/軟體網路,36000~46000 (period=0),月薪,36000,46000,0,0,傳統無AI,無,0,0,0,0,【工作內容】 1. 協助經營社群平台 2. 發想社群活動、撰寫貼文、與粉絲互動 3. 協助整理報告、發送簡訊 4. 其他主管交辦事項  【條件需求】 1. 溝通表達能力佳、熟文書軟體（PPT、Word、Excel） 2. 良好的時間管理及團隊配合力、願意挑戰、學習力強 3. 具備財經產業經驗，或財經證照尤佳
13392674,醫療器材研發工程師 / 技術文件撰寫工程師,美商宇心生醫股份有限公司台灣分公司,雙北,台北市,台北市中正區,文字/傳媒工作,生技/醫療保健,35000~70000 (period=0),月薪,35000,70000,0,0,傳統無AI,無,0,1,0,0,工作內容 * 醫療器材設計開發相關文件撰寫、維護 * 醫療器材產品取證策略研究 * 醫療器材產品取證相關文件撰寫、維護 * 風險評估、測試、驗證等相關技術文件報告撰寫 * 臨床試驗相關文件協助撰寫 * 文獻搜索 * 類似品資訊研究 * 相關專利搜索   其他條件 * 具備SaMD開發相關法規之實際經驗者 * 具備優良文件撰寫與表達能力（包括中文、英文），內容需符合邏輯 * 具備製圖能力，包含流程圖、系統架構圖、統計圖表 * 具備高度關注細節的能力、耐心、問題解決的能力 * 精通資料庫搜索能力 * 精通英文讀寫能力 * 具有執行過臨床試驗或IRB者加分
15350728,Corporate Communications Manager,電通商業顧問股份有限公司,雙北,台北市,台北市信義區,文字/傳媒工作,其他服務/工商貿易,面議,面議,,,1,0,傳統無AI,無,0,0,0,1,"The Corporate Communications Manager will play a key role in shaping and strengthening dentsu’s corporate reputation by communicating our key messages, achievements, thought leadership, perspectives and points of view to external audiences.  This is a highly external-facing role requiring strong med"
15257961,Inbound│緊急│日本人観光客対応スタッフ,三普旅行社有限公司,雙北,台北市,台北市中山區,文字/傳媒工作,其他服務/工商貿易,38000~40000 (period=0),月薪,38000,40000,0,0,傳統無AI,無,0,0,0,0,私たちのチームは、お客様の大切な台湾旅行を安心して楽しんでいただく為、「迅速な対応」「正確な情報」「温かい心配り」を大切にし、トラブルや不安があったとしても、お客様が笑顔で旅行を続けられるよう全力でサポートしています。  ---------------------- 主な業務内容 ---------------------- ・台湾旅行中のお客様からの各種お問い合わせやトラブルの電話対応。（場合により現場対応も有り） ・日本の旅行会社および弊社日本支社と連携し、メールによる案件報告。 ・お客様への医療サポートを提供し、医療通訳およびその他の通訳業務。 ・お客様の紛失物の捜索および追跡対応。 ・
14809825,網路編輯,民報媒體股份有限公司,雙北,台北市,台北市松山區,文字/傳媒工作,生技/醫療保健,30000~40000 (period=3),月薪,30000,40000,0,0,傳統無AI,無,0,0,0,0,工作內容： 1.負責網路新聞之撰寫、編輯、改寫及下標，具備即時處理重大新聞事件與快速出稿能力。 2.新聞配圖處理，具備基礎製圖能力。 3.偶爾需要協助品牌社群平台（FB、IG、THREADS等）之維護、發文與互動。 4.會使用Google Analytics等流量分析工具追蹤成效。 5.需可配合假日值班。 6.其它主管交辦事項。 在即時新聞滿天飛的年代，《民報》9月全面改組擴編，尋找有志於挖掘新聞與真相的您，在突發事件當下撰寫即時報導，並從議題新聞找回工作的價值，歡迎對財經、理財、醫療、休閒、網編、影音等領域有經驗的新聞人員，成為我們的夥伴。
14789084,國際事務,派力國際股份有限公司,雙北,台北市,台北市信義區,文字/傳媒工作,文教/補教培訓,40000~9999999 (period=3),月薪,40000,40000,0,0,傳統無AI,無,0,1,1,0,1.負責國際美髮品牌之日常溝通與聯繫，協助維繫海外原廠與台灣市場之合作關係 2.協助國際貿易採購相關業務，包括訂單處理、出貨安排、進口文件製作及到貨追蹤 3.進行品牌相關文件、美髮產品資料、教育教材及行銷製作物之中英文翻譯與校對 4.協助規劃並接待國外美髮講師來台授課、教育訓練或品牌活動（行程安排、現場協助與溝通協調） 5.處理國際貿易及品牌代理相關之行政作業，確保作業流程順暢 6.與行銷、教育等部門進行跨部門協作
14452094,文字記者（新聞高峰會專題文字記者）,中華電視股份有限公司,雙北,台北市,台北市大安區,文字/傳媒工作,其他服務/工商貿易,面議,面議,,,1,0,傳統無AI,無,0,0,0,0,新聞節目專題企劃、採訪、撰稿等多元面向並願挑戰創新多元的節目型態。
15403515,10/12.10/13全球商機鍊結總動員-美加場-英文人員,人才天下有限公司,雙北,台北市,台北市信義區,文字/傳媒工作,廣告行銷/公關顧問,196~220 (period=0),時薪折算,31360,35200,0,0,傳統無AI,無,0,1,0,0,活動名稱：10/12.10/13全球商機鍊結總動員-美加場-英文人員 活動時間： 10/12  14:00-18:00職訓 10/13  08:30-18:00 (需全檔期配合；用餐30分鐘不計薪供餐，活動時間及崗位依照現場為主) 工作內容：協助買主廠商報到，服務諮詢、門口管制、動線引導、確認買主場次情況、登記候補，協助洽談並記錄、回收問卷、統整洽談會資料、機動支援現場事務等 活動地點：台北國際會議中心（110台北市信義區信義路五段1號） 活動服裝：黑色正式服裝(白色有領襯衫+黑長褲+黑長袖西裝外套+黑皮鞋/黑娃娃鞋) 活動薪資：職訓NT196/HR；活動NT220/HR 活動人數：17人 匯
3460121,兼職-中翻日_翻譯人員,萬象翻譯股份有限公司,雙北,台北市,台北市松山區,文字/傳媒工作,文教/補教培訓,29500~100000 (period=0),月薪,29500,100000,0,0,傳統無AI,無,0,0,0,0,1. 各領域文件中翻日。 2. 此為兼職性質，接件交件均以 email 聯繫。 3. 無固定案量，視客戶來稿量與個別譯者接件狀況而定。 4. 固定單價配合，以翻譯案件的原文字計費，以件論酬。 5. 需具備一定產量，每週能固定承接2000-3000字以上者佳。 6. 需使用翻譯工具 (以 SDL Trados Studio 和 Phrase TMS 為主，可提供線上培訓) ＊＊特此說明，此工作為論件計酬，不適用勞動部規定之最低月薪，採月結算。 
15280043,ELLE特約編輯,台灣赫斯特媒體股份有限公司,雙北,台北市,台北市信義區,文字/傳媒工作,其他服務/工商貿易,30000~30000 (period=2),月薪,30000,30000,0,0,傳統無AI,無,0,0,0,0,1. 內容產出：負責ELLE官網文章撰寫與上稿 2. 國際內容在地化：翻譯、改寫國際版本 3. 長青內容優化：定期盤點網站舊文，協助優化與內容更新， 4. 社群素材製作：製作社群圖卡（Canva），將文章轉化為社群素材 5. 編輯部協作：參與編輯部日常運作
15265102,總公司：日文口譯人才(Global Mall),環球購物中心股份有限公司,雙北,台北市,台北市松山區,文字/傳媒工作,其他服務/工商貿易,面議,面議,,,1,0,傳統無AI,無,0,1,0,0,1.協助主管及各項會議之日文口譯、現場溝通翻譯。 2.負責日文文件、信件及相關資料翻譯與彙整。 3.協助處理日文相關業務聯繫及跨部門溝通。 4.安排主管行程、會議及相關行政作業。 5.協助部門行政事務及主管交辦事項。
14499085,【大夜班】排版專員DTP Specialist（台北辦公室）,圖靈文本股份有限公司,雙北,台北市,台北市大安區,文字/傳媒工作,資訊科技/軟體網路,35000~40000 (period=0),月薪,35000,40000,0,0,傳統無AI,無,0,1,0,0,//////// 此工作非設計，需精通Adobe InDesign及出版品，無此經驗請勿聯繫 ////////   【誠徵InDesign好手】  圖靈文本 TuringText 為美商 Pixroller Publishing Solutions 的台灣子公司，總部位於紐約市，客戶多為 Fortune 500 (財星世界500強) 公司，台灣圖靈文本為客戶提供金融、保險業以及時尚品牌等產業快捷、精確的多國語言排版、版面設計、跨渠道大量個性化文件生成等服務及線下線上平台。歡迎熱愛語言、擅長使用排版及版面設計軟體、能獨立思考解決問題並重視自我管理、中英語能力佳且擅長溝通的夥伴加入。  工作內容：
13441586,"(信義區)Live 互動美語績優合作校全職美語老師(薪43,000起，帶班獎金另計)",KiKi家族連鎖教育機構_臺北市私立奇奇兒童課後照顧服務中心,雙北,台北市,台北市信義區,文字/傳媒工作,文教/補教培訓,40000~9999999 (period=0),月薪,40000,40000,0,0,傳統無AI,無,0,0,0,0,KiKi家族非常重視教學品質，每週固定師資培訓，並有完整的美語教材，讓對於美語教學有熱忱的您，能在工作中不斷地充實自己。  主要工作內容 : 1. 負責國小美語教學 2. 需與外師搭配授課 3. 教學活動規劃與執行(需排課) 4. 紙本作業批改 5. 錄音作業批改(2週一次) 6. 家長電訪(每月1次) 7. 拍攝1分鐘學習叮嚀短片(每2個月一次) 8. 負責基本行政事務 9. 完成主管或公司交代事項 
12162253,【台北】英文客戶案件諮詢專員,沛思坦網路股份有限公司,雙北,台北市,台北市內湖區,文字/傳媒工作,資訊科技/軟體網路,50000~9999999 (period=3),月薪,50000,50000,0,0,傳統無AI,無,0,1,0,0,"工作職責： 1. 根據客戶資料評估、分類和彙整案件。 2. 與美加的跨國團隊合作，為潛在客戶提供專業法律諮詢服務。  徵才要求： 1. 具有出色的英語寫作技巧（具有英語寫作經驗者優先錄用）。 2. 高度重視細節並具有出色的客戶服務技能。 3. 能夠在短期快速學習並獨立工作。 4. 能高效、準確地處理大量案件。 5. 具應變能力及抗壓性。 6. 畢業於國內外英語相關研究所佳。  Job responsibilities: 1. Evaluate, categorize, and organize cases based on potential clients' profiles. 2. Col"
12063209,資深醫學編輯,法瑪創意整合行銷有限公司,雙北,台北市,台北市中正區,文字/傳媒工作,生技/醫療保健,500~50000 (period=6),時薪折算,80000,80000,0,0,傳統無AI,無,0,0,0,0,主要負責醫學文章撰寫與編輯、執行編輯工作、採訪編寫、整理潤飾稿件、圖文整合，擅長民眾衛教知識的傳遞，轉化醫學知識為有趣易懂的資訊。若能與美編及動畫剪輯師配合尤佳。  工作內容分為兩大類型：  類型A： (1)蒐集並參考文獻資料、分析與撰寫各類醫藥專業刊物 (2)醫學文章或刊物撰寫與編輯 (3)參與及出席醫學會議，進行內容記錄  類型B： (1)衛教文章相關企劃：影音腳本撰寫、分鏡設計、新聞內容採訪與撰寫 (2)可以獨立完成編輯工作  
11824541,營運專員,台灣密思服務顧問有限公司,雙北,台北市,台北市松山區,文字/傳媒工作,其他服務/工商貿易,30000~45000 (period=0),月薪,30000,45000,0,0,傳統無AI,無,0,1,0,0,【職務內容】  一、系統操作：資料鍵入、處理、下載、歸檔等 ★需熟悉基本電腦文書操作  二、.專案排程規劃管理 ★自專案排程至結案數據整理等，具PM經驗者尤佳  三、電話接聽、聯絡及相關信件與電話客服應對 ★有服務業、客服經驗者或不怕與陌生人溝通者尤佳  四、其他主管交辦事項  ★具團隊合作精神、擅長文書工作、具有客服相關經驗或善於溝通者尤佳★  【工作時間、地點相關】 1.上班時間彈性，可於09～10點之間出勤 2.午休一小時，時間可自選 ★可視情形申請在家遠距工作  【注意事項】 1.本公司為日商，具備基本日文五十音閱讀能力以上者尤佳 2.義式咖啡無限量供應，有冰箱、微波爐可使用 3.有勞
15327893,韓文文字客服專員（韓語能力 | 完整培訓 | 穩定工作 | 優質輪班津貼）,威訊資訊有限公司,雙北,台北市,台北市內湖區,文字/傳媒工作,生技/醫療保健,45000~60000 (period=0),月薪,45000,60000,0,0,傳統無AI,無,0,1,0,0,【我們正在找你｜韓文線上客服專員】 學了韓文卻無處發揮嗎？這裡，就是你展現實力的舞台。 我們提供多國語言的工作環境，與來自世界各地的客戶即時互動，讓語言不只是一項技能，而是你脫穎而出的專業！  【你會喜歡這份工作的理由】 1、與來自世界各地的用戶互動，實際應用韓文與英文能力 2、穩定企業、制度完善、升遷明確 3、重視 Work-Life Balance，提供友善與尊重的工作氛圍 4、不用打電話、不需開發、不背業績  【工作內容】 1、以文字訊息方式（即時通訊軟體）為全球用戶提供即時客服服務，處理帳號、操作等相關問題，維護良好客戶關係。 2、協助解決客戶問題，並提供流程或產品操作相關的諮詢服務。
11972458,韓文事務人員/韓文翻譯,台灣樂線有限公司,雙北,台北市,台北市信義區,文字/傳媒工作,資訊科技/軟體網路,35000~9999999 (period=2),月薪,35000,35000,0,0,傳統無AI,無,0,0,0,0,1.負責與總公司的溝通事宜，含文件翻譯及口譯接待 2.遊戲內容、文件中韓文翻譯與校對 3.收集海外相關資訊以提供分享 4.協助行銷/營運規劃
12136672,【提案 on the desk】資深企劃編輯,誠品股份有限公司,雙北,台北市,台北市信義區,文字/傳媒工作,其他服務/工商貿易,面議,面議,,,1,0,傳統無AI,無,0,0,0,0,1. 書店刊物定位、內容調性管控、規劃 2. 刊物編務：主題企劃與內容發想提案、撰稿、採訪、     編務時程掌控、設計溝通、印務執行、發行管理等 3. 跨平台文案編寫、執行：網路、紙媒，含內容網站、FB、EDM等誠品自媒 4. 人員、費用管理、行政庶務  請提供您參與編輯的作品1-2份；您曾被刊登過（紙本網路不拘）的長文（至少一千字）1-2篇
13143578,心測中心-(PASSION)碩士級專任英文科研究助理,國立臺灣師範大學_心理與教育測驗研究發展中心,雙北,台北市,台北市大安區,文字/傳媒工作,文教/補教培訓,42000~9999999 (period=0),月薪,42000,42000,0,0,傳統無AI,無,0,1,0,0,一、協助學習扶助相關計畫執行。 二、協助英語教材編輯。 三、完成主管交辦事項。 四、起薪42000起，依能力調薪。
12337746,媒體部 _ 主持,電獺股份有限公司,雙北,台北市,台北市松山區,文字/傳媒工作,資訊科技/軟體網路,33000~40000 (period=2),月薪,33000,40000,0,0,傳統無AI,無,0,0,0,0,這個角色將負責 ... 1. 影片企劃與出鏡，影片內容包含產品開箱、小技巧、科技趨勢新聞等等。 2. 出席與採訪記者會、發表會或講座等公開曝光活動。 3. 經營官方及編輯個人社群平台，包含製作各平台社群貼文、直播、限時動態、短片等。 4. 撰寫電獺少女官方網站文章內容（非常態性工作）。 5. 其他主管交辦事項。
15178382,韓文文字客服專員（韓語能力 | 完整培訓 | 穩定工作 | 優質輪班津貼）,睿訊有限公司,雙北,台北市,台北市內湖區,文字/傳媒工作,文教/補教培訓,45000~60000 (period=0),月薪,45000,60000,0,0,傳統無AI,無,0,1,0,0,【我們正在找你｜韓文線上客服專員】 學了韓文卻無處發揮嗎？這裡，就是你展現實力的舞台。 我們提供多國語言的工作環境，與來自世界各地的客戶即時互動，讓語言不只是一項技能，而是你脫穎而出的專業！  【你會喜歡這份工作的理由】 1、與來自世界各地的用戶互動，實際應用韓文與英文能力 2、穩定企業、制度完善、升遷明確 3、重視 Work-Life Balance，提供友善與尊重的工作氛圍 4、不用打電話、不需開發、不背業績  【工作內容】 1、以文字訊息方式（即時通訊軟體）為全球用戶提供即時客服服務，處理帳號、操作等相關問題，維護良好客戶關係。 2、協助解決客戶問題，並提供流程或產品操作相關的諮詢服務。
14790598,韓商HANA旅行社入境部控團(OP)人員,韓亞旅行社有限公司,雙北,台北市,台北市中山區,文字/傳媒工作,其他服務/工商貿易,40000~60000 (period=5),月薪,40000,60000,0,0,傳統無AI,無,0,0,0,0,"1)台灣旅遊產品開發、與韓國旅行社業務溝通。 應徵資格(條件)  1)國籍不受拘束，但須持有台灣居留證或台灣居民身分證。(限制須有合法工作權之人士，敬請包含)  2)具國內行程安排、估價及控團經驗者。  3)具韓語能力者。  備註： 薪資：依相關經驗薪資NT40,000~NT60,000.                                     "
15254446,《天下雜誌》影響力事業部/未來城市/社群企劃,天下雜誌股份有限公司,雙北,台北市,台北市中山區,文字/傳媒工作,傳統製造/精密工業,面議,面議,,,1,0,傳統無AI,無,0,0,0,0,我們不是在找小編。   未來城市做的是城市治理、交通安全、住宅政策、AI產業轉型這類公共議題。我們需要的人，要能在看到一則政策新聞、一篇記者提案時，判斷這個議題的張力、該如何切角度，然後轉化成社群會願意停下來看的內容。   如果你習慣等別人告訴你「這篇要做成貼文」，這裡可能不適合你；我們希望你正向、喜歡動手、遇到問題會主動設法解決。   我們在找的人，接近國外媒體近年發展出的「影響力編輯」（Impact Editor）。對這個角色而言，報導發表不是終點，而是起點。從企劃階段就設定這個議題想觸及誰、用什麼形式、在什麼時機，才能真正引發討論，甚至促成改變。  【工作內容】 議題企劃 - 主動提出社
14922809,【亂搭】 漫畫本地化專案管理,巴比樂視網路科技股份有限公司,雙北,台北市,台北市大安區,文字/傳媒工作,資訊科技/軟體網路,面議,面議,,,1,0,傳統無AI,無,0,1,0,0,A. 專案與進度管理 管理日文、韓文漫畫外包翻譯專案（分派、排期、追進度） 制定翻譯交付 SLA、交期風險控管、產能預估 對接編輯團隊、確保交付符合出版計畫  B. 多語系翻譯品質管理 建立並維護(中日韓)用語庫、角色設定、風格規範手冊 協助初審並回饋翻譯公司品質問題 協調品質返修（語氣、文化轉換、類別語感如 BL / TL）  C. 外包供應商管理 選擇翻譯公司、談定合作條款、請款流程管理 供應商績效評估、給予回饋與改善措施  D. 流程與工具導入 推動翻譯流程標準化（命名規範、檔案格式、審稿流程） 規劃與導入 CAT 工具 / TMS（如 Smartcat / Trados / MemoQ
15385601,《上報》攝影中心 攝影記者,世代傳媒股份有限公司,雙北,台北市,台北市中正區,文字/傳媒工作,傳統製造/精密工業,38000~42000 (period=0),月薪,38000,42000,0,0,傳統無AI,無,0,0,0,0,《上報》誠徵「攝影記者」1名（須輪班）  ★工作內容： 1. 拍攝立法院內院會、記者會等新聞事件的照片和影音 2. 拍攝演習、操演等國防部記者會 2. 突發新聞拍攝支援 3. 資料歸檔、管理、整理 4. 協助業務單位、新聞專題拍攝照片、影音素材   ★具備條件： 1. 曾有新聞媒體工作經驗（含記者、編輯）佳 2. 對重大新聞議題具有敏銳度，包含政治、司法、社會、財經等要聞議題。 3. 有汽機車駕照佳   ★值勤方式： 1. 排班制，1天工時9小時（含1小時休息） 2. 週休二日（排休） 3. 假日（輪值）班  
15394637,10/11.10/14-10/16台灣國際智慧能源週-英文問券調查人員(NK1) * 短期 打工  南港*,人才天下有限公司,雙北,台北市,台北市南港區,文字/傳媒工作,廣告行銷/公關顧問,196~220 (period=0),時薪折算,31360,35200,0,0,傳統無AI,無,0,1,0,0,活動名稱：10/11.10/14-10/16台灣國際智慧能源週-英文問券調查人員(NK1) 活動時間： 10/11   14:00-18:00 職訓 10/14   11:00-17:00 10/15   11:00-17:00 10/16   11:00-16:00 (需全檔配合，用餐30分鐘不計薪供餐；活動時間及崗位依照現場為主) 工作內容：用平板或紙本請廠商或參觀者填問券調查等 活動地點：南港展覽館一館（115台北市南港區經貿二路一號） 活動服裝：黑色正式服裝(白色襯衫+黑褲+黑西裝外套+黑皮鞋/黑娃娃鞋) 活動薪資：職訓196/HR；活動NT220/HR 活動人數：6人 匯款日期：活動
14439720,外勤人員(人力仲介業-熟印尼語佳),菲揚國際有限公司,雙北,台北市,台北市松山區,文字/傳媒工作,其他服務/工商貿易,35000~45000 (period=6),月薪,35000,45000,0,0,傳統無AI,無,0,0,0,0,*具外勞仲介業經驗佳  1.接送移工至雇主宅。 2.相關單位收送文件。(勞動部.移民署.就服中心.航空公司....) 3.聯繫及溝通協調。 4.主管交辦事項。
11381622,新聞部娛樂中心-娛樂影音企劃,東森新媒體控股股份有限公司,雙北,台北市,台北市南港區,文字/傳媒工作,資訊科技/軟體網路,38000~50000 (period=2),月薪,38000,50000,0,0,傳統無AI,無,0,0,0,0,1.熱愛娛樂新聞與節目，喜愛國內外戲劇、綜藝、電影、音樂以及明星。 2.對影音新聞有極高熱忱，有創意有想法，能把影片製作活潑化。 3有影音文稿企劃撰寫能力。 4.具有影片剪輯與編修的基礎能力，會edius佳。 5.能團隊合作、擅溝通，積極主動也樂於助人。
13974994,外語 ( 英/法/西/德/義 ) 旅遊企劃,異數風格旅行社股份有限公司,雙北,台北市,台北市中山區,文字/傳媒工作,文教/補教培訓,34000~45000 (period=2),月薪,34000,45000,0,0,傳統無AI,無,0,1,0,0,外語旅遊企劃職務如下 1. 旅遊團務執行：直接連絡海外供應商預訂飯店、餐廳、交通車、景點入場等，並計算成本和售價。 2. 高級旅遊諮詢：解決客戶旅行相關疑難，或提供旅行規劃建議，包括航班、飯店、餐廳、體驗等。 3. 產品設計：以公司品牌理念出發，設計頂級旅遊產品。上述工作內容不侷限於英語系國家地區。 4. 其他：主管交辦事項。  必要條件 1. 旅遊企劃須直接聯繫海外供應商，英語能力至關重要，其餘外語為加分條件。 2. 需具有旅遊業熱情及服務熱忱。  其他說明 1. 薪資區間參照過往工作經驗及語言能力調整。 2. 如有外語領隊執照並有適合的人格特質和能力，亦可朝領隊工作發展。本公司優先提供全職
15077348,(時薪650起，信義區近雙永國小 )LiveABC 互動美語台北永吉合作校美語兼職老師,KiKi家族連鎖教育機構_臺北市私立奇奇兒童課後照顧服務中心,雙北,台北市,台北市信義區,文字/傳媒工作,文教/補教培訓,650~9999999 (period=3),時薪折算,104000,104000,0,0,傳統無AI,無,0,1,0,0,帶班時段： 周三/週五(永吉分校) 15:20-17:20  KiKi非常重視教學品質，並有完整的美語教材，提供美語教學有熱忱者，可以在工作中不斷地充實自己。  主要工作內容 : 1. 負責國小美語教學 2. 需與外師搭配授課 3. 教學活動規劃與執行(需排課) 4. 紙本作業批改 5. 錄音作業批改(2週一次) 6. 到校完成家長電訪(每2個月1次) 7. 拍攝1分鐘學習叮嚀短片(每2個月1次) 8. 負責基本行政事務 9. 完成主管或公司交代事項  *美語相關科系或具備英文能力、有教學熱忱、耐心、愛心 
11034088,QPAY印尼語客服人員,統振股份有限公司,雙北,台北市,台北市內湖區,文字/傳媒工作,其他服務/工商貿易,30000~32000 (period=0),月薪,30000,32000,0,0,傳統無AI,無,0,0,0,0,1.QPAY匯款線上諮詢服務 2.QPAY匯款客服處理 3.部門行政作業 4.其它主管交辦事項 5.具客服經驗佳 6.提供昆陽捷運站至公司接駁車  QPAY FB :https://www.facebook.com/qpayindo 
13781044,【約聘】採訪編輯(美麗佳人Marie Claire),城邦媒體控股集團_城邦文化事業股份有限公司,雙北,台北市,台北市中山區,文字/傳媒工作,其他服務/工商貿易,40000~45000 (period=4),月薪,40000,45000,0,0,傳統無AI,無,0,1,0,0,良好英文能力、文筆流暢、熱愛寫作、擅長與團隊合作，並具個人獨立作業能力、熟悉社群平台操作 平面刊物 (封面、內頁) 和數位內容 (Website、Facebook、IG) 之企劃、製作、編輯、撰稿。 負責線別之採訪、專題企劃、製作及更新。 與社群、數位部門協作發展跨平台內容。 具有與攝影師、美編溝通討論拍攝畫面與版面規畫能力為佳  
13972655,【遊戲大亂鬪】社群編輯 (熱愛電競 / 實況社群 / Vtube),華義國際數位娛樂股份有限公司,雙北,台北市,台北市內湖區,文字/傳媒工作,廣告行銷/公關顧問,32000~42000 (period=2),月薪,32000,42000,0,0,傳統無AI,無,0,0,0,0,職務說明： 1.了解電競 / 實況 /3C / 八卦 對這份工作有熱忱  2.協助網站日常維護。經營、管理遊戲大亂鬥社群。 3.能夠獨立完成事件/專題懶人包。 4.管理作者。（包含溝通、編輯、上稿，與開發新作者） 【加分項目】 1.外出採訪能出現幕前(加分) 2.深入了解遊戲 、3C 開箱
12836912,時尚編輯( Bella儂儂雜誌／Bella.tw),城邦媒體控股集團_城邦文化事業股份有限公司,雙北,台北市,台北市南港區,文字/傳媒工作,其他服務/工商貿易,30000~40000 (period=3),月薪,30000,40000,0,0,傳統無AI,無,0,0,0,0,1.有一定品味 2.能獨立完成拍攝(靜物/時尚大片) 3.能獨立進行人物採訪 4.能快速完成網文撰寫 
14821410,編譯專員 Translation Specialist,美商美安美台股份有限公司台灣分公司,雙北,台北市,台北市松山區,文字/傳媒工作,資訊科技/軟體網路,35000~45000 (period=0),月薪,35000,45000,0,0,傳統無AI,無,0,0,0,0,"1.	Translate a variety of materials between English and Traditional Chinese, including but not limited to documents, audio scripts, video subtitles, voice-over content, and specialized terminology. 2.	Accurately manage translation tasks using Microsoft Word, Excel, PowerPoint, and other applicable s"
13730622,中文翻譯日文 漫畫類,富海科技翻譯有限公司,雙北,台北市,台北市信義區,文字/傳媒工作,資訊科技/軟體網路,面議,面議,,,1,0,傳統無AI,無,0,1,0,0,1. 漫畫類中文翻譯日文 2. 日文為母語 3. 中文需有一定閲讀理解能力，中日雙母語者更佳 4. 喜歡漫畫，經常看漫畫，有1年以上漫畫翻譯經驗 5. 此為兼職性質，接件交件均以 email 聯繫。 6. 固定單價配合
15323497,臺北/臺中/臺南/高雄：國際教育展 學校攤位助理暨口譯人員,IDP_澳大利亞商澳洲國際文教發展股份有限公司台灣分公司,雙北,台北市,台北市大安區,文字/傳媒工作,文教/補教培訓,300~9999999 (period=0),時薪折算,48000,48000,0,0,傳統無AI,無,0,1,0,0,"有留學經驗或是對英文口譯有興趣？ 喜歡活動現場的熱鬧感？ 那別猶豫了！ 如果你喜歡跨文化交流，期待將語言能力應用於真實場域，我們非常期待認識你！  工作內容包含： ▪ 協助溝通與口譯 (upon request)：積極協助學校代表與訪客進行溝通。 ▪ 學校推廣與資訊記錄：介紹學校資訊並詳實記錄訪客資料。 ▪ 展前準備與培訓：研讀及準備展前相關資料，完成線上培訓。 ▪ 場地佈置與整理：負責展前的攤位佈置與展後的攤位整理工作。  薪資：時薪300 起 臺北場 - 10/17 (六) 11:50-18:30 | 臺北文創大樓 薪資 NT$ 2,400 臺中場 - 10/18 (日) 12:50-18"
5459488,執行編輯,華泰文化事業股份有限公司,雙北,台北市,台北市內湖區,文字/傳媒工作,文教/補教培訓,33000~45000 (period=2),月薪,33000,45000,0,0,傳統無AI,無,0,1,0,0,華泰文化主要深耕高等教育商管類書籍，除了自行開發的書籍，同時進口、代理中外文商管書籍及劍橋大學出版社之英語學習教材。  〔我們提供〕 ◇參與完整出版流程：從內容編修到成書，全面提升編輯專業 ◇舒適辦公環境，團隊氛圍友善 ◇員工購書優惠  〔工作內容〕 ◇負責編校、修潤〈高等教育商管類〉用書，確保文稿品質，使內容正確通順 ◇與作者聯繫溝通，配合排編、美編協調合作，掌握印務時程，順利完成出版  〔希望你具備〕 ◇一年以上編輯經驗 ◇具商管背景或具良好中英文能力尤佳 ◇細心耐心條理分明，能妥善整理修潤文稿 
10201019,遊戲特約作家／兼差外稿,就肆電競股份有限公司,雙北,台北市,台北市信義區,文字/傳媒工作,廣告行銷/公關顧問,2000~9999999 (period=0),面議,,,1,0,傳統無AI,無,0,1,0,0,在 4Gamers，特約作家是把遊戲愛好轉化成專業內容的創作者夥伴。你會用自己的文字功力與遊戲品味，產出評測、攻略或觀察文章，讓更多玩家透過你的視角認識一款遊戲——這是一份不受辦公室綁定、能長期發揮創作力的合作機會。  ★★★投遞履歷請附上作品範例，無作品範例恕不接受★★★   【能力需求】 (1) 基本寫作能力且文筆流暢。  (2) 應徵時，請詳述擅長遊戲種類、遊戲平台與相關經歷。 (3) 請附上相關文字作品、連結或參考資料。  (4) 外語能力是加分項目，請於簡介內註明，例：英翻中，語言證書等。  【注意事項】 (a)  本職務為外包性質，論件計酬，須準時交稿，可長期配合為佳（請於簡介內註
8328587,【國際兩岸中心】新聞編譯助理（工讀/實習/兼職）,國風傳媒有限公司,雙北,台北市,台北市內湖區,文字/傳媒工作,其他服務/工商貿易,196~196 (period=0),時薪折算,31360,31360,0,0,傳統無AI,無,0,1,0,0,風傳媒 http://www.storm.mg/ 是一個希望帶給社會正面進步力量、具有國際觀的獨立媒體。 我們擁有創業公司的求新求變，我們擁有新媒體的實驗性格 我們鼓勵創意、熱情開創、嘗試各種可能 如果你跟我們一樣，具有滿腔熱血，希望能成為社會的正面力量，歡迎加入我們！  【風傳媒國際兩岸中心誠徵兼職、實習編譯】 風傳媒國際中心致力為讀者提供優質的國際新聞，歡迎對新聞有興趣、熱忱的你加入我們的行列！  ▍工作內容： 1.外電編譯 2.社群、粉絲團管理經營 3.新聞影片製作  ▍排班時段：早班：10:00–14:00、午班：14:00–18:00、晚班：18:00–22:00  ▍應徵條件： 1
15060739,人事行政助理【總公司】_移工外事,皇昌營造股份有限公司,雙北,台北市,台北市內湖區,文字/傳媒工作,其他服務/工商貿易,45000~9999999 (period=0),月薪,45000,45000,0,0,傳統無AI,無,0,0,0,0,1.移工相關事項之處理，包含協助溝通及輔導。 2.協助移工日常生活照顧及定期關懷。 3.行政與法令申報。 4.文件報表處理。 5.主管交辦事項。  ※需有本國證或是永久居留證。 1.本國籍(持身分證) 2.泰國籍(持居留證，有永久居留的身分) ※需具備機車或汽車駕照，並能實際駕駛上路。 
7791391,韓文溝通專員_QA領域,吉恩立數位科技股份有限公司,雙北,台北市,台北市信義區,文字/傳媒工作,資訊科技/軟體網路,35000~60000 (period=2),月薪,35000,60000,0,0,傳統無AI,無,0,0,0,0,〔職務內容〕 ◆ 中/韓文文件翻譯/會議口譯 ◆ 遊戲相關文字翻譯 ◆ 總公司相關單位聯繫與溝通 ◆ 需協助進行遊戲測試，學習遊戲內容  〔職務條件〕 ◆ 具有韓文能力檢定TOPIK 5級以上 ◆ 需有文本翻譯/口譯能力  〔加分條件〕 ◆ 有遊戲產業經驗者佳 ◆ 對遊戲產業有熱忱且不怕挑戰  ※應徵時請一併提供韓文履歷
13089376,碩士級專任助理(華語教學),國立臺灣師範大學_高等教育深耕計畫辦公室,雙北,台北市,台北市大安區,文字/傳媒工作,文教/補教培訓,36300~52000 (period=0),月薪,36300,52000,0,0,傳統無AI,無,0,1,0,0,"一、資格及條件： 1. 國內外語言教育/教學相關系所。 2. 熟悉語言學習課程安排與教材教法。 3. 細心負責、抗壓性高、能配合團隊工作。 4. 有海外華語教學經驗或專案計畫執行相關經驗者尤佳。  二、工作內容：協助華語教學研究相關業務 1.	華語文課程規劃與教材教法研發。 2. 華語教學平台教學配套研發與推廣。  3. 協助計畫相關研究與行政事務、臨時交辦事務。  三、聘期：一年一聘，表現優異者隔年續聘。 四、待遇：36,300-52,000，視學、經歷議薪。 依「國立臺灣師範大學產學合作計畫專任助理人員工作酬金支給標準表」敘薪，並可依個人資歷與實際狀況面議調整起薪。  五、應徵方式：   "
15046928,設計人員,良機實業股份有限公司,雙北,台北市,台北市中山區,文字/傳媒工作,文教/補教培訓,40000~9999999 (period=0),月薪,40000,40000,0,0,傳統無AI,無,0,0,0,0,"1. 設計,繪製圖面,研發設計。 2. 處理3D繪圖的建模工作。 3. 現場安裝指導說明。 4. 產品性能測試。 5. 教育訓練。  "
14753158,【需具備日文能力】LINE貼圖-培訓品管師,網訊電通股份有限公司,雙北,台北市,台北市信義區,文字/傳媒工作,文教/補教培訓,面議,面議,,,1,0,傳統無AI,無,0,1,0,0,★★無相關工作經驗可，公司提供完整教育訓練，歡迎對教育訓練、品質管理有興趣者加入！★★  ★★需具備日文能力，能以日文進行溝通者★★ 1、協助執行質檢/培訓成果分析報告，並整理分析成果報告。 2、協助規劃新進員工培訓課程，並為現有團隊成員提供持續的補充培訓。 3、建立及維護各項教育訓練教材，並定期檢視教育訓練計劃。 4、與日本業主/客戶進行會議溝通及書信往來及會議記錄整理。 5、協助整理團隊品質數據，使用 Excel 製作報表並提出改善建議。 6、協助團隊管理、績效追蹤及跨部門溝通協調。 7、其他主管交辦事項。
13109094,圖書編輯(CT-POPO原創),城邦媒體控股集團_城邦文化事業股份有限公司,雙北,台北市,台北市南港區,文字/傳媒工作,其他服務/工商貿易,31000~34000 (period=2),月薪,31000,34000,0,0,傳統無AI,無,0,0,0,0,1.	華文原創小說內容經營及圖書出版編輯。 2.	與作者討論書稿、校潤稿件、撰寫文案、封面發稿與美編溝通、與印刷廠往來合作，以及其他行政事務等。 3.	開發作品與維繫作者。 4.	支援及參與各項行銷企劃活動，包括書展、簽書會等。
12704595,兼職-中翻台語/閩南語/客家_翻譯人員,萬象翻譯股份有限公司,雙北,台北市,台北市松山區,文字/傳媒工作,其他服務/工商貿易,29500~100000 (period=0),月薪,29500,100000,0,0,傳統無AI,無,0,0,0,0,1. 各領域文件繁翻台語/閩南語/客家。 2. 此為兼職性質，接件交件均以 email 聯繫。 3. 無固定案量，視客戶來稿量與個別譯者接件狀況而定。 4. 固定單價配合，以翻譯案件的原文字計費，以件論酬。 5. 需具備一定產量，每週能固定承接2000-3000字以上者佳。 6. 需使用翻譯工具 (以 SDL Trados Studio 和 Phrase TMS為主) ＊＊特此說明，此工作為論件計酬，不適用勞動部規定之最低月薪，採月結算。 
13806633,專案專員(台北),雄本老屋規劃有限公司,雙北,台北市,台北市大安區,文字/傳媒工作,其他服務/工商貿易,34000~38000 (period=0),月薪,34000,38000,0,0,傳統無AI,無,0,0,0,0,工作內容 1. 老屋、文化資產活化相關計畫的規劃與活動執行（如展覽、工作坊等） 2. 專案辦告書撰寫製作，行政公文事務 3. 對應政府機關或其他窗口，並具備溝通、協調和統籌能力，能夠跨部門及單位合作 4. 具有良好的中文撰寫能力  【加分條件】 對於老屋及文化資產活化、社區營造、都市再生有興趣且已具備相關知識，歡迎檢附作品集或相關成果  *請透過104投遞履歷*
15310516,中越工地翻譯,越南商科泰剛營造股份有限公司台灣分公司,雙北,台北市,台北市中山區,文字/傳媒工作,其他服務/工商貿易,40000~48000 (period=3),月薪,40000,48000,0,0,傳統無AI,無,0,0,0,0,•	負責工地日常中越雙語口譯，協助工程會議、施工協調、工地管理及現場溝通。  •	負責工程文件、施工圖說、會議紀錄、公文、信件及相關資料之中越文翻譯。  •	協助臺灣與越南工程人員、業主、監造單位及分包商之溝通協調。  •	協助專案主管辦理工地行政事務、文件整理及資料管理。  •	配合工程進度，協助跨部門溝通及完成主管交辦事項。   
14778517,【總部】營運翻譯人員（日文/日語）,富錦樹台菜香檳/Mercer Brunch/I'm donut?/富錦樹集團_富錦樹文創科技股份有限公司,雙北,台北市,台北市松山區,文字/傳媒工作,電子商務/數位零售,面議,面議,,,1,0,傳統無AI,無,0,1,1,0,【工作內容】 1.	協助日方與台灣團隊之間的日常溝通與會議口譯（中⇄日）。 2.	負責商務文件、簡報、郵件及各類合約資料的中日文翻譯與審閱。 3.	支援日方與公司內部各部門之間的溝通、進度追蹤及報告彙整。 4.	協助日方主管或來賓訪台期間的會議安排、行程規劃與接待應對。 5.	協助與日方合作夥伴進行商務接洽、資料往來及跨國專案協調。 6.	負責進出口相關文件、報關資料及往來文件的日文翻譯與確認。 7.	協助品牌推廣、教育訓練或內部文件翻譯等跨部門支援事項。 8.	處理主管交辦之其他相關業務。   【職務需求】  •	日語能力：JLPT N1 或具同等程度，能獨立進行會議口譯與文件翻譯 •	熟悉
15308618,【永續 / 公關】實習生Intern,在想創意有限公司,雙北,台北市,台北市內湖區,文字/傳媒工作,廣告行銷/公關顧問,200~9999999 (period=0),時薪折算,32000,32000,0,0,傳統無AI,無,0,0,0,0,【實習內容】 ・參與企業、政府單位、民間團體的永續 / 公關提案。   【我們可以給你什麼】 ・理解企業端的商業邏輯、政府端的採購與行政規範，以及非營利組織的資源條件與使命定位。 ・由固定 mentor 帶領，提供具體回饋與方向引導，而非單向指派任務。 ・表現優異者將優先納入留任考量；未留任者，本公司亦協助撰寫推薦信並提供人脈引介。  【希望你具備的】 ・商管相關科系尤佳，非本科但具備相關經驗者亦歡迎。 ・團隊協作經驗，具備專案執行經驗，舉凡社團、校際活動、商業競賽等，任何需與他人協力完成任務的經歷皆可。 ・能與他人有效溝通互動，願意主動討論、提出想法，並樂於接納他人意見。 ・對永續發展、公共
14899662,安庭青年旅舍＿能聊善寫小管家（晚班文字&影音社群工作）＿(B）,安庭澔思有限公司,雙北,台北市,台北市大同區,文字/傳媒工作,資訊科技/軟體網路,200~210 (period=0),時薪折算,32000,33600,0,0,傳統無AI,無,0,1,0,0,關於工作環境： 我們是位在台北車站的青年旅館 旅客來源多為世界各國的背包客 其中又以北美、歐洲、紐澳為主 然後點綴著其他從世界不同角落來的客人 是一個可以不用出國但世界就會在你身邊的工作環境   關於你： 英文聽說讀寫流利 善於使用社群媒體、修圖及影音編輯軟體 對外國人事物有高度的熱衷 可能有在追蹤和國外相關的粉絲頁 樂於和外國人聊天、交朋友 喜歡探索生活、興趣多元 可能是美食、電影、旅行、音樂、攝影 喜歡和人聊天交換想法 喜歡用文字、影片記錄各種觀察   工作內容： 1. 和客人閒話家常（能在聊天的過程中構思想寫的內容或想拍的短影音，並且能夠在聊天結束後的空檔把內容完成，有點類似記者做人物專
12439206,【台北】英文文件管理客服專員 English Documentation Specialist,沛思坦網路股份有限公司,雙北,台北市,台北市內湖區,文字/傳媒工作,文教/補教培訓,面議,面議,,,1,0,傳統無AI,無,0,1,0,0,本公司正在尋找英文傑出人才擔任「英文文件管理客服專員」，負責管理全球客戶的法律申請專案，並向客戶提供專業諮詢服務。  【工作內容】 1、文件審查與評估：仔細核對客戶提供的各類法律文件、表格與背景資料，確認內容沒有遺漏或格式錯誤，確保符合規定。 2、文件校對與彙整：負責校對、修改及調整客戶的專案申請資料；需要時會協助微調內容，並將所有文件分類整理成完整的檔案。 3、英文書面客服與案件引導：主要以英文 Email 或通訊軟體回覆客戶問題，引導客戶正確填寫表格，並說明接下來要準備的案件流程。 4、跨國與跨團隊協作：與美國當地的合作夥伴、法律撰寫團隊（Legal Writing Team）以及律師/法
15297883,★韓國大型遊戲公司★月薪上看60k! 歡迎新鮮人&外籍人士【韓文翻譯・在地化・版本更新】國際化團隊合作_AMR_885,藝珂人事顧問股份有限公司,雙北,台北市,台北市信義區,文字/傳媒工作,其他服務/工商貿易,42000~60000 (period=2),月薪,42000,60000,0,0,傳統無AI,無,0,0,0,0,你是否韓文流利又熱愛遊戲呢? 如果也希望把興趣變成工作，非常歡迎加入我們！一起跟韓國總部合作，參與最新遊戲內容的翻譯、版本更新、內容在地化（Localization）及語言品質確認（LQA），把最好的遊戲體驗帶給台灣玩家。在這裡，你不僅能持續累積遊戲在地化專業，也能深入了解遊戲開發、營運流程，拓展跨國合作經驗與國際視野。  【工作內容】 -中／韓文文件翻譯 -擔任韓國總部與台灣團隊溝通窗口 -遊戲文本翻譯、遊戲內容在地化 -協助 LQA，確認翻譯品質與遊戲內文字呈現 -配合每週版本更新，確保遊戲內容與品質 -與 QA 團隊互相支援，協助遊戲測試及內容驗證  【我們希望你具備】 ✔ TOPIK 
15152889,電玩瘋 遊戲特約作家 (家機、PC 平台),巴哈姆特電玩資訊站_旺普網路資訊股份有限公司,雙北,台北市,台北市中山區,文字/傳媒工作,資訊科技/軟體網路,300~5000 (period=0),時薪折算,48000,48000,0,0,傳統無AI,無,0,0,0,0,★ 主要任務： 1. 評測遊戲新作、擷取高畫質實機遊戲畫面、撰寫相關文稿 2. 彙整遊戲時事資訊製作影片 3. 與電玩瘋編輯討論針對特定主題製作影音內容  ★ 條件要求： 1. 熱愛遊戲，有大量遊戲遊玩經驗 2. 文筆通暢、俱良好文字撰寫能力 3. 有錄製遊戲影片經驗者尤佳 4. 能配合要求儘速完稿、可隨時接件者尤佳  ★ 請於履歷附上 (可提供連結)： 1. 過往遊玩遊戲的相關經歷 2. 遊戲介紹文章 或 心得分享文章  3. 親自錄製一段遊玩遊戲的影片 (PC Game / TV Game皆可)
13622001,Inbound│團體│日本人團體觀光客手配管理,三普旅行社有限公司,雙北,台北市,台北市中山區,文字/傳媒工作,文教/補教培訓,38000~45000 (period=2),月薪,38000,45000,0,0,傳統無AI,無,0,0,0,0,・與日本旅行社、日本分公司進行郵件、電話、線上會議對應 ・團體旅遊提案（觀光旅遊、員工旅遊、教育旅行、郵輪、獎勵旅遊） ・視察旅遊提案（企業視察、企業交流、地方自治體交流、會議） ・報價單、企劃書製作 ・飯店、餐廳、票券類、列車、導遊、車輛等各項安排調度 ・行程運行管理 ・請款・結算作業
3682100,"台灣新聞翻譯編輯記者／台湾ニュース翻訳・編集・記者 Taiwan News Translator, Editor & Journalist",威志企管顧問股份有限公司,雙北,台北市,台北市中正區,文字/傳媒工作,其他服務/工商貿易,45000~60000 (period=0),月薪,45000,60000,0,0,傳統無AI,無,0,1,0,0,歡迎曾從事媒體行業及翻譯的經驗者。 如無上述經驗，對台灣經濟有興趣的話，我們也非常歡迎！  ◎工作內容◎ 負責台灣產經新聞《Y's News》的編輯與發佈： 1. 撰寫新聞報導 2. 編輯版面與發佈新聞 3. 採訪報導  ◎期望人才◎ ・日語為母語或能以日語閱讀、理解及撰寫文章 ・能閱讀中文報紙 ・關注台灣經濟或政治等議題，喜歡閱讀與寫作  ◎我們提供◎ ・職涯稳定發展的機會 ・實際應用日文的職場環境 ・為外籍員工提供工作簽證等支援  ※進公司第一年，每三個月依考核有一次調薪機會 ※若要應徵外包寫手，請另外與我們聯繫（有經驗者優先）  ＝＝＝＝＝＝＝＝＝＝＝＝＝＝＝＝＝＝＝＝＝＝＝  マスコミ
14760875,寰宇新聞-網路影片剪輯,亞洲衛星電視股份有限公司,雙北,台北市,台北市南港區,文字/傳媒工作,其他服務/工商貿易,32000~45000 (period=0),月薪,32000,45000,0,0,傳統無AI,無,0,0,0,0,熟悉網路影音流行趨勢，將新聞影音剪輯成各種網路影片，創造出最大流量。 1.熟悉網路影音生態 2.精準掌握熱門流行話題 3.擅長剪輯各類型影音影片 4.可獨立完成影片、縮圖 5.需輪晚班、假日班
8169400,【編輯部】編輯助理（工讀）,國風傳媒有限公司,雙北,台北市,台北市內湖區,文字/傳媒工作,其他服務/工商貿易,196~196 (period=0),時薪折算,31360,31360,0,0,傳統無AI,無,0,1,0,0,我們在找這樣的你… 關心社會，對公共政策有自己的看法  樂於溝通，可單兵作戰也愛團隊合作  在風傳媒，你可以學習這些工作： 1. 新聞採訪與寫作 2. 資料整理  歡迎在校生、應屆畢業生申請。   加分條件：  1. 外語能力佳  2. 具影音製作或影像處理能力
15133091,Vogue 編輯行政助理 (時薪制),康泰納仕時尚網有限公司,雙北,台北市,台北市信義區,文字/傳媒工作,其他服務/工商貿易,196~196 (period=2),時薪折算,31360,31360,0,0,傳統無AI,無,0,0,0,0,無經驗可，歡迎有熱忱、有自信、善溝通、個性積極主動者加入 VOGUE 團隊。  1. 管理編輯總監工作行事曆，包括會議、差旅、活動行程安排及其他交辦事務。 2. 協助相關行程之請款行政事務，如文件準備與報銷處理。 3. 部門會議記錄主持與製作會議紀錄，確保內容精準完整。 4. 編輯部相關表單資訊更新及管理，例如進度追蹤與資料歸檔。
14885165,國際醫學資訊_管理師,醫療財團法人辜公亮基金會和信治癌中心醫院,雙北,台北市,台北市北投區,文字/傳媒工作,生技/醫療保健,面議,面議,,,1,0,傳統無AI,無,0,1,0,0,【工作內容】  1.	定期追蹤並蒐集國際權威機構（WHO、IARC、ASCO、NCCN、UICC等）之最新醫學資料與趨勢。  2.	進行醫學資訊識讀與初步分析，確認其可信度與應用價值。  3.	將專業醫學內容轉譯為大眾可理解之文字或影音素材，應用於出版、官網與社群平台。  4.	協助建立醫學知識內容標準與審核機制，確保資訊正確性與一致性。  5.	參與醫學知識專題策劃及跨部門協作推廣，支援醫療教育與科普推廣計畫。  6.	協助建立醫院核心使命傳承及社會公信力塑造。  7.	完成主管交辦之其他相關任務。   【職務需求】  1.     語言要求：英文(精通) 2.	學歷要求：大學以上畢業，具醫
13646141,專案實習生/專案助理（華語教材製作）-古亭,台灣天絡股份有限公司,雙北,台北市,台北市大安區,文字/傳媒工作,文教/補教培訓,196~196 (period=0),時薪折算,31360,31360,0,0,傳統無AI,無,0,1,0,0,官網：http://www.tli1956.com Podcast頻道【中文，華的法課】：https://linktr.ee/mandarinwtff 最新消息： TLI x INSEAD －https://pse.is/7sjjua TLI x PRF － https://pse.is/7sjk7a  TLI是一家專門教授外國人中文超過65年的專業培訓機構，同時擁有中高端外語培訓產品（英日韓西德法等）並掌有互聯網平台且迅速擴張中，歷年來與駐兩岸外交體系、國際五百強企業密集配合。  多年以培訓語言高效聞名，促使我們將完整的培訓經驗擴張至互聯網平台上，幫助更多渴望學習語言的人！  我們是一群積極
13392253,片庫管理,臺灣電視事業股份有限公司,雙北,台北市,台北市松山區,文字/傳媒工作,其他服務/工商貿易,31000~34000 (period=3),月薪,31000,34000,0,0,傳統無AI,無,0,0,0,0,1.管理片庫資料帶。 2.處理檔案數位化相關作業。 3.執行資料帶盤點相關作業。 4.其他片庫相關專業事務。 5.配合片庫開放時間值班或假日突發事件支援。  *面試時請攜帶最近三個月公立醫院體檢報告+胸部X光報告(當日立即歸還，體檢費用請自行負擔)
14860579,簽約美編排版人員,寫意達股份有限公司,雙北,台北市,台北市中山區,文字/傳媒工作,廣告行銷/公關顧問,80~120 (period=0),面議,,,1,0,傳統無AI,無,0,1,0,0,【為什麼選這份工作？】 WritePath 寫意達正在專業的接案排版人才，協助上市櫃公司年財報與ESG報告書的編制。公司將提供穩定案源，歡迎個人或個人工作室長期合作。  ★★需熟悉Adobe InDesign，申請者需附上InDesign相關排版作品★★  【這份工作的內容是甚麼？】  1.依照公司提供之版型設定及資訊化圖表範本完成中文或英文內容的布局調整。   【我們希望你擁有的能力與特質】 1. 需熟悉Adobe InDesign，無Adobe InDesign排版設計經驗者請勿申請。  2. 需熟悉Adobe Illustrator圖表製作。  3. 按頁計酬。 (案件費用依照個人排版能
13751691,【Ukai】行銷日文助理(月薪4萬),The Ukai Taipei_御盟建設股份有限公司台北分公司,雙北,台北市,台北市信義區,文字/傳媒工作,廣告行銷/公關顧問,40000~40000 (period=0),月薪,40000,40000,0,0,傳統無AI,無,0,1,0,0,1.	餐廳社群媒體經營及留言回覆。 2.	公關專案活動事宜與日籍師傅溝通及文件中日翻譯。  3.	負責每季菜單更換講習現場口譯及菜單翻譯。 4.	協助各單位與日籍師傅溝通協調(如面試、採購食材或市休相關資訊)。 5.	負責日籍師傅日常生活所需(如:返日機票、接送…等) 6.	現場營運及公關主管交辦庶務事宜
12991967,寰宇新聞台灣台-編輯/助理編輯,亞洲衛星電視股份有限公司,雙北,台北市,台北市南港區,文字/傳媒工作,其他服務/工商貿易,32000~9999999 (period=0),月薪,32000,32000,0,0,傳統無AI,無,0,0,0,0,新聞製播工作，參與各節次新聞播出的幕後編輯工作，包括呈現在觀眾收視戶相關元素，如抓跑馬、快訊、副控on棚、新聞播出帶模組參數、驗畫面框帶、編輯學習編製各節新聞播序rd、現場連線等。 
13864289,【Taiwan Mobile 實習計畫】Intern-媒體公關,台灣大哥大股份有限公司,雙北,台北市,台北市信義區,文字/傳媒工作,廣告行銷/公關顧問,196~250 (period=0),時薪折算,31360,40000,0,0,傳統無AI,無,0,0,0,0,1.支援媒體與公關活動影像紀錄，負責發稿照片拍攝 2.執行活動現場影像拍攝與視覺素材蒐集 3.參與專案執行，運用 AI 工具進行圖像與影音內容生成
14655249,TaiwanPlus 新聞部新聞節目群 核稿編輯 Copy Editor,財團法人公共電視文化事業基金會,雙北,台北市,台北市中山區,文字/傳媒工作,其他服務/工商貿易,面議,面議,,,1,0,傳統無AI,無,0,0,0,0,"TaiwanPlus News Copy Editor   TaiwanPlus is seeking a skilled Copy Editor to help ensure our journalism is accurate, clear, engaging, and stylistically consistent across broadcast, digital, and social platforms. This role is ideal for an editor with strong news judgment, excellent writing skills, an"
13827932,【華梵文教基金會】文書處理人員,華梵學校財團法人華梵大學,雙北,台北市,台北市大同區,文字/傳媒工作,文教/補教培訓,30000~35000 (period=2),月薪,30000,35000,0,0,傳統無AI,無,0,0,0,0,1. 具文字撰寫能力，有相關工作經驗。 2. 負責內部及外部文案的編輯、排版、修訂等工作。 3. 負責網站、社群平臺等內容的撰寫、校對等工作。 4. 撰寫相關宣傳、廣告、推廣等文案。 5. 參與基金會法會等活動的編輯、整理等工作。 6. 佛教徒佳 7. 中午提供素食午餐  本職位負責基金會文字編輯、校對等相關工作，對於文字內容有高度要求。 歡迎符合上述要求的人才申請本職位，期待您的加入！
11872367,特約撰稿人：人文社會類,品學堂文化股份有限公司,雙北,台北市,台北市大安區,文字/傳媒工作,文教/補教培訓,200~200 (period=0),時薪折算,32000,32000,0,0,傳統無AI,無,0,0,0,0,（1） 協助教材編輯、撰寫。 （2） 其他交辦業務。  需進公司工作，不接受遠距辦公。
15267043,日文翻譯,苗林實業股份有限公司,雙北,台北市,台北市內湖區,文字/傳媒工作,文教/補教培訓,面議,面議,,,1,0,傳統無AI,無,0,1,0,0,【為何選擇我們】 苗林行代理多家日本及歐洲知名食品品牌，誠摯邀請對日本商務溝通、國際品牌合作及食品產業有興趣的夥伴加入。您將有機會參與日本品牌商談、國際講習會、大型展覽活動及海外原廠交流，成為串聯品牌、供應商與客戶的重要橋梁。  【工作內容】 1.  擔任公司與日本品牌、供應商及客戶之間的溝通橋梁。 2.  協助中日商務會議口譯與文件翻譯。 3 . 支援日本品牌來台商務洽談、市場開發及專案推進。 4 . 協助講習會、教育訓練、展覽活動之翻譯與現場執行。 5 . 協助日本原廠來台接待及出差隨行翻譯。 6 . 其他跨部門溝通及業務支援事項。  【工作特色】 1.  與全球知名食品及烘焙品牌直接合作
12629401,【生活暨社群中心】社群經營助理、小編 美食旅遊類 （工讀/實習/兼職）,國風傳媒有限公司,雙北,台北市,台北市內湖區,文字/傳媒工作,其他服務/工商貿易,196~196 (period=0),時薪折算,31360,31360,0,0,傳統無AI,無,0,0,0,0,你喜歡旅行／吃美食嗎？  如果你也喜歡拍照、喜歡吃吃喝喝、喜歡分享，擁有基本的文字撰寫能力 而且時常關注目前最具話題性的旅遊、美食時事資訊，那麼請你加入我們吧！   【如有符合以下條件，趕快與我們聯絡】  1.　具基本文章、新聞寫作能力，文字撰寫邏輯清楚，並引人入勝，能讓讀者看到流口水／想立馬動身出發  2.　常使用臉書或其他社群平台，深入瞭解網路社群生態   3.　熱愛社群、喜愛與網友互動，知道網友們的喜好  4.　態度積極、具創意，執行力強並能準時完成任務  5.　有不少旅遊、吃美食的經驗，並能挑選甚至拍攝出最有吸引力的照片  6.　擁有基本的影片編輯能力  【投遞履歷之前，請先看過以下的
14033643,聽力中心上傳題庫工讀生,空中美語文教事業股份有限公司,雙北,台北市,台北市大安區,文字/傳媒工作,文教/補教培訓,28590~30000 (period=0),月薪,28590,30000,0,0,傳統無AI,無,0,0,0,0,1. 工作內容：將已完成的題目上傳至我們的題庫系統。 2. 職責： - 確保題目資料的準確性與完整性。 - 熟悉操作題庫系統，並按時上傳題目。 - 能夠獨立解決問題，並在需要時尋求協助。 3.要求： - 有責任心，能長期合作。 - 良好的電腦操作能力，尤其是資料輸入。 - 能夠進公司上班（非遠端工作）。 4. 計薪方式：採外包計酬方式，按照上傳的題目數量給付。 
11843458,特約譯者（兼職）,CLN_新貴語文顧問股份有限公司,雙北,台北市,台北市信義區,文字/傳媒工作,生技/醫療保健,100~50000 (period=0),面議,,,1,0,傳統無AI,無,0,1,0,0,在 CLN，我們要讓好的外語人才，擁有對的舞台；我們要讓對的客戶，得到最佳的解決方案。CLN 的特約譯者主要提供有審稿編修、文件筆譯、專案口譯等服務內容，歡迎你一同加入我們，將 CLN 打造為亞洲企業語文服務與教育訓練的第一品牌。  【工作內容】 CLN 將依據譯者的背景經歷與專長能力進行任務分派，分別提供客戶以下服務： ✔	審稿編修服務：包含有履歷自傳審稿、論文期刊審稿、報章雜誌審稿、技術資料審稿、醫藥文件審稿、法律合約審稿。 ✔	文件筆譯服務：包含有履歷自傳翻譯、論文期刊翻譯、報章雜誌翻譯、技術資料翻譯、醫藥文件翻譯、法律合約翻譯。 ✔	專案口譯服務：包含逐步口譯、同步口譯、隨行口譯。  
6687932,中英互譯 (freelance translator 兼職翻譯人員),立言翻譯社_立言翻譯有限公司,雙北,台北市,台北市松山區,文字/傳媒工作,其他服務/工商貿易,面議,面議,,,1,0,傳統無AI,無,0,1,0,0,本公司人才招募網址為：http://www.liitrans.com/tw/careers.html  應徵者可先參考徵才內容。    立言翻譯有限公司/立言翻譯社注重的譯者條件如下：  (1) 語文能力：可附上英文考試成績作為證明。  (2) 翻譯專業度：可附上過去翻譯作品，以供初步篩選。  (3) 領域知識與研究能力：具有相關領域的背景知識，同時能夠仔細研究與查證該領域的專業字彙、知識與邏輯。  (4) 準時交件：準時交件為雙方合作的基本與重要條件。  (5) 服務精神：展現服務精神，例如確實遵守客戶的特殊要求、依照客戶原文格式做編排、願意對原文提出疑問或給予註解與更正，並能以服務的態度回
10547416,文字編輯/文案編輯,DECOTV室內設計平台DECO雜誌_宇思文化事業有限公司,雙北,台北市,台北市中山區,文字/傳媒工作,廣告行銷/公關顧問,36000~40000 (period=0),月薪,36000,40000,0,0,傳統無AI,無,0,1,0,0,我們正在尋找對於文字敏銳、擅長敘事與邏輯編排的文字編輯人員，加入我們的內容編輯團隊。此職位將參與設計專案的採訪撰寫與出版品編輯，並支援網站內容與行銷文宣等相關工作，是連結設計與閱讀體驗的重要角色。  主要工作內容： 1. 負責設計專案之採訪與文字撰寫 2. 參與設計類出版品的內容企劃、撰寫與編輯 3. 行銷活動與品牌文宣資料撰寫 4. 協助文書與內容資料管理整理 5. 網站專案文字撰寫與內容編輯 6. 參與國際設計獎項相關專案  我們希望你具備： 1. 具良好的寫作邏輯與敘事能力，能獨立完成採訪與編輯任務 2. 對設計、建築、藝術領域具高度興趣或相關背景尤佳 3. 熟悉中文編輯規則，具備基本排
15344111,韓文翻譯研發專員【台北事業處】,千享國際企業股份有限公司,雙北,台北市,台北市大安區,文字/傳媒工作,資訊科技/軟體網路,面議,面議,,,1,0,傳統無AI,無,0,1,0,0,【工作內容】 ▌ 突破傳統框架的韓文翻譯研發 這是一個充滿挑戰但也充滿成長機會的研發職位。我們不只找傳統的翻譯人員，我們要找的是深諳「韓文文化轉譯」，且具備邏輯思考與科學實驗精神的韓文研發夥伴。 我們團隊期待能遇見邏輯清晰、善於結構化梳理與歸納的韓文專業人才。在這裡，你不只要會韓語，更重要的是清楚知道「如何成就一篇好的韓文翻譯」，並能將這份語彙與文化底蘊，結合對新興工具的熱情，轉化為推動翻譯技術前進的強大驅動力。我們研發團隊正在尋找，樂於在高度變動、充滿挑戰性的研發環境中工作、學習與反覆實驗的夥伴。  ▌ 核心任務——韓文品質把關與底座驗證 ▸ 專業品質把關與客觀論證：負責高品質的韓文文本翻譯
14702961,【生活暨社群中心】風傳媒新聞社群編輯(新聞媒體社群小編),國風傳媒有限公司,雙北,台北市,台北市內湖區,文字/傳媒工作,其他服務/工商貿易,33000~60000 (period=0),月薪,33000,60000,0,0,傳統無AI,無,0,0,0,0,風傳媒生活內容暨社群中心擴大徵才中！歡迎有社群、編輯、文字、新聞經驗的好手加入我們！  你熟悉 Threads、IG、FB 哪些貼文會爆？不只會寫，也會聊，知道怎麼讓一篇貼文被轉傳、被留言、被記住？那我們在找的，可能就是你！  我們希望你是這樣的夥伴：  1.       了解風傳媒、風生活、下班經濟學粉絲團等風傳媒集團各社群內容   2.       對政治、社會、國際、理財、生活時事等熱門新聞有基本的掌握  3.       對社群、新聞有熱情、懂網感：常滑社群但不只是追八卦，能快速掌握時事、議題和受眾反應，會分析為什麼這篇爆了、那篇被罵  4.       獨立又合作：你可以自己主導一個
14387226,遊戲編劇,光跡遊戲有限公司,雙北,台北市,台北市信義區,文字/傳媒工作,資訊科技/軟體網路,38000~50000 (period=3),月薪,38000,50000,0,0,傳統無AI,無,0,1,0,0,工作內容 (What You’ll Be Doing) 1. 配合團隊需求，撰寫遊戲劇本與相關文案。 2. 協助團隊進行創意面的發想，例如角色設定、世界觀、活動主題...等等，並依照團隊共識，進行劇本面的設計。 3. 劇本相關事務工作，例如表格製作、需求整理、擔任不同職能同仁的溝通窗口。  必要條件 (What You’ll Need) 1. 喜愛女性向作品，並有持續遊玩女性向遊戲的經歷。 2. 良好的中文撰寫能力，有長期接觸或撰寫過女性向文字類作品的經驗。 3. 擅長溝通，樂於團隊合作，並能配合團隊調整寫作風格。 4. 重視排程及效率，掌握自我工作狀況，可配合專案開發時程進行調整。 ※ 請附
13072300,書籍外包編輯人員(按件計酬),碁峯資訊股份有限公司,雙北,台北市,台北市南港區,文字/傳媒工作,資訊科技/軟體網路,1000~9999999 (period=2),時薪折算,160000,160000,0,0,傳統無AI,無,0,0,0,0,【執行內容】 書籍類別：語言能力檢定/電腦資訊科技等書稿校對 處理書籍文字修潤、圖文核對、版式檢核，歸納整理校對   【案件類別】  文字出版相關 – 校對/排版/潤稿  文字出版相關 – 書籍編輯  
13588679,商業英文專員/秘書,浩富集團_馬紹爾群島商浩富財富傳承家族辦公室有限公司台灣分公司,雙北,台北市,台北市信義區,文字/傳媒工作,其他服務/工商貿易,面議,面議,,,1,0,傳統無AI,無,0,1,0,0,1. 與國外代理機構聯絡，協助境外設立/工商登記之英文商業文書作業 2. 處理主管交辦之事項 
13283791,數據分析助理/工讀,亞洲指標數位行銷顧問股份有限公司,雙北,台北市,台北市松山區,文字/傳媒工作,生技/醫療保健,196~9999999 (period=0),時薪折算,31360,31360,0,0,傳統無AI,無,0,0,0,0,亞洲指標致力於整合網路語料、輿情分析技術與商業策略，提供客戶全方位的數據分析結果。如果你對大數據有興趣，想了解底層資料落實到分析結果的產製流程，以及未來對於數據行銷的產品開發躍躍欲試，歡迎你加入我們的團隊！  需求條件： 1. 熟悉美妝、母嬰、酒、營養保健等品類為佳。 2. 能獨立作業，對自己的任務負責。 3. 自主性高，會主動尋找解決問題的方法。 4. 做事細心和耐心。  工作內容： 1. 歸納業務需求，調整資料庫與呈現數據分析結果。 2. 搜集網路資料、詞語分類、資料庫整理/建置。
14233215,TVBS晚班文稿工讀生(新聞部/網路新聞中心/新聞編輯組),TVBS_聯利媒體股份有限公司,雙北,台北市,台北市內湖區,文字/傳媒工作,其他服務/工商貿易,200~9999999 (period=0),時薪折算,32000,32000,0,0,傳統無AI,無,0,0,0,0,1. 網搜熱文改寫出稿 2. 即時連線新聞出稿  3. 圖片/影音授權 4. 資料收集及整理  5. 協助主管交辦事項
13688914,Engoo翻譯實習生,Engoo線上英文_英宇科技股份有限公司,雙北,台北市,台北市大安區,文字/傳媒工作,文教/補教培訓,196~196 (period=0),時薪折算,31360,31360,0,0,傳統無AI,無,0,1,0,0,工作內容： 1. 翻譯Engoo教材，英翻中，主要為翻譯教材為Engoo Daily News (https://engoo.com.tw/app/daily-news) 2. 翻譯Engoo系統，英翻中 3. 校對社群貼文及翻譯國外部落格文章 4. 其他主管交辦事項  能力需求： 1. 中文辭彙表達能力佳 2. 英文內容理解能力佳  其他條件： 1. 外文系、英文系尤佳 2. 檢定參考分數：多益分數達850分以上  投遞履歷前請先閱讀以下事項： 1. 此職缺需要進台北辦公室上班並簽署為期6個月的合約，不提供遠距工作制度 2. 排班時間為周一至周五9:00~18:00彈性排班，但每週至少排16
15383835,日文行銷實習生/工讀生｜Japanese Marketing Intern,全通路科技有限公司,雙北,台北市,台北市中山區,文字/傳媒工作,資訊科技/軟體網路,200~200 (period=0),時薪折算,32000,32000,0,0,傳統無AI,無,0,1,0,1,【關於我們】 Omnichat 是領先的 AI 客戶體驗平台。作為 Meta 和 LINE 的官方合作夥伴，Omnichat 無縫整合了行銷自動化、銷售轉換與客戶支援。透過將對話式互動與智慧代理執行相結合，Omnichat 在 LINE、WhatsApp、Facebook Messenger、Instagram 上，為企業打造流暢的端到端客戶旅程。因應日本市場拓展，我們正在尋找一位熱愛行銷、對 AI 與數位工具充滿好奇心，且具備優異中日文雙向翻譯能力的工讀生加入我們的團隊！  【工作內容】 ・內容翻譯與在地化： 協助中文／日文雙向翻譯（含日本官網內容、社群媒體貼文、行銷部落格文章等）。 ・展覽
10182033,博物館 策展專案企劃（PM)具備設計背景,西米創意設計有限公司,雙北,台北市,台北市信義區,文字/傳媒工作,其他服務/工商貿易,30000~40000 (period=3),月薪,30000,40000,0,0,傳統無AI,無,0,0,0,0,公司FB網址https://www.facebook.com/cmieopel/?fref=ts 1.具有說故事的企劃能力，對博物館展覽策展有興趣及熱誠 2.喜愛多媒體設計動畫等藝術媒材 。 3.具溝通協調能力與活動執行能力 （附相關作品或成果，例：企劃書、專案報告、人物採訪或活動成果之作品）。 4.具備工作熱誠、創意思維，擅長溝通協調，樂在工作、積極努力者。 5.專案報告書製作，行政公文事務。 6.歷史相關背景尤佳 具備研究能量。 7.專案PM管理/工作進度流程管理。 8.專案企劃文案/設計構想。 9.策展/展品規劃/展覽現場佈展。  謝謝您來應徵我們公司 我們喜歡旅行  喜歡藝術與展覽的創
14809513,物理編輯工讀人員（上班地點近台大）,啟芳出版社有限公司,雙北,台北市,台北市大安區,文字/傳媒工作,其他服務/工商貿易,196~196 (period=0),時薪折算,31360,31360,0,0,傳統無AI,無,0,0,0,0,你對知識充滿熱情，喜歡與文字為伍嗎？現在就是加入我們的好機會！ 【工作內容】 1.協助編輯高職教科書內容（校對、修正）。 2.查找資料，確保內容正確且與時俱進 。 3.撰寫簡單的輔助教材。 4.參與團隊討論，一起腦力激盪 。
15170544,英文公關專員,洆侑股份有限公司,雙北,台北市,台北市內湖區,文字/傳媒工作,廣告行銷/公關顧問,36000~50000 (period=0),月薪,36000,50000,0,0,傳統無AI,無,0,1,0,0,1. 翻譯公司內部技術文件與專業文件。 2. 依據客戶需求，進行資料或文件翻譯與修改。 3. 進行產品相關如介紹影片翻譯與製作。 4. 進行工作現場即時口譯。 5. 協助國內外主管現場口譯與溝通協調。 6. 會議記錄與文書作業。 7. 參與國內外線上會議與通話 8. 社群平台經營 加分項： 1. 公司網頁文字與排版維護、產品社群維護 2. 對科技業、IT業產品熟悉（專業用詞）
14561424,公關企劃人員/資深編輯,財團法人台灣觀光協會,雙北,台北市,台北市大安區,文字/傳媒工作,廣告行銷/公關顧問,700000~9999999 (period=0),年薪折算,51852,740741,0,0,傳統無AI,無,0,0,0,0,如果你具備以下特質 ➨熱愛台灣深度旅遊，喜歡與國外朋友介紹台灣的故事 ➨熱愛書寫，擅長溝通、喜歡與人交談，EQ高 ➨富有行銷創意，規劃具影響力企劃內容 ➨個性活潑熱情，勇於挑戰自我  期待你一起加入，讓全世界知道台灣寶島，豐沛山川美景、多元友善的人文環境，為推動台灣觀光產業發展貢獻心力。  ◆工作內容◆ (1)《台灣觀光》中、日、韓文刊雜誌編印。 (2)撰寫及規劃、執行文宣/行銷/公關活動。  (3)撰寫新聞稿，發布新聞訊息，聯繫媒體記者採訪及媒體接待事宜。 (4)協助國際與國內觀光趨勢等資訊彙整，與協助講座規劃執行。 (5)社群行銷、經營管理。 (6)執行其他主管交辦事項、部門專案分工協助。
15257794,專案記者,C NEWS匯流新聞網_匯流傳媒有限公司,雙北,台北市,台北市信義區,文字/傳媒工作,廣告行銷/公關顧問,40000~50000 (period=4),月薪,40000,50000,0,0,傳統無AI,無,0,0,0,0,1. 撰寫新聞稿件與處理相關文書工作。 2. 安排媒體採訪行程及內容。 3. 協助執行公關或危機處理等事項。 4. 具備良好溝通協調力與執行力，做事細心、有責任感，能依時程獨立完成主管交辦任務。 5. 三年以上線上採訪經驗。 6.對網路新媒體有興趣。  工作需要的技能： 1. 每日需有一定發稿量 2. 基本文章、新聞寫作能力  3. 議題掌握能力強、文章組織邏輯佳 
15288493,【網路事業群】英文版內容成長經理 International Growth Editor,國風傳媒有限公司,雙北,台北市,台北市內湖區,文字/傳媒工作,資訊科技/軟體網路,面議,面議,,,1,0,傳統無AI,無,0,1,0,0,工作內容   風傳媒正在擴展英文內容市場，尋找能夠協助將台灣觀點、地緣政治與亞洲議題推向國際讀者的人才。   這個角色的核心任務，是提升英文網站在北美及國際市場的流量、能見度與內容影響力。   你將負責：   * 推廣風傳媒英文網站內容至國際市場 * 開發海外媒體、智庫、學術機構與內容平台合作機會 * 洽談內容交換、轉載、聯名與分發合作 * 經營與建立海外讀者社群與媒體關係 * 協助規劃英文內容發行策略與流量成長 * 與編輯團隊輪班協作支援內容編輯與上稿 * 追蹤國際新聞趨勢與受眾反應，優化內容方向   ⸻   我們希望你具備   * 良好英文能力，有國際新聞或英文新聞採訪、報導經驗 * 對英
11769331,編輯助理,傢飾雜誌_精展傳播興業有限公司,雙北,台北市,台北市中山區,文字/傳媒工作,廣告行銷/公關顧問,30000~9999999 (period=0),月薪,30000,30000,0,0,傳統無AI,無,0,0,0,0,我們在找： 喜愛室內設計、建築藝術等相關產業，樂於藉由採訪撰文分享給讀者的你。  工作項目： 1.文筆、思考邏輯清晰分明，以利未來採訪設計師並撰文。 2.能辨識設計圖面內容以協助雜誌出刊校稿、編輯流程。 3.FB.IG及EDM協助發佈 4.有熱情想學習者 5.喜歡建築.室內設計
14951197,日文助理,佳德會股份有限公司,雙北,台北市,台北市信義區,文字/傳媒工作,其他服務/工商貿易,40000~9999999 (period=4),月薪,40000,40000,0,0,傳統無AI,無,0,1,0,0, 對日溝通主要窗口、商品詢價採購。   資料蒐集、文字翻譯(日翻中和中翻日）。   文案撰寫及美工編輯。   協助處理庶務事項及支援部門、客戶相關事宜。   執行各項交辦任務。  具日文N1、N2或日本商務交易溝通經驗 。  需具備邏輯思考、思慮周延細心、個性積極、配合度佳。   文筆佳，獨立翻譯商品資訊、潤稿完善者。   擅office；尤其Excel、PPT應用。   熟熟金融商業者尤佳。
13672513,W社群小編,唯品風尚集團_唯品風尚股份有限公司,雙北,台北市,台北市內湖區,文字/傳媒工作,資訊科技/軟體網路,33000~40000 (period=0),月薪,33000,40000,0,0,傳統無AI,無,0,0,0,0,需要具備以下條件：  • 手機重度使用者，最好整天黏在手機上 • 商品文案發想，經營管理品牌FB、IG • 能跟隨生活時事即時創作貼文 • 能與粉絲互動提升社群熱度 * 投遞履歷須附上FB或IG帳號或連結，並請設定為公開
15362752,特約儲備日文採訪記者,財團法人中央通訊社,雙北,台北市,台北市中山區,文字/傳媒工作,其他服務/工商貿易,面議,面議,,,1,0,傳統無AI,無,0,1,0,0,• 從事國內外新聞採訪、撰稿、拍攝照片與影音。熟悉司法議題尤佳。 • 具備國際地緣政治、財經或特定區域議題敏銳度，熟悉通訊社快訊，以及具時效性的文字及影音新聞採訪能力。 • 精通日語（商務與外交採訪水平）及一定程度第二外語（如英語），具備跨國採訪與在地人脈開拓潛力。
14681936,[獨]中古婚紗系列 試衣模特兒(需眾多模特兒),橋星廣告製作有限公司,雙北,台北市,台北市松山區,文字/傳媒工作,文教/補教培訓,8000~15000 (period=0),面議,,,1,0,傳統無AI,無,0,0,0,0,"主要是以中古婚紗系列試衣穿搭平面拍攝建檔圖庫 模特兒須展現個人氣質,會擺婚紗禮服的POSE(無經驗皆可無任何限制) 有經驗佳! 若無經驗想嘗試可經由公司培訓給予此工作機會  －著重個人特質、有自信、敢秀、愛表演、夠大方 －只要你不畏懼鏡頭，表情及肢體語言豐富 －無經驗亦可，可假日兼職  -不限高矮胖瘦  更多資訊請至： 公司官網:https://www.joestar.online/ 公司粉絲專頁:https://www.facebook.com/joestarpd.1  面試地點:台北市南港區玉成街154號3樓(後山埤捷運站3號出口，85度C對面，珈瑪cama咖啡右側門，永吉涼麵左側門，請按"
15340588,韓文 行銷實習生/工讀生,河流文化有限公司,雙北,台北市,台北市中山區,文字/傳媒工作,廣告行銷/公關顧問,200~220 (period=0),時薪折算,32000,35200,0,0,傳統無AI,無,0,0,0,0,【工作內容】 1. 協助翻譯韓文官網、社群網站內容。 2. 協助翻譯客服回覆內容。 3. 協助韓國網紅開發。 4. 各種翻譯、交辦相關事項。 
11414759,【亂搭】日文漫畫電子書編輯,巴比樂視網路科技股份有限公司,雙北,台北市,台北市大安區,文字/傳媒工作,資訊科技/軟體網路,35000~9999999 (period=0),月薪,35000,35000,0,0,傳統無AI,無,0,1,0,0,1.這是一個可以整天接觸很多、超多、爆多的漫畫工作！ 2.具備良好的文字能力，可以幫每一本漫畫寫個誘人簡介＆取個實至名歸的好書名。 3.擁有與團隊溝通的能力，隨時掌控進度讓譯者與外包團隊可以準時把稿件交到你的手上。 4.對所有的漫畫一視同仁，我們除了極少數的少女漫畫之外，大部分的都是會讓人噴鼻血的R18、TL、還有很開放的BL漫畫，須能接受所有題材。 5.處理主管交辦事項 6.先至官網瀏覽相關內容，並挑選任一本書籍，撰寫約 150 字的心得與我們分享。若未附上心得，將可能影響審核結果，還請留意並見諒。 7.有出版社經驗尤佳。 8.需試稿，如符合會以信件通知，請勿來電。
14640419,執行長秘書,香港商醫思欣泰有限公司台灣分公司,雙北,台北市,台北市內湖區,文字/傳媒工作,生技/醫療保健,35000~45000 (period=0),月薪,35000,45000,0,0,傳統無AI,無,0,1,0,0,1.具備英文聽說讀寫能力。 2.產品之翻譯。 3.招待國外原廠來訪。 4.聯絡接洽原廠。 5.需配合國外出差。 6.主管交辦事項。   
14267636,TVBS文稿工讀生(新聞部/網路新聞中心/新聞編輯組),TVBS_聯利媒體股份有限公司,雙北,台北市,台北市內湖區,文字/傳媒工作,其他服務/工商貿易,196~196 (period=0),時薪折算,31360,31360,0,0,傳統無AI,無,0,0,0,0,1.即時新聞撰寫、主題報導 2.數據資料蒐集、圖文表格製作 3.協助建立並管理網站連結，提升網站的搜尋引擎排名 4.SEO內容優化 5.協助主管交辦事項
13762322,法庭記者 / 擴編,壹蘋新聞網_龍丞創意股份有限公司,雙北,台北市,台北市內湖區,文字/傳媒工作,廣告行銷/公關顧問,面議,面議,,,1,0,傳統無AI,無,0,0,0,0,1.曾採訪、撰寫法庭新聞 2.對司法、社會新聞有熱情 3.具備基礎法律、法庭程序概念 4.需獨立採訪、撰稿，能拍能寫、動作迅速 5.邏輯佳，能將生硬的判決化成白話文 
14799895,【雙星項目】翻譯行政人員(精通越文),宏匯集團_宏匯思源股份有限公司,雙北,台北市,台北市中正區,文字/傳媒工作,其他服務/工商貿易,面議,面議,,,1,0,傳統無AI,無,0,0,0,0,1.負責翻譯土木或機電工程相關施工表格文件及圖面。 2.協助工地現場人員與廠商即時雙向翻譯溝通事宜。 3.完成主管交辦事項。 4.工作地點位於工務所(台北市或竹北市)。
15133829,編輯(擅長英文),大是文化有限公司,雙北,台北市,台北市中正區,文字/傳媒工作,其他服務/工商貿易,30000~34000 (period=0),月薪,30000,34000,0,0,傳統無AI,無,0,1,0,0,我們想要找：　 1.英翻中叢書編輯 2.無經驗可。但須考過多益、托福或雅思，請告訴我們你考了幾分 3.喜歡每天上網看新聞、訂閱網紅、或是爬文章  你可以得到： 1.紮實的理財知識，包括找到好房、買到好股票的能力和領先資訊。 2.每周公開銷售成果，了解出版產業的運作方式，還可以視業績領到再版獎金、選書獎金及年終獎金。 3.我們不喜歡加班，我們用有效率的方式完成工作。 
14542542,編輯部【工讀生】(美麗佳人Marie Claire),城邦媒體控股集團_城邦文化事業股份有限公司,雙北,台北市,台北市中山區,文字/傳媒工作,其他服務/工商貿易,200~200 (period=0),時薪折算,32000,32000,0,0,傳統無AI,無,0,1,0,0,"1. 中文寫作能力佳，能獨立完成約 1,000 字的長文稿件。 2. 熟悉娛樂、影視產業相關名人明星戲劇，對流行與新知保持敏銳度與好奇心。 3. 具備數位編輯經驗，並理解紙本編輯的基本流程。 4. 具備良好溝通協調力與執行力，做事細心、有責任感，能依時程獨立完成主管交辦任務。 5. 擁有第二外語能力為加分項目。 6. 具備社群媒體FB、IG的基礎經營概念，擅剪短影音；熟悉網路數據分析GA、SEO等數位知識優先錄取。 ----------------------------------- 此職位每週工作天數為2-3天，每次工作約滿足6小時，每個月工作三周， 可接受者再投遞履歷。"
11129593,旅遊內容行銷實習生,方探科技股份有限公司,雙北,台北市,台北市中正區,文字/傳媒工作,資訊科技/軟體網路,196~200 (period=0),時薪折算,31360,32000,0,0,傳統無AI,無,0,0,0,0,FunTime旅遊比價為國內最大旅遊搜尋網站，以卓越的搜尋技術提供旅遊消費者最便捷的旅遊商品比價、篩選及旅遊資訊搜尋服務。商品總數達千萬筆以上，每月網站造訪人次達數百萬次以上，為國內首屈一指的旅遊比價網站。    我們合作供應商包含國內外大型航空公司、訂房網站，包括台灣虎航、酷航、亞洲航空、Agoda、Booking、Hotels ……等，及國內大型旅遊網站，包括可樂旅遊、易遊網、易飛網…..等。  我們想找這樣的人 1.熱愛旅遊，隨時注意最新旅遊情報 2.關心國內外各地新景點、新玩法和好吃美食 3.對於飯店住宿、美食、各式好玩體驗充滿熱忱 4.具備良好文字邏輯，可以獨立蒐集及統整資料，並撰寫
13812159,Outbound│機票│票務人員 (有經驗者佳),三普旅行社有限公司,雙北,台北市,台北市中山區,文字/傳媒工作,其他服務/工商貿易,38000~45000 (period=3),月薪,38000,45000,0,0,傳統無AI,無,0,0,0,0,1.機票查詢、訂位、開票、更改、退票等對應處理 2.處理訂單、信用卡、收據等會計業務 3.飯店及接送車輛的安排調度業務 4. 與VIP客戶應對 5.使用精通ABACUS系統或AMADEUS系統作業 6.其他經指示交辦之業務  
15012624,【健檢中心】日文翻譯,創健診所,雙北,台北市,台北市中山區,文字/傳媒工作,生技/醫療保健,1000~9999999 (period=0),時薪折算,160000,160000,0,0,傳統無AI,無,0,1,0,0,陪同日籍貴賓健檢，進行即時口譯  ◉ 需具日譯翻譯經驗1年以上經驗者  ◉ 有醫療背景優先考量
8432243,(兼職)專利文件(化學/醫藥)英翻中翻譯/審稿,台灣美譯靈有限公司,雙北,台北市,台北市松山區,文字/傳媒工作,生技/醫療保健,1~9999999 (period=0),面議,,,1,0,傳統無AI,無,0,0,0,0,Questel Translations Taiwan 徵求英翻中專利翻譯/審稿人員。 應徵者需具備能理解並翻譯專利文件的英中語文能力，審核過程包含線上試譯。  詳細工作內容： -英翻中專利說明書翻譯、審校、編輯。 -建立、維護、詞庫與翻譯記憶庫。 -參閱審稿意見並依審稿建議修改譯文  **翻譯費用 論件計酬(以字計費/以篇計費) 詳情以email聯絡 
12325339,國際中心-編譯,中華電視股份有限公司,雙北,台北市,台北市大安區,文字/傳媒工作,其他服務/工商貿易,面議,面議,,,1,0,傳統無AI,無,0,0,0,0,1.國際編譯 2.新聞採訪 3.新聞節目 4.其他交辦事項
14888814,【兼職】教材排版美編｜講義/考卷製作（士林/天母）,臺北市私立成昱文理短期補習班,雙北,台北市,台北市士林區,文字/傳媒工作,文教/補教培訓,196~9999999 (period=0),時薪折算,31360,31360,0,0,傳統無AI,無,0,1,0,0,給「對排版有強迫症」的你  茲茲自製講義、考卷、教材， 我們的目標是讓學生拿到就想拍照上傳社群的質感。 這種品質，需要一個對細節極度敏感的人來把關。  ⸻ 適合你，如果你——  ◎ 對排版、字距、留白有「強迫症」 ◎ 熟悉 Word、Office、Canva ◎ 能耐心校對，不怕重複修改 ◎ 願意長期穩定合作  ⸻  你會做的事  ◎ 國中小數理科講義、考卷的排版、校對（提供模板與格式教學） ◎ 中英文及數理符號輸入、修改 ◎ 配合教學部進度，確保產出時程  ⸻  待遇  時薪 196 起，熟手後可接更多專案，收入更高  ⸻  加分項  ◎ 教育／設計相關科系 ◎ 熟悉 108 課綱國中數理 
15148828,台北市電影委員會-投資專員,財團法人台北市文化基金會,雙北,台北市,台北市大安區,文字/傳媒工作,其他服務/工商貿易,36000~40000 (period=2),月薪,36000,40000,0,0,傳統無AI,無,0,0,0,0,1.影視及創投市場資訊及研究。 2.協助對外開拓及尋找案源。 3.投資案及募資案件評估（財務分析、風險、獲利、可行性）。 4.投資案簽約作業、合約管理、執行與追蹤。 5.投資徵件及審議會相關規畫與執行。 6.合作單位關係維繫及活動執行。 7.參與世界各大影展、電影節創投會議。 8.投資諮詢服務窗口。 9.其他上級交辦任務。
15355051,社群編輯,五条文化股份有限公司,雙北,台北市,台北市松山區,文字/傳媒工作,其他服務/工商貿易,32000~38000 (period=2),月薪,32000,38000,0,0,傳統無AI,無,0,0,0,0,＋《大嘻哈時代3》正在尋找社群編輯＋ 我們正在找對台灣饒舌、音樂、娛樂、流行文化有感，也願意每天跟著網路一起更新流行梗的人，如果你還對 IG、YouTube、Threads 等社群平台有自己的觀察，那你很適合成為大嘻哈時代的社群編輯！  工作內容  1. 節目社群內容企劃與日常經營  2. IG／Threads／Facebook等社群平台操作  3. 統籌社群素材，協調設計、影像等外部合作單位。  4. 掌握社群熱門話題，發掘節目內容的宣傳切角  5. 協助節目、異業合作宣傳  6. 社群數據觀察與成效追蹤 
13368040,【亂搭】韓文漫畫電子書編輯,巴比樂視網路科技股份有限公司,雙北,台北市,台北市大安區,文字/傳媒工作,資訊科技/軟體網路,35000~9999999 (period=0),月薪,35000,35000,0,0,傳統無AI,無,0,1,0,0,1.這是一個可以整天接觸很多、超多、爆多的漫畫工作！ 2.具備良好的文字能力，可以幫每一本漫畫寫個誘人簡介＆取個實至名歸的好書名。 3.擁有與團隊溝通的能力，隨時掌控進度讓譯者與外包團隊可以準時把稿件交到你的手上。 4.對所有的漫畫一視同仁，我們除了極少數的少女漫畫之外，大部分的都是會讓人噴鼻血的R18、TL、還有很開放的BL漫畫，須能接受所有題材。 5.處理主管交辦事項 6.先至官網瀏覽相關內容，並挑選任一本書籍，撰寫約 150 字的心得與我們分享。若未附上心得，將可能影響審核結果，還請留意並見諒。 7.希望為韓文相關科系畢業，或具備韓文檢定5級以上。 8.有出版社經驗尤佳，若懂日文亦是加分
15057665,移工管理員(台北),宏偉營造股份有限公司,雙北,台北市,台北市松山區,文字/傳媒工作,文教/補教培訓,面議,面議,,,1,0,傳統無AI,無,0,0,0,0,1. 依施工計畫安排移工每日工作內容與人力配置。 2. 巡查施工安全措施（如高空作業、吊掛作業、鷹架使用）。 3. 協助處理現場突發狀況與異常回報。 4. 協助新進移工工地報到與安全教育說明。 5. 協助辦理工地安全教育訓練與宣導。 6. 宣導公司規定與政府相關法規。
15028524,新聞部採訪中心兼職人員,中天電視股份有限公司,雙北,台北市,台北市內湖區,文字/傳媒工作,其他服務/工商貿易,196~197 (period=0),時薪折算,31360,31520,0,0,傳統無AI,無,0,0,0,0,1.協助記者處理各類新聞，包括標題、圖說及內文等 2.協助記者開直播、上口白  
14279636,助理工讀生（日文１級，每週排班時薪制月結）,飛鳥國際旅行社有限公司,雙北,台北市,台北市士林區,文字/傳媒工作,其他服務/工商貿易,200~200 (period=0),時薪折算,32000,32000,0,0,傳統無AI,無,0,1,0,0,業務/編輯助理。  1.旅行社業務助理。 2.主管交辦事項。 3.蒐集文章資料圖片。 4.維護辦公室環境整潔。 5.週一至週五每週排班至少達24~32小時以上。  ※必備條件：日文1級。沒有日文1級的求職者請不要再投履歷。 ※【在職中】、【短期打工】請勿投遞履歷，面試通過後一周內可入職為主。 ※歡迎大三、大四在學生投遞履歷。 ※對旅遊業感興趣、未來欲從事旅遊業相關工作者優先錄取。
13016575,文字編輯【今周刊─編輯部】,今周刊_今周文化事業股份有限公司,雙北,台北市,台北市中山區,文字/傳媒工作,其他服務/工商貿易,面議,面議,,,1,0,傳統無AI,無,0,0,0,0,1. 處理稿件、圖表，看出亮點，精準下標 2. 查核文章內容正確性、進行文字編輯 3. 轉化文章與圖表的呈現方式，友善讀者 4. 遵守編輯標準作業流程 5. 參與編輯會議、跨部門溝通協調 6. 支援控稿、落版等執編編務工作 7. 長官交辦之行政作業
219482,高端生活時尚網站｜總編輯 ,華克文化事業股份有限公司,雙北,台北市,台北市內湖區,文字/傳媒工作,其他服務/工商貿易,50000~9999999 (period=2),月薪,50000,50000,0,0,傳統無AI,無,0,0,0,0,我們是一個專注於高端時尚、生活美學與品味生活的媒體品牌，正在尋找一位具備國際視野、內容品味與商業思維的「總編輯」。  我們期待您不只是內容管理者，而是能夠成為網站的內容領導者與品牌靈魂人物，重新定義網站的內容方向、讀者族群與市場影響力，帶領平台成為具有高度影響力的高端生活時尚媒體。  * 制定網站整體內容定位、編輯方針與年度內容策略。 * 建立高端生活時尚的內容架構與欄目。 * 掌握國際時尚、藝術、設計、旅遊、美食、精品、腕錶、汽車、飯店及高端生活趨勢。 * 發展具有辨識度的媒體風格與品牌語言。 * 持續研究國際優質媒體，將國際趨勢轉化為適合華人市場的內容
14107287,日本留學文件顧問,UF JAPAN_聿富教育有限公司,雙北,台北市,台北市大安區,文字/傳媒工作,電子商務/數位零售,34000~40000 (period=0),月薪,34000,40000,0,0,傳統無AI,無,0,1,0,0,1、資料蒐集及輸入(需細心謹慎，善於寫作，文章潤飾) 2、文書、網頁排版能力強 3、日文翻譯 4、協助顧問交辧事項 5、有日本留學或交換留學經驗者佳 
14635359,排版美工,宇宏彩色印刷有限公司,雙北,台北市,台北市士林區,文字/傳媒工作,其他服務/工商貿易,33000~40000 (period=2),月薪,33000,40000,0,0,傳統無AI,無,0,0,0,0,【職務說明】 •	「排版」為主要任務，非視覺設計創意型工作 •	依客戶或業務提供資料，進行文字與表格排版 •	配合印刷需求，完成出稿並確認內容正確 •	基本印刷排版流程操作與後續檔案整理  【必備條件】 • 需熟練使用 Illustrator 和 Photoshop及Excel / Word/Outlook • 能依照SOP作業，不抗拒重複性高的工作內容，具耐心細心 • 願意學習並配合團隊執行流程，工作態度穩定     (有相關工作經驗尤佳)  【我們提供】 •	三節獎金（端午、中秋、年終） •	試用期過後視工作表現調薪（3萬5以上）        (工作環境單純，歡迎喜歡穩定的夥伴來應徵。)
15387610,生活中心文字記者(新聞台),東森電視事業股份有限公司,雙北,台北市,台北市中正區,文字/傳媒工作,其他服務/工商貿易,36000~45000 (period=3),月薪,36000,45000,0,0,傳統無AI,無,0,0,0,0,1.新聞採訪 2.新聞現場連線 3.網搜 4.懂體育者尤佳
3563744,兼職中翻英,台北市私立財富語文短期補習班,雙北,台北市,台北市大安區,文字/傳媒工作,文教/補教培訓,168~9999999 (period=0),時薪折算,26880,26880,0,0,傳統無AI,無,0,1,0,0,中文與英文稿件之雙向翻譯 採論件計酬制(以字數計算)、可在家上班 
12325464,採訪中心-文字記者,中華電視股份有限公司,雙北,台北市,台北市大安區,文字/傳媒工作,其他服務/工商貿易,39000~9999999 (period=2),月薪,39000,39000,0,0,傳統無AI,無,0,0,0,0,1.新聞專題規劃 2.新聞過音、寫稿 3.採訪工作經營協調 4.其他交辦事項
13858084,部門助理（歡迎夜校同學、實習生、大四、碩班）,華泰文化事業股份有限公司,雙北,台北市,台北市內湖區,文字/傳媒工作,傳統製造/精密工業,196~196 (period=0),時薪折算,31360,31360,0,0,傳統無AI,無,0,1,0,0,我們的產品和服務與學習、教育密切相關，歡迎對知識產業、語言學習有興趣的你！ 具商管或英語學系背景佳，具備謹慎細心、穩定負責的特質。  本職缺以短期支援人力為主，目前工作量約1~3個月（依實際工作需求調整）。 ◇◇ 工作時間：面議（周一至周五中3~5天，每天5~8小時）。   本職務將依個人能力與工作狀況，安排支援各單位相關作業：  1.進口作業資料建檔與文件整理。 2.中英文書籍產品資料建置與內容檢核。 3.出版稿件與印務資料整理。 4.客服與訂單處理及書籍簡易加工作業。
14299299,後製排版助理,沐比專業攝影_彤禎文化有限公司,雙北,台北市,台北市中山區,文字/傳媒工作,其他服務/工商貿易,30000~32000 (period=0),月薪,30000,32000,0,0,傳統無AI,無,0,0,0,0,工作內容單純，相冊相片排版  基礎拼板教學，若學習過考核可升級正式排版人員
553355,護理文字編輯,華杏出版股份有限公司,雙北,台北市,台北市內湖區,文字/傳媒工作,其他服務/工商貿易,38000~50000 (period=0),月薪,38000,50000,0,0,傳統無AI,無,0,0,0,0,1.與作者聯繫，稿件之催稿、審稿、修稿、校對等工作。 2.配合編書需求，偶爾需出差。 3.不是護理系畢者，請勿投遞履歷，謝謝配合!
11489332,【鎵興台北】雙語翻譯老師~依經驗敘薪，無經驗可，歡迎新住民、新鮮人及符合法規之評點制僑外生~,鎵興國際股份有限公司,雙北,台北市,台北市中正區,文字/傳媒工作,文教/補教培訓,32000~9999999 (period=0),月薪,32000,32000,0,0,傳統無AI,無,0,0,0,0,鎵興國際深耕外籍移工服務多年，服務據點遍及全台，主要提供企業移工引進、聘僱管理、住宿管理、生活照顧及翻譯溝通等一站式服務，為企業與移工提供完整且在地化的服務。  1.語言轉譯、文件翻譯 2.雇主需求代譯 、異常處理 3.協助印籍移工朋友生活輔導、家訪、就醫、送工、驗證 4.需精通印尼語及中文溝通流利 5.其他主管交辦事項  員工福利金由公司全額負擔，夥伴免扣福利金，享有完整福利制度。 ⭐ 年終績效獎金 ⭐ 結婚、生育補助 ⭐ 喪葬慰問金 ⭐ 完整團體保險 ⭐ 完善教育訓練與升遷發展 ⭐ 國內外員工旅遊 ⭐ 全台服務據點，發展機會多元 
15404014,新聞部網路新聞組-資訊傳達設計,財團法人公共電視文化事業基金會,雙北,台北市,台北市內湖區,文字/傳媒工作,其他服務/工商貿易,面議,面議,,,1,0,傳統無AI,無,0,0,0,0,1.新聞圖表、動畫(Motion Graphic)製作設計。 2.專題主視覺、系列報導封面等延伸物製作。 3.其他主管交辦事項。  能力需求與背景： 1.具備製表、數據資訊圖表設計概念。孰悉各類圖像設計工具。 2.有網站網頁設計、UI/UX運用經驗尤佳。 3.能與團隊溝通合作、有AI運用概念尤佳。
15382790,菲律賓翻譯輔導老師(宿舍管理),台亞國際人力資源有限公司,雙北,台北市,台北市中正區,文字/傳媒工作,其他服務/工商貿易,35000~40000 (period=2),月薪,35000,40000,0,0,傳統無AI,無,0,0,0,0,"進行與菲律賓籍學生線上以及現場翻譯,電腦文書作業,視狀況需駐廠翻譯管理宿舍(工作範圍視客戶所在地而定,提供宿舍) 須持有汽車駕照"
13033914,日本線-電子商務課長,王德傳茶莊_王德興茶業股份有限公司,雙北,台北市,台北市中山區,文字/傳媒工作,電子商務/數位零售,面議,面議,,,1,0,傳統無AI,無,0,1,0,0,**前往日本工作的機會** 王德傳茶莊致力於推廣茶文化，2019年9月以複合式體驗空間(零售與茶館) 於東京日本橋開店。近年逐步佈局電商通路，包含 >> 2021年，Amazon日本旗艦店 >> 2022年，日本樂天 >> 2024年7月，官方購物網站上線  我們希望透過一杯好茶來傳遞茶文化和生活風格 日本與台灣同樣具有喝茶文化以及日本對台灣的好感度，在市場回饋與反應佳，因此我們對日本市場充滿期待，希望尋找能獨立思考並有創新思維的人才  在品牌經驗累積培訓後，通過內部考核將可以外派至日本工作，如果您是電商行銷背景，喜歡文化、喜歡日本，歡迎加入我們協助品牌推廣與深耕  歡迎有日本電商工作經驗 (
15249814,人資部-培訓經理 Learning & Development Manager (台北遠東飯店),台北遠東香格里拉_Mega 50餐飲及宴會_鼎鼎大飯店股份有限公司,雙北,台北市,台北市大安區,經營/人資,文教/補教培訓,面議,面議,,,1,0,傳統無AI,無,0,1,0,0,"職缺亮點｜About the Role 我們正在尋找一位具策略思維與人才發展熱忱的培訓部經理 (L&D Manager)，負責規劃與推動全飯店的人才發展策略，打造高效能團隊並強化組織競爭力。 We are looking for a passionate and strategic Learning & Development Manager to drive talent development initiatives, enhance organizational capability, and foster a strong learning culture across the hot"
15404078,(台北內湖) HR實習生,恆隆行貿易股份有限公司,雙北,台北市,台北市內湖區,經營/人資,電子商務/數位零售,200~9999999 (period=0),時薪折算,32000,32000,0,0,傳統無AI,無,0,0,0,0,招募部門 HR實習生（大學生｜實習期間將學習完整的招募流程，適合對 HR、人力資源及企業管理有興趣的大學生）  【工作內容】 1. 協助人力資源部門進行招募相關工作。 2. 協助整理及更新履歷資料。 3. 協助刊登職缺、搜尋人才及初步篩選履歷。 4. 協助安排面試時間及聯繫應徵者。 5. 協助招募資料整理  我們希望你具備 - 對人力資源及人才招募工作有興趣。 - 做事細心，具備基本資料整理能力。 - 能夠主動學習，並與團隊合作。 - 具備良好的溝通能力與責任感。 - 熟悉 Microsoft Office（Word、Excel）者尤佳。  無相關工作經驗也沒關係，只要你願意學習，我們歡迎你的
12123996,"【はま寿司 HAMASUSHI】★月薪41,000元★儲備幹部",すき家、はま寿司_台灣善商股份有限公司,雙北,台北市,台北市中山區,經營/人資,文教/補教培訓,41000~9999999 (period=0),月薪,41000,41000,0,0,傳統無AI,無,0,0,0,0,"*歡迎對餐飲業有熱忱的你加入はま寿司 HAMASUSHI！* *無經驗可，藉由公司內部訓練及會議，讓您成為專業的「連鎖企業管理者」* *有餐飲管理經驗者薪資可議*  【薪資&休假】 ●薪資：月薪$4,1000元 ●調薪：定期升等考核 (3個月一次)、年度評價調薪 ●休假：月休8～10天及每年特休假(依勞基法規定)  【升遷路徑】 儲備幹部→副店長→店長→小區經理→區經理→副經理→經理(品牌管理者) *須配合展店進行全台輪調*  【福利制度】 ●訓練：新人訓練、在職訓練、升遷考核制度、優秀員工提供海外比賽等 ●福利：三節福利、生日禮金、夜班出勤津貼、婚喪補助金、年終獎金(依店舖實際情況調整)、免"
11379026,"【すき家 SUKIYA】★月薪41,000元★儲備幹部",すき家、はま寿司_台灣善商股份有限公司,雙北,台北市,台北市中山區,經營/人資,文教/補教培訓,41000~9999999 (period=0),月薪,41000,41000,0,0,傳統無AI,無,0,0,0,0,"*歡迎對餐飲業有熱忱的你加入すき家 SUKIYA！* *無經驗可，藉由公司內部訓練及會議，讓您成為專業的「連鎖企業管理者」* *有餐飲管理經驗者薪資可議*  【薪資&休假】 ●薪資：月薪$41,000元 ●調薪：定期升等考核 (3個月一次)、年度評價調薪 ●休假：月休8～10天及每年特休假(依勞基法規定)  【升遷路徑】 儲備幹部→店長→小區經理→區經理→副經理→經理(品牌管理者)  *3個月升遷店長機會* *須配合展店進行全台輪調* *如無法配合全台輪調 , 可參考區域儲備幹部職缺* https://www.104.com.tw/job/877th?jobsource=index_s_cs "
15027708,[台北總部/急徵!] TW台灣區BU(事業單位)高階經營/營運(業)主管_總經理/副總/總監/協理級以上[具有貨運承攬同業或國際空海運輸/國際物流相關產業工作經驗者尤佳],士盟集團_士盟國際通運股份有限公司,雙北,台北市,台北市南港區,經營/人資,電子商務/數位零售,面議,面議,,,1,0,傳統無AI,無,0,0,1,0,*目前全球空運/海運/運輸承攬業/電商物流/倉儲流通等國際商業活動甚為火熱，正是您加入本產業的最佳機會，歡迎加入士盟國際運輸集團，提供本集團的介紹連結 http://www.utfreight.com/news  一、GM的主要工作內容 : 1.制定台灣區年度經營策略、預算及營運目標，並負責整體損益與績效達成。 2.統籌指揮北/中/南區業務團隊、空運部、海運部等各BU事業單位之營運管理與協作，並達成預算指定目標。 3.推動大型客戶、新客戶、指定貨、重點航線及海外代理業務成長。 4.管理重要客戶、船公司、航空公司、供應商及海外代理合作關係。 5.監督毛利、成本費用、應收帳款、呆帳及客戶信用風險。
15406770,(六福旅遊集團) 文旅事業部 總監,六福旅遊集團_六福開發股份有限公司,雙北,台北市,台北市南港區,經營/人資,其他服務/工商貿易,面議,面議,,,1,0,傳統無AI,無,0,1,0,0,工作內容 1. 規劃並推動品牌事業或產品線建置，拓展營收來源與市場機會。 2. 負責文旅事業中長期發展策略、年度營運目標及市場布局，推動營收與獲利成長。   2. 事業部P&L、預算、營收、毛利及成本效益管理。   3. 主導旅遊產品、品牌及通路策略，發展具差異化與高附加價值之產品與服務。   5. 整合B2B、B2C、數位平台、集團及合作資源洽談，拓展市場與商業合作機會。   6. 建立及優化營運制度、合作夥伴管理及風險控管機制，確保營運品質及符合法規要求。   7. 規劃組織與人力配置，帶領團隊並參與集團重大經營決策及跨事業合作。   職務條件 1. 具12年以上旅遊、旅行社、文旅或相關產
14307008,儲備店經理｜海外70K｜台北培訓,海底撈火鍋股份有限公司,雙北,台北市,台北市松山區,經營/人資,文教/補教培訓,70000~9999999 (period=0),月薪,70000,70000,0,0,傳統無AI,無,0,1,0,0,⭐️你具備跨文化溝通能力與分析判斷力，嚮往站上國際舞台發揮影響力？ 在這裡，你將從營運現場實戰出發，深入參與策略推動、專案規劃與市場拓展，快速累積海外管理實力，成為集團未來的中堅力量！  ★實習安排： 實習期間在台灣受訓至少3～6 個月。 實習結束後，視個人意願與表現安排留台發展或派赴海外市場。 未來海外發展據點為新加坡、阿聯酋、菲律賓、馬來西亞、加拿大、英國、日本、澳洲、印尼、美國、韓國、泰國、越南等。  ★工作內容： 1.進行市場調查與分析，洞察市場趨勢、競爭態勢與潛在商機。 2.撰寫專案提案與報告，定期向高階主管匯報進度與成果。 3.協助門店營運：顧客服務、餐點品質、成本控管與現場管理。
13407334,薪酬專員,新加坡商興隆商業服務有限公司台灣分公司,雙北,台北市,台北市松山區,經營/人資,資訊科技/軟體網路,45000~54999 (period=2),月薪,45000,54999,0,0,傳統無AI,無,0,1,0,0,主要職責:  提供客戶端薪資外包服務： 新進/離職人員建立、員工異動作業 勞保、健保、勞退作業 每月及年度薪資作業 年度扣繳作業 協助客戶系統管理及教學 不定期人資專案 有操作系統與人資相關經驗者佳 *部分工作天需支援客戶現場 (Client Onsite)  求才條件:  2年以上薪資或人力資源相關工作經驗 熟悉台灣勞動法令法規 精通微軟辦公軟體 有使用人力資源或薪酬系統的經驗者優先 具有外商企業的薪資、福利和客戶管理經驗優先考慮 良好的英文溝通能力為佳（書信為主）
13495615,【一流二事 素椒面】儲備幹部,一流二事_一流二事股份有限公司,雙北,台北市,台北市中山區,經營/人資,文教/補教培訓,39000~41000 (period=2),月薪,39000,41000,0,0,傳統無AI,無,0,0,0,1,【一流二事環境工作特色】 1. 廚房多為自動化設備，自動煮麵機、定時定溫油炸機，環境開放、整潔不油膩  2. 標準化作業流程，歡迎對餐飲有熱忱並喜愛團隊合作的人才加入  3. 完整教育訓練與職涯規劃，我們希望將公司打造成能培養人才的好土，讓夥伴能這裡紮根茁壯  4. 多元包容的職場環境，歡迎各年齡層、性向、政治立場的夥伴，只要你認同我們團隊文化，相信可以找到適合你發光發熱的位置  【負責職務內容】 1.依照公司營運政策，遵守標準作業程序執行營運業績管理 2.落實店務、服務、餐點各面向的操作品質 3.門市採購、進貨管理 4.解決店內顧客客訴及餐點相關問題能力及危機處理  【關於儲備幹部】 本职位
15369663,海員課人員,台灣航業股份有限公司,雙北,台北市,台北市中正區,經營/人資,文教/補教培訓,39600~42600 (period=0),月薪,39600,42600,0,0,傳統無AI,無,0,0,0,0,"待遇：39,600元／月（試用期間）～42,600元／月；依工作經驗，薪資待遇可另面議。  1、船員人力規劃及調度。 2、船員教育訓練規劃、安排及執行。 3、船員異動作業、證件管理及雇傭契約等行政文書作業。 4、船員薪資、福利及獎金等相關作業。 5、船員傷病及緊急突發事件相關協調與辦理。 6、其他船員管理及海員課相關業務。"
7879110,順億鮪魚專賣店【台北長安門市】正職人員(儲備幹部),隆順漁業集團順億_隆順安全食品股份有限公司,雙北,台北市,台北市大同區,經營/人資,生技/醫療保健,39000~43000 (period=0),月薪,39000,43000,0,0,傳統無AI,無,0,0,0,0,順億鮪魚專賣店｜夥伴招募中  【沒經驗沒關係，只要你想要一份踏實的工作；熱情不用多，最重要的是你】  喜歡生魚片、想學壽司？ 愛笑、愛互動？  來吧！加入順億，成為會做、懂吃、有愛的好人好魚代表。 ________________________________________  【工作內容】無經驗也OK，全方位培訓，升遷有階梯！ 內場：備料、煮湯、料理、生魚片製作 外場：接待、介紹菜單、上菜收桌、結帳服務 ________________________________________  【薪酬福利】  ◆正兼職皆享有:生日禮金/業績獎金/分潤獎金/購物優惠/每季升遷考試資格/開工紅包/颱風
15328905,【台灣知名金控體系】資深人力資源專業人才（HR Strategy / HRBP）,廣興顧問股份有限公司,雙北,台北市,台北市中山區,經營/人資,文教/補教培訓,面議,面議,,,1,0,傳統無AI,無,0,0,0,1,我們正在招募具豐富人力資源經驗的專業人才，依據您的專長與經驗，可擔任以下其中一項職務：  ▶︎ HR Strategy & Planning｜資深人力資源規劃人員 ▶︎ Senior HR Account Officer｜資深人力資源夥伴（HRBP）  如果您期待參與大型金融機構的人才策略、組織發展或 HR Business Partner 工作，請按下我要應徵，專職顧問將盡快與您聯繫說明。  【職務一】HR Strategy & Planning | 資深人力資源規劃人員 ⑴工作內容： •  負責人力資源數據分析、管理指標建置及人才決策洞察。 •  規劃與優化人才管理（TM）、績效管理及職級
13026482,璞園建築團隊 董事長室-副總助理,璞園建築團隊_樸園廣告股份有限公司,雙北,台北市,台北市內湖區,經營/人資,廣告行銷/公關顧問,52000~58000 (period=7),月薪,52000,58000,0,0,傳統無AI,無,0,0,0,0,主管交辦事項執行、配合度佳且有效率。 獨立作業執行力強、良好溝通整合。  專案助理 1.會讀圖出圖、圖面檢討，熟悉CAD操作及空間設備尺寸。 2.視任務需求執行不動產廣告代銷專案等業務。  育樂助理 1.職籃事務。 2.配合賽程時間及地點。     
15365259,【饗賓集團｜旭集_和食集錦】外場營運夥伴｜月薪40000起｜一起打造屬於你的黃金職涯_台北市士林區,饗賓餐旅事業股份有限公司,雙北,台北市,台北市士林區,經營/人資,其他服務/工商貿易,40000~9999999 (period=2),月薪,40000,40000,0,0,傳統無AI,無,0,0,0,0,【關於旭集】 旭集匯聚了各擅勝場的料理達人， 以「日之九味 和食集錦」為概念，打造九大和食名店區，重現日本四島八地的風土滋味。 以切、烹、炊、炙，從壽司到燒物皆展現道地匠心。  講究的和食是門藝術，料理人是其中的藝術家。 將日式味覺提升至美學層次，請最懂得品味的你，共創味蕾饗宴。  【工作內容】 1.介紹餐點及執行顧客桌邊服務。 2.開餐前置作業，補齊工作站內所需之餐具及備品。 3.維持桌面及現場環境清潔，提供顧客舒適、乾淨的用餐環境與服務品質。 4.營業結束後各項善後工作，並確實遵守食品安全及衛生規範。 5.協助顧客處理及解決問題，遇特殊狀況第一時間回報主管。 6.執行主管交辦之其他相關事項
11197030,禾馨醫療【管理中心】人資行政專員,禾馨股份有限公司,雙北,台北市,台北市中正區,經營/人資,生技/醫療保健,35000~40000 (period=2),月薪,35000,40000,0,0,傳統無AI,無,0,0,0,0,【我們的工作】  ◉ 系統建立：人員新進到職、轉調、離職 ◉ 員工保險：勞保、健保、團保加退保作業 (育嬰留停、相關作業申請)  ◉ 考勤系統：門禁管理、門禁卡及房卡製作 ◉ 行政庶務：識別證製作、名牌申請、護理師執業登記、採購相關、行政表單製作 ◉ 執照管理：各式執照證號建檔及效期管理 ◉ 其他主管交辦事項  【加分項目】  ◉ 勞健保加退作業經驗至少1年以上者 ◉ 有醫療業行政相關經驗者優先  ◉ 熟悉勞基法、勞工法令者尤佳 ◉ 熟悉104 eHRM人事系統者尤佳 ◉ 抗壓性高、細心負責、有禮貌、善於溝通者佳 
15406923,HR資深專員,Volvo_新凱汽車股份有限公司,雙北,台北市,台北市內湖區,經營/人資,傳統製造/精密工業,面議,面議,,,1,0,傳統無AI,無,0,0,0,0,1.規劃、建立及優化各項人力資源制度與作業流程，並負責執行推動及持續改善。 2.規劃與執行教育訓練作業，包含新進人員訓練、內部課程規劃、外部教育訓練申請及人才培育發展。 3.規劃及優化外籍同仁管理制度，協助相關人事作業、法令遵循、跨部門協調及管理流程改善。 4.熟悉勞動基準法及相關勞動法令，提供人資專業建議，並協助勞資溝通及相關爭議處理。 5.負責績效管理制度執行，包含績效考核流程規劃、考核資料彙整、統計分析及成效追蹤。 6.分析公司人力資源現況，提出人力配置及招募、組織發展及人才管理策略建議。 7.協助推動人力資源相關專案，進行跨部門溝通協調及主管交辦事項。 8.參與薪酬制度、福利制度及人力
13193495,【保障6萬x12個月】業務儲備幹部(無經驗可，完整人才培訓計畫)＊B,永慶房產集團_永慶房屋仲介股份有限公司,雙北,台北市,台北市信義區,經營/人資,文教/補教培訓,40000~75000 (period=0),月薪,40000,75000,0,0,傳統無AI,無,0,0,0,0,"品牌理念《先誠實再成交》  讓誠實從一個人的習慣,到一群人的信仰。 永慶堅持不炒房、不與投機客配合，保障消費者的每一次交易。  在房市信用管制、交易量下滑，永慶逆勢成長、成績一支獨秀， AI技術與數據決策的結合，讓購售屋過程更加便捷、透明、智慧化，全年成交市佔再攀升。  因此，永慶房屋重磅宣布— ［直營展店目標邁向350店］ ［業務新人前12個月，保障每月6萬元］  永慶承諾：《讓你的特質更有價值》 不限科系、無需房仲經驗，誠實、努力、願意學習就是優勢。 我們投資在「人」，讓每個人的特質都能被放大成為職場競爭力。  ※ ６萬月收：業界最高規格保障，首年每月保障6萬元，讓你安心起跑。 ※ １路領"
15095762,(台北內湖) 招募主任,恆隆行貿易股份有限公司,雙北,台北市,台北市內湖區,經營/人資,電子商務/數位零售,面議,面議,,,1,0,傳統無AI,無,0,0,0,0,【工作內容】 1/ 全方位人才招募：負責End-to-End招募流程，包含需求分析、管道開發、面試甄選、錄取報到。 2/ 多元招募管道經營：管理並優化各招募管道；具備主動獵才能力，針對關鍵職位進行履歷蒐集以及建立人才庫。 3/ 校園與青年人才佈局：策劃並執行校園徵才活動（如校園徵才、說明會、實習生計畫），提升公司在校園管道的知名度與偏好度。 4/ 招募數據分析：追蹤招募轉化率與徵才週期，透過數據持續優化流程與策略。 5/ 雇主品牌經營：協同團隊規劃招募宣傳內容（包含文字、影音或線下活動），提升雇主品牌曝光與品牌一致性。  【加分項目】 1/ 有經營社群媒體進行人才招募或品牌推廣經驗。 2/ 具
15044097,【GOF】#18天年假_人才招募專員 / 主任,鉅創未來科技有限公司,雙北,台北市,台北市內湖區,經營/人資,電子商務/數位零售,面議,面議,,,1,0,傳統無AI,無,0,0,0,0,"1. 負責公司各部門人才招募（履歷篩選、邀約面試、安排面談）。 2. 與用人主管討論職缺需求，釐清人選條件與招募策略。 3. 維護及開發招募管道。 4. 建立與優化招募流程與面試評估機制。 5. 擔任第一關電話面談。 6. 協助新人報到流程與試用期追蹤。 7. 建立公司雇主品牌形象。 8. 識別人才市場、薪資行情、技能需求及人才level 9. 性格上具備 results-driven, proactive, open-minded mindset，並能有效跨部門協作。  -- *同時也有機會接觸到其他兼職人員薪資核算、其他專案處理、員工關係活動 *彈性上下班時段: 0800-1000 / 1"
15317835,總經理特助/業助－機能面料商品企劃 ,美商達龍股份有限公司台灣分公司,雙北,台北市,台北市萬華區,經營/人資,傳統製造/精密工業,面議,面議,,,1,0,傳統無AI,無,0,1,0,0,工作內容 盤點與整理現有面料，規劃重點產品及推廣方向 將紗線、組織、染整與功能技術轉化為產品賣點 製作中英文產品簡報、樣卡、比較表及提案資料 分析市場趨勢、品牌需求及競爭產品 規劃面料適用的成衣品項與目標客戶  條件要求 具機能面料、紡織、成衣開發或產品企劃相關經驗 具產品分析、簡報製作及中英文溝通能力 邏輯清楚、主動積極，能獨立追蹤專案進度
14493791,薪酬計算助理 - 歡迎應屆畢業生和無經驗,新加坡商興隆商業服務有限公司台灣分公司,雙北,台北市,台北市松山區,經營/人資,資訊科技/軟體網路,35000~41000 (period=0),月薪,35000,41000,0,0,傳統無AI,無,0,1,0,0,主要職責:  提供客戶端薪資外包服務： 新進/離職人員建立、員工異動作業 勞保、健保、勞退作業 每月及年度薪資作業 年度扣繳作業 協助客戶系統管理及教學 不定期人資專案 有操作系統與人資相關經驗者佳   求才條件:  歡迎應屆畢業生和無經驗人士 具台灣勞動法令法規/ 台灣薪酬計算相關知識優先考慮 精通微軟辦公軟體 良好的英文溝通能力為佳（書信為主）
13476712,【連鎖餐飲集團 拉亞漢堡農安門市店經理】薪資42K~45K(獎金另計),拉亞漢堡_森邦股份有限公司,雙北,台北市,台北市中山區,經營/人資,其他服務/工商貿易,42000~45000 (period=2),月薪,42000,45000,0,0,傳統無AI,無,0,0,0,0,"榮獲連鎖早餐品牌幸福企業  給自己一個更好的選擇、更好的未來→ ★優渥薪資 - 【42,000~45,000月薪，獎金另計】 ★符合法規天數休假 - 全年符合法規116天  【工作內容】 1.依標準流程出餐與品質維持、確保顧客滿意度 2.店內環境清潔整理及硬體設備維護管理 3.協助門市排班及調度，確保門市營運管理順暢 4.配合公司執行各類門市行銷活動 5.門市訂貨盤點管理 6.上班時間:05:30~14:30  我們在意是您的未來~ 夥伴們歡迎加入!!   如果你活潑愛熱鬧 我們在找 YOU ☛ 學習成長、規劃未來就是現在!!  門市地點: 台北農安門市-台北市中山區 農安街164號"
15208769,招募資深專員 / 主任（Talent Acquisition）,霈方國際股份有限公司,雙北,台北市,台北市大安區,經營/人資,生技/醫療保健,面議,面議,,,1,0,傳統無AI,無,0,0,0,0,隨著集團事業持續拓展，我們正在尋找對人才招募有熱情、具市場敏感度的夥伴加入團隊。  在這個角色中，你將有機會參與集團轉型與人才布局，實際參與組織成長的重要階段。你將接觸公司幕僚、醫療健康服務、行銷及營運等不同領域人才招募，並參與關鍵人才開發、招募策略規劃及招募機制優化。  如果你希望不只是完成招募流程，而是真正參與人才招募策略、雇主品牌建立與關鍵人才開發，這將是一個能發揮影響力的舞台。   【你未來的舞台】  1. 主責招募完整流程 負責各事業體職缺招募，包含職缺需求梳理、履歷篩選、面談安排與甄選、任用溝通及新人關懷等。  2. 拓展人才開發管道 透過 104 人力銀行、LinkedIn 與其
15332307,【人資行政部】人資行政專員,億鴻系統科技股份有限公司,雙北,台北市,台北市內湖區,經營/人資,資訊科技/軟體網路,40000~60000 (period=3),月薪,40000,60000,0,0,傳統無AI,無,0,0,0,1,1. 維護與執行人事制度，包含出勤、考勤異常處理、員工基本資料與異動記錄等 2. 協助招募面談、任用報到、離職辦理等流程 3. 薪酬管理、計算、扣繳稅額、所得申報相關行政作業 4. 協助部門主管進行職務分析與工作說明書更新作業 5. 其他主管交辦事項（人資流程優化、專案支援等）
15146983,營運行政主任／副理,霈方國際股份有限公司,雙北,台北市,台北市大安區,經營/人資,生技/醫療保健,面議,面議,,,1,0,傳統無AI,無,0,0,0,0,在這個角色中，你將成為總經理的重要營運夥伴， 協助串聯跨部門溝通、快速掌握專案節奏，讓決策能有效推進並落實執行。  這是一個步調快、變動性高的工作環境， 需要你具備良好的判斷力與應變能力，能在有限時間內整理重點，持續推動事情往前。  【關鍵任務】 1. 跨部門協作與營運推進 - 協助追蹤跨單位專案進度，確保關鍵事項如期推進。 - 依會議與專案需求，整合重點資訊並準備相關資料。 - 追蹤會後決議事項與行動項目，確保有效落實。 - 協助優化跨部門溝通流程，提升整體運作效率。  2. 數據整理與分析支援 - 彙整各單位營運數據，優化報表架構與關鍵指標呈現。 - 依專案與會議需求，進行資料整理、分析與
13926710,招募專員- Talent Acquisition Specialist (Recruiter),美商泰優股份有限公司台灣分公司,雙北,台北市,台北市中山區,經營/人資,資訊科技/軟體網路,面議,面議,,,1,0,傳統無AI,無,0,0,0,0,"Are you passionate about connecting great talent with great opportunities? Do you thrive in fast-paced environments and love the challenge of finding the perfect fit-fast? If so, we want you on our team.  As a Talent Acquisition (TA) Specialist, you won't just fill roles-you'll help shape the future"
15375955,2027 年輕銀行家培育計畫|HSBC Graduate and Internship Programmes,滙豐(台灣)商業銀行股份有限公司_HSBC香港上海滙豐,雙北,台北市,台北市南港區,經營/人資,其他服務/工商貿易,面議,面議,,,1,0,傳統無AI,無,0,1,0,0,請一律透過此連結進行線上申請：  https://www.hsbc.com/careers/students-and-graduates/find-a-programme?page=1&take=20&location=taiwan  請勿在此頁面進行申請，投遞錯誤者，不另行通知。  【2027年輕銀行家培育計畫|HSBC Graduate and Internship Programmes 招募開跑囉！】   滙豐年輕銀行家培育計畫旨在培養滙豐銀行未來領導人才，專為金融領域職涯發展所需的專業知識與個人技能量身打造。本次計畫包含Graduate Programme及Internship Pro
15176602,【總部策略人才培育計畫】儲備主管 MA — 數位零售與商業經營領袖,全家便利商店股份有限公司,雙北,台北市,台北市中山區,經營/人資,電子商務/數位零售,35000~66000 (period=0),月薪,35000,66000,0,0,傳統無AI,無,0,0,0,0,"1.【零售商業診斷與 P&L 實戰】：藉由首線店鋪歷練，深度理解 1,700 萬會員數據在第一線的變現邏輯，掌握門市損益表（P&L）管理、進銷存優化與顧客關係維繫。  2.【數據驅動的行銷與銷售決策】：運用全家強大的 App 數位工具與銷售數據，策劃並執行門市專屬行銷方案，實操百萬級店鋪的業績增長計畫。  3.【跨世代團隊領導與組織管理】：實際帶領門市團隊，磨練跨世代溝通、人員招募、績效考核與排班調度能力，快速建立個人領導力。  【高競爭力薪酬與福利】：  保障年薪 14 個月。  通過考核並晉升副店長/店長後，月薪快速調整至 47,000 - 53,000 元以上。 入社最快一年晉升「營業擔"
14543577,教育訓練專員,農訓協會_中華民國農民團體幹部聯合訓練協會,雙北,台北市,台北市士林區,經營/人資,文教/補教培訓,面議,面議,,,1,0,傳統無AI,無,0,0,0,0,1.辦理教育訓練與輔導工作，並具有課程規劃、管理與執行能力。 2.辦理專案計畫與農漁會委託訓練相關事項。 3.接待國際農民組織與機構來訪與交流，擔任國際學術研討會主持工作。 4.其他主管交辦事項。 
15318570,●集團熱情招募中●【北區】副主廚(BEPPIN PASTA 義大利麵),慕里諾國際股份有限公司_勝政 / 勝勢 / 杏桃 / 泰迪 / SUAGE / BEPPIN,雙北,台北市,台北市中山區,經營/人資,文教/補教培訓,48000~49000 (period=2),月薪,48000,49000,0,0,傳統無AI,無,0,0,0,0,※ 慕里諾餐飲集團 擴大徵才中 ※  本集團大台北地區皆有分店。 提供具市場競爭力之薪資與完善制度，誠摯邀請充滿活力與熱情的您加入我們的團隊。 在這裡，不只是工作，更是一段持續學習、成長並累積專業能力的職涯旅程。 期待與您攜手前行，共同打造更穩健的職涯發展與更充實的生活品質。 誠摯歡迎您的加入。  〓〓〓【工作內容】〓〓〓  1.內場各級人員招募及教育訓練 2.內場班表編排、出勤核算 3.食材管理與成本控制 4.人事管理與成本控制 5.協助品牌主管處理工作上交辦事項、意外事件及顧客抱怨與回報 6.料理品質及食品安全衛生控管   門市職缺經面試錄取後，將依公司營運需求及主管人力調配，安排至以下門
8583293,代徵-建設/不動產_資深協理/副總級/高階專業經理人,新加坡商艾得克有限公司台灣分公司,雙北,台北市,台北市信義區,經營/人資,傳統製造/精密工業,面議,面議,,,1,0,傳統無AI,無,0,0,0,0,* 研擬、執行公司年度營運計畫，達成集團交付任務。 * 負責開發評估、產品規劃與定位。 * 集團資產活化及運用，創造長期穩定收益。 * 相關專案之規劃與執行。 * 需具建設公司的管理團隊實務經驗15年以上 * 具建設公司總經理/副總經理或協理5年以上經歷 * 新案評估及時程控管、住戶協商、事業計畫等與工業用不動產投資開發業務 * 具SRC鋼構工程建案/綠建築等等經驗 * 有開發新案、標案、活化土地等經驗 * 具土地管理/市場定位/公共關係維護等經驗
15402810,【乾杯集團】人力資源業務夥伴(HRBP)暨員工關係高專/主任,乾杯股份有限公司,雙北,台北市,台北市中正區,經營/人資,其他服務/工商貿易,面議,面議,,,1,0,傳統無AI,無,0,0,0,0,【工作內容】 1.HRBP  人才發展： 協助主管落實專案。 人資政策落地： 負責總部各項人資制度、規範與策略在業務單位的推行、解釋與貫徹執行。  2.福委會營運與員工福利規劃 福委會核心參與： 深度參與福委會的日常運作，協助福委改選、定期會議召開、會議記錄編製，並確保各項福利措施符合主管機關法規申報。 福利專案規劃： 精準掌握員工需求，規劃並優化各類福利方案（如：三節禮金/禮品、生日福利、婚喪喜慶補助、生育津貼等）。 年度大型活動籌辦： 擔任公司大型活動（如：年終尾牙/春酒、家庭日、運動會、年度員工旅遊）的主力策劃與執行者，提升員工參與度與公司認同感。 福利廠商開拓與談判： 負責特約商店開發
15244059,【美國電商_人資招募專員】月薪40K–55K｜週休六日_RC1,新加坡商立福人事顧問有限公司台灣分公司,雙北,台北市,台北市松山區,經營/人資,電子商務/數位零售,40000~55000 (period=0),月薪,40000,55000,0,0,傳統無AI,無,0,1,0,0,如果你具備招募、人才搜尋或履歷篩選經驗，希望進一步累積完整招募流程經驗，歡迎加入招募團隊！  此職位將依照團隊實際需求及個人能力，協助人才搜尋、履歷篩選、候選人聯繫，並在熟悉內部系統及完成相關訓練後，逐步負責初階職位的完整招募流程。  【工作內容】  1. 人才搜尋 Sourcer  * 協助資深招募同仁進行人才 Sourcing * 透過招募平台搜尋合適人選 * 履歷篩選及人才初步聯繫 * 協助整理、維護候選人資料及招募紀錄  2. 招募執行 Recruiter  * 熟悉內部招募系統及完成相關訓練後，負責初階職位招募 * 職缺刊登與履歷篩選 * 候選人聯繫及面試安排 * 招募流程追蹤及候選
11108607,招募管理職候選人，主要負責健身部門,台灣威凌克股份有限公司,雙北,台北市,台北市中正區,經營/人資,生技/醫療保健,50000~70000 (period=4),月薪,50000,70000,0,0,傳統無AI,無,0,0,0,0,こんにちは。台湾威凌克股份有限公司です。  台湾威凌克股份有限公司は2003年に設立され、現在は主に2つの事業を展開しています。  1つ目はコンサルティング事業です。 台湾に進出する日系企業に対し、会社設立、ビザ申請、人材採用、会計業務などのサポートを行っています。  2つ目はフィットネス事業です。 私たちはアメリカ発の女性専用フィットネスクラブ「Curves（カーブス）」を運営しています。現在、台湾には146店舗のカーブスがあり、そのうち天母店と古亭店をフランチャイズ店舗として運営しています。  現在、台湾威凌克股份有限公司では、フィットネス事業を担当する管理職候補を募集しています。  皆さ
15404756,儲備經理,盛祥資本股份有限公司,雙北,台北市,台北市中山區,經營/人資,文教/補教培訓,50000~9999999 (period=0),月薪,50000,50000,0,0,傳統無AI,無,0,0,0,0,1. 參與公司各項業務的實際操作，瞭解公司運營流程和管理方式； 2. 按照公司規定，完成各種由上級安排的工作和各項專案； 3. 積極參與公司內部培訓和學習，提升專業技能和團隊合作能力； 4. 協助公司進行各項市場調研、競爭分析和客戶開發等業務拓展活動。  本職位為公司儲備幹部，是公司未來管理層的重要培育對象。通過培訓和實踐，您會逐漸熟悉公司的業務模式，掌握各部門的運作流程，並具備專業領域的深入瞭解，成為公司未來發展的中堅力量。 如果您符合以上條件並對該職位感興趣，請盡快提交您的申請。我們期待著與您共同成長和發展！
15405491,人力資源管理師,健立生醫股份有限公司,雙北,台北市,台北市松山區,經營/人資,生技/醫療保健,面議,面議,,,1,0,傳統無AI,無,0,0,0,0,  ▎薪資計算作業、所得扣繳資料彙整：每月薪資計算及發放、彙整所得扣繳憑單資料，並與財務部完成對帳。 ▎勞健保與勞退作業：勞保、健保、勞退加退保及投保薪資調整，並計算與申報二代健保補充保費及稅賦，同時核對各項保費帳單。 ▎出勤與差勤管理：稽核班表，處理打卡異常、請假、加班申請與特休餘額管理，確保差勤紀錄符合勞動法令。 ▎招募作業：維護招募平台的職缺，執行履歷初篩、面試邀約、背景查核與錄取通知，並追蹤試用期考核時程。 ▎報到與訓練行政：執行新進人員報到流程與文件建檔，協辦新人訓練及法定訓練，並維護訓練簽到與紀錄。 ▎人事行政作業：維護人事資料，辦理人事異動、服務證明，以及離職交接手續，確保人事檔
15040002,"《自10/1起月薪46,000元~48,000元》【日商壽司郎】遠東GARDENCITY大巨蛋店-正職人員★歡迎二度就業、無經驗者★",台灣壽司郎股份有限公司,雙北,台北市,台北市信義區,經營/人資,文教/補教培訓,43000~45000 (period=0),月薪,43000,45000,0,0,傳統無AI,無,0,0,0,0,"﹌透過美味的壽司，將幸福傳遞下去﹌ うまいすしを、腹一杯。 うまいすしで、心も一杯。  年年調薪、福利最多， 歡迎對餐飲業有熱忱的你！  ⭕獎金福利 【特殊地域津貼】每月2,000元 【優良表現獎勵】每月最高2,000元，依出勤狀況及個人工作表現綜合判斷，非固定薪資或全勤獎金，公司有權中止或廢除優良勤務津貼 【三節獎金】定額獎金、春酒抽獎活動 【競賽獎金】每月店鋪競賽活動獎金 【介紹獎金】介紹親朋好友入職，期滿可獲得3,000~10,000元獎金 【輪調津貼】配合外縣市輪調者，皆享租屋津貼補助 【其他津貼】結婚生育津貼、喪葬慰問金、生日禮券、生日假、在職進修、年度健檢津貼、員工用餐優惠 【夏、"
15403737,人資專員(信義),ATT_吸引力生活事業股份有限公司,雙北,台北市,台北市信義區,經營/人資,其他服務/工商貿易,35000~40000 (period=2),月薪,35000,40000,0,0,傳統無AI,無,0,0,0,0,1. 員工出勤管理 2. 人員招募與到、離職流程 3. 勞健保與理賠申報作業 4. 人事資料建檔及維護 5. 跨單位溝通協調，與團隊協作達成目標 6. 其他主管交辦事項
15385173,松山區火鍋誠徵*儲備幹部*(Umi烏米多多火鍋),日恩建設開發股份有限公司,雙北,台北市,台北市松山區,經營/人資,其他服務/工商貿易,40000~9999999 (period=3),月薪,40000,40000,0,0,傳統無AI,無,0,0,0,0,工作內容與成長路徑 1.基礎階段： 內廚協助、洗碗、收送餐、切菜擺盤、自助吧補貨、熬煮湯頭。 • 我們備有洗碗機、送餐機器人，減輕您的工作負擔！ 2. 進階階段： 學習海鮮盤與肉品切肉擺盤。 3. 管理階段： 訂位接聽、現場控場、菜單介紹，管理現場人員、輔助店長一切交辦事項。  只要您肯學，薪水隨能力逐步往上加！ 獎金分紅：除了固定薪水，還有績優表現額外的股東分紅5％，讓你的努力直接變現！ 想到就會舉辦員工聚餐熱絡同事與同事之間的情感！ 正職人員享有員工旅遊、國外旅遊全免。  地點：台北市松山區光復北路138號 預約面試：0919-175-338 陳小姐 （請先來電約好面試時間，才不會撲空喔！
13727260,"《月薪43,000元~45,000元》【日商壽司郎】台北松江長安店-正職人員★歡迎二度就業、無經驗者★",台灣壽司郎股份有限公司,雙北,台北市,台北市中山區,經營/人資,文教/補教培訓,41000~43000 (period=0),月薪,41000,43000,0,0,傳統無AI,無,0,0,0,0,"﹌透過美味的壽司，將幸福傳遞下去﹌ うまいすしを、腹一杯。 うまいすしで、心も一杯。  年年調薪、福利最多， 歡迎對餐飲業有熱忱的你！  ⭕獎金福利 【優良表現獎勵】每月最高2,000元，依出勤狀況及個人工作表現綜合判斷，非固定薪資或全勤獎金，公司有權中止或廢除優良勤務津貼 【三節獎金】定額獎金、春酒抽獎活動 【競賽獎金】每月店鋪競賽活動獎金 【介紹獎金】介紹親朋好友入職，期滿可獲得3,000~10,000元獎金 【輪調津貼】配合外縣市輪調者，皆享租屋津貼補助 【其他津貼】結婚生育津貼、喪葬慰問金、生日禮券、生日假、在職進修、年度健檢津貼、員工用餐優惠 【夏、冬季獎金】一年兩次獎金發放（幹部限"
8468939,◆◇歡迎2026新鮮人應徵◇◆幼兒教育儲備幹部◆◇ 歡迎您加入成為何嘉「人」,何嘉仁國際文教團隊_何嘉仁實業股份有限公司,雙北,台北市,台北市中山區,經營/人資,生技/醫療保健,35000~42000 (period=0),月薪,35000,42000,0,0,傳統無AI,無,0,0,0,0,【世界菁英齊聚 一起築夢】  何嘉仁國際文教團隊，成立於1983年；40餘以來，所有中外籍夥伴致力於提供優質教育服務，包括托嬰、幼兒教育、安親課輔及兒童美語教學等；更為了顧及孩子們的飲食安全，跨領域發展烘焙及餐飲事業，為社會上提供健康飲食盡一份心力！分校除了分佈於台灣各縣市外，服務觸角更延伸至新加坡、上海、天津、胡志明等，期許將專業的教育服務與更多亞洲孩子。    【我@何嘉仁，相信自己 勇敢追夢】  何嘉仁提供夥伴~ 多元精彩的舞台，充滿不一樣的機會與挑戰； 多文化的環境，與來自不同國家的夥伴合作； 紮實職能培訓及教師分級、晉升計畫，讓你和團隊共同成長 教育源自於愛，歡迎成為何家人一員，相信
13528506,【初魚・鮨｜初魚・鉄板料亭】外場主任/服務員｜雙北地區,豊漁餐飲集團_豊漁股份有限公司,雙北,台北市,台北市信義區,經營/人資,文教/補教培訓,42000~55000 (period=0),月薪,42000,55000,0,0,傳統無AI,無,0,1,0,0,【上班時間｜兩頭班制｜四周變形工時】 11：00-14：30 17：00-21：30 ｜須具備唎酒師證照｜工作地點以面談為主｜薪資依能力敘薪｜  【初魚 鉄板料亭】 • 以最頂級新鮮當季食材，藉鐵板火候引出食材美味 • 無菜單模式與板前座位給客人帶來的驚奇感 • 結合了味覺、視覺與嗅覺，品味一場與食材對話的用餐體驗 • 符合現代人生活需要驚喜和刺激的渴望讓消費者能享受未知菜色  【初魚 鮨】 • 保留傳統江戶前壽司之精髓 • 堅持職人技法以傳統刀工引出食材美味 • 透過板前師傅以細膩到近乎偏執的烹調手法 • 端上一道道令人驚豔的菜色  【福利制度】 • 婚喪喜慶補助：結婚禮金、生育祝賀金、喪葬
11111433,保險業務人員(認證編號:20260812A80006),國泰人壽保險股份有限公司_景美通訊處 (方振霖),雙北,台北市,台北市文山區,經營/人資,文教/補教培訓,196~196 (period=0),時薪折算,31360,31360,0,0,傳統無AI,無,0,0,0,0,誠摯歡迎具備企圖心、勇於挑戰高薪、願意努力與付出的您，一同從事壽產險推銷及組織團隊管理工作，打造卓越職涯。 １.服務熱忱：以專業態度持續服務既有保戶，建立長期、穩定互信關係。 ２.追求高收入：公司提供具競爭力的獎酬機制，歡迎對高績效、高報酬具強烈企圖心的您加入，挑戰目標。 ３.學習熱忱：公司提供完整且系統化的教育訓練課程，讓您快速掌握保險專業與行銷能力。 ４.認真踏實：透過「需求分析」與「風險規劃」協助客戶打造最適合的保障組合。 ５.工作內容屬業務招攬性質，實際薪酬依業務行銷績效按件核發各項非固定之工作獎金、津貼與獎金等保險承攬報酬。 ６.另就部分工時之工作，須依公司規定於約定之工作時間內參加
13401595,總經理/副總經理,永建無限投資有限公司,雙北,台北市,台北市大安區,經營/人資,文教/補教培訓,1080000~2100000 (period=11),年薪折算,80000,155556,0,0,傳統無AI,無,0,0,0,0,【工作內容】 落實執行公司授權交辦戰略事項 能制定公司的戰略和營運計劃。 負責部門的日常管理和實務發展，並具有宏觀微觀的投資眼界。 監督投資公司業務發展情況，及時發現問題並制定解決方案。 負責人才尋找訓練管理，包括招聘、培訓、績效考核等工作。  【需具備能力條件】 【領導力】（實戰經歷堆疊出的通才智慧，造就出引力法則凝聚眾才之力。） 【創新思維】（擁有第一性原理的無框架思維～解決問題改變現實。） 【策略布局】（有實戰經驗的思考邏輯，帶領團隊步入新篇章）  【本公司任何職位無薪資設限，因為你的報酬與你解決問題的難度成正比。】 （三省吾身，勿徒勞往返）  本公司源自金融投資業務項目為主，目前投資項
15406756,(六福旅遊集團)營建事業部 行政財務主管_副協理,六福旅遊集團_六福開發股份有限公司,雙北,台北市,台北市中山區,經營/人資,其他服務/工商貿易,70000~9999999 (period=8),月薪,70000,70000,0,0,傳統無AI,無,0,0,0,0,1.  財務管理與預算控制：編製年度財務預算。 2. 資金流管理：針對各專案進行現金流預測與動態管理，審核營運資金現金流。 3. 帳務運作管理：審核各項會計帳務處理，應付帳款及薪資撥款作業。 4. 行政管理：規劃與協調內部行政、總務及人資作業，檢視各部門績效與資源有效利用。 5. 內部控制與稽核：建立並優化公司財務規章制度，落實內部控制，防範財務風險。 6. 跨部門協作：進行重大決策分析，並與工務、業務端協作，控管專案成本。   必備條件： 1. 具備 5 至 8 年以上相關實務管理經驗。 2. 熟悉建設或營造產業相關會計處理。 3. 熟悉 IFRS/GAAP、稅法規定，進階財務 Excel 
15185430,人資行政管理專員,偉太健康科技有限公司,雙北,台北市,台北市信義區,經營/人資,生技/醫療保健,650000~9999999 (period=3),年薪折算,48148,740741,0,0,傳統無AI,無,0,1,1,1,工作內容  1. 負責公司人員招募、甄選與任用作業     依據各部門人力需求，執行招募流程，包含履歷篩選、面談邀約、招募面談、錄取通知、任用作業、核薪建議及到職安排等，協助公司穩定補足所需人才。 2. 執行薪酬、考勤及員工福利相關作業     負責工時規劃、排班管理與審核、出勤紀錄管理、薪資計算、獎金核算、勞健保作業、所得稅申報及員工福利事項，並定期提供相關人事報表。 3. 協助建立與優化人資制度及行政管理流程     協助公司人資制度、績效考核制度及內部行政流程之規劃、制定、執行、監督與改善，提升組織管理效率。 4. 執行教育訓練與人才發展相關作業     負責新人到職訓練安排、內部教育訓
15365214,【饗賓集團｜饗饗INPARADISE】外場營運夥伴｜月薪40000起｜一起打造屬於你的黃金職涯_台北市信義區,饗賓餐旅事業股份有限公司,雙北,台北市,台北市信義區,經營/人資,其他服務/工商貿易,40000~9999999 (period=2),月薪,40000,40000,0,0,傳統無AI,無,0,0,0,0,【關於饗饗】 焠鍊各國料理精髓，詮釋特選食材新樣貌，從中式經典到異國料理，每一道都細膩詮釋鮮美本味。 以鮮緻玩味，感動心中最珍視的人，用豐富百匯與貼心服務，讓回憶與美味一同停留心中。 盛邀追求極致的您加入， 在每一個珍貴時刻，一起饗饗。  【工作內容】 1.介紹餐點及執行顧客桌邊服務。 2.開餐前置作業，補齊工作站內所需之餐具及備品。 3.維持桌面及現場環境清潔，提供顧客舒適、乾淨的用餐環境與服務品質。 4.營業結束後各項善後工作，並確實遵守食品安全及衛生規範。 5.協助顧客處理及解決問題，遇特殊狀況第一時間回報主管。 6.執行主管交辦之其他相關事項。  【必備特質】 親切有禮｜微笑待人、熱心
15403776,人事行政專員,中華鋁門窗_中華電線電纜股份有限公司,雙北,台北市,台北市中山區,經營/人資,傳統製造/精密工業,500000~700000 (period=2),年薪折算,37037,51852,0,0,傳統無AI,無,0,0,0,0,1.負責招募與到離職行政作業 2.負責教育訓練、協助員工活動推動 3.負責行政庶務作業 4.其他主管交辦專案   ★公司重視工作與生活平衡，提供穩定且人性化的工作環境，團隊氣氛融洽，歡迎尋求長期穩定發展的夥伴加入★
14965254,教育訓練專員,財團法人天主教失智老人社會褔利基金會,雙北,台北市,台北市萬華區,經營/人資,生技/醫療保健,38000~40000 (period=0),月薪,38000,40000,0,0,傳統無AI,無,0,0,0,0,1.主責辦理《大腦保健實作班帶領人培訓計畫》 (請參見 https://bhlrp.cfad.org.tw/about/9 )，協助全球華人預約一個不失智的未來! 2.支援教育研究與資源發展團隊同仁活動辦理，與其他主管交辦事項。
10559518,幹部/組長【杏子豬排-台北車站】月薪40000-49000#另有門市達標獎金!,王座國際餐飲股份有限公司,雙北,台北市,台北市中正區,經營/人資,其他服務/工商貿易,40000~49000 (period=2),月薪,40000,49000,0,0,傳統無AI,無,0,0,0,0,*(本薪+伙食+免稅加班費)=$40000，另有門市達標獎金 通過全部職級的考核升遷，月薪最高可達$66000  【福利在握】 ★年終獎金 ★介紹獎金最高2萬元 ★達標獎金 ★生日禮金 ★三節禮金/禮品 ★年度免費健檢 ★正職有薪生日假 ★全集團餐飲優惠 ★員工認股權憑證 ★海外工作機會 ★通過站區考核即可升遷調薪   【工作時間】 1.彈性排班制(需輪早/中/晚/假日) 2.正職人員每月排班需達160小時  【工作內容】 1.外場顧客服務及清潔執行 2.內場產品製作與備料 3.行政業務執行與現場區域營運管理 4.人員訓練執行 5.產品品質管控及值班管理  【加入王座】 準備好一顆學習的心！ 
13522035,人資行政部專員,西雅圖極品咖啡_馥餘實業股份有限公司,雙北,台北市,台北市內湖區,經營/人資,傳統製造/精密工業,37000~42000 (period=2),月薪,37000,42000,0,0,傳統無AI,無,0,0,0,0,本職位隸屬人資行政部，將與兩位資深同仁分工合作，初期工作範圍將涵蓋基礎但重要的人力資源職能，包含以下項目：  主要工作項目： 1. 人員招募與到、離職流程（包含勞健保與團險）。 2. 教育訓練安排。 3. 員工福利洽談與申請（例：福利津貼申請、家庭日活動...等）。 4. 例行年度作業（例：健檢、普渡...等）。 5. 消毒排程與接洽 6. 垃圾清運聯繫與合約維護  協辦工作項目： 1. 櫃台總機請假職代。 2. 其他主管交辦事項。  ．此職缺有清楚的職務說明書與內部支援，確保順利進入狀況 ．未來會視個人表現與部門規劃，逐步擴增負責項目與任務深度，往完整人資職能發展
14947547,補助食品教育訓練人員,松栢股份有限公司,雙北,台北市,台北市中山區,經營/人資,文教/補教培訓,面議,面議,,,1,0,傳統無AI,無,0,0,0,0,教育訓練，協助營業單位、行銷單位組織發展。 1.行銷單位營養與補助食品訓練課程講師。 2.研修活動講師安排。 3.諮詢及營業協助。  依業務量外加業務獎金
14156319,〖聚財課〗數位課程專案管理師（保障底薪＋績效分紅）,聚財課有限公司,雙北,台北市,台北市中正區,經營/人資,廣告行銷/公關顧問,30000~100000 (period=0),月薪,30000,100000,0,0,傳統無AI,無,0,0,0,0,公司服務項目： 聚財課為線上理財課程、房產課程、身心靈課程、生活應用課程等...服務項目  數位課程專案管理師 工作內容： 1. 協助講師的學生，問題排解，完成課程完款。 2. 協助講師追蹤尚未付款之學生完成付款。 3. 協助講師專案進度安排規劃、執行與追蹤檢討。 4. 講師及主管交辦任務。  ■  歡迎對協調力及溝通力有自信的你成為我們的夥伴！  ■  許多線上課程的老師，幕後推手都是聚財課，歡迎一起成為我們的夥伴，讓我們推動更多線上課程，幫助到更多人的成長 :D  ■  臺灣數位經濟發展推廣大使(新聞稿) https://wantrich.chinatimes.com/news/20230
14670926,大稻埕門市｜門市人員/儲備幹部,灶市_日日佐料有限公司,雙北,台北市,台北市大同區,經營/人資,電子商務/數位零售,35000~38000 (period=2),月薪,35000,38000,0,0,傳統無AI,無,0,1,0,1,【灶市】是一個從廚房出發的品牌。 我們相信，料理不必複雜，一匙靈感，就能讓日常變得溫暖而有味道。 現在，我們正在尋找一位願意從第一線做起、持續學習與成長的夥伴。 從攤位開始，熟悉產品、與人互動，學會如何經營一個小小空間，讓它有條理、有溫度，也有業績目標。 這不只是銷售的工作，更是一段培養管理能力與責任感的旅程。  【工作內容｜日常維運】 1.庫存盤點與補貨整理 2.現場收銀與結帳處理 3.支援快閃店、市集、百貨、其它門市等活動現場 4.與夥伴協作處理突發狀況  【發展方向｜晉升管理職】 完成培訓與考核後，將參與： 1.營運排班、人力安排、銷售數據管理 2.顧客服務優化與客訴處理 3.教育訓練與
15394683,管理部_HR人力資源專員,Poly Lulu_斐優國際股份有限公司,雙北,台北市,台北市信義區,經營/人資,其他服務/工商貿易,38000~9999999 (period=3),月薪,38000,38000,0,0,傳統無AI,無,0,0,0,0,*負責公司人資資料的建置與維護，例如：員工基本資料、職務說明、輪調紀錄、出缺勤、加退保、到離職與績效評核等，確保資料正確、即時更新。 *負責每月薪資計算與相關作業，確保發薪準確無誤。 *規劃並執行招募流程，包含履歷篩選、面試安排與新人任用，協助各部門補齊人力需求。 *協助處理勞資相關問題，如員工溝通協調、資遣與離職流程等，降低勞資風險。 *熟悉並操作人資系統（如NUEIP人事系統或其他HR系統），提升人事作業效率與數位化管理。 *協助活動舉辦，員工福利等事宜。 *人資各項專案規劃與執行及其他主管交辦事項。
15314861,外商 雀巢 主管秘書/行政專員 Administrative Specialist_1 year contractor_RFS_855,藝珂人事顧問股份有限公司,雙北,台北市,台北市內湖區,經營/人資,其他服務/工商貿易,面議,面議,,,1,0,傳統無AI,無,0,1,0,0,【工作內容】 一、主管支援 •	安排與管理主管行程（會議、差旅、拜訪等） •	規劃與準備會議資料，負責會議通知、記錄與後續追蹤 •	協助主管進行簡報製作與資料整理 •	處理主管日常行政庶務及臨時交辦事項 二、行政與專案管理 •	協助部門或公司行政作業（文件管理、報表整理等） •	協助專案執行進度追蹤與跨部門溝通 •	建立並優化行政流程，提高工作效率 •	維護內外部溝通窗口（客戶、合作夥伴等） 三、溝通協調、差旅與活動安排 •	作為主管與內外部利害關係人的橋樑 •	協助內部會議/活動安排及跨部門溝通 •	協助對外聯繫信件、公告及文件撰寫 •	協助國內外出差（機票、住宿、交通、簽證）事宜  【條件
15405319,營運管理高階主管- 知名連鎖購物中心集團,台灣利優資訊科技有限公司,雙北,台北市,台北市松山區,經營/人資,資訊科技/軟體網路,面議,面議,,,1,0,傳統無AI,無,0,0,0,0,1.具 15 年以上商場營運管理經驗。 2.本職務以區域營運管理為主，負責北部或南部區域之商場營運管理。 3.研擬營運計畫及年度專案規劃 4.店鋪業績達成及督導、目標管理 5.規劃/審視各項可增加業績收入之販促活動 6.新櫃招商及現有專門店鋪營收表現評估、精進檢討 7.百貨/商場/自營進駐櫃位合約評估 8.商場櫃位主管聯繫及友好關係維持
15406112,人資暨辦公室行政專員,紅檜科技股份有限公司,雙北,台北市,台北市內湖區,經營/人資,生技/醫療保健,面議,面議,,,1,0,傳統無AI,無,0,1,0,0,【職務名稱】 人資暨辦公室行政專員 HR & Office Administration Specialist   【關於這份工作】  我們正在尋找一位細心、可靠、能獨立作業的人資暨辦公室行政夥伴，負責維持公司日常行政運作，並處理例行人事作業及不定期的招募需求。  公司目前約56人，組織扁平、溝通直接。本職位以辦公室行政與總務工作為主，人力資源工作為輔。未來招募需求不會非常頻繁，但有職缺時，需要能從履歷搜尋、聯絡應徵者、安排及參與面試，一路協助至錄用與到職。  這不是以大量招募或招募業績為主的職位，也不是單純的文書助理。我們希望找到一位能照顧日常營運細節、主動追蹤事情，並能獨立完成基本HR作業
15140976,主管特別助理,東威汽車有限公司,雙北,台北市,台北市松山區,經營/人資,電子商務/數位零售,45000~50000 (period=0),月薪,45000,50000,0,0,傳統無AI,無,0,0,0,0,-   本職位是公司高層管理團隊的重要支援角色，負責協助高階主管進行跨部門，以及重要客戶來訪接待及回函處理。 歡迎符合資格的人士加入我們的團隊，並對此職位表達您的興趣和熱情。
14082346,人力資源中心-校園雇主品牌經營(內湖),光寶科技股份有限公司,雙北,台北市,台北市內湖區,經營/人資,傳統製造/精密工業,面議,面議,,,1,0,傳統無AI,無,0,0,0,0,"【Mission】 Build and sustain LITEON's future talent pipeline through integrated campus engagement, employer branding, university partnerships, and entry-level recruitment, ensuring the organization attracts, develops, and retains high-potential young talent.  【Responsibilities】 1、Campus Employer Bran"
13514162,<教育機構> - 行政秘書 / 行政會計,臺北市私立澴宇蒙特梭利文理短期補習班,雙北,台北市,台北市內湖區,經營/人資,文教/補教培訓,40000~9999999 (period=3),月薪,40000,40000,0,0,傳統無AI,無,0,0,0,0,我們期望你擁有以下特質： • 細心、專心、耐心：耐煩且能冷静謹慎面對各項憑證、款項及報表等 • 對數字敏感：能從每月報表當中發現公司的財務問題，並且能提出自己的專業建議 • 良好溝通能力：能用簡單的方式闡述自己的見解 • 負責任：能承擔工作責任，確保工作任務完成  工作內容 • 規劃公司會計作業流程，並覆核各項會計作業，以符合財會及稅務之規定 • 編制財務報表，並針對異常項目進行分析檢討  • 會計項目入帳、應收帳款管理以及執行一般現金收付作業   • 公司應付帳款、員工費用及代墊款之憑證審核、付款  • 熟悉財會流程改善或提供主管優化建議 • 可獨立作業，具高度執行力解決問題能力 • 每月製
15295291,教育訓練助理,新壽公寓大廈管理維護股份有限公司,雙北,台北市,台北市中正區,經營/人資,文教/補教培訓,34000~38000 (period=0),月薪,34000,38000,0,0,傳統無AI,無,0,0,0,0,1.發送課程通知、聯繫講師、準備講義教材與文具，以及佈置教室及測試設備。 2.學員報到與簽名確認、隨堂拍照記錄、處理學員諮詢、代訂餐點及處理突發狀況。 3.回收與彙整課後滿意度問卷、製作成效評估報告、協助請款作業。 4.協助教材編撰與建檔、處理辦公室日常採購及訓練場地安排、公文收發及環境維護。 5.相關簽呈、公文、報表及管理辦法訂定修訂作業。 6.庫存物品管理與整理、盤點作業。 7.其他主管交辦事項。
11058436,服務部外場專員,鉅星匯國際宴會廳_錦香樓餐廳有限公司,雙北,台北市,台北市中山區,經營/人資,生技/醫療保健,34000~9999999 (period=2),月薪,34000,34000,0,0,傳統無AI,無,0,0,0,0,1.菜色介紹  2.餐具認知  3.熟知工作環境  4.餐期時間之事前準備及餐後清理收捨打理  5.上菜並提供有關用餐之服務  6.解決顧客需求問題能力、應變能力靈敏、具備親和力  嚮往餐飲業、無經驗可，有主管帶領專業知識、職前訓練。 笑容滿滿、開朗活潑、親和力、抗壓性良好者、道德操守佳。  上班時間: 雙頭班10:00-22:00 (空班14:00 ~17:00) 供應2餐  福利制度: 享勞保、健保、6%勞退提撥金 公    休：月休八天、國定假日多一天假 獎 金 類：全勤獎金、三節獎金、年終獎金、育嬰假、年假、婚假 保 險 類：員工團保 餐 飲 類：供應員工餐 娛 樂 類：員工聚餐及旅遊
15391965,組織發展專員,社團法人國際特赦組織台灣分會,雙北,台北市,台北市松山區,經營/人資,文教/補教培訓,面議,面議,,,1,0,傳統無AI,無,0,0,0,0,【主要工作內容】 一、青年領導力發展：舉辦青年代表遴選、培訓及發展，推動學習導向的領導力發展體系。 二、組織能力發展：協助執行組織共識活動、協調全會與各部門建置與優化追蹤、評量與學習系統(MEL)，以推動組織能力發展。  【其他支援性工作内容】 治理業務協助：支援國際會議、會員大會以及理、監事會等相關業務，協助推動本會治理業務。
14284790,【北車K區地下街店正職 40K-43K｜另有獎金｜工時8小時｜週休二日】｜大師兄銷魂麵舖Ｘ麵屋銷魂,大師兄國際投資股份有限公司,雙北,台北市,台北市中正區,經營/人資,文教/補教培訓,40000~43000 (period=0),月薪,40000,43000,0,0,傳統無AI,無,0,0,0,0,銷魂麵舖拌麵型態＋麵屋銷魂拉麵型態  你的廚藝天賦是否還在等待被發掘？你是否有開店夢想卻苦無實現的機會？   現在就是你的機會！加入大師兄餐飲團隊，讓你的夢想飛速起飛！  我們不只是提供一份工作，而是給予你一個全方位的創業平台。從八年來的餐飲實戰經驗到完整的管理培訓系統，我們讓無數人從職場新手變成創業達人，幫助你實現從0到1、從1到10的成就飛躍！  加入我們，你將獲得： 餐飲管理 的實戰課程   開店流程 的全盤掌握，讓你輕鬆開店   後勤支援 的全套技巧，讓營運更順暢   複製展店 的成功經驗，帶你走向多店經營   海外展店 的機會，讓你夢想邁向國際  誰說成功無法複製？我們就做給你看！ 
15403112,M26110【人力資源部】招募專員,大於生醫股份有限公司,雙北,台北市,台北市信義區,經營/人資,其他服務/工商貿易,42000~60000 (period=4),月薪,42000,60000,0,0,傳統無AI,無,0,0,0,0,"【Job Title】 Recruitment Specialist  【Job Overview】 As our business continues to expand across Taiwan, Japan, and Southeast Asia, we are looking for a Recruitment Specialist with hands-on recruitment experience in the Japanese market.  This role will be responsible for full-cycle recruitment across T"
15398151,【派遣至外商】薪酬專員_無經驗可須具備韓文能力(半年期)_201C,萬寶華企業管理顧問股份有限公司,雙北,台北市,台北市大同區,經營/人資,其他服務/工商貿易,45000~55000 (period=0),月薪,45000,55000,0,0,傳統無AI,無,0,0,0,0," *本職缺為派遣職, 半年期專案,無法接受者請勿投遞!!!!!  【工作內容】 -為韓國或其他區域據點提供營運支援，負責客戶的日常薪資、法定申報及相關服務交付作業。 -準備、檢查及追蹤薪資與法定申報相關的資料、報告、表格及佐證文件。 -協助韓國團隊追蹤每月薪資及法定申報作業，確保所需資料及相關工作能在約定期限內完成。 -檢查相關資料及佐證文件是否完整。 -在需要時，以韓文與客戶、員工、政府機關、外部供應商及其他相關單位進行溝通與協調。 -審閱與薪資、稅務或法定事項相關的韓文信件及其他文件；如遇需要進一步專業技術審查的事項，則提報給韓國團隊處理。 -確保薪資、稅務及員工資訊皆依照公司機密性及資訊"
13322881,【總公司】人事部_顧客服務暨總務專員,愛德利亞台灣股份有限公司,雙北,台北市,台北市大安區,經營/人資,電子商務/數位零售,36000~42000 (period=0),月薪,36000,42000,0,0,傳統無AI,無,0,1,0,0,こんにちは☆彡　致我們未來的工作夥伴。 愛德利亞台灣在台已邁入20年，相信喜愛日系服飾的各位，衣櫥中或多或少都有我們旗下品牌的衣服。誠摯的邀請對服裝、對流行時尚或是對日本企業文化有興趣的夥伴加入我們，共同play fashion!  【工作大鋼】 顧客服務暨總務窗口   • 負責接聽及回覆顧客來電、來函意見資訊。   • 負責文書資料處理歸檔、信件收發、寄送。   • 負責總機接聽、轉接與接待訪客（如外賓、面試者等）。   • 協助辦理公司內部活動（如聚餐等）。   • 總務事項採購及維護等相關庶務工作，需外部廠商接洽聯繫。   • 日文文書資料翻譯。   • 主管交辦事項。  【優先面試條件
15405459,董事長特助,創藝製造國際股份有限公司,雙北,台北市,台北市信義區,經營/人資,傳統製造/精密工業,48000~52000 (period=6),月薪,48000,52000,0,0,傳統無AI,無,0,1,0,0,⟪工作內容⟫ 1. 協助董事長處理日常工作及各項交辦事項。 2. 協助確認產品需求、規格、數量及下單內容，並追蹤生產、交期及出貨進度。 3. 負責與供應商及公司內部各部門進行溝通協調。 4. 中英文 Email 往來及日常工作溝通。 5. 協助處理工作上的問題及臨時交辦事項。  ⟪職務條件⟫ 1. 英文聽說讀寫流利，能以英文與董事長進行工作溝通。 2. 具良好溝通及協調能力。 3. 具業務、業務助理、採購或相關工作經驗者佳。 4. 熟悉 Word、Excel、Email 等辦公軟體。 5. 細心、有責任感，能獨立處理工作。
14975196,課程開發與營運專員-數位創新人才研究所,財團法人商業發展研究院,雙北,台北市,台北市大安區,經營/人資,其他服務/工商貿易,面議,面議,,,1,0,傳統無AI,無,0,0,0,0,1.	課程規劃與安排。 2.	擔任養成班導師。 3.	外聘講師朝聘及教學督導。 4.	課程品質管理(含文件紀錄)。 5.	主管臨時交辦事項。
14567592,戶外品牌 kawas - 台北大安門市 直營店正職夥伴,嘉瓦士有限公司,雙北,台北市,台北市大安區,經營/人資,電子商務/數位零售,35000~35000 (period=2),月薪,35000,35000,0,0,傳統無AI,無,0,0,0,0,kawas 台北大安門市部 正職夥伴招募！  台北大安門市部位於大安站商圈，鄰近大安森林公園。 這裡是都市生活與戶外探索交會的地方。 我們需要一位喜愛機能服飾，樂於與顧客互動的你。 在城市的一隅，提供大家專業且自在的購物體驗。  此職位需要您：  *有高EQ及耐心。 *喜歡美的事物，願意讓店鋪環境更有質感。 *若有登山用品或機能服飾店的經驗更佳！  履歷需含自傳及大頭照。 請附上你的戶外經驗與你對戶外的熱情！ 也請寫下您認識的kawas及你對職涯的期許！  工作地點： kawas台北大安店（需配合支援輪調）  工作內容： (1) 具備對戶外服飾及裝備的知識整合能力，並能獨立進行銷售 (2) 日
15353628,國際物流營運經理,臺灣韓進國際物流有限公司,雙北,台北市,台北市松山區,經營/人資,其他服務/工商貿易,100000~150000 (period=6),月薪,100000,150000,0,0,傳統無AI,無,0,0,0,0,1. 公司全面性管理（協助公司負責人）  2. 航空貨運代理店管理及新業務拓展、營運管理  3.海運貨運代理新業務開發及運營管理  4.開發倉儲3PL（履約配送）等新業務  5.收集/分析市場、競爭對手及客戶信息 6. 代理店及主要客戶管理、交易方應收帳款管理等  7.營業業績分析及相關報告撰寫  8. 制定並管理年度銷售目標等  
15300562,★徵正職人資助理 月薪3萬8起 （近捷運台大醫院站）★,鑫光威登股份有限公司,雙北,台北市,台北市中正區,經營/人資,生技/醫療保健,38000~42000 (period=3),月薪,38000,42000,0,0,傳統無AI,無,0,0,0,0,【薪資福利】 ★正職人員：月薪38000起  【工作說明】 •    招募任用作業（50%） 負責門市人才招募、面試安排及錄取流程 追蹤招募成效，持續優化招募流程與制度 •    人事行政作業（30%） 維護員工基本資料，辦理到職、離職、異動等人事行政作業 執行人資部門行政事務及工作進度追蹤 •    勞健保與法令作業（10%） 辦理勞工保險、全民健康保險及團體保險加退保作業 處理勞保健保給付、職業災害及保險理賠相關案件 •    行政支援與跨部門協調（10%） 協助電話接聽及一般行政庶務   【上班時間】 09:00-18:00  【上班地點】 台北市中正區懷寧街90號8樓  【應徵條件及方
14845982,總裁辦助理,愛納奇國際有限公司,雙北,台北市,台北市中山區,經營/人資,電子商務/數位零售,45000~60000 (period=4),月薪,45000,60000,0,0,傳統無AI,無,0,0,0,0,一、總裁辦運營管理  	•協助總裁與副總裁處理日常決策所需資訊：財務、業務、國際市場、專案進度等。  	•建立並維護集團運營流程圖、制度手冊與跨部門SOP，確保各分子公司運作一致。  	•負責高機密文件管理及簽呈流轉。    二、跨國協調與對外溝通  	•直接對接東南亞市場（馬來西亞、菲律賓、印尼），協助你處理海外團隊的業務進度、需求彙整與問題解決。  	•處理國際商務文件：合約翻譯、合作提案、國際簡報。  	•安排總裁與海外出差事宜，擔任隨行幕僚，統籌差旅行程與會議紀錄。    三、資料整合與決策支持         •蒐集市場趨勢、競業資訊，形成決策簡報。  	•統整集團內各部門數據，製作
15169585,鶏Soup精緻火鍋-內/外場正職人員.儲備幹部,鼎煜食品有限公司,雙北,台北市,台北市內湖區,經營/人資,其他服務/工商貿易,面議,面議,,,1,0,傳統無AI,無,0,0,0,0,外場: 1.服裝儀容整齊。 2.顧客服務，提供好的用餐服務體驗。  內場: 工作內容: 1. 前置開班準備工作，備料各種食材，以完成出餐工作。 2. 清理並維護工作環境、設備及餐具的整潔。
13053322,教育訓練專員,曦月有限公司,雙北,台北市,台北市中山區,經營/人資,文教/補教培訓,面議,面議,,,1,0,傳統無AI,無,0,0,0,0,1.依據公司需求規劃訓練發展政策、體系與制度執行，傳遞公司理念。 2.進行訓練發展需求分析，規劃、執行公司訓練發展計畫，並評估訓練發展之成效。 3.控管公司訓練發展之費用，維護員工訓練發展紀錄，定期提供相關管理決策之參考。 4.研究、評估並引進新的訓練發展主題與方法，以增進訓練發展之成效。 5.新進員工及在職員工教育訓練課程規劃、設計討論並擔任內部講師。 6.各項表揚競賽規劃、執行及 SOP作業辦法修訂及流程改善。 7.至門市及專櫃輔助在職員工現場銷售技巧及顧客溝通執行及運作。 8.協助招募人員。
14092320,智能居家銷售人員(台北店),鎖庫智能有限公司,雙北,台北市,台北市大同區,經營/人資,傳統製造/精密工業,32800~100000 (period=3),月薪,32800,100000,0,0,傳統無AI,無,0,0,0,0,"【智能居家顧問｜門市銷售】  想挑戰高收入，又想擁有良好的工作與生活平衡嗎？  底薪32,800元起 平均月薪40,000～100,000元 業績獎金無上限  • 上班時間11:00－19:00 • 過年連假休息 • 每年國外員工旅遊 • 不定期舉辦國內旅遊 • 零食、飲料免費供應 • 定期員工聚餐 • 每年依能力與表現調薪 • 完整教育訓練，無經驗可  【工作內容】 1.智能居家產品介紹與銷售 2.客戶接待與線上訊息回覆 3.門市商品與庫存管理  【我們希望你】 ✔ 喜歡與人互動 ✔ 具服務熱忱與責任感 ✔ 對收入成長有企圖心  加入快速成長的智能居家產業， 與一群認真工作、也懂得享受生活的"
14198491,【如嬌 花膠雞‧鍋物 仁愛二店】內場廚房兼職夥伴 起薪$230 歡迎挑戰$250,如嬌餐飲有限公司,雙北,台北市,台北市大安區,經營/人資,其他服務/工商貿易,230~250 (period=0),時薪折算,36800,40000,0,0,傳統無AI,無,0,0,0,0,2023年亮相於台北市大安區的現代東方風火鍋店，為「如嬌」的首間分店，持續帶起台北最火最新潮的火鍋抨擊。 ． 我們選自頂級食材「鮑、參、翅、肚」中的魚肚也就是俗稱的花膠， 做出濃厚的『黃金花膠雞湯鍋物』，並結合現代時下年輕人喜愛的餐點食材， 搭配起鮮活海鮮，特色鍋料與小食，加上「如嬌」一貫以來帶溫度的客情服務，用心的餐點品質，絕佳的工作環境，美味盛宴需要優秀的人才加入。 ‧ 本集團創立至今，入職滿三個月後的正職夥伴，離職率僅約為5%， 因為我們擁有一眾優秀的團隊人才，有別於其他餐飲團隊的獨特管理系統， 老闆堅持，讓你來到我們這不是要學外場服務與內場廚助， 而是能給予更多經驗上的傳承，社會上的歷
15123101,商務中心櫃檯秘書,新東北電力高壓設備有限公司,雙北,台北市,台北市大安區,經營/人資,傳統製造/精密工業,34000~9999999 (period=0),月薪,34000,34000,0,0,傳統無AI,無,0,0,0,0,1.提供群璽商務中心客戶優質、完善商務服務及管理 2.櫃檯行政事務處理(遵循sop執行) 3.訪客接待、客戶電話接聽、郵件處理 4.行銷活動、會議室支援及執行 5.不定期舉辦承戶交流活動 6.每月帳務結算客戶費用、會議費用)及主管交辦事項執行 7.基本OFFICE軟體操作
13761038,輪班技術員(污水抽水站)-無經驗可培訓---臺北市松山區(近松山車站),上水股份有限公司,雙北,台北市,台北市松山區,經營/人資,文教/補教培訓,32000~37000 (period=0),月薪,32000,37000,0,0,傳統無AI,無,0,0,0,0,1.抽水站設備操作、維護 2.站內報表填寫 3.廠區巡檢、清潔 4.篩渣清運跟拍 5.其他交辦工作事項
14259432,董事長室旅程秘書,來春投資股份有限公司,雙北,台北市,台北市中山區,經營/人資,資訊科技/軟體網路,面議,面議,,,1,0,傳統無AI,無,0,1,0,0,1.	旅程規劃：旅程前規劃機票、飯店、每日行程、交通、景點、餐廳、簽證、保險等。 2.	旅程執行：旅程中遠端待命或隨行支援，包含:機場通關、機上餐飲、機場接送、飯店入住等，處理任何董事長現場遇到的狀況，確保海外旅程順暢進行。 3.	旅程紀錄：旅程後要整理所有照片及過程狀況，進行歸檔。 4.	海外事務聯絡溝通：協助董事長處理海外旅程中的各方溝通，包括英語能力、熟悉當地習俗等，提升海外旅程品質。 5.	送禮及禮品採購：負責規劃董事長的貴賓送禮提案，並執行禮品採購。與禮品商保持良好關係，確保禮品品質符合標準。  主要條件 (must)： ★行政文書作業能力強 ★喜歡大量文書行政工作 ★具備資料分析歸
4448210,【龍巖/異業結盟】兼職 /斜槓 /轉職 /創業人員（承攬性質、非勞動契約）,龍巖鳳巖營業處_鳳巖有限公司,雙北,台北市,台北市大同區,經營/人資,其他服務/工商貿易,6000~20000 (period=2),面議,,,1,0,傳統無AI,無,0,0,0,0,"龍巖殯葬業第一品牌.台灣唯一上市櫃公司.  生前契約觀念起跑的最佳時機,提供客戶安心且安全的生命殯葬資訊  與國際級建築大師接軌，建築美學的墓園藝術作品導覽  提升自己建築美學的國際觀，培養生活品味的最佳事業舞台.  ◇掌握趨勢 創造自己的事業舞台  ◇幫助別人 同時成就自己的事業  ◇全台唯一萬坪國際景觀櫻花墓園    1.生命產業顧問。   2.生前契約及生命紀念館之觀念推廣銷售。   3.「報酬係依實際招攬業績比例計算，本頁顯示待遇部分因欄位選項受限，故為簡要記載」     在少子化,老年化的銀色海嘯來臨時,最佳終身的事業選擇,每年500億市場規模,產業發展空間大的新興產業正席捲整個就業"
14103329,【執行助理】近國父紀念館站,全鋒汽車股份有限公司,雙北,台北市,台北市大安區,經營/人資,其他服務/工商貿易,36000~38000 (period=3),月薪,36000,38000,0,0,傳統無AI,無,0,0,0,0,1、協助事業體各部門文件審查，進度追踨並掌控進度。 2、追蹤執行主管交辦事項(包含臨時任務的督辦、協調及落實)。 3、安排及參與會議，追蹤決議事項之執行狀況。 4、協助特殊專案(須出差，一年1~2次，為期1~3天不等，視專案而定)。 5、掌握會議與專案的進程。 6、協助會議、活動籌備、書面報告、簡報等資料。 7、主管交辦事項。
14166871,"《月薪43,000元~45,000元》【日商壽司郎】台北石牌店-正職人員★歡迎二度就業、無經驗者★",台灣壽司郎股份有限公司,雙北,台北市,台北市北投區,經營/人資,文教/補教培訓,41000~43000 (period=0),月薪,41000,43000,0,0,傳統無AI,無,0,0,0,0,"﹌透過美味的壽司，將幸福傳遞下去﹌ うまいすしを、腹一杯。 うまいすしで、心も一杯。  年年調薪、福利最多， 歡迎對餐飲業有熱忱的你！   ⭕獎金福利 【優良表現獎勵】每月最高2,000元，依出勤狀況及個人工作表現綜合判斷，非固定薪資或全勤獎金，公司有權中止或廢除優良勤務津貼 【三節獎金】定額獎金、春酒抽獎活動 【競賽獎金】每月店鋪競賽活動獎金 【介紹獎金】介紹親朋好友入職，期滿可獲得3,000~10,000元獎金 【輪調津貼】配合外縣市輪調者，皆享租屋津貼補助 【其他津貼】結婚生育津貼、喪葬慰問金、生日禮券、生日假、在職進修、年度健檢津貼、員工用餐優惠 【夏、冬季獎金】一年兩次獎金發放（幹部"
7681417,【正職】宜得利NITORI 前社員再雇用專區(非宜得利前任員工、或前任員工但未滿足職務需求條件者勿試),宜得利家居股份有限公司,雙北,台北市,台北市中正區,經營/人資,電子商務/數位零售,35000~47000 (period=3),月薪,35000,47000,0,0,傳統無AI,無,0,0,0,0,宜得利家居為家具家飾商品連鎖店之日商企業。 由日本宜得利發起，針對前任宜得利員工的再雇用現正招募中。  何謂再雇用制度： 前宜得利社員因結婚、生產、育嬰、病患看護等緣由或是至海外進修、轉職等為了提升能力而離職的員工們。為了讓這些員工能活用學到的新知識、經驗和技能而引進的制度。  ◎職務需求條件(須滿足以下各項條件)：   ＊曾任職於宜得利正職員工經驗達兩年以上。   ＊離職的原因為以下者：       1.為了結婚、生產、育嬰、病患看護等不得已的理由。       2.為了提升能力而轉職、海外留學進修等。   ＊無重大疾病者。   ＊可配合業務需求及公司教育體制，調動至各縣市店鋪。      
13032541,★【日商Times・招募專員】｜平均年薪15個月＆穩定調薪,台灣普客二四股份有限公司,雙北,台北市,台北市中山區,經營/人資,文教/補教培訓,38000~48000 (period=3),月薪,38000,48000,0,0,傳統無AI,無,0,0,0,0,你．．． ☛對於人資工作負有使命感嗎？ ☛覺得自己是富有創意思維的人資嗎？  我們．．． ➡要找的就是負有使命、能與團隊互相勉勵成長的你！ ➡鼓勵人資夥伴想法不設限、成為引領公司向上的關鍵角色！  如果你具備以上特質與想法 歡迎與我們聊聊～開啟成為普客夥伴的契機！  【工作內容】 70% 招募 + 30% 人才發展 1.負責公司招募作業及人才任用流程管理 2.執行新人關懷、試用期追蹤及考核作業 3.規劃與執行新人教育訓練 4.維護人才顧問、派遣公司及招募平台合作關係 5.執行政府補助計畫相關作業 (如：青年就業旗艦計畫) 6.雇主品牌強化 (如：就業博覽會、104企業動態經營等) 7.其他人力
15140613,人資專員,華德來股份有限公司,雙北,台北市,台北市中山區,經營/人資,其他服務/工商貿易,34000~36000 (period=0),月薪,34000,36000,0,0,傳統無AI,無,0,0,0,0,1.負責外務招募作業與面試安排 2.辦理員工到職、離職手續   3.維護人力資源之人事相關更新管理、出缺勤管理含請假作業、薪資結算 4.各項資料報表、合約、 文件、資料整理與歸檔 5.執行政府專案申請、補助核銷及相關行政作業 6.其他行政庶務，申請給付、團保...等
6371540,業務員-跨境電商(Amazon)(台北),文筆網路科技有限公司,雙北,台北市,台北市松山區,經營/人資,電子商務/數位零售,29500~90000 (period=3),月薪,29500,90000,0,0,傳統無AI,無,0,0,1,0,1.Amazon跨境電商代運營-招商 2.RWD企業官網、金流店鋪建置-招商 3.企業官網內容代運營+互動式行銷-招商 4.B2B 電商巿集(TTnet.net、Made-in-China))-會員廣告-招商 5.網路整合行銷: 關鍵字、SEO、OMO、社群、B2B、B2C-招商   *開發潛在客戶，拓展市場，以達成業績目標。 *定期拜訪經銷客戶，維繫穩定客戶關係。 *負責國內業務接洽及訂單處理。 *負責產品報價及產品展示，並處理帳款回收相關事宜。 *負責業務推展，傳達及說明公司各項業務重大訊息、活動及產品。 *電子商務推薦銷售、協助客戶建立行銷渠道。
12977458,【內部職缺】Robert Walters - Recruitment Consultant/ Researcher - Semicon,ROBERT WALTERS_華德士股份有限公司,雙北,台北市,台北市信義區,經營/人資,資訊科技/軟體網路,面議,面議,,,1,0,傳統無AI,無,0,0,0,0,【內部職缺】Robert Walters - Recruitment Consultant/ Researcher - Semicon  【Key Responsibilities】  - Consistently bring in high-quality candidates through head-hunting activities and build an extensive referral network  - Develop long-term and trusted relationships with clients by attaining comprehensive 
15038181,總部｜人資專員,逐鹿餐飲有限公司,雙北,台北市,台北市大安區,經營/人資,其他服務/工商貿易,面議,面議,,,1,0,傳統無AI,無,0,0,0,0,【我們在找這樣的您】  我們需要的人資夥伴，不僅是制度的執行者，更是集團擴張的戰略支援。您將直接參與從 0 到 1 的人才佈局，並確保品牌在快速成長的同時，具備最穩健的法規防禦力。    【您的主要任務】  1. 全方位人才招募： 負責人力銀行平台操作、履歷篩選與面試開發。 主動規劃並執行校園徵才、產學合作，為新品牌儲備人才。  2. 法遵與制度落實： 熟悉並落實勞基法，規劃與管理**「四周變形工時」**排班邏輯。 作為集團窗口，專業應對各項勞檢作業，確保企業合法合規。  3. 勞資關係管理： 處理突發勞資爭議或員工關係狀況，具備高度應變能力與溝通韌性。  4. 薪資福利作業： 具備基本薪酬觀
6904386,特別助理(收出養服務中心),財團法人忠義社會福利事業基金會,雙北,台北市,台北市文山區,經營/人資,其他服務/工商貿易,36000~40000 (period=0),月薪,36000,40000,0,0,傳統無AI,無,0,0,0,0,協助收出養服務中心行政管理、業務執行及國際事務聯繫，負責國內外文件往來、翻譯、接待與陪同服務、專案協調及主管交辦事項，協助中心維持行政效能與服務品質，並配合母會相關業務推動。  1.維持中心行政作業順暢與制度化管理。 2.提升國際收養業務聯繫與文件管理品質。 3.建立良好之國內外合作單位溝通管道。 4.提供外國收養家庭來台期間之行政協助與支持服務。 5.協助中心主管掌握業務進度及重要事項執行。 6.強化中心對外專業形象與服務品質。 7.配合母會各項專案、活動及行政業務推動。 8.提升跨單位協調與資源整合效率。 
15392441,人力資源／招募專員（具就業服務乙級技術士證照佳）,矍鑠健康股份有限公司,雙北,台北市,台北市中山區,經營/人資,生技/醫療保健,50000~9999999 (period=4),月薪,50000,50000,0,0,傳統無AI,無,0,0,0,0,我們希望招募一位熟悉人才招募及人力資源實務的夥伴，協助公司進行人才招募、人事制度優化及相關 HR 工作。  此職位將以「人才招募」為主要工作重心，適合喜歡與人互動、對人才評估及招募工作有興趣，並希望持續累積 HR 專業能力的人選。  【工作內容】  負責公司各職務人才招募、履歷篩選及面談安排。 依各部門用人需求，協助規劃招募條件及人才搜尋策略。 主動搜尋適合人才，建立及維護公司人才資料庫。 負責招募平台職缺刊登、履歷管理及招募成效追蹤。 協助新進人員報到、試用期追蹤及相關人事作業。 協助公司人事制度、招募流程及相關 SOP 優化。 協助員工關係及內部人力資源相關事項。 其他人力資源相關專案及主
15406877,老闆特助 / 高階儲備幹部【CEO直屬實戰/百萬年薪挑戰/提供外縣市租屋補助】,烽馳物業股份有限公司,雙北,台北市,台北市中正區,經營/人資,文教/補教培訓,35000~45000 (period=0),月薪,35000,45000,0,0,傳統無AI,無,0,0,0,1,​關於這個職務與我們的信念：  我們是一支深耕租賃與物業管理的年輕專業團隊。  我們深信，真正的好工作不只是領薪水，更是幫你建立帶著走的「商業勝任力」。  這個職位將直接跟隨公司創辦人 / CEO 實戰，踏入核心營運決策圈， 從商業運作、團隊帶領到決策判斷全方位參與， 我們的目標只有一個：把你培養成能獨當一面的核心經理人！  ______________________________   你將參與與執行的核心任務-  ​核心決策參與： 協助創辦人處理跨部門專案與營運決策，快速培養高階商業判斷力。  組織管理實戰： 參與團隊日常運作、流程優化與跨部門溝通，扎實累積領導力。  關鍵業務推進： 深
14821070,董事長特助,弘圓生技有限公司,雙北,台北市,台北市中山區,經營/人資,生技/醫療保健,40000~9999999 (period=0),月薪,40000,40000,0,0,傳統無AI,無,0,1,0,0,1.負責董事長工作行程之規劃安排，並隨行陪同。 2.需陪同董事長出差或單獨出差，住宿與機票公司負擔 3.出差地點大多為：馬來西亞、日本。 4.需有駕照、會開車 5.會英文或日文 
14189663,(總公司)業務專員,台一國際股份有限公司,雙北,台北市,台北市松山區,經營/人資,傳統製造/精密工業,45000~60000 (period=0),月薪,45000,60000,0,0,傳統無AI,無,0,0,0,0,"1. 資歷不拘,依實務經驗核薪。 2. 開發潛在客戶，拓展市場，以達成業績目標。 3. 定期拜訪經銷客戶，維繫穩定客戶關係。 4. 負責國內業務接洽及訂單處理。 5. 負責產品報價及產品展示，並處理帳款回收相關事宜。 6. 負責業務推展，傳達及說明公司各項業務重大訊息、活動及產品。 7. 進行商品行銷，產品特色分析介紹，並提供產品購買的建議。 8. 提供售後服務，處理客戶端之問題，給予完善的處理。 9. 察覺客戶交易之異常狀況，並負責客訴問題之處理。  ＊自備汽車(每週定期前往工廠參加會議、外出拜訪客戶)"
14238123,青山 青茶專業製作連鎖茶飲- 總公司營運督導專員,山峰點伙股份有限公司,雙北,台北市,台北市大安區,經營/人資,文教/補教培訓,40000~45000 (period=0),月薪,40000,45000,0,0,傳統無AI,無,0,0,0,0,1.督導門市依據公司之既定政策，標準作業程序執行從事營業工作。  2.定期巡店，管理及督核加盟店品質、服務、清潔等執行狀況。 3.加盟店經營輔導與管。 4.總公司品牌政策傳達與執行。  5.國內外加盟展店教育訓練及開幕支援。  6.督導負責區域加盟店業績及各項指標，達成公司營運目標。  7.協助加盟主客訴及其他問題之處裡。  8.加盟店與總部的溝通與聯繫。  9.日常工作之監督與審核，專案工作執行監督。  10.需在門市基礎訓練3~6個月學習各項技能並通過考核。 11.需跨區工作與出差。 12.直營門市主管培訓。
15406307,薪酬管理師 (人資專業能力養成，內部正職，近小巨蛋)-A14,精英人力資源股份有限公司,雙北,台北市,台北市松山區,經營/人資,資訊科技/軟體網路,30000~50000 (period=3),月薪,30000,50000,0,0,傳統無AI,無,0,1,0,0,【IMC 精英內部徵才，正職工作，非派遣。】  【你/妳要做的事】 1.負責企業客戶的出勤資料結算核對，以及每月薪資、獎金、加班費及離職金等計算。 2.辦理客戶員工之勞保、健保、勞退新制加退保及投保薪資調整。 3.年度各類所得扣繳申報。 4.提供人力資源及稅務法規遵循諮詢。 5.其它主管交辦事項。   【我們希望你/妳】 1. 能獨立作業、熟悉Excel軟體操作。 2. 對數字及勞動法令具敏感度，處事謹慎細心、具良好溝通能力、細心、抗壓性及配合度佳。 3. 具備高度保密意識與職業道德，能嚴格遵守個人資料保護法。 4. 顧客滿意導向。 5. 具備英文書信讀寫能力。 6. 需有工作經驗，無相關經驗
14976840,執行長,財團法人台灣區鰻魚發展基金會,雙北,台北市,台北市中山區,經營/人資,其他服務/工商貿易,面議,面議,,,1,0,傳統無AI,無,0,0,0,0,1.	秉承董事會之決策及董事會之命令，綜理基金會一切業務，並監督所屬人員。 2.	董事長臨時交辦事項。 3.     各項推廣活動與會議舉辦 4.     對日本相關協會聯繫 
15045670,行政主管 Office Manager,優質國際教育有限公司,雙北,台北市,台北市大安區,經營/人資,文教/補教培訓,60000~9999999 (period=2),月薪,60000,60000,0,0,傳統無AI,無,0,1,0,0,**工作內容** 核心營運： 能確保學生與家長在服務過程中感受到全方位的支持。  銷售與溝通： 接待潛在客戶，深入了解其教育需求，並有效傳遞公司的品牌價值與優勢。  行銷與社群經營： 協助策劃家長說明會、學生工作坊及社群活動，建立品牌信任感與連結。  行政與營運管理： 負責學生文件處理、檔案紀錄維護，並協助招募文件開發，確保台北與紐約團隊間的溝通順暢。  排程與通訊協調： 安排諮詢預約、管理內外部通訊，並追蹤後續進度。  CRM 系統維護： 精確記錄銷售與營運數據，透過系統化管理提供決策建議。  **應徵條件** 具備1年以上留學教育產業或國際學校體系經驗者。  語言能力： 具備流利的中英文聽
14196799,高階主管私人秘書,日盛報關股份有限公司,雙北,台北市,台北市中山區,經營/人資,廣告行銷/公關顧問,面議,面議,,,1,0,傳統無AI,無,0,0,0,0,工作內容:  1. 行程管理: 每日行程更新、協助預約或訂票(機票、高鐵、飯店、餐廳等)、提醒重要事項(合約、會議、家庭活動等)。 2. 生活與私人事務協助: 小朋友課程聯繫窗口、家庭旅遊行程規畫整合。 3. 老闆公關活動: 負責對外及各廠商之溝通聯繫事宜，必要時需陪同隨行。 4. 臨時與交辦事項處理。 5. 協助處理庶務性行政工作。 
13824706,行政助理,可恩迪股份有限公司,雙北,台北市,台北市松山區,經營/人資,其他服務/工商貿易,面議,面議,,,1,0,傳統無AI,無,0,0,0,0,"1. Assist in planning, executing, monitoring, controlling, and closing business and operational projects. 2. Track project schedules, action items, costs, pending issues, and deliverables, and follow up with relevant departments to ensure timely completion. 3. Coordinate operational and administrati"
15354833,【蝦皮購物Shopee】外勤業務助理｜無經驗可｜固定日班休紅字｜交通費用可報銷.CH,新加坡商立福人事顧問有限公司台灣分公司,雙北,台北市,台北市信義區,經營/人資,電子商務/數位零售,42000~42000 (period=0),月薪,42000,42000,0,0,傳統無AI,無,0,0,0,0,【工作內容】 現場協助工程人員 1. 協助工程人員處理發包/驗收作業以及相關行政庶務  2. 追蹤發包/驗收工程期程進度 3. 報修進度追蹤，協助處理門市報修項目，與門市與廠商追蹤細節  4. 基礎文書處理能力，包含Word/Excel 5.外勤支援雙北外地區(桃園、新竹、基隆、宜蘭地區) ，依實際狀況搭高鐵/台鐵/摩托車或搭工程人員的車(不太需要自行開車)  **白話文: 外勤=到現場做紀錄 內勤=把現場紀錄key-in進系統  **外勤與內勤比例4:1**  【職位需求】 1.此職位需整理大量資料，須具備細心、耐心特質 2.自備交通工具 3.有外勤經驗佳 4.會需使用google表單（非必
15257933,營運助理,超急資訊股份有限公司,雙北,台北市,台北市中正區,經營/人資,文教/補教培訓,35000~45000 (period=0),月薪,35000,45000,0,0,傳統無AI,無,0,0,0,0,本職位為公司日常營運與外勤團隊管理的重要核心。我們正在尋找一位細心負責、具備良好溝通與協調能力，且個性主動、活潑開朗，不排斥出外勤的特助，協助公司進行外勤人員招募、面試、工作說明、排班安排、官方 LINE 回覆、停車場點位狀況的定期確認與紀錄、外勤任務及新設備佈置。  您將會是公司內勤團隊與外勤人員之間的重要聯繫窗口，負責傳達任務內容、追蹤執行狀況、協助處理外勤人員遇到的問題，並確保各停車場點位能夠維持正常運作。  除日常內勤作業外，也需配合外出(需會騎機車)，協助教導新進外勤人員、進行現場工作示範，以及協助新點位的設備布置與測試。  工作內容  1. 外勤人員招募與面試 協助刊登及維護外勤職
15402886,商辦暨精品飯店物業經理,瀚寓酒店X瀚寓夏天X小馬飲夢STAND Cafébar_白石股份有限公司,雙北,台北市,台北市信義區,經營/人資,其他服務/工商貿易,面議,面議,,,1,0,傳統無AI,無,0,0,0,0,1. 營運場域管理｜統籌商辦及精品飯店之保全、清潔、消防、裝修與機電設施，確保場域安全、品質與正常運作。 2. 工程與維護督導｜掌握設備維護、修繕及工程品質，建立預防保養與異常處理機制。 3. 外包廠商管理｜負責外包服務商遴選、議價、合約管理與履約督導，確保服務品質與成本效益。 4. 跨單位協調｜整合工程、物業、飯店及外部合作單位，推動各項設施與工務專案順利落地。 5. 設施規劃與政府協調｜規劃設施改善與維運策略，並負責與消防、建管等外部行政機關之溝通協調。 6. 年度計畫與預算管理｜主導年度維護計畫、資本支出及營運預算編製，並追蹤執行成效與成本控管。 7. 新物業開發評估｜蒐集並分析潛在物業
14753732,【內部職缺】獵頭顧問 Recruitment Consultant - 台北辦公室,佰德管理顧問有限公司,雙北,台北市,台北市內湖區,經營/人資,生技/醫療保健,面議,面議,,,1,0,傳統無AI,無,0,0,0,0,Platinum International Consultants 深耕亞洲科技產業 25 年，主要專注於半導體、IC 設計、電子科技、醫療及金融等領域的中高階人才獵聘。  我們提供透明且以績效為導向的職涯發展機制， 讓你的成長與成果能被清楚看見，並持續放大你的價值。  我們正在尋找具備企圖心、渴望快速成長的你／妳加我們的團隊！  【What You Will Do】 －深入理解產業與市場動態，作為企業與人才之間的關鍵顧問  －精準鎖定高潛力人才，進行專業面談與職涯諮詢，協助人才做出關鍵職涯決策 －掌控核心招募節奏，精準主導薪酬期望與 offer 談判，達成高價值的雙贏締約 －參與團隊戰略制
14448343,【台北大安 | 近科技大樓或大安捷運站】#現場督導- 工讀生管理#時薪$300(月薪換算破50K+)#需有現場管理經驗#三個月一簽#周末平日彈性輪班#有機會轉正_ITS_837,藝珂人事顧問股份有限公司,雙北,台北市,台北市大安區,經營/人資,文教/補教培訓,300~300 (period=3),時薪折算,48000,48000,0,0,傳統無AI,無,0,0,0,0,【職位概述】 負責現場營運與 PT 人員管理，包含排班調度、設備維護及異常事件處理。確保專案依排程順利執行，並維持設備與場地正常運作。需具備團隊管理經驗，可配合輪班及週末排班，具高度責任感與應變能力。  【職務內容】 1.　團隊領導與督導：擔任 PT 人員的管理者，負責工作分配、教育訓練、出勤管理等。 2.　現場營運管理：掌控現場營運狀況及突發狀況排除，確保營運流程符合公司標準。 3.　設備與資產維護：負責現場各項設備的日常巡視、基礎保養清潔、異常排除與報修追蹤，確保所有硬體設施維持最佳運作狀態。 4.　輪班與交接執行：配合現場營運需求執行輪班制度 (含早、晚、假日班)，並落實各班別間的營運事
15368634,【ATT吸引力集團】主管秘書-工作地近昆陽捷運站,芯旺餐飲企業有限公司,雙北,台北市,台北市南港區,經營/人資,其他服務/工商貿易,面議,面議,,,1,0,傳統無AI,無,0,0,0,0,1. 協助主管處理日常行政及文書作業。 2. 負責會議安排、行程管理及相關資料準備。 3. 協助各部門與特助間之聯繫、溝通及事項追蹤。 4. 協助公文、簽呈、報表及簡報等資料彙整。 5. 協助主管交辦事項之執行及進度追蹤。 6. 負責主管文件、檔案及資料管理。 7. 其他主管交辦事項。  
12026836,招募任用專員【人力資源中心】,明基電通股份有限公司,雙北,台北市,台北市內湖區,經營/人資,傳統製造/精密工業,38000~9999999 (period=0),月薪,38000,38000,0,0,傳統無AI,無,0,0,0,0,1. 執行人才招募，履歷篩選及後續任用等作業 2. 新人課程、新人安置執行作業及招募相關專案執行與規劃 3. 經營及管理雇主品牌與社群平台 4. 其他      - 招募任用系統管理      - 人事資料與報表分析提供      - 主管交辦事項
15365430,【饗賓集團｜饗食天堂】外場營運夥伴｜月薪40000起｜一起打造屬於你的黃金職涯_台北市大同區,饗賓餐旅事業股份有限公司,雙北,台北市,台北市大同區,經營/人資,其他服務/工商貿易,40000~9999999 (period=2),月薪,40000,40000,0,0,傳統無AI,無,0,0,0,0,【關於饗食天堂】 匯集中/西/日式料理職人，精心烹調上百道多國美食； 嚴選在地當令食材，用心詮釋食材的鮮美原味。 饗食天堂採開放式廚房、主廚現場料理， 現點鮮做的美好滋味、自由取用的食趣之味， 讓新鮮躍上舌尖，讓美味盡收眼底。 每個人都能在饗食天堂自由地品味美食、自在地享受盛宴。  【工作內容】 1.介紹餐點及執行顧客桌邊服務。 2.開餐前置作業，補齊工作站內所需之餐具及備品。 3.維持桌面及現場環境清潔，提供顧客舒適、乾淨的用餐環境與服務品質。 4.營業結束後各項善後工作，並確實遵守食品安全及衛生規範。 5.協助顧客處理及解決問題，遇特殊狀況第一時間回報主管。 6.執行主管交辦之其他相關事項
14890879,✧最高時薪為300元✧　來自義大利的時尚羽絨外套品牌TATRAS銷售人員@新光三越信義A9(短期時薪制),全球風尚股份有限公司,雙北,台北市,台北市信義區,經營/人資,生技/醫療保健,250~300 (period=2),時薪折算,40000,48000,0,0,傳統無AI,無,0,1,0,0,來自義大利，以高品質羽絨外套聞名的時尚品牌《TATRAS》快閃店銷售人員招募~ https://tatras-official.com/   【工作期間】 2026年10月14日到2027年1月6日  【主要工作內容】 1. 顧客接待與需求服務 2. 庫存整理、收銀對應 3. 穿搭搭配建議 4. 商品整理、維持店櫃美觀與整潔 5. 其它主管交辦的工作  【必備條件】 ✯具有在實體門市銷售服飾相關產品經驗(含時薪制經驗)滿半年以上者 ・對TATRAS品牌有高度興趣 ・有精品相關銷售經驗加分  ・喜歡與人互動、願意學習相關新知識  【加分條件】 ・具有日文溝通能力（非必備的能力）  【工作時間與休
15398397,"營運暨通路經理 Operations & Commercial Manager【NT$111,000~140,000元/月】",澳安國際有限公司,雙北,台北市,台北市大安區,經營/人資,生技/醫療保健,110000~140000 (period=9),月薪,110000,140000,0,0,傳統無AI,無,0,1,0,1,"【職務內容】 This is a new position, created to take ownership of the commercial side of the business. You would run the channels, plan the calendar, and drive the decisions that move sales — rather than waiting for direction. 這是新設職位，將全權負責公司的商業推進。你將主導通路經營、規劃行事曆，並推動實際帶動業績的決策，而非等待指派。  A significant part of "
13590099,"《月薪43,000元~45,000元》【日商壽司郎】天母高島屋店-正職人員★歡迎二度就業、無經驗者★",台灣壽司郎股份有限公司,雙北,台北市,台北市士林區,經營/人資,文教/補教培訓,41000~43000 (period=0),月薪,41000,43000,0,0,傳統無AI,無,0,0,0,0,"﹌透過美味的壽司，將幸福傳遞下去﹌ うまいすしを、腹一杯。 うまいすしで、心も一杯。  年年調薪、福利最多， 歡迎對餐飲業有熱忱的你！  ⭕獎金福利 【優良表現獎勵】每月最高2,000元，依出勤狀況及個人工作表現綜合判斷，非固定薪資或全勤獎金，公司有權中止或廢除優良勤務津貼 【三節獎金】定額獎金、春酒抽獎活動 【競賽獎金】每月店鋪競賽活動獎金 【介紹獎金】介紹親朋好友入職，期滿可獲得3,000~10,000元獎金 【輪調津貼】配合外縣市輪調者，皆享租屋津貼補助 【其他津貼】結婚生育津貼、喪葬慰問金、生日禮券、生日假、在職進修、年度健檢津貼、員工用餐優惠 【夏、冬季獎金】一年兩次獎金發放（幹部限"
14783724,(六福旅遊集團)董事長室-助理秘書／ 秘書,六福旅遊集團_六福開發股份有限公司,雙北,台北市,台北市南港區,經營/人資,廣告行銷/公關顧問,面議,面議,,,1,0,傳統無AI,無,0,1,0,0,1.專案與開發：支援新專案或開發案之資料蒐集與分析，能掌握立場互動、專業表達，精準傳達雙方訊息且拿捏敏感分寸，確保作業順暢及應變調整。 開發案若有翻譯需求時，具備充分外語能力，負責中日文口語與文書翻譯及中英文基礎文書翻譯。  2.公關：負責董事室之內外部溝通，須能理解且正確傳達訊息，並以尊重和專業的態度對應與接待。包含董事、貴賓及合作夥伴之接待，節慶往來之互動和業務銜接。  3.行政與保管：負責董事長室秘書型事務，包含行程、差旅與會議安排，準備會議資料及紀錄。協助董事長與各事業單位、外部合作夥伴溝通協調。需熟悉電腦軟體操作，除了有效率的將會議或資料轉爲文字、表格或簡報版本，電子與實體文件的管理
15107805,月薪34K以上【韓商美妝集團 】電商助理｜歡迎新鮮人｜擴大部門#福利佳#無經驗可#AH,康彼斯顧問股份有限公司,雙北,台北市,台北市內湖區,經營/人資,電子商務/數位零售,34000~9999999 (period=0),月薪,34000,34000,0,0,傳統無AI,無,0,0,0,0,☆辦公室位於台北內湖區內商辦大樓，工作環境舒服、氛圍輕鬆☆  - 招募職缺 ◎電商助理(電商營運組) -庫存規劃、團購訂單、線上客服回覆  ◎總務助理(技術支援組) -基本文書、基本軟硬體維護(管理office帳號/雲端維護) 辦公室基礎維護(換燈泡 電腦維修等)  ◎行政助理(經營發展組) -基礎人資事項(求職平台聯絡/協助報到事項)、基礎建置軟硬體(文件輸入/excel公式套入)  ◎營運助理(通路運營組) - 百貨運營、線下通路運營、線下快閃運營、人力調度  【療癒福利】 ．採光極佳、明亮舒適的工作環境 ．設有咖啡機、飲料吧 ．提供豐富零食和美味下午茶 ．每周有兩天中午供餐 ．輕鬆自在的
15265424,知識型產品｜執行長特助（CEO Assistant / 儲備管理幹部）,有風造識_邁凱實業股份有限公司,雙北,台北市,台北市松山區,經營/人資,電子商務/數位零售,面議,面議,,,1,0,傳統無AI,無,0,0,0,0,「你引領的不是一個人的日常，而是一個集團的擴張速度。」  有風造識是一家成立兩年、正處於高速成長期的創新企業，我們不僅協助老師打造個人 IP、推出優質課程，更會與具備潛力的老師合開新公司，延續 IP 的長期價值。  在這裡，執行長特助不只是特助，更是我們的「儲備幹部（Management Trainee）」。隨著企業版圖的擴張，你未來將有機會成為子公司的核心管理階層。  ▍關於你的主管：執行長 陳韻如 Alice Chen  執行長 Alice 是一位擁有十多年連續創業經驗的領導者，過去曾親手創辦並打造營收規模達 4 億+ 的知名品牌【iFit 愛瘦身】，具備深厚的教育、內容與電商產業背景，日
15354472,門市人員_ 部門經理  Store department manager [ 台北士林 DECATHLON ],Decathlon Taiwan_台灣迪卡儂有限公司,雙北,台北市,台北市士林區,經營/人資,生技/醫療保健,43000~51000 (period=0),月薪,43000,51000,0,0,傳統無AI,無,0,0,0,1,-台北士林店籌備期間將在內湖、中和、三重培訓 -   工作目標/核心價值 成為推動運動商業的內部創業者 您將是迪卡儂門市中，特定運動領域的領導者與決策者。您不僅管理團隊、優化顧客體驗，更以「內部創業者 (Intrapreneur)」的心態，全權負責您所屬運動的商業策略、績效發展 (People/Planet/Business) 和人力資本的培育 。我們尋求充滿活力、熱愛運動，並渴望透過商業影響力推動運動普及的夥伴。  專屬你的福利與優勢 (Your Exclusive Benefits) 在迪卡儂，我們支持你的生活與運動熱情！  充電再出發： 滿一年即享 10 天年假  運動無負擔： 享有員工
15062287,投資規劃專員,至鴻股份有限公司,雙北,台北市,台北市中正區,經營/人資,其他服務/工商貿易,面議,面議,,,1,0,傳統無AI,無,0,0,0,0,1. 執行公司理財計畫。 2. 具備金融投資理財知識，提供理財建議。 3. 執行董事長及主管交辦工作。
15406685,(台北) 人才招募專員 - HR Specialist (Talent Acquisition),台灣村田股份有限公司,雙北,台北市,台北市中山區,經營/人資,傳統製造/精密工業,面議,面議,,,1,0,傳統無AI,無,0,1,0,0,村田製作所於1944年創立於日本，為全球電子元件製造商。全世界共84個據點，集團員工數達7萬名，持續為世界供應「小型化！薄型化！高性能！」的電子元件。憑藉著村田獨有的技術和挑戰精神，誠實應對客戶，多項產品維持全球高市佔率，不斷發展，成為全球化的企業。  ★人才招募★ 我們是株式會社村田製作所台灣分公司台北營業所，正尋找一名 「人才招募專員－HR Specialist (Talent Acquisition)」 加入我們的團隊！  在這個職位上，您將與各部門主管密切合作，了解用人需求，負責人才搜尋、履歷篩選、面談安排、錄用流程及新人報到等招募相關工作，並參與人才市場分析、人才庫建立及招募流程改善
15263147,『一段班起薪4萬』台北市區牛舌佑介 - 正職儲備幹部聯合募集【全新開幕】,乾杯股份有限公司,雙北,台北市,台北市中山區,經營/人資,文教/補教培訓,40000~45000 (period=0),月薪,40000,45000,0,0,傳統無AI,無,0,0,0,0,【關於牛舌佑介】 牛舌佑介以「仙台牛舌定食文化」為核心，希望用更輕鬆的方式，讓更多人認識日本仙台經典牛舌定食。 我們重視每一位夥伴的成長，從商品知識、服務技巧到品牌文化，都將提供完整教育訓練。  【 工作地點 】台北市中山區南京西路。                           台北市大安區永康街。                           台北市信義區松山路。  【 面試地點 】牛舌佑介台北時代店                           台北市信義區忠孝東路五段8號B2(統一時代百貨)  【 開幕時間】 預計 Q4 試營運，將於開幕前安排教育訓練與實習培訓。  
13763602,【內部職缺】人力資源助理,"保聖那管理顧問股份有限公司(Pasona Taiwan Co., Ltd.)",雙北,台北市,台北市松山區,經營/人資,其他服務/工商貿易,34000~38000 (period=0),月薪,34000,38000,0,0,傳統無AI,無,0,0,0,0,1. 人事招募、面試邀約相關工作支援 2. 文書處理、資料key-in 3. 人事行銷活動支援
15406391,資深學習發展專員(台北),犀牛盾_愛進化科技股份有限公司,雙北,台北市,台北市南港區,經營/人資,傳統製造/精密工業,面議,面議,,,1,0,傳統無AI,無,0,0,0,0,[基本職責] 1. 依公司策略及各部門人才發展需求，進行培訓需求分析，規劃年度 L&D 重點與學習方案。 2. 獨立負責各類培訓及人才發展專案，包含課程規劃、內容設計、資源整合、執行及成效追蹤。 3. 規劃新人、專業職能、通用職能及管理人才培育方案，建立符合不同職級及職能需求的發展機制。 4. 與內部主管及外部培訓夥伴合作，管理學習資源、供應商及專案進度，確保方案品質與落地成效。 5. 建立培訓成效衡量機制，分析學習數據與回饋，持續優化 L&D 制度、流程、數位學習工具及相關機制。   [職位要求] 1. 至少 5 年以上相關工作經驗。 2. 具企業內部 L&D經驗，並曾獨立負責完整培訓或人才
13302460,【台北總公司】高階主管秘書｜Executive Secretary,花蓮潔西艾美酒店_卿蓬股份有限公司,雙北,台北市,台北市大安區,經營/人資,其他服務/工商貿易,面議,面議,,,1,0,傳統無AI,無,0,0,0,0,1. 負責主管工作行程之規劃安排，並隨行陪同。 2. 整理簽核文件及發送，並負責追蹤執行狀況，隨時掌控進度。 3. 負責會議安排與通知，製作會議記錄並追蹤處理決議事項。 4. 負責行政事務流程之溝通、整合及規劃。 5. 協助專案推動與時程控管。 6. 負責報表彙整與呈報。 7. 處理各項跨部門、事業體之行政事務及文案管理。 8. 負責對外及各部門之溝通聯繫事宜。 9. 負責文件追蹤、資料彙整與檔案管理。 10.須配合出差至花蓮。 11.接待重要外賓。
15404631,資深人資,潤德室內裝修設計工程股份有限公司,雙北,台北市,台北市中山區,經營/人資,廣告行銷/公關顧問,面議,面議,,,1,0,傳統無AI,無,0,0,0,0,【主要工作內容】 ・招募與任用管理執行                                                                                            ・薪酬、考勤與福利執行 ・績效管理制度執行推動 ・勞資關係與爭議協助處理 ・人力資源數據分析及資訊揭露 ・跨部門策略夥伴與問題解決支援 ・其他人資專案及主管交辦事項  【其他】 ・8年以上人力資源相關工作經驗 ・具室內裝修業或營造業人資經驗尤佳 ・熟悉勞動基準法、勞健保、勞退及相關法令 ・具薪資、差勤、招募、員工關係實務經驗 ・能獨立分析問題並提出改善建議 ・具良好跨部門溝通
15398080,【立法委員國會辦公室】選民服務專員,台灣民眾黨,雙北,台北市,台北市中正區,經營/人資,其他服務/工商貿易,面議,面議,,,1,0,傳統無AI,無,0,0,0,0,1. 選民陳情案件之客服應對及協助 2. 政策議題資料蒐集與彙整 3. 配合委員工作行程之隨行陪同 4. 選服相關行程之紀錄溝通聯繫事宜 5. 其他主管交辦事項
14999204,双円-葫蘆燒肉割烹-外場正職(資深正職，儲備幹部，組長),双円·板前 HYOTAN 葫蘆燒肉 鍋物_谷米國際餐飲有限公司,雙北,台北市,台北市大安區,經營/人資,文教/補教培訓,48000~9999999 (period=2),月薪,48000,48000,0,0,傳統無AI,無,0,0,0,0,工作內容說明： 1.負責跑單、set桌、送餐及聯繫內外場之工作。 2.負責客人帶位、點餐、代烤及服務的中間工作等。 3.負責桌面收拾與日常環境清理及備品整理等外場工作。 4.進行簡易的餐飲之料理，如：甜點制作及調配飲料等。 5.負責訂位、結帳、收銀之工作。 6.每月備品盤點及損耗管理。 7.依職務不同另有人力控管、教育訓練、客情維護等相關工作。 PS: 1.本工作為一頭班，底薪42000起，另有全勤獎金2000。每月需輪早晚班、晚班有晚班津貼及宵夜津貼至多3000（按晚班天數計算）。 2.有業績獎金（視業績是否達標），加班費（按勞基法給予），三節獎金，訂位獎金。 3.有制服提供，需自備黑鞋黑襪
15162446,HR人資專員 (一人專任),台北蒙特梭利_臺北市私立新生蒙特梭利托嬰中心,雙北,台北市,台北市大安區,經營/人資,文教/補教培訓,面議,面議,,,1,0,傳統無AI,無,0,0,0,0,1. 維護企業內部人力資源之相關紀錄（如：員工個人基本資料、工作說明書、職務輪調紀錄、出缺勤紀錄與績效評核紀錄等）。 2. 規劃與執行人員招募、甄選與任用，以解決公司的人力需求問題。 3. 設計、管理與執行公司的績效管理系統，並運用績效評核結果，提供管理上決策之參考（如：調薪、獎金、紅利、升遷、調動、留任、資遣或對員工貢獻予以表揚等）。 4. 規劃人力運用的預算，建立與維持公司的薪酬系統與工作規則、管理員工福利制度與退休金方案，並提供人事管理報表（如：工時規劃、出勤管理等）。 5. 規劃公司的訓練發展體系，進行訓練與發展之需求分析、規劃、執行與成效評估。 6. 規劃、指導與協調所有與員工相關的
12901982,總經理(業務)秘書,住邦佳士得資產管理有限公司,雙北,台北市,台北市信義區,經營/人資,其他服務/工商貿易,40000~9999999 (period=3),月薪,40000,40000,0,0,傳統無AI,無,0,0,0,0," Work Hard+ Work Smart有志提昇自我,拓展個人視野. 地政 都市計畫 建築及土地管理等科系碩士佳, 或具不動產業經驗者亦可.  態度正向積極 擁抱學習  實踐自我理想.  往來無白丁…服務各領域菁英及企業主,落實不動產行銷策略及提供研究報告 協助總經理追踪團隊相關業務進度(協助業務部門發展和追蹤目標達成情形)，提供業務數據分析稽核報告( Salesforce CRM)。  日常管理性：辦公室管理、檔案管理(建檔、歸檔)、操作電腦、報表彙整與管理。  溝通支援性：延續客戶服務、偶有應酬、協助客戶安排參訪工作、其他總經理交辦事項。  文書處理╱排版能力(Micro"
14972729,行政部人事法務組-管理師,財團法人公共電視文化事業基金會,雙北,台北市,台北市內湖區,經營/人資,其他服務/工商貿易,面議,面議,,,1,0,傳統無AI,無,0,0,0,0,1.人事行政業務(薪酬/考核/差勤管理/保險/離退任免/招募聯繫等)。 2.本會各類人事預算相關報表統計及預算規劃計算。 3.員工人事相關諮詢與服務。 4.聘僱外籍同仁相關工作許可證申請及相關業務。 5.各類主管機關要求文件對應處理。 6.其他主管交辦事項。
14007777,"【店長｜底薪50,000起】月休8–12天｜一頭班｜準時上下班｜展店擴編",和氣家有限公司,雙北,台北市,台北市中山區,經營/人資,文教/補教培訓,50000~55000 (period=2),月薪,50000,55000,0,0,傳統無AI,無,0,0,0,0,"【我們在找這樣的你】        想挑戰管理職、未來往店長／主管發展        喜歡餐飲產業、重視團隊合作        願意學習營運管理、帶領團隊成長 如果你不只想「做工作」，而是想「經營一間店」，這個職缺很適合你！  【薪資待遇】 正職：$42,000–44,000 籌備店長：$46,000–48,000 正式店長：$50,000–52,000 資深店長：$52,000–54,000 區店長：$54,000–70,000 經理：$80,000–100,000        每半年一次考核調薪        完整透明升遷制度，重視個人表現與潛力，提供快速成長與升遷機會  【獎金制度】 "
15333803,【G30】後勤服務 行政主管,青文出版社股份有限公司,雙北,台北市,台北市大同區,經營/人資,其他服務/工商貿易,面議,面議,,,1,0,傳統無AI,無,0,0,0,0,主要工作: 1. 規章管理：依據法令變動及企業管理需求修訂規章辦法，以達成企業的策略目標。 2. 績效管理：建立績效管理與調薪獎酬政策，以維持企業的競爭力，留下優秀人才。 3. 人資系統：建構人資系統，定期分析企業人資管理性報表，作為人力發展的依據。 4. 財務管理：定期核閱財務報表，並針對異常項目進行分析檢討。 5. 稅務督核：覆核公司各項稅務申報及問題處理，以因應法令要求。 6. 資產管理：負責有形與無形資產進行盤點、維護與處置，以達有效利用的管理目標。 7. 環境維護：進行設備維護、辦公環境美化、營繕工程規劃、水電維修、公務車輛管理、電信郵務、文具耗材供應、櫃台服務及保險等業務，並負責對
15298340,特助,延世科醫股份有限公司,雙北,台北市,台北市中山區,經營/人資,電子商務/數位零售,40000~9999999 (period=0),月薪,40000,40000,0,0,傳統無AI,無,0,0,0,0,1. 協助高階主管進行公司內部管理稽核事項（如：整合標準化工作流程、規劃及推動各項管理規章及制度）。 2. 協助高階主管進行跨部門、跨廠間的溝通協調與會議召集。 3. 負責公司經營策略分析、整合規劃、推動與執行。 4. 協助經營團隊執行公司之決議事項及各項專案。 5. 尋找公司未來發展之新事業（如：技術合作、合併、購併、策略聯盟）。 6. 負責企業營運績效分析與改善管理。 7. 負責經營策略擬定與策略品質提昇。 8. 追蹤、監督各部門的工作進度。 9. 負責重要客戶來訪接待及回函處理。 10.協助處理品牌、行銷、電商、通路合作等相關行政與專案支援事項。     
13049122,高階主管特別助理,中國石油化學工業開發股份有限公司,雙北,台北市,台北市松山區,經營/人資,傳統製造/精密工業,面議,面議,,,1,0,傳統無AI,無,0,0,0,0,1. 主管國內外私人行程管理與規劃，聯絡安排；必要時協助禮品採買。 2. 協助分析經營策略，整合相關資訊並給予建議。 3. 協助彙整與分析市場訊息。 4. 協助進行跨部門的溝通、協調，與會議召集、紀錄、追蹤。  5. 協助追蹤決議事項及各項專案進度。 6. 協助業務行程規劃及相關資料歸檔。 7. 協助外部及產業關係建立與維護。 8. 其他主管交辦事項。
10855478,八海食潮 台北車站店- 正職,八海精緻鍋物_八海國際餐飲股份有限公司,雙北,台北市,台北市中正區,經營/人資,其他服務/工商貿易,35000~40000 (period=0),月薪,35000,40000,0,0,傳統無AI,無,0,1,0,0,具相關火鍋工作經驗者，薪資面議且可成為儲備幹部 目前績效上升中，人力與能力的需求提升  外場工作內容（具外語能力享津貼）： ．負責提供顧客帶位、點餐、上餐、加湯加水、收拾桌面、準備桌面、維護環境整潔等服務。 ．發揮專長提供顧客親切愉快的用餐體驗。 ．並負責結帳、收銀等工作。  內場工作內容:有相關工作經驗者優先錄取，協助主管工作事項享有職務加給獎金 ．食材處理與備製 ．餐點製作，協助品質控制、成本控制、產品研發 ．維護工作環境清潔與衛生安全 ．能有效執行主管交辦任務   我們對工作態度的要求是: 認真負責，主動積極，熱情活力，細心周到，配合度佳。 門市主管職缺以正職人員為優先培養晉升   八海
11793736,【統一集團】保險業務儲備主管 (承攬制)-北區,統一集團_統超保險經紀人股份有限公司,雙北,台北市,台北市松山區,經營/人資,文教/補教培訓,面議,面議,,,1,0,傳統無AI,無,0,0,0,0,●最佳人脈：公司提供優質客戶名單，不用找親朋好友銷售，沒有人情壓力  ●服務熱忱：定期駐點於關係企業，維繫穩定集團客戶關係，高知名度讓您行銷事半功倍  ●積極學習：提供專業課程培訓  ●專業用心：協助客戶，做好『需求分析』與『風險規劃』
15403736,#北車捷運出來200公尺【HR 人資主任／專員 | 日商不動產龍頭】周休二日、Full Function HR_AMR_861,藝珂人事顧問股份有限公司,雙北,台北市,台北市中山區,經營/人資,電子商務/數位零售,45000~60000 (period=0),月薪,45000,60000,0,0,傳統無AI,無,0,1,0,0, 【職缺介紹】 公司為日本大型綜合不動產集團，在台事業橫跨商業設施、飯店、住宅及不動產開發。此職務位於台北總公司，除了負責完整招募流程，也能參與人才培育、制度修訂及員工體驗，累積更全面的人資實務經驗。  【職務亮點】 ✦ 日本大型不動產集團，品牌穩定且在台持續拓展 ✦ 不只做招募，可累積 Full Function HR 完整經驗 ✦ 接觸招募、培訓、制度、員工關係及人事營運 ✦ 台北車站步行約270公尺，捷運、台鐵及高鐵通勤便利 ✦ 週休二日、政府補班日免補班、優於勞基法特休  【工作內容】 與用人主管確認職缺需求，執行履歷篩選、面談及招募時程管理。 辦理錄取、報到、員工異動及離職等相關流程
11576406,✤ 運營管理師,安永金融科技股份有限公司,雙北,台北市,台北市中山區,經營/人資,資訊科技/軟體網路,面議,面議,,,1,0,傳統無AI,無,0,0,0,1,【這份工作的獨特之處】 這不是一個常規的行政或運營職位，這是您將不只是執行任務，而是親手設計、建立並優化支撐公司高速運轉的核心流程。您的工作將直接決定我們團隊的協作效率、專案的交付速度以及公司規模化的潛力。  如果您熱衷於打造讓所有人都事半功倍的流程與系統，那麼，這個能賦予您極大影響力的角色，正是為您而設。  【您的使命與主要職責】 1. 設計並優化公司的營運操作系統    ▸ 架構流程藍圖：您將主導公司內、外部合作夥伴的關鍵運營流程的設計、導入與持續優化，打造一套清晰、高效、可擴展的標準作業程序 (SOP)。    ▸ 成為效率的守護者：主動發掘跨部門協作中的瓶頸與斷點，提出並推動解決方案，
12379412,【給想快速成長的你/妳】Adecco Recruitment Consultant｜接觸外商客戶、科技產業與人才市場_ITS_854,藝珂人事顧問股份有限公司,雙北,台北市,台北市信義區,經營/人資,電子商務/數位零售,40000~150000 (period=0),月薪,40000,150000,0,0,傳統無AI,無,0,0,0,0,【關於 Adecco Group】  可能妳還不確定未來真正想做什麼，也可能正在尋找一份真的能累積能力與視野的工作。如果你對【人】、【市場】與【商業】有興趣，希望在工作中快速成長、接觸不同產業與外商環境，那也許可以關注 Adecco。  Adecco Group 來自瑞士，為全球領先的人力資源顧問公司，服務遍及全球 60 多個國家，長期協助國際企業與人才建立連結。在這不只是單純處理履歷，而是會實際接觸 AI、半導體、金融、零售、科技等產業市場，理解企業如何尋找關鍵人才，同時也參與許多人重要的職涯轉折。  很多同事加入前其實並沒有人資背景，也不一定知道招募顧問到底在做什麼，但我們相信比起已經很厲
15326582,★IP盲盒玩具★【楽玩多WAYTOFUN】台北儲備幹部,華祐國際股份有限公司,雙北,台北市,台北市南港區,經營/人資,電子商務/數位零售,36000~9999999 (period=4),月薪,36000,36000,0,0,傳統無AI,無,0,0,0,0,WAYTOFUN 是一個把全球人氣 IP 與潮玩文化變成日常快樂的玩樂基地✨ 從寶可夢、三麗鷗到迪士尼，你喜歡的我們都有，我們相信快樂不應該被定義， 把蒐集 IP 的快樂變成日常標配——$$錢錢沒有不見，只是變成你喜歡的樣子。  ★★誠摯招募對IP盲盒、潮玩玩具有熱情的你，成為新門市的核心夥伴，一起把快樂帶給更多人★★  【工作內容】  ◆ 人員管理與排班 ◆ 執行品牌行銷、檔期促銷活動、商品陳列 ◆ 商品介紹與銷售、結帳與收銀 ◆ 每日銷售結算與資料統計、回報營運狀況 ◆ 貨品入庫、存貨盤點 ◆ 維護櫃位環境清潔  【必備條件】 ◆ 具備一年以上管理百貨零售門市者 ◆ 外向、喜愛接觸人群服務
15393010,資深人資專員,至上集團_至上電子股份有限公司,雙北,台北市,台北市內湖區,經營/人資,傳統製造/精密工業,面議,面議,,,1,0,傳統無AI,無,0,1,0,0,1.HR Operations 勞健保及相關人事行政管理 確保人資流程符合勞動法令與公司管理規範 確保人資作業準確性與合規性 2.具海外人事、跨國團隊或Relocation經驗 3.具英文溝通能力，可支援跨國協作 4.制度優化與組織發展 5.協助建立與優化HR SOP、管理制度與內部流程 6.參與績效管理及人才發展制度規劃 7.其他主管交辦事項 
14302412,行政祕書,麗嬰房股份有限公司,雙北,台北市,台北市內湖區,經營/人資,電子商務/數位零售,35000~9999999 (period=0),月薪,35000,35000,0,0,傳統無AI,無,0,0,0,0,【職務內容】 1. 組織公司會議（會議通知、會議安排、會議記錄等） 2. 整理營運指標、數據資料與異動報表，具備數字分析與邏輯判斷能力 3. 協助處理合約文件、內部簽呈流程與表單建立、追蹤與歸檔 4. 公司日常辦公庶務管理，包括資產管理、行政採購  5. 跨部門協調與溝通窗口，協助資訊整合與行政協調及跟蹤進度 6. 完成主管交辦事項。   【技能、經歷要求】 1. 具1年以上行政支援、專案助理或營運相關工作經驗尤佳（有零售、百貨背景尤佳） 2. 擅長Excel、Google Sheet、PPT 等辦公軟體操作 3. 高邏輯判斷力與對數據敏感度高，能清晰掌握資訊重點 4. 優秀的跨部門溝通能力與
15309270,大橋總經理助理,高馳實業股份有限公司,雙北,台北市,台北市大同區,經營/人資,電子商務/數位零售,35000~40000 (period=0),月薪,35000,40000,0,0,傳統無AI,無,0,0,0,0,"◆ 工作內容： 1、負責老闆工作行程之規劃安排，及協助通訊聯繫。 2、整理簽核文件及發送，並負責追蹤執行狀況，隨時掌控進度。 3、負責會議安排與通知，製作會議記錄並追蹤處理決議事項。 4、執行與協調辦公室行政活動，負責行政事務流程之溝通、整合及規劃。 5、執行老闆所交代的命令及專案。 6、跨部門行程安排及協調。 7、接待登門拜訪老闆之廠商、客戶。  ◆ 說明 試用期薪資: 35,000 未來視表現能力調漲  不定期聚餐、員工旅遊等多項活動 等你來加入，成為我們大橋的一份子"
15290537,行政秘書,駐易家科技驗屋股份有限公司,雙北,台北市,台北市信義區,經營/人資,資訊科技/軟體網路,200~9999999 (period=2),時薪折算,32000,32000,0,0,傳統無AI,無,0,0,0,0,1.負責主管工作行程之規劃安排，並隨行陪同。 2.整理簽核文件及發送，並負責追蹤執行狀況，隨時掌控進度。 3.負責會議安排與通知，製作會議記錄並追蹤處理決議事項。 4.負責行政事務流程之溝通、整合及規劃。 5.協助專案推動與時程控管。
14128321,集團人力資源部 - 員工關係HR,特力集團_特力股份有限公司,雙北,台北市,台北市內湖區,經營/人資,其他服務/工商貿易,面議,面議,,,1,0,傳統無AI,無,0,0,0,0,- 集團活動企劃與執行 (尾牙、志工日、運動會、節慶活動等) - 集團內部月刊內容規劃與編輯。 - 活動文宣、海報及節慶Ecard設計。 - 社群平台經營與圖文內容製作。 - 集團內部公告發布及員購資訊整合。 - 其他員工關係專案及主管交辦事項。
13695231,教育訓練專員,"巧力工業股份有限公司_Challenge Industrial Co., Ltd. (CIC)",雙北,台北市,台北市南港區,經營/人資,傳統製造/精密工業,面議,面議,,,1,0,傳統無AI,無,0,0,0,0,1.人才招募作業。 2.教育訓練規劃執行。 3.證照管理。
13006765,法國米其林二星 CLOVER 餐飲服務員,廷寶國際企業股份有限公司,雙北,台北市,台北市信義區,經營/人資,其他服務/工商貿易,43000~9999999 (period=2),月薪,43000,43000,0,0,傳統無AI,無,0,0,0,0,	提供貼心的桌邊餐飲服務。 	共同維護餐廳環境整潔。 	協助完成店務，積極參與學習各樣技能。 	提升專業能力，成為品牌價值。 	建立良好顧客關係。     
15157895,總裁形象暨私人事務經紀人,羅麗芬控股集團_麗瑞嘉生技股份有限公司,雙北,台北市,台北市大安區,經營/人資,生技/醫療保健,面議,面議,,,1,0,傳統無AI,無,0,0,0,0,【總裁形象暨私人事務經紀人】 負責總裁日常私人事務、形象管理、差旅安排及生活行政等相關工作， 作為總裁與公司內外部單位、家人、秘書團隊、司機、管家及外部合作夥伴之間的重要協調窗口。  此職務需具備高度責任感、細心度、保密意識與事務統籌能力，能主動掌握總裁需求，提前完成各項安排，並妥善處理臨時及突發事項。 ________________________________________  1. 總裁形象與服裝管理(活動服裝訂製與搭配) 2. 差旅行程與生活管理 3. 總裁私人行政事務處理(整理簽核文件、請款作業、年節禮品收送安排、公關禮品申請、酒品盤點) 4. 總裁私人帳務管理(日常收支帳與儲匯
15378792,兼職特別助理(收出養服務中心),財團法人忠義社會福利事業基金會,雙北,台北市,台北市文山區,經營/人資,其他服務/工商貿易,200~200 (period=0),時薪折算,32000,32000,0,0,傳統無AI,無,0,0,0,0,協助收出養服務中心行政管理、業務執行及國際事務聯繫，負責國內外文件往來、翻譯、接待與陪同服務、專案協調及主管交辦事項，協助中心維持行政效能與服務品質，並配合母會相關業務推動。  1.維持中心行政作業順暢與制度化管理。 2.提升國際收養業務聯繫與文件管理品質。 3.建立良好之國內外合作單位溝通管道。 4.提供外國收養家庭來台期間之行政協助與支持服務。 5.協助中心主管掌握業務進度及重要事項執行。 6.強化中心對外專業形象與服務品質。 7.配合母會各項專案、活動及行政業務推動。 8.提升跨單位協調與資源整合效率。 
15314996,"【月薪48,000~55,000元】 『Dreamers Coffee-石牌榮總店』 連鎖咖啡早午餐｜外場儲備幹部 ｜月績效＋半年獎金另計(衝刺上市櫃餐飲集團)",Miacucina/Miopane/Dreamers Coffee/Herbivore/PRESERVE_好膳企業股份有限公司,雙北,台北市,台北市北投區,經營/人資,電子商務/數位零售,45000~55000 (period=4),月薪,45000,55000,0,0,傳統無AI,無,0,0,0,0,   招募咖啡廳/早午餐廳品牌【Dreamers】儲備人才!!     嗨，您好！    很開心有機會向您介紹我們！    我們是一個持續成長、積極拓展的餐飲品牌，穩健耕耘超過十年，與夥伴們一起努力不     懈，事業版圖橫跨餐廳、烘焙、咖啡廳與電商，旗下品牌持續於國內拓點中。    現在的我們，已準備迎接下一個挑戰  「上市櫃」與「海外拓店」的年度目標，正全面啟動！    我們相信，餐飲與人們的生活息息相關，是一個不受景氣影響、穩定且持續成長的產業。    這不只是短期工作，而是一條值得投入、走得長遠的職涯道路。     在這裡，努力一定被看見，成長一定有舞台，   一起把餐飲做到更有趣、更
15021773,NANOKA  | 遠東Garden City (大巨蛋) | 選品營運經理,大林商務有限公司,雙北,台北市,台北市信義區,經營/人資,電子商務/數位零售,42000~9999999 (period=0),月薪,42000,42000,0,0,傳統無AI,無,0,0,0,0,關於 MAISON NANOKA MAISON NANOKA 是以日本女裝為核心的時尚選品空間，精選多個獨家引進的日本女裝品牌，呈現成熟、細膩且貼近日常的穿搭提案。NANOKA 透過多品牌選品，整理每一季的風格方向、版型輪廓與搭配層次，讓不同品牌之間形成一個完整而和諧的女裝世界。NANOKA 關注的不只是流行本身，而是這些衣服為什麼被選擇，以及它們如何在日常生活中被自然地穿著與呈現。  —  職務說明 本職務負責百貨據點之日／週／月營運與現場管理，確保營運節奏穩定、服務體驗一致。在日常營運與銷售現場中，逐步理解多品牌選品的風格差異與搭配邏輯，並將這些觀點自然融入陳列、穿搭建議與顧客互動之中，使
12300705,【温咖哩】中正區｜外場｜全職正職人員,金洹苑_樂實有限公司,雙北,台北市,台北市中正區,經營/人資,其他服務/工商貿易,38000~42000 (period=0),月薪,38000,42000,0,0,傳統無AI,無,0,0,0,0,"｜歡迎應屆畢業生、無經驗的有志夥伴｜  【職務說明】  一、薪資及休假   (一)月休假：8天（可詳談休假天數）  (二)薪資：38,000~42,000元  (三)職位發展   儲備幹部：42,000~45,000元  主管：45,000~50,000元   店長：50,000~60,000元   ＊以上薪資不含月業績獎金 ＊配合展店計畫升遷機會越多  二、出勤時間  出勤時數：10：00-22：00。  ＊中間有空班休息時間2小時＊  三、出勤地點： 台北市中正區濟南路二段3-8號    四、工作內容  (一) 機動：餐點收送、環境維護  (二) 站區：餐點解說、桌邊服務、顧客關係   ("
15394658,【新鮮人招募】金融人才總動員｜銀保通路輔銷 × 業務推廣 × 業務訓練(非保險業務員),(總公司)南山人壽保險股份有限公司,雙北,台北市,台北市信義區,經營/人資,文教/補教培訓,面議,面議,,,1,0,傳統無AI,無,0,0,0,0,想進入金融業，卻還在找適合自己的方向？ 南山人壽新鮮人聯合招募開跑！投遞一次履歷、團體一次面談，依個人特質、興趣與專長，從三大職務中進行媒合，找到專屬職涯方向！   【銀保通路輔銷人員】 ✓ 拜訪合作分行、經營夥伴關係，搭起保險公司與銀行第一線的溝通橋樑 ✓ 擔任銀行行員與理專的「專業神隊友」，進行保險商品銷售培訓與銷售眉角分享 ✓ 主導客戶說明會，從活動企劃、跨界溝通到現場主持通通一次上手 ☆適合這樣的你：喜歡與人互動、擅長建立人際關係，不排斥外訪的熱血新鮮人！   【業務推廣人員】 ✓ 追蹤業務數據與指標，精準找出業績突破點 ✓ 執行保險商品推廣計畫、行銷活動及專案 ✓ 協助業務激勵競賽，
15299544,人才發展專員(管理部),國票綜合證券股份有限公司,雙北,台北市,台北市中山區,經營/人資,其他服務/工商貿易,面議,面議,,,1,0,傳統無AI,無,0,0,0,0,1. 策劃並執行年度訓練計畫，含領導力調訓及內外訓資源整合，並導入 AI 數位應用與 ESG 永續金融專題課程。 2. 執行職位盤點，設計各職系核心職能模型，並將數位素養與永續指標納入管理制度。 3. 主導職務說明書（JD）之撰寫與標準化維護，協助各單位釐清職責與精準用人需求。 4.追蹤各項發展計畫之成效，分析組織職能缺口，並針對人力配置提出優化建議。 5.參與職涯發展路徑（Career Path）規劃、接班人儲備計畫及組織轉型相關專案。 6.配合招募計畫提供職能需求分析，協助定義各級職位之人才畫像與篩選標準。
14940175,【知名外商精品集團】人資助理／專員｜英文佳即可・具完善帶教與培訓機制_JT,康彼斯顧問股份有限公司,雙北,台北市,台北市松山區,經營/人資,文教/補教培訓,面議,面議,,,1,0,傳統無AI,無,0,1,0,0,【關於我們】 我們是知名外商精品集團，提供國際化的工作環境、完善的入職培訓與透明的升遷管道。歡迎具備 1 年以上人力資源通用/營運（HR Operations / HR Generalist）經驗的優秀人才加入！  【工作內容】 1.維護資料完整性： 保持 HR 系統中員工資料的準確性與即時更新，以支援有效的決策制定並提升營運效率。 2.提升員工體驗： 協助辦理入職、離職及員工檔案管理，確保各項流程順暢進行。 3.支援人力資源營運專案： 協助處理員工福利管理及學習與發展（L&D）後勤相關的行政事務。 4.支援薪酬行政管理： 協助非正式員工（派遣/兼職人員）的薪資核算審查，以及 HR 系統中的考
13007198,【Gras 】/【BeApe】外場服務人員,"BeApe.co., Ltd_百花猿文化有限公司",雙北,台北市,台北市中山區,經營/人資,其他服務/工商貿易,37000~45000 (period=2),月薪,37000,45000,0,0,傳統無AI,無,0,0,0,0,百花猿文化有限公司深耕於法國餐酒文化，我們專注於還原法國傳統菜的歷史風味，融合法國時下餐飲趨勢，設計獨屬於BeApe、Gras的法式經典。  旗下兩間餐廳，提供午餐 / 晚餐 / 葡萄酒 / 自然酒 / 咖啡 / 甜點完整餐點。  BeApe法國傳統餐酒館 www.beape.com.tw  Gras法國餐酒館 www.gras.tw  現正尋找夥伴加入： 對法國料理有熱情、積極主動、認真負責的夥伴加入，在這裡你可以紮實地接觸到道地的法式經典料理、技法，與豐富的餐酒知識文化。   【工作說明】 1. 接待客人引導帶位、介紹環境 2. 菜單與酒水飲品介紹、點餐、送餐、桌邊服務與整理 3. 維護店
12677643,總院 人事組 辦事員,國泰醫療財團法人國泰綜合醫院,雙北,台北市,台北市大安區,經營/人資,生技/醫療保健,35200~35200 (period=0),月薪,35200,35200,0,0,傳統無AI,無,0,0,0,1,1.新人(含實習生)報到相關事宜 2.員工出勤管理 3.品質改善相關業務(含QIA.內部稽核.KPI檢視) 4.協助人資專案企劃(如資料彙總、數據統計、流程優化、辦法修訂、教育訓練及院內活動等) 5.提供院內活動員工名單(如疫苗施打、年度體檢及家庭日等) 6.其他行政庶務支援及主管交辦事項 
15401957,"●一頭班●Knock Knock Heaven台北承德店＿內場儲備幹部 月薪45,000-55,000",Knock Knock Heaven/Cream & Bean_鑫樂餐飲股份有限公司,雙北,台北市,台北市大同區,經營/人資,文教/補教培訓,45000~55000 (period=0),月薪,45000,55000,0,0,傳統無AI,無,0,0,0,1,在鑫樂，作為內場的核心領導者，您不僅是美味的守護者，更是制度與團隊的建立者。 我們期待您運用專業帶領團隊落實「細節成就專業」的理念，在穩定的制度下，與鑫樂共同創造餐飲事業的新高度。 對我們而言，這不只是一份工作，更是一段與品牌共同成長的精彩歷程。  我們的核心信仰： ・細節成就專業：我們在乎每一道工序，追求極致的品質。 ・制度成就穩定：完善的培訓與晉升體系，是您發展的堅實後盾。 ・團隊成就高度：我們不孤軍奮戰，透過協作共創卓越。    不論你是希望找到一份穩定踏實的職涯歸屬，還是夢想有朝一日成為帶領團隊的領導者，鑫樂都誠摯歡迎你的加入。   【核心工作職責】 1. 營運與品質管理 •餐點品質控
15369130,人事行政專員,英商嘉福湯馬遜保險公證人股份有限公司台灣分公司,雙北,台北市,台北市松山區,經營/人資,其他服務/工商貿易,面議,面議,,,1,0,傳統無AI,無,0,0,0,0,  1. 執行招募作業(篩選人才履歷、面試邀約、甄選面談) 2. 人員資料系統建檔維護與管理(含勞健保及團險加退保) 3. 人事異動(包含到職、離職、資遣)等相關業務處理 4. 員工考勤管理作業及計薪 5. 負責辦公室環境維護、固定資產盤點、辦公用品與文具之採購管理以及廠商請款 6. 協助舉辦年度員工活動 7. 其他行政庶務支援及主管交辦事項  本職位是公司行政管理部門的重要一員，負責人力資源管理與辦公室總務行政。在這個職位中，您將與各部門密切合作，協助優化內部流程，並為全體員工打造高效、溫馨的工作環境。  若您擁有以上條件，並有興趣加入我們的團隊，請立即提出申請，期待您的加入！
14764335,特別助理,寶捷實業有限公司,雙北,台北市,台北市中山區,經營/人資,生技/醫療保健,面議,面議,,,1,0,傳統無AI,無,0,0,0,0,重要的執行與整合夥伴。 協助同步管理多個品牌與公司營運專案，從會議摘要、進度追蹤、跨部門協調、對外簡報製作，到新機會的策略草擬與初步驗證。  這不是一份單純的秘書工作，而是一份會讓你快速理解「品牌、行銷、通路、營運、代理商制度」等產業實戰的高速訓練位置。  如果你對創業、成長、跨領域思考有熱情，這是一份可以讓你往策略長、營運長、甚至未來獨立領導事業單位發展的職位。   協助整合各公司專案（品牌代理、醫藥媒體、創意公關）的營運專案進度  整理工作項目，主動追蹤並推動完成  參與簡報製作、投影片統整、對外提案文件草擬  根據董事長策略方向，進行市場資料搜尋、分析彙整  必要時協助執行與落地（例如安
14952282,"【八和和牛燒肉】店長，薪資 $70,000~92,000 + (另享每季達標分紅獎金)",八和和牛燒肉專門店/黑武士老火鍋/SSAM韓式燒肉專門店_八和餐飲有限公司,雙北,台北市,台北市松山區,經營/人資,生技/醫療保健,70000~9999999 (period=3),月薪,70000,70000,0,0,傳統無AI,無,0,0,0,0,我們在找這樣的你   -學歷不限，對餐飲充滿熱忱 -具備不同程度的餐飲經驗，並渴望發展長期職涯   *店長 ：2 年以上餐飲服務業經驗，並具管理或營運經驗       ●店長是管理+制定計畫者 門市營運管理    - 單店營業事項管理    - 制定標準化衛生標準、食品安全管理、設備安全管理，隨時檢視執行狀況  - 節慶檔期行銷活動計畫制定計畫、執行  - 客訴處理執行，完成度確認及檢討  - 員工教育計畫SOP制定及執行成果檢視  - 檢視檢討出餐速度、出餐品質、服務品質、顧客滿意度，並制定改善計畫  - 單店年度營業額目標製作、計畫、執行  - 每月營業損益報表檢視，制定成本控制計畫   
12797974,儲備幹部,加百利資產管理有限公司,雙北,台北市,台北市內湖區,經營/人資,其他服務/工商貿易,65000~9999999 (period=3),月薪,65000,65000,0,0,傳統無AI,無,0,1,0,0,【董事長特助｜全職】 • 公司：加百利資產管理有限公司 • 工作地點：台北市內湖區新湖一路155號四樓 • 薪資：面議 • 報到時間：面議 • 職務類別（建議）：高階主管特助／私人特助  工作內容 • 協助董事長及家人之日常行程安排與時間管理 • 規劃私人會議、聚餐及重要活動，並負責通知與更新 • 協助家教、課程及相關資源之搜尋、聯繫與安排 • 協助子女課程請假、行程更新與費用付款 • 辦理國內外出差與旅遊安排（機票、住宿、交通等） • 負責費用請款、報帳整理與帳務彙整 • 管理證件、合約及重要文件資料 • 協助生活用品採購與需求處理 • 協調管家與司機之工作安排與溝通 • 協助董事長公司端會
15296903,中英客服培訓專員,微度科技有限公司,雙北,台北市,台北市信義區,經營/人資,文教/補教培訓,52000~9999999 (period=0),月薪,52000,52000,0,0,傳統無AI,無,0,1,0,1,職務內容 負責客服團隊知識體系建設、新人培養及內部能力提升，確保客服人員具備符合公司標準的服務能力。  工作職責 日常工作內容 1. 新人培訓與上崗管理 - 負責新人入職培訓 - 設計並持續優化新人培訓流程 - 編寫新人培訓教材及課程內容 - 制作新人考核試卷 - 執行新人上崗前考核：   - 理論筆試   - 模擬工單測試 - 跟進新人初期工作表現並提供改善建議 2. 知識庫及教材管理 - 維護客服知識庫內容 - 定期更新：   - 產品信息   - 系統操作流程   - 客服 SOP   - 用戶話術   - 常見問題（FAQ） - 根據產品更新同步調整培訓內容 3. 團隊能力提升 - 定
14458971,儲備幹部,法頌珠寶_博夏有限公司,雙北,台北市,台北市中山區,經營/人資,其他服務/工商貿易,43000~70000 (period=0),月薪,43000,70000,0,0,傳統無AI,無,0,0,0,0,需要這樣的您 -有服務熱忱、活潑外向，喜歡與人交談 -對婚戒、珠寶銷售有興趣的您→會有職前訓練 -具有銷售企圖心 -溝通、協調能力強、細心 職責所在 -具備商品專業介紹及銷售技巧 -服務滿意度維護與提升客戶滿意度及忠誠度 -開發新合作商家，並與已合作商家關係維護 -店長交辦事項及其他相關的業務支援 -會使用基本社群 : 回覆LINE、FB訊息 -負責業務文書資料處理工作，須具備基本Word、Excel -會銷售獎金 -有經驗尤佳，沒有經驗不用擔心，只要願意學習我們就願意教學!! (無需站櫃.全預約制.每位工作人員.均有自身辦公桌及電腦) ****************************
15244670,【外商】Administrative Specialist- Banking Team / 行政專員-銀行組,祈馥國際顧問有限公司,雙北,台北市,台北市中正區,經營/人資,資訊科技/軟體網路,面議,面議,,,1,0,傳統無AI,無,0,0,0,1,"【關於 Chinity】 Chinity International Consulting（祈馥國際顧問有限公司）為 Hytech Group（海科集團）旗下核心成員之一。  Hytech Group 於全球擁有超過 4,000 名專業人才，據點遍布亞太及多個國家地區，總部設於澳洲與新加坡，為專注於金融科技與金融服務產業的國際級管理顧問集團，提供從策略到系統落地的數位轉型解決方案，協助客戶優化營運並提升競爭力。  在 Hytech，我們將 AI、資料分析與自動化技術實際應用於金融場景，涵蓋風險管理、流程優化、營運分析與決策支援等領域。我們重視技術的落地價值，也相信人才是推動企業持續成長的核心動"
8496647,M001-高階主管特助,何嘉仁國際文教團隊_何嘉仁實業股份有限公司,雙北,台北市,台北市中山區,經營/人資,文教/補教培訓,60000~9999999 (period=4),月薪,60000,60000,0,0,傳統無AI,無,0,1,0,0,歡迎積極主動、自律堅持、勇於自我挑戰的夥伴，加入何嘉仁國際文教團隊， 接受中長期培訓與歷練，學習經營者思考模式，成為專業管理或幕僚人才!    【招募條件】  1. 具歐美留學經驗者，歐洲者佳。  2. 請附上英文履歷；英文流利，具TOEIC 800分以上。  3. 具備3年以上工作經歷，具備主管秘書或專案管理經驗者佳。  4. 邏輯清晰有條理，具跨部門溝通、協調整合、問題解決能力。  5. 具備小客車駕照 / 安全駕駛能力佳者。  
11662297,門市人員 儲備幹部 月休8-10天排休制,梵宇國際有限公司,雙北,台北市,台北市中正區,經營/人資,其他服務/工商貿易,34000~9999999 (period=0),月薪,34000,34000,0,0,傳統無AI,無,0,0,0,0,1. 門市現場接待與櫃台收銀   2. 學生制服販售 3. 學號電繡(無經驗可) 4. 親和活潑有禮貌，完善銷售前後服務 5. 商品管理 (陳列補貨、收貨驗貨、庫存盤點、維護管理)  6. 門市整潔與美觀維護管理 7. 會基本電腦操作與文書輸入(Word、Excel)   8. 有銷售經驗者為佳 9. 協助主管交辦事務 10. 此職務為往副店職務(儲備幹部)發展 11. 試用期間薪資32000  近70年制服百貨店面欲轉型，期待您的一同加入共創新面貌～  --面試地址-- 台北市中正區福州街50號 (總公司)  --上班地點--  台北市中正區南昌路一段137號1F 台北市松山區八德路三段15
14605821,JR東日本大飯店休閒中心暨品牌健身房JEXER營運專員,JR東日本台灣健身事業_台灣捷爾東健身事業股份有限公司,雙北,台北市,台北市中山區,經營/人資,其他服務/工商貿易,32000~9999999 (period=0),月薪,32000,32000,0,0,傳統無AI,無,0,0,0,0,我們是JR東日本的健身事業，營運項目含：  ①旗下品牌健身房JEXER 以『日本元素 · 健活 & 放鬆』為中心構想、打造台灣市場首創複合式健身俱樂部  ②JR東日本大飯店台北9樓休閒中心 供飯店房客使用之『健身房』、『游泳池』、『三溫暖』  希望能招募志同道合的夥伴與我們一同成長 !  【工作內容】 1. 現場接待客戶、場館介紹及帶參觀、服務客戶並協助解決問題。 2. 備品補充及盤點、場地維護及清潔。 3. 電話應對、緊急狀況及客訴處理。 4. 《休閒中心》房客預約資訊登記、掌控場館使用人數、場館巡視確保安全。 5. 《JEXER》熟悉健身房各項會規、彙整分類客服問題、受理會員文件申請並切確
7792495,營業儲備幹部,統一百華股份有限公司_統一時代百貨/DREAM PLAZA,雙北,台北市,台北市信義區,經營/人資,其他服務/工商貿易,35000~9999999 (period=0),月薪,35000,35000,0,0,傳統無AI,無,0,0,0,0,1.商場營運管理(含商場商品及人員管理) 2.品牌合作洽談 3.商場服務及顧客意見處理
15323544,[美國上市公司] HR Associate,台灣倍亮生技股份有限公司,雙北,台北市,台北市信義區,經營/人資,生技/醫療保健,面議,面議,,,1,0,傳統無AI,無,0,0,0,0,"◆ Role Overview We are seeking a detail-oriented and proactive HR Associate to support our growing operations. This role is responsible for providing day-to-day HR administrative and operational support throughout the employee lifecycle. The ideal candidate is organized, service-oriented, and able t"
15400266,【外商】 Regional Trainer  ( 全球培訓師 ),海科科技有限公司,雙北,台北市,台北市中山區,經營/人資,文教/補教培訓,面議,面議,,,1,0,傳統無AI,無,0,0,0,1," 【Who We Are?】  Hytech 是一支年輕且充滿活力的團隊，專注於推動金融科技產業的企業級技術轉型，致力為全球客戶提供高品質的管理與技術顧問服務。我們秉持創新思維與扁平化管理文化，打造開放、透明且彼此信任的工作環境，讓每一位成員都能自在表達想法、充分發揮影響力。Hytech 集團服務據點遍佈全球，目前全球員工人數近 6,000 人，包含台北辦公室在內，2026 年持續穩定擴編中，我們正站在快速成長與轉型的關鍵節點，誠摯邀請優秀人才一同加入。  【Why Join The Team?】Why Join The Team】 全球化舞台：參與跨國、跨品牌的學習與發展項目，拓展國際化 L"
15247911,【總公司】物流處經理,嘉里大榮物流股份有限公司,雙北,台北市,台北市中正區,經營/人資,其他服務/工商貿易,面議,面議,,,1,0,傳統無AI,無,0,0,0,0,1. 策略規劃與倉儲佈局 2. 統籌常、低溫各倉之間的空間、設備、與人力調度 3. 統籌總公司倉儲外包（如勞務派遣、第三方物流常低溫代管）的商務談判、合約簽署與 KPI 審查 4. 營運調度與流程標準化 5. 負責倉儲設備採購、現代化WMS系統升級、動線改建等專案評估與預算編列 6. 財務與成本控管  7. 團隊領導與績效管理
15350732,Reward Specialist(電通集團),電通商業顧問股份有限公司,雙北,台北市,台北市信義區,經營/人資,其他服務/工商貿易,面議,面議,,,1,0,傳統無AI,無,0,0,0,0,"Are you passionate about turning data into meaningful reward insights?  We're looking for a detail-oriented and analytical Reward Specialist to support reward operations across Taiwan, Korea, and Hong Kong. Reporting to the Senior Reward Consultant, you'll play a key role in delivering accurate mark"
15370330,【外場服務新星】京都二条苑_大巨蛋日料餐廳儲備幹部 ■ 享集團員工福利 ■ 年終獎金與分紅激勵,莞固和食_頑味國際餐飲股份有限公司,雙北,台北市,台北市信義區,經營/人資,生技/醫療保健,面議,面議,,,1,0,傳統無AI,無,0,1,0,0,【京都二条苑｜大巨蛋店】外場營運儲備主管／服務專員 ■ 試用期滿即調薪 ■ 無經驗可培訓 【大巨蛋全新地標】日式餐飲外場服務員／儲備幹部 ■ 聲寶集團大舞台 ■ 透明考核升遷 來自日本關西人氣和食，莞固和食廣大招募明日之星  【這份工作為什麼值得你投遞？】 大巨蛋全新地標展店，你的職涯起飛最佳舞台！我們是聲寶集團旗下的精緻日系餐飲【莞固和食】，不僅提供高質感的日式料理環境，更重視每一位夥伴的實質成長。我們拒絕論資排輩的陳舊制度，擁有最透明公開的考核機制，讓你用實力與微笑為自己爭取晉升門票與高額年終，在最具指標性的商圈發光發熱！  【你的核心任務與舞台】 ■ 帶給顧客無與倫比的日式款待：負責帶位
15127249,青山 青茶專業製作連鎖茶飲- 品牌訓練專員,山峰點伙股份有限公司,雙北,台北市,台北市大安區,經營/人資,文教/補教培訓,38000~42000 (period=0),月薪,38000,42000,0,0,傳統無AI,無,0,0,0,0,一、教育訓練管理  • 負責直營門市新進同仁之飲品製作流程與操作技巧教育訓練  • 協助雙品牌國內外加盟展店之教育訓練  二、產品研發協助  • 協助新飲品配方測試、試做與製作流程確認  三、其他  • 完成主管交辦事項  此職務需在門市基礎訓練2個月學習各項技能並通過考核
15120346,【PeopleSearch內部職缺】 FMCG/精品零售 - 專業招募顧問,新加坡商艾得克有限公司台灣分公司,雙北,台北市,台北市信義區,經營/人資,生技/醫療保健,30000~80000 (period=2),月薪,30000,80000,0,0,傳統無AI,無,0,0,0,0,"做過專櫃、美妝或精品銷售的你,其實早就具備獵頭顧問最重要的核心能力。  你懂得在幾句對話裡,快速抓到對方真正的需求。你在業績目標的壓力下,還是能維持專業、穩住服務品質。你對品牌定位、通路生態、消費者心理,有第一線才練得出來的敏感度。這些能力,換一個場景一樣用得上——只是客戶從「消費者」變成「企業」跟「候選人」。  【PeopleSearch 是誰?】 我們是新加坡交易所上市公司 HRnetGroup 旗下品牌,深耕亞洲高階人才市場逾二十年。我們的客戶涵蓋 FMCG 快消品牌、精品與奢侈品零售等各類企業,我們在找的,是真的懂這個圈子的人。  【主要工作內容】 - 深入了解 FMCG 與精品零售產"
11525093,(藝珂內部長期) 薪酬部門工讀生_MO_811,藝珂人事顧問股份有限公司,雙北,台北市,台北市信義區,經營/人資,其他服務/工商貿易,30000~32000 (period=0),月薪,30000,32000,0,0,傳統無AI,無,0,0,0,0,在這裡你能學習到以下相關技能：  1. 員工報到簽約及人事資料建檔管理作業	  2. 支援出帳忙期和系統導入期間人力調節  3. 代墊費用單據月結處理及核對  4. 國外匯款水單查詢及入帳核對
15354585,董事長助理,財聖國際保險經紀人股份有限公司,雙北,台北市,台北市南港區,經營/人資,其他服務/工商貿易,面議,面議,,,1,0,傳統無AI,無,0,1,0,0,【這份工作實際上是什麼？】 誠徵具保險同業經驗之人才，擔任董事長之核心幕僚，處理財產保險事務、文件管理、代辦事項追蹤及行程安排，以確保決策與執行流程順暢。  【具體工作內容】 1. 處理交辦之保險業務。 2. 文件管理。  3. 交辦事項之處理進度追蹤以及行程安排等。 4. 其他臨時交辦事項。  *英文讀寫能力經考核後，則可晉升為「董事長特助」。 
13522150,網紅特助,攝徒映像工作室,雙北,新北市,新北市新莊區,行銷/企劃/專案管理,廣告行銷/公關顧問,38000~60000 (period=0),月薪,38000,60000,0,0,傳統無AI,無,0,0,0,0,-聯絡廠商與客戶。 -需了解基本時事。 -負責規劃老闆日程行程。 -有應對突發狀況的能力。 -安排老闆出差事務：訂票、住宿...等。 -處理行政事務：文件整理、採購辦公用品。  ▍加分條件技能（非必要！） * 有經營任一自媒體/社群經驗。 * 敢於表演，有戲劇經驗。 * 有美工能力。 (Photoshop/Illustrator) * 具備 Youtube 製作相關經驗者尤佳。 * 或是其他覺得對面試有幫助的相關技能。  ▍待遇 ・全職採月薪制38K-55K（含勞健保，若能力超過，歡迎面議60K以上）  我們歡迎有相關工作經驗的人才加入我們的團隊，如果您符合上述要求，請盡快申請並表達您對這個職
15275648,行政行銷助理,意豐興業有限公司,雙北,新北市,新北市土城區,行銷/企劃/專案管理,電子商務/數位零售,200~210 (period=0),時薪折算,32000,33600,0,0,傳統無AI,無,0,0,0,0,1.接聽電話、接待訪客及處理一般行政事務。 2.協助凌越系統資料建檔、維護及相關行政作業。 3.訂單處理、出貨文件製作、資料整理及文件歸檔。 4.客戶資料建立、維護及售後服務協助。 5.協助採購、庫存資料整理及各項行政庶務。 6.負責公司官方網站商品上架、下架、價格維護、商品資料更新及內容管理。 7.負責公司網路平台（官網、電商平台及其他數位平台）商品資訊維護、活動設定、圖片更新及文案管理。 8.協助公司網路行銷及品牌推廣，包括社群媒體內容發布、活動執行、行銷素材整理、成效追蹤及數據彙整。 9.協助商品拍攝、圖片整理及商品介紹文案製作。 10.協助客戶詢價、報價及相關行政支援。 11.配合公司
15400012,醫療軟體客服暨營運助理｜育嬰留停職務代理人｜全職,泰瑞醫股份有限公司,雙北,新北市,新北市中和區,行銷/企劃/專案管理,生技/醫療保健,35000~40000 (period=3),月薪,35000,40000,0,0,傳統無AI,無,0,0,0,0, 因團隊同仁申請育嬰留職停薪，我們正在招募一位全職職務代理人，協助承接醫療軟體客服及日常營運工作。  本職缺為定期職務代理性質，適合希望累積 SaaS 客戶服務、醫療資訊系統及營運協作經驗，並能於聘僱期間穩定全職投入的人選。  //為什麼加入我們？// 接觸實際運作的醫療 SaaS 系統 我們是全台超過 800 家動物醫院使用的數位系統服務團隊。你將實際接觸 HIS 病歷管理系統，協助醫院處理系統操作及使用問題，而非僅負責制式回覆。  //累積客服與營運協作經驗//  除了第一線客服，你也會依學習進度逐步接觸會議紀錄、問題整理、專案開卡及 Bug 追蹤等工作，了解客戶需求如何轉化為工程團隊可執
13256786,蘆洲三民運動中心(籌備中)-行銷企劃專員,舞動陽光股份有限公司,雙北,新北市,新北市蘆洲區,行銷/企劃/專案管理,廣告行銷/公關顧問,32000~40000 (period=0),月薪,32000,40000,0,0,傳統無AI,無,0,0,0,0,1. 社群媒體經營：負責各社群(Facebook、Instagram、Line OA 等)貼文規劃與文案撰寫，     與設計部溝通討論製作廣告素材、排程管理與貼文發布、定期蒐集活動或課程影像素材。 2. 行銷活動規劃：配合季度排程規劃促銷方案、課程推廣、體育賽事、公益活動企劃與執     行。 3. 即時公告發布：發布中心重要通知、營運調整等公告。 4. 寒暑假營隊規劃與執行：寒暑假兒童營隊課表設計、師資安排、體驗課程規劃，掌握報名     進度，並於開課期間之掌握現場流程、學員日常、家長溝通與意見收集。
12393167,通路營業人員(汐止),新光產物保險股份有限公司,雙北,新北市,新北市汐止區,行銷/企劃/專案管理,文教/補教培訓,36000~9999999 (period=0),月薪,36000,36000,0,0,傳統無AI,無,0,0,0,0,"入職後約3個月將於士林分公司(台北市北投區文林北路222號2樓)進行受訓，受訓完成後工作地為：新北市汐止區新台五路一段82號D棟13樓(汐止服務中心) ➤此職務有固定月薪及每月補助交通費上限3,000元。 1.服務公司簽約配合之既有通路(如車商、壽險、銀行、保經代等)，毋需做陌生開發。 2.定期拜訪通路，維繫客戶關係，進行輔導教育、商品諮詢、保單銷售後續服務，以爭取產品持續銷售與曝光。"
14374583,電商出貨專員  電商+包裝+出貨,菁豐有限公司,雙北,新北市,新北市五股區,行銷/企劃/專案管理,電子商務/數位零售,32000~36000 (period=0),月薪,32000,36000,0,0,傳統無AI,無,0,0,0,0,1.電子商務平台每日訂單處理： 電商訂單列印及整理訂單，依訂單內容包裝及出貨、退貨整理、瑕疵商品處理  2. 個性細心、做事有效率、不易出錯，有電商經驗者佳（熟悉蝦皮、mo店+ 等平台後台者佳。） 3. 協助電商平台商品上下架維護工作 4. 線上客服處理：網路銷售的問答、平台客服窗口，協助消費者下單、退款/退貨……等處理。 5. 協助物流商品到貨清點、整理、庫存盤點 6. 主管交辦事項。  需具備以下條件： 1.熟悉PHP、HTML、JavaScript、CSS等相關編程語言 2.基礎美編能力，會使用PS或AI(商品去背/美化)，熟悉者更佳。 3.良好的團隊合作和溝通能力，責任心強 依經歷/能
10947551,土地銷售業務,安悅建設股份有限公司,雙北,新北市,新北市三重區,行銷/企劃/專案管理,文教/補教培訓,38000~9999999 (period=0),月薪,38000,38000,0,0,傳統無AI,無,0,0,0,0,"・承攬合作制  ・新人培訓資源  ・收入無上限  ・適合想挑戰高收入者  ・滿3個月留任獎勵60,000元  ・前三個月完成培訓及指定任務者，累計收入最高可達114,000元  ・平均約38,000元/月   福利制度   ※正職同仁享有以下福利※    (一)節慶福利：佳節禮盒、尾牙或春酒 (二)家庭照顧：結婚禮金、生育補助、傷病慰問、眷屬喪葬慰問  (三)學習補助：內部課程講座、考取經紀人証照補助、專業課程補助  (四)幸福職場：員工聚餐、不定時下午茶點心  (五)獎金制度：激勵獎金、績效獎金、獎勵旅遊，生活更多采  公司網址 http://www.shinegroup.com.tw/"
14302857,政策推廣人員｜三重店｜月月不歸零｜協助政府推廣居住政策,嘉禾地產有限公司,雙北,新北市,新北市三重區,行銷/企劃/專案管理,其他服務/工商貿易,28000~86000 (period=2),月薪,28000,86000,0,0,傳統無AI,無,0,0,0,0, 誠徵社宅推廣管理人員 ----------------------------------------- 口碑好 形象佳 團隊合作親子友善   招募應屆畢業生、房仲相關轉職的您加入我們  快撥0908-981-070諮詢面試，一起加入包租代管的行列！【來電告知 想面試】  面試地點： 新北市三重區中正北路415號3樓 直接對話： 邱先生 0908-981-070 團隊： 嘉禾地產有限公司新北分公司  >> 立即行動，撥打電話或直接前往面試地點！<< #社宅推廣師 ##業務工作 #高獎金 #無經驗可 #三重區工作 #招聘 #包租代管 #政府計畫 #轉職 #二度就業 
15349636,租賃住宅業務人員/代租代管/租賃管理師,蕙弘實業股份有限公司,雙北,新北市,新北市板橋區,行銷/企劃/專案管理,其他服務/工商貿易,4000~100000 (period=0),面議,,,1,0,傳統無AI,無,0,0,0,0,您好！ 蓬勃發展的新興行業，非傳統仲介，主要協助房東出租及管理:) 公司從包租代管起家，歡迎對房地產租賃有興趣的人才一起加入!  公司提供豐富的資源： 1. 個人辦公桌及文具等等。 工欲善其事~ 2. 專屬手機號碼免費打。 開發沒壓力~ 3. 強大後台合約管理系統。 房東租金不誤發，同仁獎金不拖延 4.零食飲料櫃，超大電視聽音樂，放鬆自在媒合自來~~ 5.不定時聚餐活動，不是等到三節才體恤~  氣氛好，大家合作無間，一起創造最適合的工作環境!好運自然來!  新手小白不擔心，讓您在最短的時間內快速了解及發展完善的業務 獎金制度優良，資深學長姐都會很願意手把手帶領喔~~~  薪資及職位特色：論件計
12952255,FA事業部 營業支援人員,台灣三菱電機自動化股份有限公司,雙北,新北市,新北市五股區,行銷/企劃/專案管理,其他服務/工商貿易,35000~45000 (period=0),月薪,35000,45000,0,0,傳統無AI,無,0,0,0,0,1.經銷商業務(訂單/出貨/特別價格)管理。 2.重要案件追蹤管理。 3.其他作業流程商議。
13767066,不動產業務高手,九築不動產仲介經紀有限公司,雙北,新北市,新北市永和區,行銷/企劃/專案管理,文教/補教培訓,100~100000 (period=0),面議,,,1,0,傳統無AI,無,0,0,0,0,1.開發房屋及土地市場。 2.針對客源進行電話行銷與客戶經營開發銷售。 3.提供不動產買賣仲介服務。 4.負責帶看、解說及簽定租賃或買賣契約。 5. 提供不動產買賣諮詢服務（如：房屋價格評估、不動產法律及稅務諮詢）。 6. 協助代辦各項低利房貸。 7. 提供客戶售後服務。  **公司提供教育訓練、傳授最專業本職學能與行銷實務技巧，歡迎社會新鮮人加入，也歡迎有心轉戰房地產行銷尖兵加入。想快速學習一技之長，穩定累積財富，論件計酬，公司提供高%獎金，絕對是提高收入最快捷的成功大道。歡迎有興趣的夥伴加入我們，年紀多寡不是問題，心態年輕.好相處最重要。大家贏幸福團隊歡迎您  **我們要求應試者，要具備以
15353600,行政助理/標案行政｜週休二日｜,格達貿易行,雙北,新北市,新北市新店區,行銷/企劃/專案管理,電子商務/數位零售,35000~40000 (period=0),月薪,35000,40000,0,0,傳統無AI,無,0,0,0,0,我們主要需要一位細心、有條理的夥伴，協助政府標案相關文件與日常行政作業。  工作內容 -政府電子採購網招標案件查詢與資料整理 -投標文件、資格文件及相關資料準備 -協助押標金、合約、履約及驗收文件整理 -標案進度追蹤、文件建檔與歸檔 -協助商品報價、規格及相關資料整理 -其他行政及主管交辦事項 -工作上也可能接觸家具、健身器材、蝦皮等商品與平台資料，但主要工作仍以標案相關作業為主。 * 擅長工具：熟悉 Word、Excel、PowerPoint 等文書軟體。  
14093233,#歡迎短期【原住民族委員會】職務代理人~12/31/享年終獎金,東慧國際諮詢顧問股份有限公司,雙北,新北市,新北市新莊區,行銷/企劃/專案管理,資訊科技/軟體網路,34775~34775 (period=0),月薪,34775,34775,0,0,傳統無AI,無,0,0,0,0,"【代理期間】：到職日起至115年12月31日止。  【工作內容】： 1.協助操作登打「財物管理系統」以協助辦理財產及物品之增加、移動、減損、報廢及單據確認,並製作及黏貼財產標籤。  2.協助操作登打「臺北市動產質借處臺北惜物網」以協助辦理報廢財產及物品之清點及拍賣事宜。  3.協助辦理財產複盤作業及彙整財產複盤結果相關資料。  4.其他臨時交辦事項。  【保險權益】：依法加保法定保險 【薪資福利】： 1.三節獎金 2.年終獎金(12/31仍在職者，依在職月份比例發放)  【人力資格條件】： 1.高中職畢業並有相關工作經驗 2.具有電腦操作能力、熟悉WINDOWS微軟應用軟體 3.配合業務單位需"
14848607,數據分析實習生,上豐食品有限公司,雙北,新北市,新北市三重區,行銷/企劃/專案管理,傳統製造/精密工業,1800~9999999 (period=0),時薪折算,288000,288000,0,0,傳統無AI,無,0,0,0,0,1. ERP訂單處理，包含採購物流等聯繫作業。 2. 負責數據採集、數據清理、數據加工和數據分析； 3. 能夠將數據分析結果呈現成多種形式，如報告、圖表等； 4. 與其他部門合作以支持業務需求； 5. 維護和管理公司的數據庫； 6. 監測和評估數據品質，保證數據的準確性和完整性。  未來，隨著大數據時代的到來，數據分析師的發展前景非常廣闊。 如果您對此職位感興趣，請盡快申請並表達您的興趣。我們期待著與您共事！
14899904,網路小幫手 / 兼職助理 / 時薪$200,一品川流國際行銷有限公司,雙北,新北市,新北市鶯歌區,行銷/企劃/專案管理,電子商務/數位零售,200~200 (period=0),時薪折算,32000,32000,0,0,傳統無AI,無,0,0,0,0,1. 協助進貨╱揀貨╱出貨作業，商品收貨╱退貨作業，倉庫貨物標示╱置放╱盤點。 2. 協助網路產品上下架的相關工作。 3. 協助文書、業助、會計的相關工作。 4. 協助社群、短影音操作（Facebook、Line、IG等）。 5. 協助電話客服事宜，回覆顧客退換貨流程及商品相關問題。 6. 協助主管執行相關業務事項。 7.蝦皮超商寄貨。   本職位主要是支援相關作業，非主要執行者。 隨著數位時代的來臨，此職位的發展前景非常廣闊。 如果您對此職位感興趣，請盡快提交履歷表，期待您的加入！ 
14281417,數位行銷專員 (三選一上班地點 北-八里/中-北屯/高- 前鎮),聯誠寵物有限公司,雙北,新北市,新北市八里區,行銷/企劃/專案管理,廣告行銷/公關顧問,35000~40000 (period=2),月薪,35000,40000,0,0,傳統無AI,無,0,0,0,0,協助行銷團隊執行工作任務，根據專案不同，會有以下工作事項： 社群經營、短影音企劃製作、廣告企劃、網紅合作、SEO文章、市場分析等。  1.社群媒體維運，發想社群議題(FB/IG/LINE@/Threads)，維護粉絲互動。 2.數位廣告及口碑公司聯繫窗口，執行進度追蹤與監控成效。 3.數據/流量追蹤與分析工具應用 (如:GA4 、GSC)。 4.SEO基本概念，實際執行自然流量優化(需有撰文經驗)。 5.網紅、部落客、異業合作洽談規劃與執行。 
15402046,酒類行銷專員,買酒網_盛豐行股份有限公司,雙北,新北市,新北市汐止區,行銷/企劃/專案管理,廣告行銷/公關顧問,45000~9999999 (period=0),月薪,45000,45000,0,0,傳統無AI,無,0,0,0,0,1. 國內品牌行銷與活動執行  負責代理品牌於台灣市場之行銷推廣及相關專案執行。 規劃品酒會、餐酒會及各類行銷活動。 協助國內通路行銷活動、門市促銷及品牌曝光相關事宜。 負責行銷活動所需之場地、物料、人員及相關資源安排。 追蹤行銷活動執行進度，協助活動成效分析及結案報告製作。  2. 行銷素材與品牌管理  負責品牌文宣、網站、LINE@及其他行銷素材之規劃與製作。 協助產品介紹、品牌故事、廣告文案及其他宣傳內容之撰寫。 協助品牌社群媒體、官方網站及其他數位行銷內容之規劃與執行。 確保各項行銷素材符合品牌形象及原廠相關規範。  3. 跨部門協調  與國內業務、門市、物流及相關部門進行溝通協調。 
14899362,北區業務專員,精華光學股份有限公司,雙北,新北市,新北市汐止區,行銷/企劃/專案管理,生技/醫療保健,35000~55000 (period=4),月薪,35000,55000,0,0,傳統無AI,無,0,0,0,0,"1.開發潛在客戶，拓展市場， 以達成業績目標。 2.定期拜訪經銷客戶，維繫穩定客戶關係。 3.負責國內業務接洽及訂單處理。  4.負責產品報價及產品展示，並處理帳款收回相關事宜。 5.負責業務推展，傳達及說明公司各項業務重大訊息、活動及產品 6.三節獎金,分紅,年終獎金，年薪60萬~100萬(固定或變動薪資因個人資歷或績效而異)。 7. 公司提供油資補助(依地區7,500~8,500) "
11924111,業務專員 (雙北市）有房地產代銷經歷一年以上(年薪+獎金)80萬元起,茂德建設股份有限公司,雙北,新北市,新北市三重區,行銷/企劃/專案管理,廣告行銷/公關顧問,38000~42000 (period=0),月薪,38000,42000,0,0,傳統無AI,無,0,0,0,0,"1.具有建設房地產或廣告代銷相關業務銷售經驗 2.或具有業務銷售經驗者 3.工作地點會依未來分配執行個案而有不同(皆位大台北地區交通便利處) 4.試用期38000元起 , 試用期滿42000元以上 "
15067317,全台【社會住宅包租代管業務】政府專案｜底薪4萬+獎金被動式收入｜培訓完整,五泰房屋_五泰房屋仲介有限公司,雙北,新北市,新北市五股區,行銷/企劃/專案管理,文教/補教培訓,30000~40000 (period=0),月薪,30000,40000,0,0,傳統無AI,無,0,0,0,0,社會住宅包租代管－業務專員 招募中_______ ▶ 台北市｜新北市｜桃園市｜台中市｜苗栗縣｜台南市｜高雄市  無經驗可｜穩定案件｜完整培訓｜保障底薪＋獎金  在 五泰房屋 我們不只是做租賃服務， 而是深耕社會住宅與資產管理超過 30 年的專業團隊。  長期承辦政府社會住宅包租代管專案， 制度成熟、案件穩定、後勤完整。  如果你想做業務，但不想承受高壓買賣成交， 這會是一條更穩定、可長期累積的專業道路。   【工作內容】 (1) 協助房東了解政府社會住宅包租代管方案。 (2) 說明政策內容、租金補貼與保障機制。 (3) 協助房東與房客媒合及租賃溝通。 (4) 維繫穩定租賃關係與客戶服務。 (5
15291823,產品行政人員,興田企業股份有限公司,雙北,新北市,新北市新莊區,行銷/企劃/專案管理,其他服務/工商貿易,32000~42000 (period=0),月薪,32000,42000,0,0,傳統無AI,無,0,0,0,0,興田正在尋找一位具有食品或保養品專業人員，加入我們的團隊。 ▌主要職責 產品資料彙整 新產品開發資料收集/評估作業 進口相關文件辦理 各國產品聯繫作業 主管交辦事務事項處理
14264458,【社群企劃小編】運動場館,皇錩實業有限公司,雙北,新北市,新北市三重區,行銷/企劃/專案管理,其他服務/工商貿易,36000~50000 (period=0),月薪,36000,50000,0,0,傳統無AI,無,0,0,0,0,【職務亮點】 新興運動先驅： 台灣少數結合「匹克球 (Pickleball)質感場館。  AI 賦能工作： 鼓勵使用 AI 繪圖與創意工具輔助工作，提升效率與視覺品質。  團隊支持： 你將與品牌主管及 CEO 直接溝通，你的創意提案能獲得最實質的支持與反饋。  【工作內容】 社群內容創作： 經營球館（LUMU/MUZO）IG、FB、Threads。捕捉現場球友互動、精彩對賽短片，製作有溫度的 Reels 或限動。  美編視覺設計： 利用 Canva 模版或 AI 生圖工具製作活動海報、社群貼文圖卡與場館公告。  行銷活動發想： 觀察球館動態，與主管及 CEO 定期討論，發想並執行有趣的社群活動
14433565,專案業務助理,陞云科技股份有限公司,雙北,新北市,新北市三重區,行銷/企劃/專案管理,資訊科技/軟體網路,36000~38000 (period=3),月薪,36000,38000,0,0,傳統無AI,無,0,0,0,0,工作內容： 1. 輸入、處理並追蹤客戶訂單，並將訂單資料存檔備份。 2. 保持與客戶間之聯繫，回覆e-mail，並確認交貨期。 3. 提供出貨文件，協助業務人員控管出貨，並處理進相關事宜。 4. 定期提供業務銷售狀況報表，以供業務人員或主管參考。 5. 協助業務人員處理銷售業務相關之公司內部行政作業。 6. 協助業務人員整理客戶資料（如：公司基本資料、交易記錄、問題處理狀況）。 7.官方Line@客服回覆 8.公司活動舉辦(內勤共同分攤) 9.其他主管交辦事項 10.可配合外勤（當天往返）  本職位是一個重要的專案助理，有非常明確的發展前景。這份工作可以讓你獲取豐富的專案經驗，從而提高你的管理
15401980,Custom DRAM Technical Marketing,南亞科技股份有限公司,雙北,新北市,新北市泰山區,行銷/企劃/專案管理,傳統製造/精密工業,40500~60000 (period=2),月薪,40500,60000,0,0,傳統無AI,無,0,0,0,0,客戶市場及產品開發管理(Business/Product Management) 1.與客戶合作新專案開發到產品量產 2.對外與客戶溝通客製化產品架構、規格及開發時程 3.與內部進行跨部門合作及溝通協調，開發客製化產品 4.定期收集與分析DRAM相關應用市場資訊 5.定期研究新技術、新趨勢及新產品以了解未來潛在市場走向 6.定期研究未來新產品開發策略
14067529,【EC部】電子商務專員,美體小舖 THE BODY SHOP_美雅國際企業股份有限公司,雙北,新北市,新北市汐止區,行銷/企劃/專案管理,電子商務/數位零售,38000~48000 (period=4),月薪,38000,48000,0,0,傳統無AI,無,0,0,0,0,工作內容：  1. 負責 The Body Shop 品牌官網及外部電商平台（Momo／蝦皮／LINE Gift）之前後台營運管理，包括檔期商品活動規劃、促銷機制設定、商品上下架、價格調整、庫存維護及商品頁面優化。 2. 依據各平台檔期需求，規劃露出內容與廣告投放素材方向，並與公司內部視覺設計團隊協作完成相關素材製作。 3. 根據各平台銷售表現、活動規劃及庫存狀況，與內部團隊及跨部門單位協調，確保各平台商品供應充足並順利執行活動。 4. 與廣告代操公司保持良好溝通，負責檔期前素材提供、廣告投放安排及成效追蹤，涵蓋 Google、Meta 及蝦皮廣告等媒體操作。 5. 負責各平台商品活動規劃、成
11107800,內勤業務專員,品凱科技股份有限公司,雙北,新北市,新北市汐止區,行銷/企劃/專案管理,文教/補教培訓,39000~9999999 (period=0),月薪,39000,39000,0,0,傳統無AI,無,0,0,0,0,"歡迎新鮮人： 無經驗可，公司提供完善培訓體系，帶你切入台灣最熱門的電子資通訊產業！  職涯晉升轉型： 具備電子業業務助理經驗、想挑戰轉任業務專員者尤佳。  系統技能： 熟悉進銷存系統操作，具備正航系統經驗者優先錄用。  工作內容： 負責業務開發、產品報價、爭取訂單及客訴處理；需具備極佳的耐心與溝通協調能力，沉著應對客戶各項需求。  工作節奏：  上班時間： 08:30 - 17:30  團隊規模： 15人精銳業務團隊，共同維護與開發約2,000家客戶。  工作特質： 每日節奏緊湊、內容充實，極適合積極展現執行力、抗壓性強且熱愛挑戰優質人才。  團隊文化： 以效率為導向，組織扁平、少繁文縟節。讓"
15405671,政府專案,勁揚國際餐飲股份有限公司,雙北,新北市,新北市五股區,行銷/企劃/專案管理,其他服務/工商貿易,40000~9999999 (period=7),月薪,40000,40000,0,0,傳統無AI,無,0,0,0,0,負責或協助政府補助專案進行 專職.兼職都可
15318833,貝思沛拉棒球學校運科營運企劃專員,鈞泰運動數位科技股份有限公司,雙北,新北市,新北市泰山區,行銷/企劃/專案管理,文教/補教培訓,40000~60000 (period=0),月薪,40000,60000,0,0,傳統無AI,無,0,0,0,0,【關於我們】 Basepara 貝思沛拉棒球學校，是結合運動科學與 AI 科技的棒球訓練機構。我們自建動作捕捉檢測系統、AI 課表系統與線上教育訓練系統，目前正處於快速規模化的階段。  【工作內容】 1. 專案管理（PM）：追蹤教練團與各專案執行進度、彙整結案資料、管理雲端資料夾與提醒機制。 2. 內部系統協作：協同訓練總監，運用 AI 工具協助內部系統（教育訓練系統、任務管理系統、打卡系統等）的建置、測試與維護。不需要程式背景，但要敢用、會用 AI 工具。 3. 提案支援：協助整理對外運科計畫提案計畫/結案報告的規格文件、簡報內容與論述文字（公司會提供運動科學的系統性培訓）。 4. 營運行政
14439490,行銷企劃專員 (iFG遠雄廣場),iFG遠雄廣場_遠雄流通事業股份有限公司,雙北,新北市,新北市汐止區,行銷/企劃/專案管理,其他服務/工商貿易,32000~45000 (period=4),月薪,32000,45000,0,0,傳統無AI,無,0,0,0,0,工作內容： 1.百貨檔期企劃活動規畫與執行 2.Event活動規劃與執行 3.異業合作洽談 4.文案與企劃案發想與撰寫 5.其他主管交辦事項  ~~上班地點在汐止，但需配合每周到新竹出差~~
13711659,網拍倉庫整理小編-撿貨小幫手,豐筠藝有限公司,雙北,新北市,新北市中和區,行銷/企劃/專案管理,電子商務/數位零售,29500~35000 (period=0),月薪,29500,35000,0,0,傳統無AI,無,0,0,0,0,1.倉庫出貨:須細心且快速準確看著撿貨單撿貨。   2.倉庫包貨:把撿好商品，檢查完打包完整。   3. 倉庫整貨:進貨整理盤點與入庫。   4.印寄件單子，回覆客人訊息 。    5. 更新網頁庫存和產品訊息   6.偶需要到郵局寄件。   7.精準完成主管交代事宜。      需要快速出貨、細心、手腳俐落、勤勞、變通快、好溝通、穩定的新進人員~~   此工作需久站和久走路，應徵前須評估自己體力。      【工作資訊】   1.薪資: 2.9萬(3個月考核期)   正式人員享有獎金分紅(依照公司營業額、工作態度、能力和出錯率)   (獎金及正式由主管評估)   2.上班時間:早上8:：30
15400376,SIT PM,鴻海精密工業股份有限公司,雙北,新北市,新北市土城區,行銷/企劃/專案管理,傳統製造/精密工業,面議,面議,,,1,0,傳統無AI,無,0,0,0,0,1. Server 專案測試管理 2. 跨部門協調 3.客戶溝通與需求管理 4. SIT/BIOSQA/BMCQA協作 5. Issue Management and Risk Assessment 6. 專案報告與管理 7. 專案物料與測試資源管理
15404026,行銷企劃人員,禾啟股份有限公司,雙北,新北市,新北市五股區,行銷/企劃/專案管理,廣告行銷/公關顧問,40000~54995 (period=0),月薪,40000,54995,0,0,傳統無AI,無,0,0,0,0,1.負責社群日常運營、維護及管理，提升社群活躍度。 2.市場需求蒐集、數據分析規劃與實作。 3.網路流量追蹤與分析。 4.數位廣告投放操作及優化，代理商和供應商等合作夥伴維繫（含Facebook、Google、關鍵字…等）。 5.粉絲團網站經營(廣告操作、網路活動企劃、文案撰寫、社群行銷、議題行銷、粉絲頁經營、知名度推廣..等) 6.具活動企劃創意發想、創新及創造力，並落實執行。 7.規劃公司或顧客對外的行銷活動與媒體活動，並對其效益進行分析與建議
15039529,(新北八里)業務專員,潔立淨環境維護有限公司,雙北,新北市,新北市八里區,行銷/企劃/專案管理,其他服務/工商貿易,36000~60000 (period=3),月薪,36000,60000,0,0,傳統無AI,無,0,0,0,0,1.電話開發新客戶/既有客戶/洽詢續約事    宜。 2.完成客戶的詢問及報價相關的問題。 3.業務主管其它交辦業務事項執行。 4.協調客戶相關施工行程及完工報告作業    編輯。 5.客戶異常問題協調處理服務。 6.外出拜訪連鎖餐廳及飯店相關客戶技術服務/協調。 7.客戶端現場評估及規劃工作。 8.公司提供業務交通用車及相關費用。  本職位為公司業務發展的重要角色，具有良好的職涯長期發展前景。 歡迎符合以上資格的人才加入我們，期待您的申請！
8940077,文化部公關助理駐點人員,潤利艾克曼國際事業有限公司,雙北,新北市,新北市新莊區,行銷/企劃/專案管理,廣告行銷/公關顧問,33000~36000 (period=0),月薪,33000,36000,0,0,傳統無AI,無,0,0,0,0,工作內容 1.輿情監測與通報 (各媒體輿情之蒐整、通報、研析) 2.協助其他交辦事項  【徵求條件】 1.大專院校(含)以上新聞相關系所畢業優先(含大眾傳播、廣電…等)， 曾有輿情監測、公關行政等相關經驗者，對新聞具備敏感度，且具有責任感、團隊合作精神者、有文化相關公部門駐點經驗者為佳 2.熟諳電腦文書處理(如：Word、PowerPoint、Excel、修(繪)圖軟體)…等能力為佳。 3.妥善完成其他交辦事項   上班地點為： 行政院新莊聯合辦公大樓 新北市新莊區中平路439號(近捷運新莊附副都心站) 【工作時間】：08：30 - 17：30 午休為一小時 (8：00-9：00、17：00-
15406355,新創公司總經理執行助理_包袋項目,愛力實業股份有限公司,雙北,新北市,新北市林口區,行銷/企劃/專案管理,傳統製造/精密工業,面議,面議,,,1,0,傳統無AI,無,0,1,0,0,【工作內容】 1.	協助新商品開發專案之執行與進度追蹤。 2.	尋找、聯繫及開發合適的製造工廠與供應商。 3.	負責詢價、打樣、MOQ、材料、製程、成本及交期等資訊蒐集與整理。 4.	協助統整主管對產品、設計及國內外行銷方向的想法與需求。 5.	擔任內部與外部合作公司的溝通窗口，包含設計公司、製造工廠及其他供應鏈。 6.	整理廠商報價、樣品、會議紀錄及各項專案資料。 7.	協助商品包裝、拍攝、行銷素材及其他商品上市相關事項之聯繫與執行。 8.	處理各項行政及臨時交辦事項。  【條件要求】 1.	具良好溝通、協調及整合能力。 2.	做事細心、有條理，能同時追蹤多項工作進度。 3.	主動積極，遇到
13645148,內勤業務人員【無經驗可，週休二日，底薪+獎金】,瑞捷實業股份有限公司,雙北,新北市,新北市三重區,行銷/企劃/專案管理,其他服務/工商貿易,35000~40000 (period=0),月薪,35000,40000,0,0,傳統無AI,無,0,0,0,0,工作內容: 1. 需具備電腦文書處理能力 。 2. 業務接洽、產品報價、查詢庫存狀態、輸入／處理並追蹤客戶訂單、維繫穩定客戶關係、客訴處理 。 3. 負責文件之整理，建檔以及追蹤，於有效時間內回覆客戶信件。 4. 主管交待事項 。 5. 細心負責。  *工作氛圍愉快，同事間相處融洽，誠摯邀請您的加入!!!!*   福利  ◆ 法定保障/請休假制度 ：  1.勞保、健保 2.符合勞基法特休/年假  ◆獎金福利 1.三節獎金/禮品 2.年終分紅 3.業績獎金 4.開工紅包  ◆ 娛樂福利： 1.員工旅遊 2.下午茶(員工福利金) 3.尾牙
11191727,專案經理,和訊股份有限公司,雙北,新北市,新北市三重區,行銷/企劃/專案管理,資訊科技/軟體網路,面議,面議,,,1,0,傳統無AI,無,0,0,0,0,1.負責制定專案計劃，確定專案目標和範疇，制定WBS，並確定所需的資源和團隊成員。 2.領導和管理專案團隊，確保團隊成員理解其責任，並協調他們的工作以實現專案目標。 3.定期監控專案進展，識別潛在的風險和問題，並採取措施來解決這些問題，以確保專案按計劃進行。 4.有效地溝通專案的進展和問題，向相關利益相關者報告，並協調不同部門和團隊之間的合作。 5.管理及安排專案所需的資源，包括人力、設備和技術資源，以確保專案能夠順利執行。 6.快速而有效地解決專案中出現的問題，以確保專案不受延誤或其他困難的影響。 7.確保專案交付之成果符合合約標準和客戶期望，以創造雙贏。 8.定期追蹤與聯繫客戶狀況。 
15158109,【野獸國】授權管理部  授權IP送審專員/資深專員,野獸國股份有限公司,雙北,新北市,新北市板橋區,行銷/企劃/專案管理,文教/補教培訓,面議,面議,,,1,0,傳統無AI,無,0,0,0,0,一、主要工作職責： 1.商品設計監修審核：對照品牌規範手冊，檢查廠商提交的商品設計圖、包裝、行銷文案是否有誤用 Logo、顏色偏差或比例變形等狀況。確認客戶使用的圖素（Asset）是否在合約授權的範圍與期限內。 2.溝通與反饋：將審核結果轉化為清晰的文字說明，告知客戶哪些部分需要修改，並追蹤修改進度。作為窗口，協調客戶與版權方之間的認知差異。 3.進度控管：同時管理多個授權專案的審批時程，確保客戶能如期取得核准並進行生產/活動上線。  二、次要職責： 1.行政與樣品管理：管理客戶提供的實體樣品存檔，並定期整理審批報告。協助整理授權素材庫，確保客戶拿到的是正確、最新的圖素檔案。 2.教育訓練：向
15394130,★動漫迷・日文人才歡迎★ 動畫IP版權管理師｜日文N1｜專案管理・商務談判_AMR_885,藝珂人事顧問股份有限公司,雙北,新北市,新北市新莊區,行銷/企劃/專案管理,其他服務/工商貿易,40000~50000 (period=2),月薪,40000,50000,0,0,傳統無AI,無,0,1,0,0,【公司介紹】 此為亞洲知名動畫版權代理公司，長期與日本動畫製作公司及版權方合作，代理多部國際知名動漫作品，業務涵蓋影音發行、商品授權、品牌合作、活動企劃及IP商業開發。  公司致力於將優質動畫內容引進台灣及亞洲市場，並透過跨產業合作，拓展動漫IP於商品、通路、展覽及品牌行銷等不同領域的商業價值。  【工作內容】 1. 擔任日本版權方與台灣合作夥伴的溝通窗口，處理日常商務往來。 2. 負責動畫IP授權商品、活動及宣傳素材的監修、送審與進度追蹤。 3. 協調內部設計、業務及行銷等部門，確保專案依規範及時程完成。 4. 維護合作客戶關係，了解需求並推進授權合作。 5. 彙整專案進度、銷售數據及相關報
14413938,EPM (產品專案管理師),嘉聯益科技股份有限公司,雙北,新北市,新北市樹林區,行銷/企劃/專案管理,傳統製造/精密工業,面議,面議,,,1,0,傳統無AI,無,0,0,0,0,1、參與國際客戶專案開發，推動NPI樣品從概念到量產。 2、與客戶進行設計討論，涵蓋產品設計、製造流程與品質管理等議題。 3、主導產品開發時程與出貨規劃，定期向客戶回報專案進度並確保目標達成。 4、協調工程、製造與品質等跨部門資源，確保樣品準時交付。 5、其他主管交辦事項。 
14662902,國小/業務專員(北區),南一書局企業股份有限公司(總公司),雙北,新北市,新北市深坑區,行銷/企劃/專案管理,生技/醫療保健,37000~44000 (period=2),月薪,37000,44000,0,0,傳統無AI,無,0,0,0,0,加入我們，成為教育出版的推動者！透過創新與專業的服務，提升教師與學生的學習體驗，成為台灣最具影響力的教育集團。  【工作項目】 1、教科書推廣與服務：提供專業的產品介紹和售後服務與學校及教師建立良好關係。 2、教學活動及研習辦理 ： 協助舉辦各類教學活動、教學研討會及座談會，提高產品知名度和品牌價值。 3、公司產品銷售推廣：推廣公司產品，定期收集市場反饋，以優化產品推廣策略。 4、服務範圍：新北市、台北市、基隆市區域等國小學校。  如果你對教育充滿熱情，並希望在這個充滿挑戰與機會的行業中發光發熱，歡迎加入我們的團隊！一起為教育的未來努力，攜手共創美好的學習環境。   【南一業務全區招募中】 1
14957064,短期到2026/12【聯合利華飲食策劃】行銷行政助理 Marketing Administration Assistant _115PC,萬寶華企業管理顧問股份有限公司,雙北,新北市,新北市板橋區,行銷/企劃/專案管理,其他服務/工商貿易,面議,面議,,,1,0,傳統無AI,無,0,1,0,0,*請留意此為派遣職缺  【職位目的】 為支援公司產品包裝全面更新專案，誠徵一位細心、耐心且擁有優秀文書處理能力的行銷行政助理。  此職位將負責包裝設計稿（Artwork）、產品規格等資訊及相關行銷文件之整理、校稿、版本控管與跨部門協調工作，確保所有包裝內容與文件資料之正確性、一致性及完整性，協助專案如期推進。  【主要工作內容】  一、文案校稿及文件管理 •	協助包裝設計稿（Artwork）審查及內容校對 •	彙整修改意見並追蹤修訂進度 •	整理及維護管理產品圖稿、規格書、圖檔等專案文件  二、行銷專案行政支援 •	行銷資源雲端歸檔、更新版本 •	行銷活動名單彙整 •	廠商溝通聯繫  【重視的
15392513,【楽玩多WAYTOFUN 】營運部專員 (IP玩具產業),華祐國際股份有限公司,雙北,新北市,新北市新莊區,行銷/企劃/專案管理,電子商務/數位零售,面議,面議,,,1,0,傳統無AI,無,0,0,0,0,「楽玩多WAYTOFUN」我們將全球最受歡迎的寶可夢、迪士尼與三麗鷗正版IP授權周邊、潮玩商品轉化為觸手可及的療癒幸福！ 我們相信快樂不應該被定義， 把蒐集 IP 的快樂變成日常標配——$$錢錢沒有不見，只是變成你喜歡的樣子。  一、庫存與系統管理 1、執行商品進銷存管理與系統資料維護 2、優化數據流程，提升營運效率（熟悉正航系統尤佳）  二、營運與管理 1、優化門市營運流程 2、追蹤活動後數據（如：來客數、客單價等），提出優化改善對策 3、熟悉門市作業流程，有連鎖零售服務業營運管理經驗者 4、可能會有巡店需求（不定期），有汽車駕照者尤佳  【加分條件】 1、善溝通協調、具備數據分析能力 2、
14579887,夜班社群小編,七樂健身有限公司,雙北,新北市,新北市板橋區,行銷/企劃/專案管理,其他服務/工商貿易,30000~40000 (period=0),月薪,30000,40000,0,0,傳統無AI,無,0,0,0,0,回覆訊息、及預約、整理文件  
14596467,文字客服 (晚班) [非大夜免輪班],永笙科技股份有限公司,雙北,新北市,新北市新莊區,行銷/企劃/專案管理,資訊科技/軟體網路,30000~45000 (period=0),月薪,30000,45000,0,0,傳統無AI,無,0,0,0,0,1. 官方LINE回覆與維護。 2. 玩家問題彙整以及遊戲測試與設定。 3. 支援行銷營運，共同發想與執行。 4. 處理主管交辦業務。 5. 協助直播主在直播過程中順暢/回覆直播主玩家問題。 6. 社群與粉絲頁維護與管理。   *** 實體辦公，遠端工作者請勿投遞 *** *** 每三個月依照KPI調整薪資 *** *** 歡迎對行銷有興趣但無相關經驗者 ***
14923501,產品專員(4),進階生物科技股份有限公司,雙北,新北市,新北市汐止區,行銷/企劃/專案管理,生技/醫療保健,面議,面議,,,1,0,傳統無AI,無,0,0,0,0,"1、熟悉 Cell Biology 或 Purification(FPLC, TFF, AKTA) 等技術與瞭解生物樣品分析工具，尤佳。 2、 歡迎有部分經驗技術人員或相關領域新鮮人。 3、工作內容：供應商管理、產品規劃、行銷推廣、應用說明、與客戶端展示或簡報。  4、具有團隊精神善於溝通，能與各部門密切合作，以達成業績目標。  5、細心負責、工作有效率、能快速瞭解行政運作。  6、其他主管交辦事項。"
12543626,活動企劃,樂意傳播股份有限公司,雙北,新北市,新北市新店區,行銷/企劃/專案管理,廣告行銷/公關顧問,37000~50000 (period=3),月薪,37000,50000,0,0,傳統無AI,無,0,0,0,0,• 企劃與執行(發表會，見面會、遊戲線下比賽，年度活動、公關活動、節慶活動等‥)。 • 各專案活動輔銷品規畫、聯繫廠商詢價與溝通。 • 團隊合作（統籌與分工）。 • 完成主管交辦任務，並主動回報進度追蹤專案。 
11851591,淡果香_行銷企劃專員,淡果香_點亮文創股份有限公司,雙北,新北市,新北市淡水區,行銷/企劃/專案管理,生技/醫療保健,面議,面議,,,1,0,傳統無AI,無,0,0,0,0,點亮文創旗下品牌_淡果香，以天然水果乾燥製成果乾水的形式，為重視健康的現代人提供日常喝水的新選擇。 如果您也認同我們的經營理念，如果你對行銷有基礎概念，熱愛社群經營，並具備優秀的文案撰寫能力和基本的美感，歡迎加入成為淡果香團隊的夥伴！  （工作內容） 1. 協助網站行銷策略企劃、制定、執行 2. 管理網站內容，包括撰寫文案、編輯圖片、規劃版面 3. 執行各項網路行銷活動，如電子報、社群媒體等 4. 與其他部門合作，協助推動公司品牌行銷   （加分條件） 操作過shopline後台.Line官方帳號  （薪資未包含季奬金.專案獎金.年終獎金）
10560841,專案管理(PM)助理,映象有限公司,雙北,新北市,新北市樹林區,行銷/企劃/專案管理,傳統製造/精密工業,35000~40500 (period=0),月薪,35000,40500,0,0,傳統無AI,無,0,0,0,0,"1.跟業務端確認客戶所需之產品 2.專案排程，安排工廠各階段之製作時間 3.追蹤與管控產品進度 4.專案產品之品質管理 5.主管交辦事項 6. 薪35,000起(含全勤獎金)  **歡迎無經驗、認真積極、主動學習的應屆畢業生加入**"
14521152,★115/9/26不動產經紀人職涯說明會★給自己一個改變人生的機會★住商都營團隊-永和在地30年★,住商不動產雙和區加盟店_都營不動產開發股份有限公司,雙北,新北市,新北市永和區,行銷/企劃/專案管理,文教/補教培訓,30000~9999999 (period=0),月薪,30000,30000,0,0,傳統無AI,無,0,0,0,0,1. 不動產買賣、租賃案件開發與銷售 2. 潛在客戶開發、需求分析及客戶關係經營 3. 房屋帶看、物件介紹、議價及成交協助 4. 商圈經營及市場資訊蒐集 5. 既有客戶維繫及轉介紹開發 6. 提供客戶不動產相關專業諮詢 7. 協助辦理簽約、過戶等相關交易流程  你想創造更多的收入嗎? 有多少目標或夢想尚未實現呢? 還有想再為自己奮力一次嗎? 歡迎加入房屋仲介服務業！  ☆2025達成2.2億傲人成績，很會成交的團隊想找也很想成交的你！快加入我們！我們是優質、幸福、超強、快樂的房仲團隊！  【薪獎制度】 1. 新人訓練補助 : 受訓期間無憂學習。 2. 高專差異化獎金 : 業績越高獎金越多。 3
15142438,業務部門主管（部分遠端；彈性上下班）#NGO/環境保護,財團法人自然保育與環境資訊基金會,雙北,新北市,新北市新店區,行銷/企劃/專案管理,文教/補教培訓,50000~9999999 (period=0),月薪,50000,50000,0,0,傳統無AI,無,0,1,0,0,【工作內容】 ▸統籌本會募款部（轄下分四個組別，各組皆有一位組長：行動教育、企業募款、個人勸募、街頭勸募；四個組總計約25人）的業務及運作。 ▸負責部門TA（目標族群）定位、未來發展及規劃。 ▸領導部門開發財務來源，募集維運資金促使組織財務穩健，確保工作任務順利運作。 ▸與部門擬定年度計畫與預算，協助會內跨部門合作。 ▸代表部門對外交流、合作。 ▸領導、協助、管理部門同仁績效與職能發展與其他相關行政工作。  【需求與條件】 ▸資歷：有募款、業務、行銷等工作經驗，有管理經驗。 ▸語文條件：英文聽說讀寫中等以上 ▸專業能力：行銷通路維運、提案企劃、財報與行銷數據識讀能力。 ▸領導能力：團隊建構（T
11765145,【韓國彩妝 / 保養品】電商運營專員,米粒森有限公司,雙北,新北市,新北市中和區,行銷/企劃/專案管理,電子商務/數位零售,32000~9999999 (period=3),月薪,32000,32000,0,0,傳統無AI,無,0,0,0,0,《職務描述》  您將全面負責公司的電商平台操作及設定，推動銷售增長，並提供良好的顧客體驗。  此職位涵蓋商品管理、銷售策略、市場推廣、顧客服務、以及日常賣場維護等方面。  《主要職責》  1. 商品管理： 負責商品的上架、更新及下架，確保商品資訊的準確性和吸引力。  2. 市場洞察： 根據市場趨勢和數據分析制定銷售策略，提升平台銷售業績。  3. 賣場維護： 管理日常賣場運營，包括視覺布置更新和產品展示優化。  4. 現場維護： 維護商品儲位，管理庫存。  5. 出貨協助： 協助倉儲部門包裝出貨，保護好商品寄送給消費者。  6. 報告與呈現： 準備定期報告，向管理層匯報業績進度和挑戰。  《職
15403543,行銷協理,博晶醫電股份有限公司,雙北,新北市,新北市新店區,行銷/企劃/專案管理,生技/醫療保健,面議,面議,,,1,0,傳統無AI,無,0,1,0,1,這項職缺不是「做素材的行銷主管」，而是同時扛三種行銷邏輯的角色：對晶片與品牌客戶的技術型 B2B 行銷、對台灣企業與消費者的需求開發與成長行銷、以及公司層級的品牌與上市前對外溝通。 核心要求是把演算法的驗證數據，翻譯成客戶、投資人、求職者三種對象各自聽得懂的語言。   主要職責： A. 公司層級行銷、雇主品牌與 IPO 宣導（約 30%） •	制定並維護公司品牌策略、訊息架構（messaging house）與識別規範，確保兩個 BU 對外一致。 •	企業級素材主控：公司簡介、官網、年度 highlight、技術白皮書與驗證數據的對外呈現標準。 •	雇主品牌：招募官網與職缺文案、人才故事、校園
15404765,PM助理,常珵科技股份有限公司,雙北,新北市,新北市樹林區,行銷/企劃/專案管理,資訊科技/軟體網路,36000~38000 (period=0),月薪,36000,38000,0,0,傳統無AI,無,0,0,0,0,PM( Project Management ) 1. 產品開發時程控管及產品開發中問題排除與溝通協調 Cross function coordination 2. 產品企劃及產品規格定義 Define Product/Project scope 3. 量產後技術支援及產品問題排除  Operational Savvy 4. 跨部門內部資源協調Define & Identify Resource   Qualifications for Project Manager •	Proven ability to solve problems creatively •	Strong familiar
15386656,產品專案經理 PM（EO/IR 雲台酬載開發）,吉普司科技股份有限公司,雙北,新北市,新北市中和區,行銷/企劃/專案管理,傳統製造/精密工業,50000~80000 (period=4),月薪,50000,80000,0,0,傳統無AI,無,0,1,0,0,【公司簡介】 吉普司科技（GIPS Technology）成立於 2003 年，為室內定位（GIPSense UWB）與空間資訊管理平台（GIPSnet、GIPSpatial）的專業廠商，並具備 EO/IR 光電酬載、微機電整合與影像 ISP 處理之研發與量產能力，已連續量產兩代無人機光電雲台酬載（S302 三光、S402 四光），產品獲工研院等單位採用。公司通過 ISO 9001 與 ISO 27001 認證，並持續投入新世代智慧光電酬載與非紅供應鏈國產化研發。 ________________________________________ 【工作內容】 1.專案時程與里程碑管理：依專案甘
15376389,【社宅部】社會住宅推廣專員-★保障底薪6個月+獎金★,力群不動產經紀有限公司,雙北,新北市,新北市三重區,行銷/企劃/專案管理,文教/補教培訓,35000~100000 (period=0),月薪,35000,100000,0,0,傳統無AI,無,0,0,0,0,《徵求，有長遠願景的良才》 公司有暢通的溝通管道，重視每個人的意見彼此學習互相成長 適合願意分享、肯學習外向的人、重視長遠累積的人 也適合社會新鮮人  ※前期無業績壓力，讓你安心學習※  教育訓練： 「教育訓練採師徒制，除了基本的教育訓練課程外會有專屬的指導員 陪你度過業務的撞牆期」  【工作內容】 1.電話開發，推廣社會住宅包租代管專案內容解說 2.社區推廣協助公司活動 2.協助房東出租房屋，並審核租客資格 3.簡易表單書寫、簽約 4.協助修繕、後續租約管理及退租屋況設備點交  【福利】 各式證照補貼、優留任獎金、競賽獎金、廣告費補貼等  ※入職前須備齊營業員證照及機車駕照※
14222193,【活動分公司-活動夢想家】夢想實踐家(無經驗可),啟點行銷股份有限公司,雙北,新北市,新北市鶯歌區,行銷/企劃/專案管理,傳統製造/精密工業,30000~40000 (period=2),月薪,30000,40000,0,0,傳統無AI,無,0,0,0,0,剛踏入社會，對未來的職涯充滿疑惑？還是覺得坐在辦公室裡，重複著一成不變的工作毫無挑戰？是時候改變了！現在，加入我們，讓你的職涯從此不再無聊！  無論你是喜歡沉浸在音樂中的聽團仔、熱愛電影與市集的文青，還是熱衷探索戶外的冒險者，現在正是你成為活動製造者的黃金時刻！ 想像一下，透過你的創意與雙手，將音樂的律動、電影的魔力、市集的熱鬧，化為一場場令人難忘的盛會。你將成為那個把快樂與感動傳遞給每個人的幕後英雄，讓世界因你的努力而變得更加美好。 準備好迎接挑戰，成為活動夢想家的一員了嗎？現在就加入我們，開始這段充滿夢想與成就感的旅程吧！  我們是一群全方位的夢想實踐家，帶你走遍全台，從山上到海濱，甚至到
15203924,人文傳播總監(新北土城),社團法人中華嚴藏法林佛教協會,雙北,新北市,新北市土城區,行銷/企劃/專案管理,廣告行銷/公關顧問,面議,面議,,,1,0,傳統無AI,無,0,0,0,0,【職位核心定位】 本職位為道場的「開路先鋒」與「虛實橋樑」。負責帶領 1-2 人核心小團隊，並有效整合、凝聚道場內的年輕創意人才。 您將一手挑起軟性的人文溫度（媒體營運、生命故事、特色文創），一手為道場建立「進可精進實修，退可心靈歇腳」的立體亮點，不著痕跡地接引社會大眾與渴望深化修行的學佛者。  【詳細工作執掌】 1. 媒體營運與故事發掘（建立靈魂休息站，呼喚實修者） 打破傳統刻板、硬梆梆的公告模式，經營一個「讓人想停留、能得到平靜」的自媒體矩陣。 2. 實修之外的「道場亮點」與跨界體驗企劃 為一般大眾與初學者，規劃能輕鬆參與、沒有宗教壓力的實體體驗與安心機制 3. 特色文創紀念品開發（青年創
14950813,總經理特助,林口福朋喜來登酒店_亞昕國際飯店股份有限公司,雙北,新北市,新北市林口區,行銷/企劃/專案管理,其他服務/工商貿易,面議,面議,,,1,0,傳統無AI,無,0,0,0,1,行政與協調：安排總經理行程、會議記錄與決議追蹤、文件收發處理、貴賓接待、跨部門溝通與協調。 專案管理：協助公司策略規劃與執行、管理專案進度、推動各項專案、控管時程。 經營分析：協助進行市場研究、數據分析、報告生成，並提供決策建議。 業務支援：處理經營相關問題、商務洽談、參與重要會議、甚至處理複雜客訴等。 特殊需求：行政流程優化。
12868678,ESG管理師－工作地點：汐止－永續策略處,信邦電子股份有限公司,雙北,新北市,新北市汐止區,行銷/企劃/專案管理,傳統製造/精密工業,面議,面議,,,1,0,傳統無AI,無,0,0,0,0,【工作說明】 1. 掌握與分析企業永續發展趨勢及相關法規，提出集團永續發展策略及建議。 2. 推動集團永續委員會之運行，規劃相關活動與專案管理。     主要定期追蹤集團永續發展之產品／服務面成效及提出改善方案，包含以下內容：     (1) 短中長期集團產品／服務面永續目標設定、規劃。     (2) 協助永續委員會之綠色信邦或永續供應鏈子委會運作。     (3) 專案主題包含但不限於：產品綠色設計、產品碳足跡、循環經濟、綠色包材、永續原材料。 3. 參與年度永續報告書之編撰與整合。 4. 規劃/參與/執行永續相關評比、國內外獎項及客戶問卷回覆等業務。 5. 規劃與執行內外部 CSR Br
3737163,【PP石墨烯】電商營運行銷專員,騏瑋實業有限公司,雙北,新北市,新北市蘆洲區,行銷/企劃/專案管理,電子商務/數位零售,32000~45000 (period=0),月薪,32000,45000,0,0,傳統無AI,無,0,0,0,1,【 工作內容 】 1.全通路平台運營： 獨立主導 MOMO、蝦皮、東森等各大平台營運，包含商品精準上架與庫存動態管理。  2.大促活動操盤： 參與雙11、雙12、618 等年度大促策略發想，精準設定活動價與折扣邏輯。  3.賣場視覺優化：針對點擊率進行商品圖文微調，打造具轉化力的銷售頁面。  4.數據驅動決策： 定期分析銷售數據與客戶行為趨勢，主動提出業績成長建議  5.跨部門高效協作： 串接業務與後勤團隊，確保銷售流程順暢   優先評估條件： 具備大型電商平台（如 MOMO、蝦皮、東森等）後台操作經驗者將優先安排面談。  面試通知： 您的履歷我們都會認真閱覽，若您的背景與本職務需求契合，團隊
15365332,客服業務專員(到職起薪4.5K-4.8K｜獎金另計/具2年經驗以上),豐得國際實業有限公司,雙北,新北市,新北市五股區,行銷/企劃/專案管理,傳統製造/精密工業,45000~48000 (period=3),月薪,45000,48000,0,0,傳統無AI,無,0,0,0,0,工作內容： 1.即時線上LINE客服回應。 2.支援緊急補換貨到達校方。 3.業務電訪推廣開發新客戶，拜訪客戶，報價簡報合約。 4.學習招標案流程及合契約裝訂及簡報文件類製作和整理歸檔。 5.公司觀光工廠及來賓參訪指引導覽解說過程。 6.協同部門彙整客訴事項並學習處理客訴、溝通、處理、解決客戶問題 ，實習參與客戶商務會議。 7.公司交辦事項處理、績效檢討、回報進度 。   ※客服業務專員獎金 1.單件開發獎金金額  2.招標案服務月配比獎金  ※各項補貼～公司會提供公務車洽出(輔助油資/停車費/E-Tag)。 ※如自備汽車洽出，另有油資及洽公停車費補貼。  主要服務客群：政府採購網、公共工程招
15376958,B2B專案業務助理,遠東集團_全家福股份有限公司,雙北,新北市,新北市板橋區,行銷/企劃/專案管理,其他服務/工商貿易,32000~40000 (period=5),月薪,32000,40000,0,0,傳統無AI,無,0,0,0,0,1.協助B2B專案之訂單、報價及相關業務資料整理與建檔 2.協助追蹤訂單、生產、品質、出貨及交付等各階段進度 3.負責客戶資料、訂單資料及專案文件之維護與管理 4.協助處理客戶需求、訂單異動及各項業務相關事項 5.協助彙整專案進度、訂單及業務數據，製作相關報表 6.協助產品送樣、驗貨、出貨及交付等相關作業之安排與追蹤 7.協助追蹤交期、品質及訂單執行過程中的異常事項，並回報業務人員 8.協助業務會議資料準備、會議紀錄及待辦事項追蹤 9.處理日常業務行政作業及主管交辦之相關事項 
12665596,業務專員(新北市)#留任獎金#無經驗可#穩定客源#高業績獎金,中興保全科技股份有限公司,雙北,新北市,新北市三重區,行銷/企劃/專案管理,生技/醫療保健,32000~43000 (period=0),月薪,32000,43000,0,0,傳統無AI,無,0,0,0,0,"#高業績獎金#穩定客源 #無經驗可 #年薪14個月 #遠道者提供員工宿舍 #有留任獎金(滿半年領10,000/滿一年再領20,000) 1.客戶解決方案提供 2.科技安全相關產品推廣及銷售   ★多元獎酬★ 員工分紅/三節禮金或禮品/結婚禮金/教育獎助學金等 ★全面應援★ 健康檢查/ /團體醫療保險/員工宿舍等   應徵營業儲備幹部分公司如下: 雙和分公司	新北市永和區保生路1號23樓之1	(02)2232-3505 板橋分公司	新北市板橋區實踐路30號7樓	(02)2953-0062 景新分公司	新北市新店區民權路78號4樓	(02)8914-7890 樹林分公司	新北市樹林區大安路573號"
15228299,不動產代銷業務(新北市),甲桂林廣告股份有限公司,雙北,新北市,新北市新莊區,行銷/企劃/專案管理,廣告行銷/公關顧問,32000~45000 (period=2),月薪,32000,45000,0,0,傳統無AI,無,0,0,0,0,☆ 提供建案投資評估分析及諮詢服務 ☆ 不動產市場調查及案前規劃 ☆ 協助現場銷售策略研擬 ☆ 行政事務及採購發包作業 
11746453,活動會場硬體佈置人員,傳動數位設計印刷有限公司,雙北,新北市,新北市五股區,行銷/企劃/專案管理,文教/補教培訓,40000~45000 (period=0),月薪,40000,45000,0,0,傳統無AI,無,0,0,0,0,活動現場布置  1.硬體搭設、電視牆搭設。 (本公司均有教育訓練，無經驗可) 2.負責各類活動的現場布置。 3.具責任感及即時應變能力。 4.戶外舞臺架設與場地布置。 5.具手排小貨車能力者加分。   保障底薪並依情況發給績效獎金，歡迎有興趣有能力的夥伴一起打拚。
13208892,2026 長期有薪實習｜運動賽事活動企劃助理-實習生,司格特國際運動行銷有限公司,雙北,新北市,新北市新店區,行銷/企劃/專案管理,廣告行銷/公關顧問,18000~22000 (period=0),月薪,18000,22000,0,0,傳統無AI,無,0,0,0,0,司格特運動行銷正在招募行銷企劃實習生夥伴    這裡是一個很有趣的地方，  需要喜歡活動、也喜歡參加活動的你~  如果你是個勇於發問且好學的大學生，  很有想法、也充滿創意，對於活動幕前幕後工作有極高熱忱  這裡會是你成為一位行銷/活動人的跳板  這份職缺歡迎「無相關經驗」的人投遞履歷  我們希望未來的你能夠具備溝通整合能力，有良好的專業素養，處理各式提案與創意，成為企劃及兼具高度執行力之高手，如果你也具備設計、影片剪輯、拍照、錄影、社群操作、網頁技術或概念等技術更棒！  歡迎有興趣的人加入我們的團隊      請注意：  一、這是一份有薪實習生的工作，我們正在尋找大三或大四在校的學生  二、
15235240,新媒體專員,予浪創樂股份有限公司,雙北,新北市,新北市新店區,行銷/企劃/專案管理,傳統製造/精密工業,35000~40000 (period=0),月薪,35000,40000,0,0,傳統無AI,無,0,0,0,0,關於給樂音樂  藝人經紀｜音樂製作｜現場演出｜專案整合  追求才華商業化，打造音樂生活化，專注於創意內容產生及整合，使熱愛的事充滿期待。 從歌曲製造、出世、經營，到製造音樂場景，與大眾相見， 一切的一切都在給樂發生！    ▋工作內容     •   負責藝人與廠牌社群平台經營（IG / FB / YouTube / 小紅書等），依藝人定位規劃內容方向、主題與發布節奏。     •   企劃並製作短影音（Reels / Shorts / TikTok），參與腳本發想、拍攝與剪輯     •   配合藝人的單曲、專輯、演出檔期，規劃宣傳內容與社群操作     •   追蹤數據成效，協助優化內容策
15395994,網路行銷設計2,嘉祥有限公司,雙北,新北市,新北市林口區,行銷/企劃/專案管理,電子商務/數位零售,45000~9999999 (period=0),月薪,45000,45000,0,0,傳統無AI,無,0,0,0,0,【工作內容】  1. 負責公司網站與社群媒體（如 Facebook）之內容經營與網路行銷推廣。 2. 規劃並執行行銷策略與數位行銷活動，以提升品牌曝光與業績成長。 3. 支援業務單位相關行政與營運作業，確保內外部流程順暢。 4. 對網路銷售、電商經營與數位行銷具高度興趣者尤佳。
14945648,助理PM,江宇有限公司,雙北,新北市,新北市土城區,行銷/企劃/專案管理,其他服務/工商貿易,650000~1500000 (period=0),年薪折算,48148,111111,0,0,傳統無AI,無,0,0,0,0,1. 對應原廠管理價格 2. 支援業務推展產品 3. 報表整理及分析 4. 主管交辦事務
15398548,遊戲社群企劃(紳士向),海淯股份有限公司,雙北,新北市,新北市板橋區,行銷/企劃/專案管理,資訊科技/軟體網路,32000~45000 (period=2),月薪,32000,45000,0,0,傳統無AI,無,0,0,0,0,如果你喜歡遊戲，愛滑社群，你就是我們正在尋找的夥伴！  【核心職責】 ◆ 經營官方社群，規劃貼文內容與發布排程。 ◆ 結合遊戲角色與活動，撰寫具吸引力的社群文案。 ◆ 企劃社群活動、與玩家互動，蒐集並整理玩家回饋。 ◆ 觀察市場與競品，追蹤社群成效並提出優化建議。 ◆ 與營運、行銷及美術團隊協作，安排素材與內容發布。   【我們在尋找這樣的你】 ◆ 對遊戲與社群文化有興趣，具良好的文字表達能力。 ◆ 對圖片及影音具基本美感，能依平台特性調整內容與尺度。 ◆ 主動細心、樂於與玩家交流，具良好的溝通及團隊合作能力。  ※ 本職缺負責 18+ 成人向／紳士向遊戲，須可接受相關題材與素材。  我們希望
14773416,行銷專員,耀動國際旅行社有限公司,雙北,新北市,新北市中和區,行銷/企劃/專案管理,其他服務/工商貿易,35000~9999999 (period=0),月薪,35000,35000,0,0,傳統無AI,無,0,0,0,0,1.客戶關係維持。 2.行程、活動規劃及訪價。 3.完成主管交辦事項。 4.無業績壓力。 5.依公司營運及個人表現每半年核發績效獎金。 6.依個人學經歷職涯規劃興趣專長及面談結果，安排最適合的職務發展方向。 7.薪資待遇將依個人經驗與專業能力核定，據相關經驗者薪資可另議。 8.持有相關證照者另有加給。
15263864,【SUBWAY TAIWAN 總部】營運/展店行政助理,SUBWAY  TAIWAN_耶洛投資股份有限公司,雙北,新北市,新北市板橋區,行銷/企劃/專案管理,文教/補教培訓,32000~40000 (period=2),月薪,32000,40000,0,0,傳統無AI,無,0,0,0,0,【職缺名稱】營運 / 展店行政助理 【職務簡介】 本職位隸屬營運部，主要負責協助新門店籌備過程中的行政文書、資材採買記錄與訊息對接。我們正在尋找細心、有條理且善於溝通的後勤夥伴。  【主要工作職責】 ・展店行政支援  依總部 SOP 協助辦理新門店金流申請、商業保險、公務用印、水電過戶等行政手續與文件歸檔。  協助整理、更新與維護營運 SOP 及各項專案文件。  ・招募前置協助  協助 104 招募平台履歷初篩（依營運部設定之標準）。  透過電話聯繫求職者確認意願、初步了解排班配合度，並協助排定門市主管/店長的面試時間。  ・資材採買紀錄與對接  依據門店採買清單，協助執行器具耗材下單、記錄廠
14795674,文書助理,成城台灣有限公司,雙北,新北市,新北市新莊區,行銷/企劃/專案管理,傳統製造/精密工業,35000~9999999 (period=2),月薪,35000,35000,0,0,傳統無AI,無,0,1,0,0,"【主要工作內容】 (一)配合原料、成品的收發/(留)樣及後續進度追踨 (二)協助修訂審核文件內容和整理 (三) 整理文件, 並把文件歸檔 (四) 根據需要，進行文件和溝通的中英文翻譯 (五) 其他主管交辦事項  【其餘加分條件】 - 良好的英文能力  * 無相關經驗者均可，將有人員培訓"
8913902,業務人員【無經驗可，週休二日，底薪+獎金】,瑞捷實業股份有限公司,雙北,新北市,新北市三重區,行銷/企劃/專案管理,文教/補教培訓,38000~45000 (period=0),月薪,38000,45000,0,0,傳統無AI,無,0,0,0,0,工作內容: 1.負責產品報價、國內業務接洽及訂單處理。 2.客戶拜訪，維繫穩定客戶關係。 3.開發潛在客戶，拓展市場，以達成業績目標。 4.關注業界情報、市場資訊。 5.有電子相關經驗尤佳，無經驗也可以 ，公司提供完善的基礎教育訓練 6.主管交辦事項。  *工作氛圍愉快，同事間相處融洽，誠摯邀請您的加入!!!!*   福利  ◆ 法定保障/請休假制度 ：  1.勞保、健保 2.符合勞基法特休/年假  ◆獎金福利 1.三節獎金/禮品 2.年終分紅 3.業績獎金 4.開工紅包  ◆ 娛樂福利： 1.員工旅遊 2.下午茶(員工福利金) 3.尾牙
15082730,【樂澄新莊門市助理】週一至週五｜歡迎社會新鮮人 活潑外向的你加入！,澄瑩實業有限公司,雙北,新北市,新北市新莊區,行銷/企劃/專案管理,電子商務/數位零售,32000~40000 (period=0),月薪,32000,40000,0,0,傳統無AI,無,0,0,0,0,職務說明  【工作內容】 1.門市引流活動，提升來客數 2.發想內容（IG / FB） 3.經營門市社群，提升品牌曝光 4.協助優化門市體驗與顧客互動 5.創造話題，讓更多家長主動來店  我們在找的人： 能讓門市變「熱門」的人  1.電腦與社群操作 基本文書處理（Word、Excel） 協助經營線上社群平台，吸引來客與互動  2.門市維護與佈置 維持門市整潔與商品陳列 協助門市基本佈置與環境整理  【福利制度】   1. 福利：三節禮金、生日禮金、年度員工旅遊。  2. 健保、勞保、勞退。 3. 透明化升遷制度，完整培訓系統。  【團隊特色】 我們是一群年輕人組成像家庭一樣的團隊！ 喜歡發揮天
15248257,競賽組專員/助理專員,中華民國足球協會,雙北,新北市,新北市新莊區,行銷/企劃/專案管理,其他服務/工商貿易,35000~37000 (period=0),月薪,35000,37000,0,0,傳統無AI,無,0,0,0,0,一、協助辦理本會各級足球賽事之競賽行政及現場執行作業。   二、協助賽事籌備、報名作業、資料彙整、賽程編排及競賽規程整理。   三、協助製作賽事公告、會議資料、競賽文件、紀錄及相關報告。   四、協助聯繫球隊、裁判、競賽官、場地單位及相關工作人員。   五、協助比賽日現場行政、賽務執行及突發狀況處理。   六、協助國內外賽事、協會活動及相關專案行政作業。   七、依賽事及專案需求，配合跨組別協作與支援。   八、其他主管交辦事項。  
15030816,電商網路行銷助理(週休二日),世豐國際企業有限公司,雙北,新北市,新北市林口區,行銷/企劃/專案管理,電子商務/數位零售,30000~35000 (period=4),月薪,30000,35000,0,0,傳統無AI,無,0,0,0,0,1.產品上下架維護、商品分類管理  2.其他交辦事項
14372187,專案經理 PM,亞捷實業股份有限公司,雙北,新北市,新北市林口區,行銷/企劃/專案管理,傳統製造/精密工業,面議,面議,,,1,0,傳統無AI,無,0,0,0,0,工作內容：  • 負責射出成型專案從樣品開發至量產之全流程管理  • 客戶、業務及生產部門協調，確保專案進度與品質  • 建立並追蹤專案時程、資源分配與風險控管  • 撰寫專案報告，進行跨部門溝通與彙整專案資訊  應徵條件：  • 有射出成型、模具或製造業專案管理經驗佳  • 熟悉專案管理流程，具備良好的時間控管與邏輯分析能力  • 善於溝通協調，能處理多方資訊並整合決策  • 熟悉ERP系統或相關排程工具尤佳
14528186,家長服務處 專員,中華中學學校財團法人新北市福瑞斯特國民中小學,雙北,新北市,新北市土城區,行銷/企劃/專案管理,文教/補教培訓,面議,面議,,,1,0,傳統無AI,無,0,1,0,0,【職務說明】 1.建立與維護學校品牌形象 2.負責招生事宜，包括家長諮詢、招生活動執行 3.維繫家長關係，處理家長意見與回饋 4.協助學校公關活動，對外發佈學校相關訊息 5.管理與更新學校社群媒體與官方網站 6.協助學校其他行政相關業務  【加分條件】 1.有私立學校招生、公關、或家長關係維護經驗 2.具教育產業經驗，熟悉學校運作與家長需求 3.語言檢定證書（如TOEIC、GEPT等）
15335891,建設公司專案銷售業務,景裕建設股份有限公司,雙北,新北市,新北市新莊區,行銷/企劃/專案管理,廣告行銷/公關顧問,50000~60000 (period=11),月薪,50000,60000,0,0,傳統無AI,無,0,0,0,0,1. 建案開案及銷售管理 -配合公司新建案開案前相關準備工作。 -熟悉建案產品、坪數、格局、價格、付款條件及銷售政策。 -協助銷售價格、付款方式、銷控及相關銷售資料確認。 -掌握銷售進度、成交狀況及客戶需求。 -配合代銷公司、廣告公司及相關合作單位之業務聯繫與協調。 2. 房屋買賣合約審核及簽約 -熟悉預售屋、新成屋買賣契約內容及簽約流程。 -負責房屋、土地、車位等買賣契約資料確認及審核。 -確認成交價格、付款條件、付款期程及相關約定事項。 -辦理客戶簽約、用印及相關文件管理。 -向客戶說明買賣契約內容、付款方式及相關權利義務。 -處理換約、解約、契約變更及其他特殊案件。 3. 客戶價款及應收
6659271,行政專員(新北市-八里區),立康興業有限公司,雙北,新北市,新北市八里區,行銷/企劃/專案管理,生技/醫療保健,35000~40000 (period=4),月薪,35000,40000,0,0,傳統無AI,無,0,0,0,0,1.行政庶務工作 2.產品行銷報價及文書管理 3.負責行政事務流程之溝通、整合 4.具抗壓性及溝通協調能力 5.客服 
6628157,業務專員(北部地區) 50K起,聯誠寵物有限公司,雙北,新北市,新北市八里區,行銷/企劃/專案管理,其他服務/工商貿易,45000~9999999 (period=2),月薪,45000,45000,0,0,傳統無AI,無,0,0,0,0,"1.開發潛在客戶，拓展市場，以達成業績目標。 2.定期拜訪經銷客戶，維繫穩定客戶關係。 3.負責國內業務接洽及訂單處理。 4.負責產品報價及產品展示，並處理帳款回收相關事宜。 5.負責業務推展，傳達及說明公司各項業務重大訊息、活動及產品。 6.了解顧客需求，有利提供銷售方案  7.【你的野心，我們用薪水挺你！】  尋找喜歡在路上的你！在這裡，我們提供穩健的起跑點，更給予沒有天花板的發揮空間。 ✦基本盤穩穩拿： 底薪$35,000-$38,000元。 ✦新手大禮包： 前三個月跑店獎金最高可達$6,600元，度過轉職期超輕鬆。 ✦加油我買單： 依跑店里程提供$5,000-$15,000元油資補貼，"
13276094,商品企劃/產品PM,萌番文化股份有限公司,雙北,新北市,新北市板橋區,行銷/企劃/專案管理,其他服務/工商貿易,35000~45000 (period=0),月薪,35000,45000,0,0,傳統無AI,無,0,1,0,0,• 主要工作內容： 1.針對授權IP作品進行週邊商品企劃與提案 2.撰寫並整合需求，跨部門溝通、協作週邊商品開發。 3.週邊商品版權監修送審 4.供應商接洽與成本控管。 5.版權監修與生產進度追蹤與控管。 6.其他主管交辦事項  • 需要條件： 1.熟悉ACG各面向作品 2.良好時間管理與掌控能力 3.掌握市場與產品最新趨勢 4.對於IP衍生開發有獨立思考與創新想法 5.保持高度彈性面對挑戰、樂於創意發想解決問題  • 性格特質： 1.喜愛ACG動漫作品 2.個性開朗、積極主動、負責任的工作態度 3.具有良好的邏輯思維能力與持續自主學習的能力 4.樂於分享，注重團隊彼此協助成長，具備團隊精神 
7711211,不動產營業員(儲備幹部),住商不動產永和永貞加盟店_家萬房屋仲介有限公司,雙北,新北市,新北市永和區,行銷/企劃/專案管理,文教/補教培訓,面議,面議,,,1,0,傳統無AI,無,0,0,0,0,@穩健踏實，永續經營@  主要商品 / 服務項目(承攬制) 1.提供搜尋及銷售不動產(房屋)訊息及服務 2.收集或獲得有關銷售及租賃房屋之資料，並預測客戶需求 3.不動產租賃仲介及服務、估價與專業諮詢、法律稅務諮詢 4.不動產市場(房屋及土地)開發與買賣仲介及服務 5.針對客源進行電話行銷與客戶經營開發銷售 6.銷售與不動產相關的產險 7.幫助買主從銀行或是其他放款機構取得較為優惠的貸款方式 8.安排買賣雙方簽訂租賃同意契約及財產轉移權利   福利制度 ◆ 獎金 / 禮品類 　1.三節禮金/禮品 ◆ 保險類 　1.員工團保 　2.意外險 ◆ 休閒類 　1.國內旅遊 　2.國外旅遊 　3.慶生會
13703158,企劃助理,九九創新設計有限公司,雙北,新北市,新北市中和區,行銷/企劃/專案管理,其他服務/工商貿易,32000~40000 (period=0),月薪,32000,40000,0,0,傳統無AI,無,0,0,0,0,
14497578,業務人員,聯邑科技股份有限公司,雙北,新北市,新北市中和區,行銷/企劃/專案管理,資訊科技/軟體網路,35000~55000 (period=3),月薪,35000,55000,0,0,傳統無AI,無,0,0,1,0,確認產品規格、向廠商訪價、向客戶報價並確認訂單、安排生產出貨、處理出貨報關文件作業、決定貨物裝運方法、追蹤交期及出貨狀況、負責客戶與廠商之間的往來溝通、負責客戶資料、廠商資料及相關檔案文件的整理、建檔與維護、處理顧客及廠商的客訴。  國貿人員是公司在國際貿易市場的重要角色。這個職位可以為公司開拓更廣闊的市場，提高公司的營業額和利潤，同時也能為自己的職業前景開闢更廣闊的發展空間。 歡迎符合條件的人員投遞履歷表，我們期待與您共同創造更美好的事業成長。
11587430,小熊出版 - 童書編輯,遠足文化事業股份有限公司,雙北,新北市,新北市新店區,行銷/企劃/專案管理,資訊科技/軟體網路,40000~9999999 (period=3),月薪,40000,40000,0,0,傳統無AI,無,0,1,0,0,我們正在尋找──為童書增添魔法的你！  這不只是一份工作，而是一場陪伴孩子成長的創作旅程。 如果你擁有童書企劃經驗、熱愛故事與創意， 歡迎加入我們，一起打造孩子心中的夢幻書單！  你會接觸的工作： •版權洽談：掌握市場趨勢，分析適合的選題和授權內容。 •發想故事：提出企劃設定方向，從點子到成書完整參與。 •編輯出版：校對細節，融合文化，確保作品適齡有品質。 •協同合作：與行銷通路緊密協作，讓好書觸及更多孩子。  你得具備的能力： •至少2年以上童書或小說編輯企劃經驗，熟悉出版實務流程。 •對童書市場具觀察力，知道孩子和家長喜歡什麼、需要什麼。 •具備良好的時間管理能力，能獨立控管進度，處理突發
15363119,影響力發展專員 Impact & Development Specialist,社團法人國際技能發展協會,雙北,新北市,新北市板橋區,行銷/企劃/專案管理,文教/補教培訓,45000~55000 (period=4),月薪,45000,55000,0,0,傳統無AI,無,0,1,0,0,【我們是誰】 公益組織 Skills for U（社團法人國際技能發展協會）致力於讓技職青年在快速變動的時代，擁有更好的職涯選擇。我們串聯企業、學校與政府，讓產業成為教室的延伸，打造技職青年通往高成長產業的職涯路徑。  投遞履歷前，請務必詳讀我們的組織文化，確認我們的工作方式與價值觀是否與你契合： https://reurl.cc/GgpbpA  【職位角色】 主責資助方交付、支持者關係經營與影響力成果整理，將組織的服務成果與影響力轉化為清楚、有說服力的資料與內容，讓資助方、捐款人及潛在合作夥伴理解組織創造的價值。維繫既有支持者關係並發展持續參與及支持的機會，確保資料品質、回報時程與各項交付成
15371651,【品保部】生技事業專案專員 生技／醫材／新藥專案,科科生醫股份有限公司,雙北,新北市,新北市新店區,行銷/企劃/專案管理,生技/醫療保健,40000~50000 (period=0),月薪,40000,50000,0,0,傳統無AI,無,0,1,0,0,我們正在尋找一位具備生技背景、專案管理能力與良好跨部門溝通能力的夥伴，協助推動公司生技事業相關專案。  此職務並非單純行政助理，也不是純研究職，而是介於「生技專案管理、技術行政整合、商業合作推進」之間的重要角色。  你將參與公司生技產品、產學合作、委託試驗、技術授權、醫療院所合作及新產品開發等專案，並協助主管將各項專案從討論、執行到成果交付完整落地。  ☑【工作內容】 ． 負責生技、醫材、新藥、再生醫療及相關產品專案進度管理與追蹤。 ． 負責跨部門、合作廠商、學研單位、醫療院所及外部合作夥伴之聯繫與協調。 ． 整理會議紀錄、專案進度、Action Items、負責人及完成期限，並定期追蹤執行情
15342827,數位行銷人員,台灣三菱電機自動化股份有限公司,雙北,新北市,新北市五股區,行銷/企劃/專案管理,其他服務/工商貿易,35000~45000 (period=0),月薪,35000,45000,0,0,傳統無AI,無,0,0,0,0,1.蒐集市場情報並擬定行銷策略、規劃公司及產品形象、製作相關文宣資料。 2.規劃與執行公司行銷活動(展覽籌備、SNS經營)。 3.官方網站內容優化 4.其他主管交辦事項
14443273,邊緣運算暨電能方案事業部-Sales PM (PD Charger/LEO Power/Game Console) (中和),光寶科技股份有限公司,雙北,新北市,新北市中和區,行銷/企劃/專案管理,傳統製造/精密工業,面議,面議,,,1,0,傳統無AI,無,0,0,1,0,邊緣運算暨電能方案事業部聚焦 AI Server、Enterprise Server、網路通訊及低軌衛星等高成長市場，致力於開發高效率、高功率密度的先進電源解決方案。加入我們，將有機會參與新世代運算關鍵技術發展，與跨領域團隊攜手打造驅動未來世界的核心電能平台，在高速成長的產業中發揮影響力、創造價值。  【工作職責】 1. Manage the new biz development progression  2. Work with Sales Team for customer approach  3. Responsible for new RFI/RFP/RFQ for prelim e
13977195,【稽核部門】神秘客管理/專案助理,台灣優勢客服科技股份有限公司,雙北,新北市,新北市三重區,行銷/企劃/專案管理,文教/補教培訓,35000~9999999 (period=0),月薪,35000,35000,0,0,傳統無AI,無,0,0,0,0,1.神秘客招募   2.神秘客教育訓練   3.神秘客管理   4.派遣安排   5.設備、資料追蹤  具良好溝通協調能力，細心負責、邏輯清楚，能獨立完成交辦事項並主動追蹤進度。熟悉 Word、Excel、PowerPoint 等 Office 軟體操作，具資料整理、時程控管及多任務處理能力。能配合專案需求進行訪員招募、教育訓練、派遣安排、設備及資料追蹤。具行政助理、專案助理、人員招募、教育訓練、市場調查或神秘客相關經驗者尤佳。  【上班時間】週一~週五 09:00 – 18:00 
15143095,【新莊正職】電商經營｜從策略到執行，全面提升電商表現【摩托海爾 騎士部品安全帽店】,海爾有限公司,雙北,新北市,新北市新莊區,行銷/企劃/專案管理,電子商務/數位零售,40000~50000 (period=0),月薪,40000,50000,0,0,傳統無AI,無,0,0,0,0,【工作內容】 ● 電商營運策略規劃（轉單優化、促銷活動設計與執行） ● 商品頁製作與優化（文案撰寫、圖片排版、轉換率提升） ● 廣告素材發想與規劃（以轉單與銷售導向為核心） ● 社群與品牌內容規劃（貼文主題、內容方向與溝通策略） ● 數據觀察與分析（點擊率、轉換率等），並提出優化建議  【必備條件】 ● 具備電商營運相關經驗（必要條件） ● 具備「銷售思維」，能從消費者角度思考如何轉單 ● 具備基本設計能力（Canva、Photoshop 皆可） ● 熟悉轉單邏輯（包含活動規劃、價格策略、文案操作） ● 具備 Shopline 平台操作經驗  【加分條件】 ● 具備廣告素材或行銷內容發想經驗 
14781591,實習生-助理 / 工讀生-助理 / 網站維護/,司騰達股份有限公司,雙北,新北市,新北市中和區,行銷/企劃/專案管理,廣告行銷/公關顧問,210~210 (period=0),時薪折算,33600,33600,0,0,傳統無AI,無,0,0,0,0,*公司網站維護與設計。  *規劃與設計公司型錄平面、海報與電子FB、Line、Youtube活動廣告文宣製作發佈等。  *配合主管工作交派、 文書、IOT軟體研究架設與功能測試、發佈文件撰寫。 
15140276,Social Media Manager 社群經理,智齡科技股份有限公司,雙北,新北市,新北市新店區,行銷/企劃/專案管理,生技/醫療保健,面議,面議,,,1,0,傳統無AI,無,0,0,0,0,Jubo 正在招募 Social Media Manager 社群經理 加入其位於台灣新店總部、針對台灣本地市場的產品研發團隊。對於真正合適的人選，這會是可以與高速成長、並擁有廣大國際連結的科技公司合作的獨一無二機會。  如果你是熱衷從零開始加入團隊打造成功企業、並且擁有能夠在快速變化環境中蓬勃成長的敏捷度與適應力，那麼這個角色會很適合你。身在一個十分活力的團隊，你將能對 Jubo 的事業有直接影響力，在我們的工作生態下跨足眾多領域，並且接觸到前線最新科技。我們的創辦團隊期許能形塑一個讓所有員工能持續發展潛能、培植專業力的環境。我們目標大膽，追求卓越。  職務範疇 作為社群經理，你將是品牌與大
15162886,網銷助理/小編/客服,特里股份有限公司,雙北,新北市,新北市三重區,行銷/企劃/專案管理,電子商務/數位零售,33000~9999999 (period=0),月薪,33000,33000,0,0,傳統無AI,無,0,0,0,0,1. 處理網路訂單 2. 管理經營社群平台帳號 3. 回覆線上各通路客服問題 4. 接聽客服電話 5. 支援其它行銷、行政相關工作 6. 與團隊協調溝通一同處理相關業務 7. FB & Google 圖片文字廣告投放   目前我們行銷團隊規模不大，每個流程細節都可以一同參與， 食品零售容易入手，但要持之以恆是個大挑戰， 歡迎對網路行銷有興趣的您加入我們行銷團隊！
15385712,產品專員,陽明生醫股份有限公司,雙北,新北市,新北市中和區,行銷/企劃/專案管理,電子商務/數位零售,38000~45000 (period=0),月薪,38000,45000,0,0,傳統無AI,無,0,0,0,0,- 協助進行新產品概念發想、市場競品分析與配方文獻蒐集 - 執行配方小試打樣/調味測試：稱量、混合、製粒、充填或調味等操作 - 協助進行配方安定性測試（如加速試驗、長期試驗）之樣品準備、取樣與數據建檔 - 參與內部感官評測（顏色、氣味、口感、吞嚥性）並整理測試報告，提供配方優化建議 - 協助製作產品外包裝標示、原料資料彙整與初步法規查核（如營養標示、成分合規性） - 配合樣品試作，追蹤製程參數、記錄異常並協助調整配方以符合量產可行性。 - 執行產品檢驗：外觀、水分、重量、微生物檢驗
15078289,電商美編助理,富影貿易有限公司,雙北,新北市,新北市中和區,行銷/企劃/專案管理,電子商務/數位零售,30000~35000 (period=0),月薪,30000,35000,0,0,傳統無AI,無,0,0,0,0,1.協助商品圖片修圖、尺寸調整及簡易視覺設計。 2.協助電商平台商品上架、下架與基本資料維護。 3.製作或調整商品頁面相關圖片素材。 4.協助回覆電商平台客服訊息與訂單相關問題。 5.協助電商平台日常營運相關作業(有時需協助寄送超商包裹) 6.完成主管交辦事項。 7.需具備 Photoshop 基礎操作能力。   歡迎對電商產業及網路購物平台有興趣之無相關經驗者，公司提供完整新人培訓。  具電商平台操作經驗者佳（如蝦皮等）。 具美編或設計相關經驗者佳。
15393687,"Director, Global Banking & Network Partnerships",香港商易安聯股份有限公司台灣分公司,雙北,新北市,新北市板橋區,行銷/企劃/專案管理,資訊科技/軟體網路,80000~9999999 (period=9),月薪,80000,80000,0,0,傳統無AI,無,0,0,0,0,"Responsibilities: - Network Strategy & Planning: Own the strategic development of EMQ's global payment network, identifying priority markets, infrastructure gaps, strategic partners and redundancy requirements to support the company's growth strategy. - Strategic Partnerships: Build and own strategi"
5681035,行銷業務專員(板橋分公司),震旦行股份有限公司五股一分公司_辦公設備系統事業部,雙北,新北市,新北市板橋區,行銷/企劃/專案管理,傳統製造/精密工業,35000~43000 (period=0),月薪,35000,43000,0,0,傳統無AI,無,0,0,0,1,"1. 辦公室自動化數位商品:數位複合事務機、3D印表機、震旦辦公雲、圖文資料解決方案等銷售與服務。 　 2. 主要為B2B方式，開發區域內潛在客戶開拓市場，以達成業績目標。 3. 轄區開發與顧客經營，穩定維繫客戶關係。 4. 傳達及說明公司業務相關之重大訊息活動。 5. 人事升遷透明快速肯定人才，升遷不用等排隊! 6. 報到日起三個滿月，保障薪資40,000元整(未滿月延至下月起計)。 7. 高額獎金等著你來挑戰。   想要實現你的理想成就未來，在職場上出類拔萃，成為耀眼的明日之星！  震旦集團有最佳的舞台提供給您！  完善的教育訓練制度，僅需秉持熱情、努力的態度，其餘的交給震旦行! "
15001828,專案經理(PM),大朋電子工業股份有限公司,雙北,新北市,新北市新店區,行銷/企劃/專案管理,傳統製造/精密工業,面議,面議,,,1,0,傳統無AI,無,0,0,0,1,"1.專案規劃與執行：制定詳細的專案計劃書，包含範疇定義、時程表（Gantt Chart）、資源分配及預算控管。 2.跨部門協調：作為技術、設計、業務與客戶之間的溝通中口，確保各方對目標達成共識。 3.進度追蹤與風險管理：即時監控專案進度，預判可能存在的風險並制定應對方案（Contingency Plan）。 4.品質控管：確保交付物符合規格與品質標準，並主持專案驗收會議。 5.文檔管理：維護專案相關文件（如需求規格書、會議記錄、進度報告及結案報告）。 6.流程優化：持續優化專案管理流程與工具（如 Jira, Asana, Trello 等），提升團隊協作效率。"
15348549,【個人金融】存匯服務暨流程企劃人員(經驗行員),玉山銀行_玉山商業銀行股份有限公司,雙北,新北市,新北市三重區,行銷/企劃/專案管理,資訊科技/軟體網路,面議,面議,,,1,0,傳統無AI,無,0,0,0,1,1. 規劃及推動存匯服務、金流業務之數位化轉型與流程優化 2. 虛擬帳號等金流服務維運、帳務處理及代收通路接洽 3. 分析市場趨勢、同業發展及金融科技應用，提出創新服務與營運精進方案 4. 業務規章、標準流程(SOP)、表單及契約文件之制定與管理  ★本平台僅供職缺內容參考。若您對此職缺有興趣，請至本行「玉山金控菁英甄選網站」投遞正式履歷。【投遞連結：https://esnhr.pse.is/394b2n】 ★書審通過者，我們將主動與您聯繫，並邀請參與面談。玉山銀行期待您的加入！
12731847,業務專案,友環企業股份有限公司,雙北,新北市,新北市板橋區,行銷/企劃/專案管理,資訊科技/軟體網路,40000~9999999 (period=2),月薪,40000,40000,0,0,傳統無AI,無,0,0,0,0,專案管理師作為客戶端與公司內溝通的橋樑，須具備良好的溝通能力，同時肩負起公司業績成長的責任。本職務工作內容主要分為三個階段  追蹤階段： a. 客戶需求了解 b. 解決方案設計 c. 需求狀態追蹤 專案執行： a. 啟動會議招開 b. 專案品質控管 c. 結案流程處理 需求創造： a. 維護服務推薦 b. 顧問案例分享 c. 客戶關係維護  除了優於業界的福利與薪資，同時也可以與各行業的IT團隊、使用者團隊進行深度的交流 與學習，並且籌畫大型的研討會，真正的將嶄新且有益的工作文化與系統進行導入，並成長成業界企業級系統導入專家，歡迎有興趣的人一同成長進步。    
14098390,電商營運助理,紅葉西點企業有限公司,雙北,新北市,新北市中和區,行銷/企劃/專案管理,電子商務/數位零售,32000~9999999 (period=2),月薪,32000,32000,0,0,傳統無AI,無,0,0,0,0,1.負責集團旗下各品牌客服訊息回覆（官方 Line@、官網、FB、IG 等渠道）。 2.回覆顧客訂單、門市營業資訊、最新活動內容及品牌相關問題諮詢。 3.協助處理顧客意見反映與客訴案件，即時溝通溝通並追蹤後續處理進度。 4.操作電商平台後台進行撈單、列印出貨單據。 5.負責商品包裝、出貨、退換貨處理與庫存清點盤存作業。 6.執行 Excel、Word 等基本文書資料整理與紀錄。 7.配合行銷相關事務支援及其他主管交辦事項。
13866311,淨零暨碳權管理師／助理研究員,洋基工程股份有限公司,雙北,新北市,新北市林口區,行銷/企劃/專案管理,其他服務/工商貿易,38000~50000 (period=0),月薪,38000,50000,0,0,傳統無AI,無,0,0,0,0, ●熟悉台灣環境部公布之自願減量143項方法學 ●透過ISO 14064-1 及 GHG Protocol 方法學推動業務 ● 協助推動國內「自主減量計畫」及「自願減量專案」 ● 協助建案碳足跡盤查與碳權申請 ● 撰寫碳交易申請文件並追蹤市場趨勢 ●跨部門技術協作 ●掌握國際永續趨勢與相關法規，研究國內外碳交易機制   （包含自願性碳市場與合規碳市場）。 ●分析碳定價政策、碳關稅等趨勢對企業之影響，協助企業進行碳管理改善並提出減碳建議與行動方案。 ●協助碳權專案方法學研究、溫室氣體減量量化、撰寫碳權申請與審查相關文件。 ●協調跨部門技術整合與減碳目標設定，促進內部溝通與合作。 ●協助新建工程項
13844058,品牌行銷企劃,雷諾瓦拼圖文化坊_雷諾瓦國際有限公司,雙北,新北市,新北市新店區,行銷/企劃/專案管理,電子商務/數位零售,35000~45000 (period=4),月薪,35000,45000,0,0,傳統無AI,無,0,0,0,0,1.品牌專案活動企劃與執行。 2.社群廣宣企劃與經營維護。 3.品牌異業合作與關係維護。 4.品牌公益與專案合作執行。 5.行銷資源與跨部門協助。 6.主管交辦事宜。  ※有品牌行銷實務經驗。
13696232,ERP管理助理,仲人國際有限公司,雙北,新北市,新北市中和區,行銷/企劃/專案管理,其他服務/工商貿易,35000~45000 (period=0),月薪,35000,45000,0,0,傳統無AI,無,0,0,0,0,協助導入ERP 資料整理、SOP撰寫、系統設定 未來上線後障礙排除、報表產生  會設定Ragic佳 有操作過了解過越多ERP模組佳 或具有資料結構、JavaScript、會計等相關知識佳
12829834,北區禮贈品業務專員,基甸企業有限公司,雙北,新北市,新北市三重區,行銷/企劃/專案管理,其他服務/工商貿易,40000~60000 (period=0),月薪,40000,60000,0,0,傳統無AI,無,0,0,0,0,美國康寧餐具、鍋寶、掌廚可樂膳、義大利BLACK HAMMER餐廚用品 1.禮贈品經銷商定期巡訪，重點商品鋪樣。 2.依據客戶需求規劃商品提樣、選樣、追蹤締結訂單。 3.新商品介紹、報價、新客戶開發洽談。 4.客戶目標達成暨每月完成收沖款作業。 5.客戶交貨進度跟進，樣品退樣收取。 
13270520,專案管理專員,技鋼科技股份有限公司_技嘉集團,雙北,新北市,新北市新店區,行銷/企劃/專案管理,傳統製造/精密工業,面議,面議,,,1,0,傳統無AI,無,0,0,0,0,1.NPI Project Schedule Management 2.BOM Cost Management 3.Trial run production line arrangement and material preparation 4.Project Review Meeting arrangement 5.Coordinate with customer and internal RD/Sales team
15079652,總部協理,忠峰霖纖維科技有限公司,雙北,新北市,新北市林口區,行銷/企劃/專案管理,生技/醫療保健,60000~70000 (period=7),月薪,60000,70000,0,0,傳統無AI,無,0,0,0,1,(工作內容)   負責公司營運流程與後勤系統協調，促進跨部門作業順暢，支援策略落地。  1. 營運績效監督與流程優化 ■領導執行各項專案之進度控管與資源配置效率，確保營運流程有效支援公司業績目標之達成。 ■優化跨部門協作流程，降低內部溝通與執行成本。  2. 商業拓展與合作支援 ■支援市場研究與趨勢資訊蒐集，作為內部評估參考。 ■就商業合作案提供營運可行性分析，包含人力配置、流程影響與預算排程之執行層建議。  3. 跨部門協作與執行推進 ■協助各部門理解公司策略方向，促進策略於執行層面的落地與對齊。 ■協助檢視各部門KPI執行進度，就流程或資源面向提出調整建議。 ■促進中階主管之間的跨部門協作
14523512,PM助理,尚得元電子股份有限公司,雙北,新北市,新北市中和區,行銷/企劃/專案管理,其他服務/工商貿易,33000~39000 (period=2),月薪,33000,39000,0,0,傳統無AI,無,0,0,0,0,1. 協助工程師與PM彙整文件、整理相關資料，並管理相關文件與檔案。 2. 協助工程師與PM處理相關行政作業。 3. 協助製作工程樣品，並管理之。 4. 製作規格說明書。 5. 管理工程物料。 
15322322,社群編輯/社群小編(兼職),傑斯曼實業有限公司,雙北,新北市,新北市泰山區,行銷/企劃/專案管理,廣告行銷/公關顧問,250~250 (period=4),時薪折算,40000,40000,0,0,傳統無AI,無,0,0,0,0,【工作內容】 1.	規劃並執行商品與品牌形象短影音（30–60秒），包含主題發想、拍攝與後製剪輯  2.	商品上架、更新、文案撰寫與分類管理 3.	製作社群平台與門市使用之行銷素材（平面圖文與廣告視覺）  4.	負責品牌社群平台經營，包含內容規劃、排程設定與日常維護  5.	執行KOL合作與行銷專案洽談，提升品牌曝光與互動成效  6.	支援其他行銷相關專案及主管交辦事項  ________________________________________ 【職務需求】 ＊熟悉 Instagram、Facebook 等社群平台操作 ＊具備影片剪輯能力（CapCut 或其他剪輯軟體） ＊熟悉 Pho
15206104,醫美診所院長祕書,樂洋診所,雙北,新北市,新北市板橋區,行銷/企劃/專案管理,生技/醫療保健,40000~9999999 (period=0),月薪,40000,40000,0,0,傳統無AI,無,0,0,0,0,公司名稱： 樂洋診所  工作地點： 新北市板橋區文化路二段317號3樓  職務類別：秘書／業務助理／社群行銷 匯報對象： 直接對院長匯報  待遇： 月薪 4萬（依能力面議） 工作時間： 排班制 / 排休（詳情面議）  福利制度： 法定項目： 勞保、健保、加班費、勞退提撥金、特休。 診所獨家： 員工每月特定項目免費醫美療程/雷射保養、院內療程項目享員工價、親友優惠價。  工作內容： 執行院長交辦業務(院長行程與日常庶務處理) 協助行銷素材與社群維護 提升來客率、回診率與顧客滿意度 客訴危機處理與高端客戶關係維護 對外廠商與業務聯繫溝通  我們希望你具備 ✔卓越的任務理解與高效執行力 能確實理解院
14935570,【婕洛妮絲】電商助理,婕洛妮絲_全球昕兆國際股份有限公司,雙北,新北市,新北市中和區,行銷/企劃/專案管理,電子商務/數位零售,33000~9999999 (period=0),月薪,33000,33000,0,0,傳統無AI,無,0,0,0,0,婕洛妮絲（JEALOUSNESS）是專業保養品牌，電商業務持續成長中。我們需要一位細心、動作快的電商助理，協助商品從上架、圖文整理到日常行政的完整流程，是熟悉電商營運實務、為未來轉晉升電商專員打基礎的絕佳起點。 您將負責： 1、協助商品上架於各電商平台（如蝦皮、momo等）及品牌自營官網 2、獨立蒐集、整理商品上架所需資料與圖檔，確保資訊正確、格式一致 3、協助行政相關事務（如文件收發、檔案管理、行事曆與會議協調） 4、支援主管交辦的其他專案任務 「要求特質」 1、細心負責，能在時限內高效完成任務，注重細節與準確度 2、邏輯清楚、擅長溝通，樂於在團隊中協作 3、熟悉電腦操作，熟悉 Word、E
15292713,新事業-專案管理師(PM),鴻海集團_新煒科技有限公司,雙北,新北市,新北市土城區,行銷/企劃/專案管理,資訊科技/軟體網路,面議,面議,,,1,0,傳統無AI,無,0,0,0,0,"1. 產品生產排程及專案跟進 2. 對客戶更新進度, 提供問題解決 3. 跨單位溝通以掌握並協調資源 4. 主管交辦事項 5. 配合產能需求，需不定期前往中科廠區進行生產支援、專案協調及跨部門合作。  "
15043442,資深專案經理/專案經理,生華生物科技股份有限公司,雙北,新北市,新北市新店區,行銷/企劃/專案管理,生技/醫療保健,面議,面議,,,1,0,傳統無AI,無,0,0,0,0,1. 擬定臨床專案開發計畫評估並協調新案評估事務：在計畫的時程、預算內，執行和管控專案，確保有品質地達到專案目標。 2. 臨床試驗專案團隊溝通及建立。 3. 國內外相關合作臨床試驗場所管理。  
13069955,POP MART 電商專員,泡泡瑪特台灣有限公司,雙北,新北市,新北市三重區,行銷/企劃/專案管理,電子商務/數位零售,30000~34000 (period=2),月薪,30000,34000,0,0,傳統無AI,無,0,0,0,0,品牌理念“創造潮流，傳遞美好。To light up passion and bring joy.” 我們需要一位能靈活思考、獨立作業並能夠細心照顧每位客人 歡迎對公仔潮玩產業有熱忱並自我要求高、願意接受新挑戰且有良好EQ的你加入我們哦!  工作內容： 1. 處理平台訂單 2. 商品包裝出貨 (撿貨/包貨) 3. 熟悉商品，客服訂單及商品問題 4. 貨運包裹聯繫及查詢 5. 線上與線下庫存管理 6. 商品協助上下架以及活動平台設定  如果認為自己有以下條件和能力的人，你就是我們一直想找尋的人選： 1. 需熟知excel軟體 2. 有momo後台管理經驗者佳 3. 主動積極、細心、有責任感、能與
15399610,影音編輯,makita_台灣牧田股份有限公司,雙北,新北市,新北市林口區,行銷/企劃/專案管理,電子商務/數位零售,36000~9999999 (period=0),月薪,36000,36000,0,0,傳統無AI,無,0,0,0,0,"此職位工作內容  @新品拍攝剪輯     配合總公司新品影片剪輯上架  @影片拍攝 1. 協助影片拍攝、活動紀錄、人員採訪、本人須能露臉 2. 影片腳本發想、專案企劃 3. 善於溝通討論、具團隊合作力，活潑樂觀、責任感、抗壓性高者  @其他主管交辦事項  **希望您具有高度隨機應變能力, 能因應不在劇本中發生的劇情 **有經驗者薪資可談, 若有作品請一併附上"
14498898,【ビザサポートあり】日本ECサイト運営＆マーケティング,民傑資科股份有限公司,雙北,新北市,新北市泰山區,行銷/企劃/專案管理,傳統製造/精密工業,35000~50000 (period=2),月薪,35000,50000,0,0,傳統無AI,無,0,1,0,0,私たちMaktarはスマートフォン関連機器の開発、販売を手掛ける台湾発のスタートアップ企業です。主力商品のスマホバックアップアイテム【Qubii】シリーズの販売台数は、全世界で累計100万台を超えています。  近年は特に日本市場での売上が大きく成長しており、日本市場向けマーケティングを更に強化するため、新たな人材を募集します。  【主な業務内容】 日本ECサイト運営＆マーケティング  運営サイト Maktar公式/Amazon/楽天市場/Yahooショッピングなど  ・商品登録 ・ページ制作・更新 ・販売戦略立案 ・セール、イベント、キャンペーン企画 ・SNSを使ったマーケティングの企画 ・お
13395475,網路小編,沅冠有限公司,雙北,新北市,新北市永和區,行銷/企劃/專案管理,電子商務/數位零售,32000~52000 (period=0),月薪,32000,52000,0,0,傳統無AI,無,0,0,0,0,【必備條件】  - 活潑善於溝通表達  - 頭腦思考活躍  - 勇於嘗試不同方式工作  - 工作輕鬆但需要有想法  - 對美感有一定認知    【工作內容】  - 經營線上社群  - 客人問題解決處理  - 顧客粉絲維護  - 線上線下客戶維持    【優先考量】  行銷 廣告 設計 相關科系或從事相關工作      《 注意事項 》  小編是一個輕鬆但也不輕鬆的工作。  需要有想法、不怕生，樂於分享生活，勇於展現自己的朋友。  上班會有一半以上時間都在『找靈感』，所以需要融入團隊，與同事討論時下的話題、流行趨勢，作為分享素材。  對於美感有一定程度瞭解，公司有破千款鞋款、服飾及配件，需有自己
14571595,和牛進口商 | 行銷企劃人員,綺億國際股份有限公司,雙北,新北市,新北市新莊區,行銷/企劃/專案管理,電子商務/數位零售,36000~38000 (period=0),月薪,36000,38000,0,0,傳統無AI,無,0,0,0,0,【關於這份工作】 我們是專業肉品進口商，主要進口澳洲和牛，服務全台餐廳、餐飲通路與零售市場。 這份工作會實際接觸不同的和牛品牌與部位，參與新品測試、肉品拍攝、品牌活動，從進口商的角度認識牛肉與餐飲產業。  不用原本就懂牛肉，如果你平常喜歡吃、喜歡看美食內容，或對餐飲產業有點好奇，很適合從這裡開始認識。  【工作內容】 • 經營品牌社群，協助發想貼文、短影音等內容 • 協助商品、日常內容的拍攝與簡單剪輯 • 製作社群貼文、活動文宣等基本排版設計 • 協助新品、節慶活動、課程等行銷執行 • 官網商品上架、資訊更新及素材整理  【我們希望你】 • 喜歡與人互動，個性主動、對工作有熱忱 • 喜歡美食，
12648804,"專案助理,業務助理",奧測世紀台北技術服務有限公司,雙北,新北市,新北市林口區,行銷/企劃/專案管理,其他服務/工商貿易,35000~42000 (period=0),月薪,35000,42000,0,0,傳統無AI,無,0,1,0,0,【工作內容】  ・協助國內外客戶聯繫及日常業務往來。 ・協助處理客戶詢問、需求確認及相關資料整理。 ・協助業務報價、訂單及案件資料之整理與追蹤。 ・協助製作及整理報價單、合約、認證文件及其他相關資料。 ・協助追蹤案件進度，並與業務、專案管理及國外合作夥伴進行聯繫與協調。 ・協助處理國內外郵件往來及英文文件。 ・負責客戶及業務資料建檔、文件管理及報表更新。 ・協助處理發票、費用及其他業務相關行政作業。 ・配合主管交辦事項及部門相關工作。  【職務特色】  ・學習空間廣，未來可依個人能力及興趣發展業務或專案管理方向。  【職務備註】  公司風氣自由，重視工作成果與自主管理。 辦公環境乾淨整潔，同事
14083304,電商平台行銷助理(網路小幫手),岱妮蠶絲股份有限公司,雙北,新北市,新北市三重區,行銷/企劃/專案管理,電子商務/數位零售,30000~35000 (period=0),月薪,30000,35000,0,0,傳統無AI,無,0,0,0,0,1.網路平台訂單包裝出貨、退換貨、調貨作業 2.協助平台館長進行平台賣場資訊更新、維護及管理 3.協助平台館長處理平台商品上架、修改、更新 4.網路平台顧客服務相關作業。 5.協助維護官方社群平台 
15259432,不動產業務,住商不動產板橋江翠北側領航加盟店_陽陞不動產經紀有限公司,雙北,新北市,新北市板橋區,行銷/企劃/專案管理,文教/補教培訓,面議,面議,,,1,0,傳統無AI,無,0,0,0,0,◆開發及經營不動產買賣、租賃市場。 ◆提供客戶專業房地產諮詢、行情分析及置產規劃。 ◆房屋帶看、物件介紹、需求配對與議價協商。 ◆協助買賣雙方完成簽約、貸款、完稅及交屋流程。 ◆經營 Facebook、LINE 等社群平台，建立個人品牌與客源。 ◆維護客戶關係，提供售前、售中、售後完整服務。 ◆與團隊合作，共同創造成交佳績，挑戰高收入。 ※ 無相關經驗可，公司提供完整教育訓練，以上技能可於到職後學習培養。
14537997,電商專員,SST&C_天喜國際時尚股份有限公司,雙北,新北市,新北市汐止區,行銷/企劃/專案管理,電子商務/數位零售,38000~9999999 (period=2),月薪,38000,38000,0,0,傳統無AI,無,0,0,1,0,★.跨境電商平台日常營運管理：包含商品上、下架與商品資訊維護（價格／規格／文案／圖片等）、進出貨文件處理。   ★.營收與站點表現追蹤 定期追蹤廣告投放流量、轉換率、客單價、營收、毛利與銷售結構，從數據中找出成長機會與異常問題，並提出改善方案，定期銷售數據追蹤與報表製作、成效檢討、優化建議。   ★.平台廣告操作與效益優化 與平台窗口討論規劃管理商品活動價格、提報平台折扣、設定時間與曝光排程。   ★.處理每月平台對帳事宜。   ★.主管交辦或營運支援事務。  ✨ 加分條件✨ • 對跨境電商、品牌營運或數位商業有興趣 • 對數據敏感，願意透過數字拆解問題 • 有電商品牌、零售、消費品相關產業經
11031173,營業服務專員-大台北地區,康鈦科技股份有限公司,雙北,新北市,新北市三重區,行銷/企劃/專案管理,資訊科技/軟體網路,37200~50000 (period=0),月薪,37200,50000,0,0,傳統無AI,無,0,0,0,0,"1.顧客資料整理與追蹤 2.現有客戶拜訪，關係維護 3.協助報價資料製作 4.主管交辦事項 ★加入我們，你將獲得： *報到日起三個滿月，保障薪資40,000元整 *"
14821712,台北營運處【業務行銷主管】,天生好米_花東製米股份有限公司,雙北,新北市,新北市三重區,行銷/企劃/專案管理,傳統製造/精密工業,面議,面議,,,1,0,傳統無AI,無,0,0,0,0,1.年度通路行銷預算目標及預算費用之編訂、規劃、申請、執行、控管及達成 2.品牌年度行銷計畫擬定、執行、成效檢視 3.既有產品維護、追蹤銷售、損益及成本分析與新產品開發、規劃及執行上市計畫 4.同業產品市場訊息收集、紀錄、分析及回報 5.執行通路年度業績彙報、分析各通路以及產品利潤並提出行動方案 6.核對產品營養標示/包材/輔銷物等資訊，掌握原料與包材的備貨狀況，確保新品如期上市  ※具實際品牌經營經驗優先錄取，期待您的加入。
12117474,急徵!急徵!!【啤酒促銷人員】+新北市新店區,宇璿行銷開發有限公司,雙北,新北市,新北市新店區,行銷/企劃/專案管理,文教/補教培訓,350~450 (period=0),時薪折算,56000,72000,0,0,傳統無AI,無,0,0,0,0,"1.促銷地點:開放式中餐廳+熱炒店+海產店(台北縣市.新北市全區) 2.促銷時間:1.每週一~每週日 18:30-20:30.1900-2100 21:00-23:00.2130-2330 (每週最少排3天班) 3.每場班2-3H.上班時段及時間可自選(彈性排班) 4.促銷內容:推廣•銷售酒類產品【工作性質單純、不需飲酒】 5.工作條件:無經驗可,本公司提供完善教育訓練 薪資:時薪制$350-$450/H(依經驗而定)"
15139018,行銷專員,奇華餅家_奇華股份有限公司,雙北,新北市,新北市五股區,行銷/企劃/專案管理,傳統製造/精密工業,38000~45000 (period=4),月薪,38000,45000,0,0,傳統無AI,無,0,0,0,0,1.負責相關文宣資料的規劃。 2.企劃案撰寫、規劃與執行，並對其效益進行分析與建議。 3.跨平台媒體溝通協調並維繫良好關係。 4.協助門市活動與通路促銷之各項準備工作。 5.櫥窗的陳列布置與執行。 6.商品拍攝之規劃與執行。 7. EDM及各種宣傳文案的發想。 8. 蒐集市場資訊、進行分析。 9. 其他主管交辦事項。
15316418,整合行銷企劃專員,富程環球股份有限公司,雙北,新北市,新北市板橋區,行銷/企劃/專案管理,廣告行銷/公關顧問,面議,面議,,,1,0,傳統無AI,無,0,0,0,0,你是否善於觀察市場趨勢、掌握熱門議題，並能將一個想法發展成完整的行銷企劃？  你是否具備整合行銷思維，能串聯社群、內容、影音、廣告資源，主動推動專案落地，並持續追蹤成果？  在富程環球，你將參與投資理財、產業趨勢與財富成長相關的品牌與行銷專案，從市場洞察、策略規劃、內容企劃、專案執行到成效分析，完整參與行銷工作的每一個環節。  我們正在尋找一位具備三年以上相關經驗、主動積極且具整合能力的行銷夥伴。  你不只是執行交辦事項，而是能主動發現機會、提出企劃、整合資源，並對專案進度與行銷成果負責。  【主要工作任務】 1. 規劃並執行品牌、產品及階段性整合行銷專案 2. 負責行銷企劃提案、專案時程、資
15070157,無人團購店營運專員,格新智能股份有限公司,雙北,新北市,新北市板橋區,行銷/企劃/專案管理,電子商務/數位零售,40000~45000 (period=0),月薪,40000,45000,0,0,傳統無AI,無,0,0,0,0,"Google執行長施密特：「如果有人給妳一個火箭上的座位，別問位子在哪裡，上火箭就對了！」  格新智能股份有限公司（iTake, Inc.）是一家無人化市場的新創企業，具備自主研發雲端軟體、電子控制以及機構設計的核心能力，擁有toB/toC/to/G市場口碑與服務實績。在全球缺工的大環境以及台灣勞動人口結構變化的大趨勢，我們提供的「雲智取」服務，協助各行各業解決人力與物流的瓶頸，提升商流效率。我們的客戶有台積電tsmc，臺北市政府以及蝦皮智取店。  本公司目前開創新型態無人團購店，並擴大招募營運專員  主要職責：  1. 門市宣傳：線上線下招募會員(傳單/說明會/個別說明等)，發放傳單招募FB"
15014109,行銷企劃專員,正成集團_正成貿易股份有限公司,雙北,新北市,新北市三重區,行銷/企劃/專案管理,其他服務/工商貿易,面議,面議,,,1,0,傳統無AI,無,0,0,0,0,1. 規劃公司代理之產品的行銷與活動整合執行。 2. 異業合作及KOL洽談合作 3. 數位媒體投放、具社群行銷能力， eg：YT、IG、FB 4. 能獨立提案亦能配合團隊共同合作 5. 邏輯思考佳、溝通協調能力佳 6.主管交辦事項
14968630,網路品牌行銷,93 咖啡_捷晨國際有限公司,雙北,新北市,新北市鶯歌區,行銷/企劃/專案管理,電子商務/數位零售,45000~65000 (period=3),月薪,45000,65000,0,0,傳統無AI,無,0,0,0,0,【關於我們】    93 Coffee 深耕精品咖啡產業，長期參與國際競標與產地合作，我們不只是賣咖啡，而是經營一個有內容、有專業、有溫度的品牌。  現在，我們希望找一位能一起把品牌經營做深、做長的人。    ⸻    【工作內容】  	•	品牌社群經營（Instagram、Facebook 等）  	•	規劃與執行網路行銷活動、檔期企劃  	•	撰寫品牌相關文案（產品介紹、活動貼文、簡易官網內容）  	•	與內部夥伴溝通，確保品牌調性一致  	•	基礎數據觀察（貼文表現、活動成效），提出優化建議    ⸻    	•	對「品牌經營」有概念，不只是發文  	•	熟悉社群平台操作（IG／FB 為
15405882,行銷企劃,新人類資訊科技股份有限公司,雙北,新北市,新北市新店區,行銷/企劃/專案管理,廣告行銷/公關顧問,面議,面議,,,1,0,傳統無AI,無,0,0,0,0,1. 擬定行銷策略和宣傳計劃； 2. 撰寫廣告宣傳文案； 3. 策劃和執行各種宣傳活動； 4. 與其他團隊成員密切合作，提供創意和方案； 5. 負責行銷數據分析和效果評估。 6. 專訪客戶邀約、專訪文章撰寫、電子報編輯。 7. 客戶行銷追蹤與指派  在這份工作中，你需要負責公司的行銷策略、宣傳活動的策劃和推廣，以及撰寫行銷相關文案。此外，你還需要和其他團隊成員密切合作，提供創意和方案。這是一個充滿挑戰性和創造性的工作，讓你可以大展拳腳。 歡迎符合資格的申請者加入我們的團隊，一起打造更好的品牌！快來應徵吧！
14818253,【兼職】GU門市人員(Mitsui 林口商場店)-R00000004166346,GU台灣_台灣極優服飾有限公司,雙北,新北市,新北市林口區,客服/業務/電商/貿易,電子商務/數位零售,215~215 (period=0),時薪折算,34400,34400,0,0,傳統無AI,無,0,0,0,0,"★ GU邀請您一起享受時尚、自由穿搭，Let's Fashion Your Life ★  想打工又怕課業無法兼顧? -GU 兼職人員可彈性排班，每週至少排班16小時 ,想多排班亦可!  想打工又怕沒有相關經驗嗎?  -完整的教育訓練制度，GU培訓員會帶你一步步熟悉工作內容 !   想體驗服務業卻害怕未來沒有發展性?  -GU 提供完整的職涯發展路徑，每三個月就有一次升遷調薪機會!  擔心畢業即失業?返鄉工作年資重新計算? -兼職期間也有機會升遷 ! 畢業後，現任職等直接轉正職，讓你贏在起跑點上! -亦可申請轉調回家鄉的店舖，年資將持續累績喔!  【工作介紹】 ★顧客服務、商品介紹及銷售 ★顧"
14842269,【TOYSELECT】台北│板橋環球│百貨門市銷售顧問,TOYSELECT＿紐萊賜有限公司,雙北,新北市,新北市板橋區,客服/業務/電商/貿易,資訊科技/軟體網路,35000~50000 (period=0),月薪,35000,50000,0,0,傳統無AI,無,0,0,0,0,"\\全新門市//  11月盛大開幕^0^  ☀歡迎加入TOYSELECT｜你就是我們要找的人！  你喜歡手機配件、設計小物、藝人及IP聯名嗎？  TOYSELECT 是來自台灣的 3C 品牌，與多位藝人、知名IP聯名合作，會員數突破 50萬人，多項品牌支線蓬勃發展中。  我們不只賣3C，更是創造一種：「為平凡生活注入不凡靈感」的生活風格！  ▶【我們提供的不只是工作，是你的成就舞台】 1. 平均月薪 40,000～45,000 元以上！績優同仁最高可達 52,000+ 元！ 2. 多元獎金制度：本薪 + 全勤 + 個人業績 + 團體達標 + 特別競賽獎金 3. 不定期激勵活動，讓你邊挑戰邊加薪"
6098475,*我們在找你* 保底30K起，單件就有佣金【保誠人壽e顧問】~ 歡迎報名參加9/29說明會,保誠人壽保險股份有限公司_總公司,雙北,新北市,新北市板橋區,客服/業務/電商/貿易,文教/補教培訓,30000~150000 (period=3),月薪,30000,150000,0,0,傳統無AI,無,0,0,0,0,"◆ 保障底薪NT$30,000~$33,000，單件成交就有佣金！公司提供精準客戶名單，不需外出開發。 ◆「視訊銷售結合遠距投保」超越距離限制，銷售不再受到侷限，成交更有效率，保險專業進入全新世代！ ◆ 週週休，年特休15天起，外商員工福利！ ◆ 高競爭力獎金制度，保障底薪、海內外競賽旅遊、外商員工福利。 ◆ 專業師資團隊，系統式培訓計畫，「培」你成為專家！專注邁向Top Sales，亦或發展為 Team Leader，「培」你豐富人生色彩！ ◆ 保誠人壽e顧問官方LINE保險諮詢：https://www.pcalife.com.tw/zh/products/mm/1v1consulting/"
8323258,業務人員,偉勝乾燥工業股份有限公司,雙北,新北市,新北市三峽區,客服/業務/電商/貿易,傳統製造/精密工業,面議,面議,,,1,0,傳統無AI,無,0,0,0,0,1. 業務開發：新客戶拜訪、開發潛在客戶，拓展市場 。 2. 客戶關係：定期拜訪現有客戶，維繫並深化客戶關係，售後保養及備品服務洽談。 3. 業務接洽及訂單處理：含規格表、報價、議價、合約、驗收、訂單相關帳款收款等。
5816612,急徵~業務人員(無經驗可/高獎金),喜客咖啡股份有限公司,雙北,新北市,新北市中和區,客服/業務/電商/貿易,其他服務/工商貿易,29500~108000 (period=0),月薪,29500,108000,0,0,傳統無AI,無,0,0,0,0,"台灣最大咖啡專業供應商，誠徵最有企圖心的業務伙伴！ 喜客咖啡(股)成立20年, 為星巴克、85度C、湛盧咖啡、 TGI FRIDAY’S、金車伯朗、洋蔥等咖啡供應商，市場知名度高。 新鮮研磨咖啡市場堀起，是不景氣中最佳選擇！ 歡迎挑戰高獎金 無經驗可，歡迎畢業生應徵 工作內容: 拜訪咖啡產品相關通路 薪資政策-獲利共享的薪獎制度 業績制度不歸零，成交的客戶每月獎金重覆計算 咖啡市場需求持續擴大，升遷管道暢通"
12975935,*電商業務助理【無經驗可/可帶寵物上班/員購優惠/免費零食櫃】,極寵有限公司,雙北,新北市,新北市中和區,客服/業務/電商/貿易,電子商務/數位零售,30000~33000 (period=0),月薪,30000,33000,0,0,傳統無AI,無,0,0,0,0,喜歡毛孩，也想找一份穩定的文書處理工作嗎？ 此工作主要協助電商訂單處理，有基本 Excel 能力，公司會帶你熟悉工作， 如果你喜歡毛孩、做事細心，歡迎加入~  【你每天會做什麼？】 -處理網路平台訂單，列印出貨單 -依訂單內容撿取商品、包裝(工作占比約30%) -確認品項與數量，避免出貨錯誤 -維護電商倉庫庫存正確性 -ERP系統操作  【沒有電商經驗，也可以！】 只要你具備： ✔ Excel基本操作能力(建立表格、資料剖析、儲存格格式設定、標示/移除重複值) ✔ 做事細心、願意確認細節 ✔ 願意學習電商訂單、ERP等系統操作  【獎金】 試用期通過另有電商獎金  【休假制度】 週休二日｜固定
12396598,業務人員(保障底薪加業績獎金),意豐興業有限公司,雙北,新北市,新北市土城區,客服/業務/電商/貿易,其他服務/工商貿易,35000~50000 (period=2),月薪,35000,50000,0,0,傳統無AI,無,0,0,0,0,- 負責維護現有大台北地區客戶關係，積極開拓新客戶，達成業績目標。 - 負責一次性餐具相關產品推廣及訂單處理、報價及相關工作。 - 提供專業產品介紹及解決方案，確保客戶滿意度。 - 與公司各部門溝通協調，確保訂單交付和售後服務的順利執行。  本職務負責開拓國內市場，推廣公司產品，具有重要的角色和發展前景。 歡迎符合資格的申請者加入我們的團隊，發揮您的潛力和實現您的職業夢想！
15231552,(外包兼職)商化陳列人員_雙北地區,綺麗絲國際有限公司,雙北,新北市,新北市板橋區,客服/業務/電商/貿易,電子商務/數位零售,200~200 (period=2),時薪折算,32000,32000,0,0,傳統無AI,無,0,0,0,0,"【工作內容】 ．各通路門市巡查並進行貨架商化管理(如：檔期陳列、排面維護、商品清潔等)。 ．配合通路需求進行盤點或換檔作業。 ．區域範圍 : 雙北地區(主要以:內湖區,南港區,文山區,信義區,新店區,汐止區 等。) ．自備交通工具"
3402619,『底薪3萬起，年特休15天起』◆ 挑戰多項高額獎金 ◆ 超優外商福利 ◆ 保誠人壽e顧問,保誠人壽保險股份有限公司_總公司,雙北,新北市,新北市板橋區,客服/業務/電商/貿易,文教/補教培訓,30000~150000 (period=2),月薪,30000,150000,0,0,傳統無AI,無,0,0,0,0,"【工作優勢】  1. 不須人脈經營，不擔心沒有客戶怎麼發揮？  2. 遠距投保，不受距離、環境變數的限制，降低銷售阻力。  3. 線上就能談保障規劃，沒有紙本往返，成交效率大提升。  4. 強勢商品分紅保單銷售，拓展保險專業，就來保誠。 5. 完整教育訓練、人才培育，重視員工職涯發展。  6. 親訪客戶提高黏著度，客戶親訪也OK，重金打造舒適VIP室，幫你成交更加分。   【薪資福利】 1.保障每月固定底薪NT$30,000，另有每月證照加給獎金NT$1,500-$3,000。 2.論件計酬優渥獎金（每月/每季/每年/續年）  3.績優海內外獎勵旅遊、榮譽餐宴、MDRT/IDA會費補助。 4."
14834360,挑戰高薪內勤業務|無經驗可  !!!!!!!!!,大有當舖,雙北,新北市,新北市三重區,客服/業務/電商/貿易,傳統製造/精密工業,29500~9999999 (period=0),月薪,29500,29500,0,0,傳統無AI,無,0,0,0,0,喜歡團隊生活嗎? 想挑戰高薪，創造自己想要的人生嗎? 只要你有責任心，願意學習，無業務經驗我們也會手把手教學呦!!  我們是合法經營、實體門市的當鋪業者 誠徵內勤業務專員，協助門市借款流程與顧客服務。  【工作內容】 ✔ 接待來電客戶、諮詢服務 ✔協助辦理借款流程(汽機車、3C、精品等) ✔客戶關係維護與售後服務 ✔文書處理與行政支援  【薪資待遇】 保障底薪29500元起+獎金+分紅 ✔試用期後享有完整獎金制度 ✔能力優秀者另有升遷機會  【工作時間】 早班 :08:50~17:00 晚班 :13:00~21:00 (輪班制，固定週日公休+排休)  【我們提供】 ✔專業培訓 ✔永久保障底薪＋
7229348,業務助理,堅睦企業股份有限公司,雙北,新北市,新北市土城區,客服/業務/電商/貿易,傳統製造/精密工業,33500~38000 (period=0),月薪,33500,38000,0,0,傳統無AI,無,0,0,1,0,1.輸入、處理並追蹤客戶訂單，並將訂單資料存檔備份。 2.保持與客戶間之聯繫，回覆e-mail，並確認交貨期。 3.提供出貨文件，協助業務人員控管出貨，並處理進出口事宜。 
13178248,金融內勤人員(免經驗+保障底薪),宏海當舖,雙北,新北市,新北市新莊區,客服/業務/電商/貿易,文教/補教培訓,29500~9999999 (period=0),月薪,29500,29500,0,0,傳統無AI,無,0,0,0,0,顛覆以往既定印象企業化管理全新金融企業創造屬於自己的一份事業 我們肯花金錢時間培育人才 只怕連你都不給自己一個機會。  ．無相關經驗 ．二次就業 ．社會新鮮人 ．轉換跑道 ．薪水小偷  入行門檻 : 高中畢業(肄業) / 無不良嗜好 / 品德正派 / 幹勁充沛 公司提供 : 人力培訓 / 固定底薪 / 優渥獎金 / 利潤分紅 / 資源共享  ．底薪 : 任職期間無條件提供 ．獎金 : 每月達標額外發放激勵人員 ．分紅 : 累計業績每月分發一樣享有底薪 ．餐敘 : 不定時舉辦餐敘及各項團體活動 ．福利 : 年終、結婚、生育、生日、各項津貼 ．假期 : 可自行排休 額外 : 元旦、清明、端午、中秋
13159628,銷售顧問-醫美業務組 (台北市),思必瑞特生技股份有限公司,雙北,新北市,新北市汐止區,客服/業務/電商/貿易,生技/醫療保健,30000~38000 (period=4),月薪,30000,38000,0,0,傳統無AI,無,0,0,0,0,1. 維持既有客戶服務。 2. 開發區域潛在客戶。 3. 為客戶提供產品說明、培訓。 4. 與客戶建立良好的關係。 5. 行銷活動邀約客戶參與。 6. 處理客戶咨詢、申訴。 7. 完成公司給予的業績目標。 8. 關注市場變化，提出建議、回報公司參考。 9. 完成主管交託事項。  請參考本公司產品及資訊 http://www.sslab.com.tw/  
13122548,派駐新北市政府市政服務電話1999客服人員(具備客語、手語者尤佳),得士派人力資源顧問股份有限公司,雙北,新北市,新北市板橋區,客服/業務/電商/貿易,資訊科技/軟體網路,33000~34800 (period=0),月薪,33000,34800,0,0,傳統無AI,無,0,0,0,0,(一)	市政諮詢：直接應答民眾一般性市政業務問題。 (二) 電話轉接：依據民眾市政需求協助轉接電話至本府各機關。 (三) 快速服務針對本府擇定具有急迫性、時效性及應立即處理業務協助受理及登錄後，由系統派送權責機關處理。 (四) 受理陳情：受理民眾行政興革之建議、行政違失之舉發或行政上權益之維護等案件。 (五) 通報服務：話務人員接獲民眾通報立即影響公安、環境維護或人身安全案件，除錄案外先以電話通知權責機關。 (六) 外撥服務 協助機關進行 重要政策 外撥服務。 (七) 聽語障人士 手語 或文字 服務：聽語障人士洽辦本府公務，由1999話務人員以Teams、Line 等通訊軟體， 透過手語翻譯或
15371237,B2B 專案文字客服【穩定內勤】,戴爾塔國際有限公司,雙北,新北市,新北市永和區,客服/業務/電商/貿易,文教/補教培訓,33000~38000 (period=0),月薪,33000,38000,0,0,傳統無AI,無,0,0,0,0,想找穩定的 B2B 內勤工作嗎？ 我們正在招募【 B2B 文字客服】，以線上多管道文字及系統溝通支援為主、不需外勤，適合喜歡穩定內勤工作、擅長線上商務溝通與問題處理的你。  【工作內容】 1.負責 B2B 企業客戶之線上系統操作諮詢、服務問題解答及紀錄。 2.協助企業用戶進行帳號權限管理、基本資訊維護與系統流程說明。 3.依照專案標準作業流程（SOP），提供即時、正確的資訊與技術支援。 4.追蹤客戶回饋，進行問題紀錄、追蹤及相關案件跨部門轉交。 5.協助主管及團隊完成專案營運相關作業。 6.本職務為純內勤支援，不涉及銷售、陌生開發或外勤。 7.依專案需求配合跨組別支援及內部培訓。  ※ 專案內
15402091,客戶訂單管理員 Sales Order Representative(SOR) (S1/電子零件) 【利益共享制】,金碗國際股份有限公司,雙北,新北市,新北市三重區,客服/業務/電商/貿易,其他服務/工商貿易,35000~45000 (period=2),月薪,35000,45000,0,0,傳統無AI,無,0,1,0,0,1.整理各國客戶訂單需求，規劃訂單交期，確保交期準時。 2.追蹤出貨進度，處理出貨異常。 3.根據訂單需求與庫存，計算補貨需求，提供採購建議。 4.協助訂單狀態更新與客戶通知。 5.與客戶的英文信件往來及電話溝通。
15276028,50% 短期工讀(三重萬家福特賣會，115/10/5～115/11/2),50 PERCENT_匯姿股份有限公司,雙北,新北市,新北市三重區,客服/業務/電商/貿易,電子商務/數位零售,210~210 (period=2),時薪折算,33600,33600,0,0,傳統無AI,無,0,0,0,0,1. 進/撤場商品陳列作業。 2. 賣場銷售收銀結帳作業。 3. 賣場商品整理及補貨作業。 4. 賣場環境維護整潔作業。 5. 到貨、點貨、補貨上架作業。 6. 開店及閉店相關準備作業。
15182914,業務助理,臻之饌食品有限公司,雙北,新北市,新北市土城區,客服/業務/電商/貿易,其他服務/工商貿易,36000~46000 (period=0),月薪,36000,46000,0,0,傳統無AI,無,0,0,1,0,1. 輸入、處理並追蹤客戶訂單，並將訂單資料存檔備份。 2. 保持與客戶間之聯繫，並確認交貨期。 3. 提供出貨文件，協助業務人員控管出貨，並處理進出口事宜。 4. 定期提供業務銷售狀況報表，以供業務人員或主管參考。 5. 協助業務人員處理銷售業務相關之公司內部行政作業。 6. 協助業務人員整理客戶資料（如：公司基本資料、交易記錄、問題處理狀況）。 
15194191,業務助理,益德企業管理顧問有限公司,雙北,新北市,新北市板橋區,客服/業務/電商/貿易,文教/補教培訓,30000~30000 (period=0),月薪,30000,30000,0,0,傳統無AI,無,0,0,0,0,【工作內容】  電話行銷推廣:汽車貸款、機車貸款、房屋貸款、銀行信用貸款、企業貸款、小額貸款..多元產品、貸款等商品。 聯繫新客戶並維繫舊客戶。 推廣優惠活動，確保客戶需求得到專業解決方案。 提供全面的教育訓練，即使非金融業背景也能快速上手。  全勤獎金:3000元 勞健保
8474912,一般業務人員「承攬性質、非勞動契約」,南山人壽保險股份有限公司_瑞強通訊處(鄭伊棓),雙北,新北市,新北市三重區,客服/業務/電商/貿易,廣告行銷/公關顧問,面議,面議,,,1,0,傳統無AI,無,0,0,0,0,1. 關於保險業務員報酬部分，係依實際招攬業績（實收保險費）的比例計算。  本網頁所顯示待遇部分係因欄位選項受限，故為簡要記載。  2. 當各位求職者收到來自於本廣告之聯絡人或承辦人之聯絡訊息時，並不代表  南山人壽保險股份有限公司已同意與各位求職者締結任何勞務契約關係。  3. 不論各位求職者是否已取得保險業務員資格，以及是否參加南山人壽提供相關訓練，縱已收到本廣告頁面承辦人或聯絡人之通知，然尚未與南山人壽成立任何承攬、委任、勞動、居間或其他勞務契約關係。須待各位求職者取得業務員資格，並待南山人壽執行登錄前盡職調查後，南山人壽始將回覆是否同意登錄申請及締結契約。  4. 各位求職者就本職務之
14857159,北區醫療業務人員,國揚生技有限公司,雙北,新北市,新北市林口區,客服/業務/電商/貿易,生技/醫療保健,50000~9999999 (period=3),月薪,50000,50000,0,0,傳統無AI,無,0,0,0,0,【工作內容】  1. 關係經營：現有客戶拜訪，能用心經營區域，將客戶關係維護好。  2. 開發潛在客戶(陌生開發)：拓展市場以達成或超越業績目標，有企圖心與魄力。  3. 銷售及推廣公司產品: 有目標執行力及自我時間管理能力。  4. 手術跟刀、需進入治療室協助醫師及護士正確使用產品或設備: 從每次和客戶的互動中了解其需求。  5. 產品報價、產品教學及展示: 其他同事無法支援時，也能做好Demo機器相關。  6. 採購流程處理: 國內訂單接洽，並確實將訂單相關資訊轉達給內勤同事。   醫療產品推展，例行拜訪，商情分析調查。   【其他條件】 1. 享有優渥的業績獎金 2. 具護理、外科助手等
14752789,【TOYSELECT】新北│林口三井MITSUI OUTLET PARK ｜百貨門市銷售顧問,TOYSELECT＿紐萊賜有限公司,雙北,新北市,新北市林口區,客服/業務/電商/貿易,資訊科技/軟體網路,35000~50000 (period=0),月薪,35000,50000,0,0,傳統無AI,無,0,0,0,0,  ☀歡迎加入TOYSELECT｜你就是我們要找的人！  你喜歡手機配件、設計小物、藝人及IP聯名嗎？  TOYSELECT 是來自台灣的 3C 品牌，與多位藝人、知名IP聯名合作，會員數突破 50萬人，多項品牌支線蓬勃發展中。  我們不只賣3C，更是創造一種：「為平凡生活注入不凡靈感」的生活風格！  ▶【我們提供的不只是工作，是你的成就舞台】 1. 多元獎金制度：本薪 + 全勤 + 個人業績 + 團體達標 + 特別競賽獎金 2. 不定期激勵活動，讓你邊挑戰邊加薪！  ▶【彈性排班．生活工作自由兼顧】 1. 每月休假 9～11 天，彈性排班，生活不受限 2. 多元班別選擇，配合度高，彈性更升級
14085897,家居品牌國內業務銷售專員-新北區（新莊）（高底薪＋業績獎金）,愛家概念有限公司,雙北,新北市,新北市新莊區,客服/業務/電商/貿易,電子商務/數位零售,38000~60000 (period=0),月薪,38000,60000,0,0,傳統無AI,無,0,0,0,0,AJ2 愛家概念，台灣最有創意、最有態度的家居電商品牌！    我們有「系統性」的「培訓引導」，You are not alone. 我們是「開放式」的「團隊溝通」，We are the team. 我們有「高評度」的「品牌商品」，AJ2 is your “Sword and Shield”.  只要你對居家產業有熱情， 對「品牌商品銷售及推廣」有熱忱、有興趣， 我們渴望認識你！  【工作內容】  ● 執行品牌產品線下銷售與推廣，完成訂單接洽與處理。 ● 達成每月線下業績目標，收集並分析市場資訊，有利進行銷售決策。  ● 維護良好顧客關係及客怨處理與解決，提升客戶滿意度。  ● 運用豐富的產品
15406039,船務助理,森宏生技股份有限公司,雙北,新北市,新北市汐止區,客服/業務/電商/貿易,生技/醫療保健,35000~38000 (period=0),月薪,35000,38000,0,0,傳統無AI,無,0,0,1,0,1. ERP 系統資料操作 2. 配合生產排程與備料 3. 協助進出口報關之行政作業，並匯整製作報關文件。 4. 處理、審核進出口報關之資料與文件。 5. 處理進出口押匯、信用狀以及保稅帳務相關之工作。 6. 負責應付帳款之請款工作，並處理業務部門訂單後續事宜。 
15158011,彩券行兼職,贏多多彩券行,雙北,新北市,新北市新店區,客服/業務/電商/貿易,電子商務/數位零售,1800~2000 (period=0),時薪折算,288000,288000,0,0,傳統無AI,無,0,0,0,0,銷售台灣彩券 刮刮樂銷售 維持店裡整潔 老闆交代事項  找兼職代班人員 
11361362,業務助理,翱昇科技股份有限公司,雙北,新北市,新北市汐止區,客服/業務/電商/貿易,資訊科技/軟體網路,32000~35000 (period=0),月薪,32000,35000,0,0,傳統無AI,無,0,0,0,0,1. 負責業務銷售等相關行政流程，需熟悉Word、Excel、PPT..等文書軟體 2. 接收訂單及處理追蹤客戶訂單之進度 3. 與倉管確認出貨，訂單跟催 4. 接聽電話、回覆e-mail，確認交期等 5. 協助處理及追蹤客戶應收帳款的帳務 6. 客戶資料建檔、更新與歸檔 7. 接待外賓 8. 主管交辦事項  
15398490,門市客服人員 (36k~39K，獎金另計),大豐有線電視股份有限公司,雙北,新北市,新北市土城區,客服/業務/電商/貿易,其他服務/工商貿易,36000~39800 (period=2),月薪,36000,39800,0,0,傳統無AI,無,0,0,0,0,【工作內容】 1.門市服務、產品介紹及銷售。 2.客戶諮詢、收退費，支援電話/線上客戶服務。 3.門市環境維護與行政作業。 4.其他主管交辦事項  【班別&休假】 1.固定班別: 10:30~19:30 2.每月排休9~10天 
14877313,國貿/業務助理(台北),龍志五金工業股份有限公司,雙北,新北市,新北市三重區,客服/業務/電商/貿易,傳統製造/精密工業,面議,面議,,,1,0,傳統無AI,無,0,0,1,0,1. 負責與客戶聯繫，處理產品詢價、報價、訂單確認、安排生產出貨等事宜。 2. 負責出口報關相關業務工作。 3. 瞭解客戶需求，發掘市場潛力，協助制定公司國際市場拓展策略。 4. 參加國內外展覽、商務考察等活動，拓展國際客戶和市場。 5. 維護和管理客戶關係，確保客戶滿意度和忠誠度。 6. 協助業務人員或主管完成相關工作。 7. 提供公司營銷策略和計劃建議。 8. 定期向主管匯報工作進展情況和業績表現。 9. 上班地點為台北三重區  這個職位具有良好的發展前景， 可不斷精進自己的國貿技能和拓展客戶網絡， 歡迎符合條件的同仁加入我們的團隊 我們期待與您共同成長和發展。
8643413,倉儲文件人員,台北港貨櫃碼頭股份有限公司,雙北,新北市,新北市八里區,客服/業務/電商/貿易,其他服務/工商貿易,38400~40400 (period=2),月薪,38400,40400,0,0,傳統無AI,無,0,0,0,0,1.進口文件製作：KEY IN進儲資料，開立計費單，以及出倉資料製作。  2.出口文件製作：KEY IN進倉訊息及EDI傳輸，完成配裝櫃資料，及開立計費單。  3.主管交辦事項。
15406859,時薪230-250表現優異者挑戰業界超高時薪250元，誠徵早班計時人員（三重）歡迎加入全國最大酒商擴大徵才，工作內容單純簡單輕鬆有保障 『酒條通洋酒連鎖』,酒條通有限公司,雙北,新北市,新北市三重區,客服/業務/電商/貿易,其他服務/工商貿易,230~250 (period=0),時薪折算,36800,40000,0,0,傳統無AI,無,0,0,0,0,工作內容說明: • 協助顧客動線引導、出入口接待 • 協助收銀與結帳作業 • 門市環境清潔維護 •協助進貨整理、庫存收納 •完成主管交辦事項  具備以下條件的您~歡迎您加入~ •有耐心與細心，並進行良好的溝通協調能力且能融入與配合團體作業 •具有收銀機操作等工作經驗尤佳 •歡迎二度就業者 •工作單純穩定長期排班 •每週排班1-4天 依整體表現以及主管安排為排班基準  ～表現績優者考核通過調薪至250～
11202170,Sales Assistance 業務助理,美商爵斯儀器配裝系統股份有限公司台灣分公司,雙北,新北市,新北市五股區,客服/業務/電商/貿易,生技/醫療保健,40000~50000 (period=0),月薪,40000,50000,0,0,傳統無AI,無,0,0,0,0,"工作責任： • 客戶訂單管理 • 在 ERP 系統中輸入銷售訂單 • 處理業助相關工作  • 輸入客戶反饋  Job Duties: • Responsible for managing, supporting, and servicing customer orders • Entering Sales Orders  • Manage sales related activities • Enter customer feedback     "
14184353,【玉津·津杯新開幕】三重五華店店長、副店長、正職、長期兼職,玉津餐飲國際有限公司,雙北,新北市,新北市三重區,客服/業務/電商/貿易,其他服務/工商貿易,36000~100000 (period=0),月薪,36000,100000,0,0,傳統無AI,無,0,0,0,0,"1.調製咖啡,茶飲   2.相關產品介紹,顧客服務   3.結帳   4.維護環境清潔   5.幫忙近距離外送  "
15060988,業務助理,勵友環保股份有限公司,雙北,新北市,新北市五股區,客服/業務/電商/貿易,其他服務/工商貿易,32000~9999999 (period=3),月薪,32000,32000,0,0,傳統無AI,無,0,0,0,0,1. 輸入、處理並追蹤客戶訂單，並將訂單資料存檔備份。 2. 保持與客戶間之聯繫，回覆e-mail，並確認製作報價單。接聽電話、處理客戶問題。 3. 定期提供業務銷售狀況報表，以供業務人員或主管參考。 4. 協助業務人員處理銷售業務相關之公司內部行政作業。 5. 協助業務人員整理客戶資料（如：公司基本資料、交易記錄、問題處理狀況）。 6. 主管交辦事項/文件追蹤。 7.  需有機車駕照、自備機車。
13073995,廠務助理,連誠裝訂股份有限公司,雙北,新北市,新北市新店區,客服/業務/電商/貿易,傳統製造/精密工業,33000~42000 (period=2),月薪,33000,42000,0,0,傳統無AI,無,0,0,0,0, 1.接聽電話 2.印刷進度查詢 3.文書資料建檔處理 4.聯絡加工廠商 5.點收貨品 6.協助出貨 7.協助其他主管交辦事項 
12475553,業務助理 (可領獎金),凱樂斯股份有限公司,雙北,新北市,新北市中和區,客服/業務/電商/貿易,生技/醫療保健,33000~9999999 (period=0),月薪,33000,33000,0,0,傳統無AI,無,0,0,0,0,1.協助業務與工廠出貨協調與安排 2.協助業務文書處理與客戶聯繫事宜 3.協助售後服務聯繫業務 4.其他主管交辦事項  視團隊表現可有季獎金分潤 有鼎新ERP經驗尤佳，歡迎二度就業與夜校就讀學生
13985166,業務行政助理｜日班固定、無外勤、有經驗、熟ERP佳,仲辰鋼鐵企業有限公司,雙北,新北市,新北市土城區,客服/業務/電商/貿易,傳統製造/精密工業,38000~40000 (period=3),月薪,38000,40000,0,0,傳統無AI,無,0,0,0,0,"我們正在尋找細心、穩定，具備業務助理或行政經驗的夥伴，主要協助業務團隊處理訂單、ERP資料輸入與文件歸檔。工作內容單純明確，不需陌生開發、不需外勤，適合喜歡穩定節奏、重視細節與行政流程的人。  【工作內容】  1.協助業務人員處理客戶訂單、報價與銷售相關資料。 2.使用ERP系統輸入、更新與追蹤訂單進度。 3.整理並歸檔訂單、報價單、客戶資料等文件。 4.協助公司內部行政庶務與部門資料彙整。 5.其他主管交辦之行政支援事項。  【職務特色】 ・固定日班 08:00–17:00，作息穩定 ・無需外勤、無陌生開發 ・工作內容以訂單行政與ERP資料處理為主 ・滿三個月後，能獨立作業者調薪3,000元"
11363506,專案客服督導/副理,台灣優勢客服科技股份有限公司,雙北,新北市,新北市三重區,客服/業務/電商/貿易,資訊科技/軟體網路,面議,面議,,,1,0,傳統無AI,無,0,0,0,0,1.負責客服中心營運，制定策略達成專案績效 2.品質知識管理與訓練 3.確保營運與品質穩定 4.掌握營運與人力成本控管 5.交辦事項  工作時間：排班制(09:00-23:00)、輪休制
11104215,客服行政人員/業務助理,林口興業有限公司,雙北,新北市,新北市林口區,客服/業務/電商/貿易,其他服務/工商貿易,32000~37000 (period=0),月薪,32000,37000,0,0,傳統無AI,無,0,0,0,0,1. 訂單開立、供應商/業務/客戶三方溝通聯繫。 2. 維護系統進銷存相關表單及產品成本計算。  3. 客戶請款單寄送及沖帳作業。 4. 進、銷項發票作業。 5. 公司各項活動及會議協助及雜項採購。  
13835510,門市工讀生（台北）,柏圖空間美學有限公司,雙北,新北市,新北市土城區,客服/業務/電商/貿易,傳統製造/精密工業,196~196 (period=0),時薪折算,31360,31360,0,0,傳統無AI,無,0,0,0,0,1.協助傢配師完成交代之任務。 2.協助傢配師交貨、驗貨等。 3.協助傢配師文書歸檔作業處理。 4.協助傢配師店務維護。       
14357371,（報到日待定）遠距工作：國際知名電商客服主任（韓文精通）,優倍勢台灣股份有限公司,雙北,新北市,新北市中和區,客服/業務/電商/貿易,電子商務/數位零售,面議,面議,,,1,0,傳統無AI,無,0,1,0,0,本職務為長期居家遠端工作【非博弈、非電話銷售】， 應試者家中或自尋固定辦公地點需有網路，並於辦公期間能保持環境安靜。  【電腦軟硬體設備將於錄取報到後由公司提供】  工作內容： ．確保客服團隊功能正常運作並持續改善提升。 ．定例報表製作和發送。 ．協助團隊處理客訴案件。 ．幫助顧客及客服同仁解決問題。 ．輔導客服同仁及改善績效。 ．管理人員出勤及各項狀態之遵時率。 ．其他主管交辦事項。 ．熟悉Zendesk或各式客服系統尤佳。（可於投遞履歷時說明）  ．需具備 1.＂精通之韓文能力（聽說讀寫）＂。 2.＂中等英文能力（聽說讀寫）＂  -採四週變形工時排班，需配合輪班及排休(視人力狀況排班排休)
6389302,【保障6萬x12個月】，最快1年3個月升店長，高薪由你自己決定！(歡迎轉職/無經驗加入),永慶房產集團_永慶房屋仲介股份有限公司,雙北,新北市,新北市永和區,客服/業務/電商/貿易,文教/補教培訓,40000~75000 (period=0),月薪,40000,75000,0,0,傳統無AI,無,0,0,0,0,"品牌理念《先誠實再成交》  讓誠實從一個人的習慣,到一群人的信仰。 永慶堅持不炒房、不與投機客配合，保障消費者的每一次交易。  在房市信用管制、交易量下滑，永慶逆勢成長、成績一支獨秀， AI技術與數據決策的結合，讓購售屋過程更加便捷、透明、智慧化，全年成交市佔再攀升。  因此，永慶房屋重磅宣布— ［直營展店目標邁向350店］ ［業務新人前12個月，保障每月6萬元］  永慶承諾：《讓你的特質更有價值》 不限科系、無需房仲經驗，誠實、努力、願意學習就是優勢。 我們投資在「人」，讓每個人的特質都能被放大成為職場競爭力。  ※ ６萬月收：業界最高規格保障，首年每月保障6萬元，讓你安心起跑。 ※ １路領"
15318521,新北【媒合管理師】(免開發)社會住宅包租代管｜提供案件資源｜底薪+獎金累積被動式收入,五泰房屋_五泰房屋仲介有限公司,雙北,新北市,新北市五股區,客服/業務/電商/貿易,文教/補教培訓,40000~50000 (period=0),月薪,40000,50000,0,0,傳統無AI,無,0,0,0,0,社會住宅包租代管－媒合管理師 招募中 「想做業務，但不想陌生開發？」 「公司提供案件資源，專心帶看與媒合即可！」  ▶ 台北市｜新北市｜桃園市｜台中市｜苗栗縣｜台南市｜高雄市  無經驗可｜公司提供案件｜免陌生開發｜完整培訓｜保障底薪＋獎金  在五泰房屋，  我們不只是做租賃服務， 而是深耕社會住宅與資產管理超過 30 年的專業團隊。  長期承辦政府社會住宅包租代管專案， 制度成熟、案件穩定、後勤完整。  如果你喜歡與人互動， 但不喜歡陌生開發、掃街拜訪或高壓推銷，  這將是一份能讓你專注在「帶看與媒合服務」的工作。  ---  【工作內容】  (1) 公司提供租屋案件與客戶資源，不需自行開發。
14759638,（報到日待定）遠距工作：知名旅遊平台電話客服主任（具備外語能力佳）,優倍勢台灣股份有限公司,雙北,新北市,新北市中和區,客服/業務/電商/貿易,資訊科技/軟體網路,面議,面議,,,1,0,傳統無AI,無,0,1,0,0,工作內容： ．確保客服團隊功能正常運作並持續改善提升。 ．定例報表製作和發送。 ．協助團隊處理客訴案件。 ．幫助顧客及客服同仁解決問題。 ．輔導客服同仁及改善績效。 ．管理人員出勤及各項狀態之遵時率。 ．其他主管交辦事項。 ．熟悉Zendesk或各式客服系統尤佳。（可於投遞履歷時說明）  ．需具備 1.＂精通之外語能力（聽說讀寫）＂。   -採四週變形工時排班，需配合輪班及排休(視人力狀況排班排休)，輪班(非多段班)，排休天數主要依照當月紅字天數。  -需要有獨立空間並且為固定辦公的地點，網路環境必須為有線網路(網路線)，上傳&下載各別都超過20M以上。   （若無法輪班、有其中幾個班次固定無
7751479,業務助理,億達昇有限公司,雙北,新北市,新北市新莊區,客服/業務/電商/貿易,廣告行銷/公關顧問,33000~45000 (period=0),月薪,33000,45000,0,0,傳統無AI,無,0,0,0,0,1.處理行政庶務事宜，資料統整 2.協助專案執行及業務各項事宜 3.聯繫配合協力廠商，合作通路關係之維繫及客服端。 4.主管交辦事項 5.能配合出差，有專人開車陪同，當天來回居多。 6.公司環境整潔之維護
14398646,客服助理,研騰國際企業股份有限公司,雙北,新北市,新北市汐止區,客服/業務/電商/貿易,其他服務/工商貿易,35000~40000 (period=3),月薪,35000,40000,0,0,傳統無AI,無,0,0,1,0, 1. 輸入、處理並追蹤客戶訂單，並將訂單資料存檔備份。 2. 保持與客戶間之聯繫，回覆e-mail，並確認交貨期。 3. 提供出貨文件，協助業務人員控管出貨，並處理進出口事宜。 4. 定期提供業務銷售狀況報表，以供業務人員或主管參考。 5. 協助業務人員處理銷售業務相關之公司內部行政作業。 6. 協助業務人員整理客戶資料（如：公司基本資料、交易記錄、問題處理狀況）。 7. SGS物料承認上傳系統作業。 8. 進出貨作業(如：貨物盤點、出貨備貨標籤製作)
14525448,土地開發業務,安悅建設股份有限公司,雙北,新北市,新北市三重區,客服/業務/電商/貿易,文教/補教培訓,38000~9999999 (period=0),月薪,38000,38000,0,0,傳統無AI,無,0,0,0,0,"・承攬合作制  ・新人培訓資源  ・收入無上限  ・適合想挑戰高收入者  ・滿3個月留任獎勵60,000元  ・前三個月完成培訓及指定任務者，累計收入最高可達114,000元  ・平均約38,000元/月   福利制度   ※正職同仁享有以下福利※    (一)節慶福利：佳節禮盒、尾牙或春酒 (二)家庭照顧：結婚禮金、生育補助、傷病慰問、眷屬喪葬慰問  (三)學習補助：內部課程講座、考取經紀人証照補助、專業課程補助  (四)幸福職場：員工聚餐、不定時下午茶點心  (五)獎金制度：激勵獎金、績效獎金、獎勵旅遊，生活更多采  公司網址 http://www.shinegroup.com.tw/"
15224496,D台北齊家-新店區-環河路-夜班,齊家公寓大廈管理維護股份有限公司,雙北,新北市,新北市新店區,客服/業務/電商/貿易,其他服務/工商貿易,44000~9999999 (period=0),月薪,44000,44000,0,0,傳統無AI,無,0,0,0,0,1.巡邏建築物與周遭環境，留意可疑線索，確保門窗安全。 2.回應警報器並且調查引起警鈴的原因。 3.保護被保全之人或物的安全。 4.由監視器畫面監看出入份子，以確保建築物安全。 5.給予意圖不良人士或入侵者警告，必要時使用武力。 
12698498,寵物食品通路巡店專員【無相關經驗可｜喜歡跑通路｜34K–42K＋團體獎金｜可帶寵物上班｜毛孩員購超優惠】,極寵有限公司,雙北,新北市,新北市中和區,客服/業務/電商/貿易,其他服務/工商貿易,34000~42000 (period=2),月薪,34000,42000,0,0,傳統無AI,無,0,0,0,0,【這份工作適合你，如果你……】 喜歡到處跑，不喜歡整天坐辦公室，想累積品牌與通路經驗， 這份工作主要是巡查既有經銷通路及寵物門市、維護合作關係  【這份工作，你會做什麼】 -定期巡查經銷通路的商品，檢核陳列方式、庫存數量和促銷標示牌，並拍照回報。 -管理貨架商品，檢查效期，並維護品牌專業形象、紀錄。 -確保商品陳列整潔，並協調擺放最佳貨架位置。 -維護與店家良好的關係，提升通路上架率、銷售量和補貨量。 -進行競爭產品市場調查，包括陳列方式、商品價格和規格，拍照記錄。 -協助處理銷售事務相關之公司內部作業。  【工作型態】 你不需要每天坐在辦公室，而是會實際走進寵物門市、和店家交流，因此需要： 
13111284,【上班好同事，下班不認識】【不佔用私人時間、固定日班、六日/紅字都休假】睡飽飽再上班 ♡ 辦公室純內勤 ♡ 均收月收5~8萬 ♡ 金融單位 ♡ 線上視訊顧問-AnsNP2,展燁國際人事顧問有限公司,雙北,新北市,新北市土城區,客服/業務/電商/貿易,生技/醫療保健,33000~80000 (period=0),月薪,33000,80000,0,0,傳統無AI,無,0,0,0,0,"★★★ 底薪30,000元＋獎金無上限 ★★★ ★★★ 新人平均月收50,000元以上 ★★★  不用陌生開發，公司提供大量客戶名單。 固定日班、純內勤辦公室工作，完整教育訓練與專屬主管陪跑，沒有相關經驗也能安心上手！  【工作內容】 ．透過電話或視訊協助客戶，提供商品諮詢與需求規劃 ．維繫既有客戶關係，公司提供客戶名單，不用自行開發 ．協助客戶了解產品內容及相關服務 ．純內勤辦公室工作，不用外出拜訪、不用日曬雨淋  【工作優勢】 ．公司每月提供大量客戶資源，成交機會更多 ．商品多元，可依客戶需求提供合適方案 ．新人完整教育訓練，專屬主管陪同學習、陪談、陪成交 ．完整獎金制度，努力越多、收入越"
13432494,業務行政專員（不用加班）,睿緻佳科技股份有限公司,雙北,新北市,新北市汐止區,客服/業務/電商/貿易,電子商務/數位零售,38000~9999999 (period=0),月薪,38000,38000,0,0,傳統無AI,無,0,0,0,0,我們正在尋找一位細心、穩定，能協助公司維持日常行政與專案進度運作的同仁。 因為這個職位很重要！希望妳/你  * 細心負責，需具備獨立安排例行工作並維持條理 * 具備良好的進度管理與事項追蹤能力 * 對數字與文件具基本敏感度 * 具基本溝通協調能力與團隊合作精神 * 非高量體工作，工作內容多元，需能靈活切換處理事項  工作內容  1. 協助業務相關行政作業與案件進度追蹤 * 協助文件、資料與訂單相關作業 * 追蹤案件進度並協助內部流程協調 * 與相關窗口保持聯繫，確認作業時程與進度 * 協助主管交辦事項與日常行政支援  2. 行政與帳務協助 * 整理及核對單據資料（送貨單、發票等） * 零用金管
13577911,業務代表(承攬性質，非勞動契約),南山人壽保險股份有限公司_立盛通訊處(瞿仲寬),雙北,新北市,新北市三重區,客服/業務/電商/貿易,廣告行銷/公關顧問,面議,面議,,,1,0,傳統無AI,無,0,0,0,0,1.關於保險業務員報酬部份，係依實際招攬業績(實收保險費)的比例計算，本網頁所顯示待遇部分係因欄位選項受限，故為簡要記載。  招攬保險  2.當各位求職者收到來自於本廣告之聯絡人或承辦人之聯絡訊息時，並不代表南山人壽保險股份有限公司已同意與各位求職者締結任何勞務契約關係。  3.不論各位求職者是否已取得保險業務員資格，以及是否參加南山人壽提供相關訓練，縱已收到本廣告頁面承辦人或聯絡人之通知，然尚未與南山人壽成立任何承攬、委任、勞動、居間或其他勞務契約關係。須待各位求職者取得業務員資格，並待南山人壽執行登錄前盡職調查後，南山人壽始將回覆是否同意登錄申請及締結契約。  4.各位求職者就本職務之應徵
13074224,企業開發專員,好邁商務HOWMAI_好邁跨境搜尋科技有限公司,雙北,新北市,新北市中和區,客服/業務/電商/貿易,文教/補教培訓,34000~58000 (period=0),月薪,34000,58000,0,0,傳統無AI,無,0,0,0,0,"【職務說明】我們協助企業透過網站、SEO 與 AI 搜尋策略，讓更多潛在客戶找到品牌。你將從既有客戶延伸與目標企業邀約出發，進行需求交流、安排拜訪、協助提案並持續追蹤商機。  【工作內容】 •	進行企業邀約與需求交流，安排客戶拜訪並建立長期互動。 •	經營既有客戶的延伸需求，發掘網站、SEO 與數位行銷合作機會。 •	完成客戶訪談、商機紀錄、提案協作與成交後追蹤。 •	使用 雲端資料管理客戶進度，與主管共同檢討案件策略。  【我們期待】願意走進企業、喜歡和人溝通、可主動安排客戶互動；有 B2B、門市、服務業、電銷或業務經驗者佳，無相關經驗但願意實戰學習亦可。  【培訓與薪資】月薪 34,000"
15209868,【未経験・台湾国内の大学を卒業した方歓迎】カスタマーサポート ＆ ECバックエンド業務,民傑資科股份有限公司,雙北,新北市,新北市泰山區,客服/業務/電商/貿易,傳統製造/精密工業,40000~9999999 (period=0),月薪,40000,40000,0,0,傳統無AI,無,0,0,0,0,私たちMaktarは、台湾発のスマートフォン関連機器メーカーです。主力商品であるスマホバックアップアイテム【Qubii】シリーズは、累計販売台数100万台を突破し、近年は特に日本市場での成長が著しく拡大しています。この度、日本市場のさらなる強化に向けて、新たな仲間を募集します。  【業務内容】 1. カスタマーサポート  楽天・Amazon・公式オンラインストアなど各チャネルを通じたお客様からのお問い合わせ対応（メール・チャット） 商品の使い方・トラブルシューティングに関するサポート 返品・交換・注文に関する手続き対応 お客様のフィードバックを収集・整理し、社内へ共有・改善提案  2. ECバ
15396384,《TW Region》Strategic Account Manager – Financial Services Industry (FSI),伊雲谷數位科技股份有限公司,雙北,新北市,新北市三重區,客服/業務/電商/貿易,資訊科技/軟體網路,1000000~9999999 (period=6),年薪折算,74074,740741,0,0,傳統無AI,無,0,0,0,0,"Shape the Future of Financial Services with Cloud, Data & AI.  At eCloudvalley Digital Technology, we help enterprises accelerate digital transformation through cloud, data, AI, cybersecurity, managed services, and enterprise technology solutions.  We are looking for an experienced FSI Strategic Acc"
15109529,專案助理(行政客服),富伯生醫科技股份有限公司,雙北,新北市,新北市三重區,客服/業務/電商/貿易,生技/醫療保健,42000~42000 (period=2),月薪,42000,42000,0,0,傳統無AI,無,0,0,0,0,1. 協助資料檢核並進行彙整與分析。 2. 客服電話接聽及問題回覆。 3. 一般行政工作(含例行會議資料準備與會議記錄彙整等相關工作)。 4. 需支援非常態性出勤，如支援國民健康署駐點工作或實地輔導訪查業務。   
15183360,中和店｜3C門市服務專員(南山威力購物廣場),US3C_優勢科技股份有限公司,雙北,新北市,新北市中和區,客服/業務/電商/貿易,電子商務/數位零售,32000~37000 (period=0),月薪,32000,37000,0,0,傳統無AI,無,0,0,0,0,1. 線上與門市顧客接待與服務，包括回覆問題、產品諮詢、客服與客訴處理及銷售收購作業。  2. 商品的檢測、清潔、陳列、盤點及網路銷售平台維護作業，並處理進出貨管理及文件處理等相關事項。  3. 維護店面與辦公環境的整潔。  4. 其他主管交辦的職務相關工作事項。  ※預計【2026年底新開幕】，前期會先安排到小南門門市到職進行教育訓練
15284824,儲備主管-裕隆城(薪資5萬—5.5萬元),貝里斯商尼尼國際餐飲服務有限公司,雙北,新北市,新北市新店區,客服/業務/電商/貿易,其他服務/工商貿易,50000~55000 (period=3),月薪,50000,55000,0,0,傳統無AI,無,0,0,0,0,本職務每日工時8小時，月休8-10天  工作內容：  1. 外場人員及標準作業操作、流程掌控與指導  2. 顧客關係維護、 各項績效協助達成  3. 執行總部各行銷活動專案、及總部各部門連繫窗口  4. 協調門店夥伴進行規範與溝通  5. 食材成本、貨物管理及人力成本控制 6. 外場標準作業流程SOP規劃執行  *需2年餐飲管理階經驗* 
15171026,Global Sales Executive (Overseas Markets),安費諾亮泰企業股份有限公司,雙北,新北市,新北市土城區,客服/業務/電商/貿易,其他服務/工商貿易,面議,面議,,,1,0,傳統無AI,無,0,0,0,0,"Key Responsibilities • Achieve Sales Targets: Consistently meet or exceed monthly, quarterly, and annual sales goals. • Customer & Distributor Management: Build and maintain strong relationships with overseas customers, distributors, and partners. • New Market Development: Identify and engage potent"
15168800,精品鑑定師 / 日商企業 / 日語【蘆洲店（徐匯中学站）】,台灣伊夫蘭股份有限公司,雙北,新北市,新北市蘆洲區,客服/業務/電商/貿易,電子商務/數位零售,55000~100000 (period=0),月薪,55000,100000,0,0,傳統無AI,無,0,1,0,0,"我們是來自日本的「OTAKARAYA」（おたからや），是一家專門從事名牌包、名錶、貴金屬及珠寶等收購與銷售的企業。目前在日本國內擁有業界頂尖的 1,950 家店鋪。  基於大眾對永續發展的關注，二手回收市場在全球正經歷急劇的成長。其中，本公司在2025年創下約198億台幣的營業額，2026年更突破400億台幣，自創業以來已連續27期保持成長。  目前我們不僅在日本，更在香港、新加坡、台灣、印尼、泰國等地開設了多家分店。未來也將持續在澳洲及歐洲等地穩步增加店鋪數量，不斷擴大業務規模。  這次我們將招募在位於""蘆洲店（新北市蘆洲區中山一路40號）""的店鋪工作的員工。  【工作內容】 ・親切款待蒞臨"
14629457,通路營運管理師,晶澈科技股份有限公司_晶碩光學集團,雙北,新北市,新北市新莊區,客服/業務/電商/貿易,資訊科技/軟體網路,35000~55000 (period=3),月薪,35000,55000,0,0,傳統無AI,無,0,0,0,0,• 客戶例行性訂單處理及出貨安排 • 客戶帳務處理 • 進、撤櫃安排及追蹤確認 • 通路庫存追蹤 • 相關業務報表製作 • 現有客戶之郵件往返 • 完成主管交代事宜 • 客訴問題整理與提出、退換貨 • 通路商品更換時程安排  
15047508,【正職】GU門市人員(Mitsui台南商場店)-R00000004168495,GU台灣_台灣極優服飾有限公司,雙北,新北市,新北市板橋區,客服/業務/電商/貿易,電子商務/數位零售,37000~37000 (period=0),月薪,37000,37000,0,0,傳統無AI,無,0,0,0,0,★ GU邀請您一起享受時尚、自由穿搭，Let's Fashion Your Life ★  想從事時尚工作卻擔心專業不足? --0經驗也OK！我們有完整育成計畫與配屬培訓員制度!  想從事服務業卻害怕未來沒有發展性?  -GU 提供完整的職涯發展路徑，每三個月就有一次升遷調薪機會  想快速晉升至管理階層嗎? 想體驗海外工作嗎?  -資深夥伴每半年有一次可晉升店長候補的機會，店長候補每半年可透過考核體制，即可成為店長! -透過內部徵選亦有機會派駐海外或是調動至總部工作。  【工作介紹】 ★顧客服務、商品介紹及銷售 ★顧客接待、收銀台與試衣間應對 ★商品進貨、銷售及庫存管理 ★商品包裝、陳列及促銷
13810221,客服內勤專員,慎康企業股份有限公司,雙北,新北市,新北市新店區,客服/業務/電商/貿易,其他服務/工商貿易,38000~42000 (period=6),月薪,38000,42000,0,0,傳統無AI,無,0,0,0,0,【我們在找會說話的你│客服專員】 如果你熱愛幫助人、說話有溫度、喜歡把複雜的事情變簡單—— 你就是我們在找的夥伴！  你需要具備的特質： 良好的溝通技巧、細心與耐心的服務態度 有處理客訴經驗，能以冷靜應對各種情境 能理解技術問題並與工程團隊有效協作  工作內容： 回覆LINE與平台訊息、訂單處理、協助客戶解決問題、零件管理  
14888009,保險業務人員,國泰人壽保險股份有限公司_永和通訊處(張偉楷)(認證編號：20251021A80009),雙北,新北市,新北市中和區,客服/業務/電商/貿易,文教/補教培訓,196~196 (period=0),時薪折算,31360,31360,0,0,傳統無AI,無,0,0,0,0,誠摯歡迎具備企圖心、勇於挑戰高薪、願意努⼒與付出的您，一同從事壽產 險推銷及組織團隊管理工作，打造卓越職涯。  1. 服務熱忱：以專業態度持續服務既有保⼾，建立長期、穩定互信關係。  2. 追求高收入：公司提供具競爭⼒的獎酬機制，歡迎對高績效、高報酬具 強烈企圖心的您加入，挑戰目標。  3. 學習熱忱：公司提供完整且系統化的教育訓練課程，讓您快速掌握保險 專業與行銷能⼒。  4. 認真踏實：透過「需求分析」與「風險規劃」協助客⼾打造最適合的保 障組合。  5. 工作內容屬業務招攬性質，實際薪酬依業務行銷績效按件核發各項非固 定之工作獎金、津貼與獎金等保險承攬報酬。  6. 另就部分工時之工作，
15148341,業務補貨外勤人員,佐賀野人企業社,雙北,新北市,新北市樹林區,客服/業務/電商/貿易,電子商務/數位零售,40000~65000 (period=0),月薪,40000,65000,0,0,傳統無AI,無,0,0,0,0,對業務有興趣與熱忱 可獨立做業 善於溝通表達 兼職可～
15318906,【新北】美妝開發業務 Business Development (保障薪資+高抽成),凱爾氏有限公司,雙北,新北市,新北市五股區,客服/業務/電商/貿易,其他服務/工商貿易,40000~80000 (period=0),月薪,40000,80000,0,0,傳統無AI,無,0,0,0,0,如果你對時尚新創產業充滿興趣 熱愛化妝、美妝保養品 樂於與人溝通分享，充滿創意 歡迎對以下工作內容有興趣的你，加入我們的團隊！  【職務介紹】 一、工作內容 1.拓展潛在客戶群，推廣品牌美妝保養產品。 2.客戶維繫及訂單處理，後續相關之售後服務。 3.提供客戶專業建議，協助其進行銷售、規劃等，提高品牌曝光與銷售。 4.與客戶進行產品解說，建立長期合作關係。  二、我們正在找這樣的你/妳 1. 具備獨立作業能力，展現執行力與自律能力 2. 具備良好溝通談判技巧及靈活應變能力 3. 具業務、銷售工作經驗者尤佳  三、薪資結構: 底薪+業績獎金
15293345,五行飯堂 新店裕隆城-櫃位服務人員,艺禾有限公司,雙北,新北市,新北市新店區,客服/業務/電商/貿易,文教/補教培訓,39000~45000 (period=0),月薪,39000,45000,0,0,傳統無AI,無,0,0,0,0,【工作內容】 負責顧客點餐、收銀及結帳 製作肉燥飯套餐、炸物及各式飲品 餐點包裝、擺盤及出餐 備料、補貨及食材管理 維持工作區域及設備清潔 提供親切的顧客服務 配合主管交辦事項   【五行飯堂】以台灣最具代表性的肉燥飯為核心，結合創新湯品、精選小菜及炸物飲品，打造兼具美味、效率與高品質的新台味品牌。 我們相信，一碗簡單的肉燥飯，也能透過不同風味的搭配，展現豐富層次，讓每位顧客都能找到屬於自己的經典口味，享受更多元的台式飲食體驗。 不只是販售一份餐點，更希望讓忙碌的上班族、學生與家庭客，在百貨美食街也能快速享用一份兼具美味、品質與飽足感的套餐，若你也跟我們環抱餐飲熱誠與理念，歡迎加入！  我們重
11507658,台北土地開發(新北桃園史上最大千億土地商機高專業務),和星開發有限公司,雙北,新北市,新北市新莊區,客服/業務/電商/貿易,文教/補教培訓,面議,面議,,,1,0,傳統無AI,無,0,0,0,0,工作內容： 整體開發區 市地重劃辦理 區段徵收 建地農地買賣 1.土地買賣整合仲介服務，負責開發不動產的買方及賣方或租賃雙方，促成雙方交易達成。 2.土地整合開發。 3.道路用地、公共設施保留地、歷史建築、容積移轉買賣。 4.區段徵收，市地重劃農地買賣。 5.提供區段徵收抽籤配地客戶諮詢服務。 6.為客戶提供土地開發、合建規劃諮詢服務。 7.客戶委託建築興建工程。  #部門分工#減輕業務繁重工作，提升業務效率。 #專業培訓#紮實訓練上手快速，比起同業更優秀。 #獎金制度#只要你肯努力，會讓你比在同業獲得更多。 #資源共享#團隊資源公開透明，不因資歷綁手綁腳。 #具備以下特質，優先入取# 1. 
15333602,業務高階主管 / 業務處處長,金橋科技股份有限公司,雙北,新北市,新北市深坑區,客服/業務/電商/貿易,資訊科技/軟體網路,面議,面議,,,1,0,傳統無AI,無,0,0,0,0,1.連接器／線相關銷售經驗15年以上。 2.負責制定和實施戰略計劃，推動公司業務發展和增長。 3.負責年度營運計劃策略訂立與執行，營業績效追蹤及檢討。 4.了解產業市場變化，分析市場趨勢和競爭環境，提出有效的市場推廣策略。 5.良好的溝通能力及EQ管理，領導團隊，指導和培養下屬，確保團隊目標的完成。 6.規劃及審核公司各項業務管理制度，以符合經營管理之需求。 7.營銷策略規劃，協助市場開發與業績達成，後續分析與檢討。 8.參與重要的客戶開發、拜訪、談判和業務合作，擴大客戶基礎。
15405734,業務助,浩軒股份有限公司,雙北,新北市,新北市新莊區,客服/業務/電商/貿易,電子商務/數位零售,38000~40000 (period=0),月薪,38000,40000,0,0,傳統無AI,無,0,0,0,0,【工作內容】  1. 訂單處理： 負責訂單打單、系統轉單作業。 2. 報表彙整： 出退貨進度追蹤及各類相關統計報表製作。 3. 客訴處理： 協調並解決出退貨過程中的異常爭議與客戶回饋。 4. 帳務處理： 協助核對出退貨相關帳務資訊，確保帳務相符。  【其他】 1. 具備電商平台或流通業(百貨業、連鎖3C/量販賣場)出退貨作業經驗者優。 2. 鼎新ERP、BI系統使用經驗尤佳。 3. 反應靈敏，能快速應變多變的訂單狀況。  #熟悉出退貨 #熟悉訂單作業
15244538,【SUBWAY潛艇堡】正職夥伴_新北汐止遠雄U-TOWN(35-40K),SUBWAY  TAIWAN_耶洛投資股份有限公司,雙北,新北市,新北市汐止區,客服/業務/電商/貿易,資訊科技/軟體網路,35000~40000 (period=0),月薪,35000,40000,0,0,傳統無AI,無,0,0,0,0,全新展店、全新商業模式 運用科技、減少勞力，更聰明/有效率的營運！  \ 用最少的勞力，領最多的獎金/  1. 營運相關事務  a.潛艇堡及其他產品調製，準備食材及前置作業。  b.確保食品與環境之衛生管理。  c.製作簡易飲料。    d.結帳與收銀，整理現金收據。    e.維護工作環境。    f.定期盤點飲料與食材。    g.配合店內排班。  2.活潑開朗，喜歡與人互動。 3.工作單純 4.歡迎對餐飲服務業具高度熱忱的夥伴加入SUBWAY  與我們一起成長茁壯!!
15403601,關務人員,新巨企業股份有限公司,雙北,新北市,新北市五股區,客服/業務/電商/貿易,傳統製造/精密工業,36000~40000 (period=2),月薪,36000,40000,0,0,傳統無AI,無,0,0,1,0,1.進出口報關作業。 2.空運航班安排。 3.海運航班Booking。 4.快遞物流作業。 5.費用請款。 6.異常處理。
15404976,行政助理,特耀餐飲服務股份有限公司,雙北,新北市,新北市五股區,客服/業務/電商/貿易,生技/醫療保健,34000~38000 (period=0),月薪,34000,38000,0,0,傳統無AI,無,0,1,0,0,1. 依公司需求或主管指示，協助商品採購及下單 2. 協助進貨核對工作 3. 處理帳單月結作業/應收帳款核對 4. 採購文書處理（報表製作及整理等） 5. 電話接聽 6. 其他主管交辦事項  皆提供妥善入職訓練，專人帶領認識工作內容 具有英文能力尤佳!  ==========================================  【Work Hard】加入 特耀，享受五星級公司福利！  《優質交通與工作環境》 ▸ 鄰近捷運新北產業園區站，出站YouBike 4分鐘即到公司 ▸ 採光明亮、風景優美、開放式辦公空間，打造高效又舒適的工作環境 ▸ 高級人體工學椅 + 24 吋大螢幕 ▸ 
13371976,國貿業務人員,耀瀚股份有限公司,雙北,新北市,新北市新莊區,客服/業務/電商/貿易,傳統製造/精密工業,38000~9999999 (period=0),月薪,38000,38000,0,0,傳統無AI,無,0,1,1,0,"1.英文聽說讀寫流利 2.有國貿業務實務經驗佳 3.與國外客戶進行英文書信及溝通聯繫 4.製作報價單,訂單及出貨資料 5.向供應商詢價 6.追蹤訂單、出貨及帳款進度  www.yaohan.com.tw 可以先上我司網站,了解我們的產品"
14105281,1996內政服務熱線電話客服(板橋)-約聘*無需銷售*,遠欣股份有限公司,雙北,新北市,新北市板橋區,客服/業務/電商/貿易,其他服務/工商貿易,31000~31000 (period=2),月薪,31000,31000,0,0,傳統無AI,無,0,0,0,0,~我們的聘僱完全符合勞基法，工作雖忙但充實，讓你感受到職場的成就感與保障。~  「內政業務諮詢」窗口不用找，「1996內政服務熱線」為您整合好！ 全國內政業務繁多，如人口、土地、人民團體、宗教、殯葬、地方制度等包羅萬象，您是否常覺得找不到窗口，不知道要問誰呢? 1996內政服務熱線，就是幫您找答案的好幫手! 我們彙整了內政業務服務內容，與民眾息息相關的熱門問答資料庫，只要您撥打1996，接線人員將耐心瞭解並提供諮詢，或為您找到合適窗口，幫您找到解答!  該職務初期為約聘，公司提供轉接評估通制，表現優異者有機會轉正，歡迎您來挑戰！  主要工作： 1. 內政業務諮詢服務：提供一般性及活動事件之內政
11929424,不動產營業員【全國不動產 板橋加盟店】,全國不動產板橋加盟店_非凡不動產有限公司,雙北,新北市,新北市板橋區,客服/業務/電商/貿易,文教/補教培訓,40000~55000 (period=0),月薪,40000,55000,0,0,傳統無AI,無,0,0,0,0,1.提供搜尋及銷售不動產(房屋)訊息及服務之業務人員          2.協助客戶瞭解銷售條款或出租事宜          3.收集或獲得有關銷售及租賃房屋之資料，並預測買主及租賃者之需求          4.安排買賣雙方簽訂租賃同意契約及財產轉移權利          5.針對客源進行電話行銷與客戶經營開發銷售          6.不動產市場(房屋及土地)開發與買賣仲介及服務    發展願景  員工旅遊、員工教育訓練、不定時間聚餐、業務享有年終獎金分配制          ◎公司提供:所有的個人或公司的廣告品完全免費◎          1.完整的同仁晉升制度          2.完
11804404,商品管理出貨及客服人員,其實有限公司,雙北,新北市,新北市中和區,客服/業務/電商/貿易,電子商務/數位零售,32000~38000 (period=2),月薪,32000,38000,0,0,傳統無AI,無,0,0,0,0,【工作內容】 其實日系選物為一間有質感的電子商務選物店，代理數十個日本品牌，販售大人與小朋友的服飾與生活雜貨。若你對電商、客服、物流出貨有熱忱，歡迎加入！  主要工作內容如下： 1.少量到貨點貨、倉儲進貨單、 進系統配貨、撿貨包裝與每日出貨處理 2.客服訊息處理（LINE@／平台客服）、電話應答（催款、換貨、斷貨等） 3.行政表單登錄：採購單、退換貨登記、出貨回報等 4.協助直播前置：服裝熨燙、現場商品整理，如不怕生亦可協助直播露臉（加分） 5.支援採購後勤事務（如送洗／送修） 6.維持出貨環境整潔（倒垃圾、澆花、清掃） 7.必要時配合晚間直播或出貨加班（依法給付）  【工作時間】 上班時間：
14905417,業務助理,翰呈營造有限公司,雙北,新北市,新北市永和區,客服/業務/電商/貿易,其他服務/工商貿易,50000~80000 (period=2),月薪,50000,80000,0,0,傳統無AI,無,0,0,1,0,1. 輸入、處理並追蹤客戶訂單，並將訂單資料存檔備份。  2. 保持與客戶間之聯繫，回覆e-mail，並確認交貨期。  3. 提供出貨文件，協助業務人員控管出貨，並處理進出口事宜。  4. 定期提供業務銷售狀況報表，以供業務人員或主管參考。  5. 協助業務人員處理銷售業務相關之公司內部行政作業。  6. 協助業務人員整理客戶資料（如：公司基本資料、交易記錄、問題處理狀況）。  7. PPT.Excel.Word. 簡易使用官方Line功能  8.需要有水電.防水抓漏經驗背景  
12662519,Customer Service (APAC) 亞洲客戶服務,美商爵斯儀器配裝系統股份有限公司台灣分公司,雙北,新北市,新北市五股區,客服/業務/電商/貿易,生技/醫療保健,35000~45000 (period=0),月薪,35000,45000,0,0,傳統無AI,無,0,0,0,0,"工作責任： • 負責管理、支持和服務客戶訂單 • 在 ERP 系統中輸入銷售訂單和預測 • 在 ERP 和 CRM 數據庫中輸入和維護某些數據。 • 處理業助相關工作  • 輸入客戶反饋  Job Duties: • Responsible for managing, supporting, and servicing customer orders • Entering Sales Orders and forecast in ERP system • Enter and maintain certain data in ERP and CRM databases. • Manage sal"
13249509,正職人員(板橋重慶店),茶湯會股份有限公司,雙北,新北市,新北市板橋區,客服/業務/電商/貿易,其他服務/工商貿易,35000~45000 (period=0),月薪,35000,45000,0,0,傳統無AI,無,0,0,0,0,1.吧台調茶、櫃檯收銀、外送服務  2.具機車駕照  3.有無經驗均可  4.排休
15091020,【TOYSELECT】桃園│環球A8│ 百貨門市銷售顧問,TOYSELECT＿紐萊賜有限公司,雙北,新北市,新北市林口區,客服/業務/電商/貿易,資訊科技/軟體網路,35000~50000 (period=0),月薪,35000,50000,0,0,傳統無AI,無,0,0,0,0,☀歡迎加入TOYSELECT｜你就是我們要找的人！  你喜歡手機配件、設計小物、藝人及IP聯名嗎？  TOYSELECT 是來自台灣的 3C 品牌，與多位藝人、知名IP聯名合作，會員數突破 50萬人，多項品牌支線蓬勃發展中。  我們不只賣3C，更是創造一種：「為平凡生活注入不凡靈感」的生活風格！  ▶【我們提供的不只是工作，是你的成就舞台】 1. 多元獎金制度：本薪 + 全勤 + 個人業績 + 團體達標 + 特別競賽獎金 2. 不定期激勵活動，讓你邊挑戰邊加薪！  ▶【彈性排班．生活工作自由兼顧】 1. 每月休假 9～11 天，彈性排班，生活不受限 2. 多元班別選擇，配合度高，彈性更升級！ 
14933336,【再睡5分鐘-樂華店】 營運儲備幹部｜一起把台灣的療癒茶飲帶向全世界,再睡5分鐘_躺著喝股份有限公司,雙北,新北市,新北市永和區,客服/業務/電商/貿易,生技/醫療保健,31500~35500 (period=2),月薪,31500,35500,0,0,傳統無AI,無,0,0,0,0,你不只是來賣飲料。  你將學習如何經營一間店、帶領一個團隊，甚至未來成為品牌展店的重要推手。  再睡5分鐘持續拓展海內外市場，我們正在尋找願意學習、勇於挑戰、渴望成長的你，一起加入Napper團隊。  【你將學到】  ✔ 門市經營與營運管理  ✔ 團隊帶領與人員培育  ✔ 成本控管與數據分析  ✔ 顧客服務與危機處理  ✔ 品牌展店與營運規劃  從第一線營運開始，逐步培養成為獨當一面的管理人才。  【工作內容】  - 門市營運管理與業績達成 - 人員排班、教育訓練及團隊帶領 - 商品品質與服務流程管理 - 顧客關係維護與客訴處理 - 營運數據分析與改善提案 - 執行公司營運策略與專案推動 - 
15393561,客戶服務專員,台灣冠庭國際物流股份有限公司,雙北,新北市,新北市五股區,客服/業務/電商/貿易,其他服務/工商貿易,38000~43000 (period=3),月薪,38000,43000,0,0,傳統無AI,無,0,1,1,0,職務說明： 1. 負責處理客戶日常查詢、訂單跟進及客戶服務相關事宜。 2. 協助安排及跟進國際快遞、郵政及物流服務與營運團隊的協調工作，確保服務順利執行。 3. 處理客戶異常案件、查件、索賠及相關問題跟進。 4. 協助製作及整理客戶服務報表、出貨報表及營運數據。 5. 支援客戶核對帳務，定期結算客戶費用，並協助整理相關資料供財務開立發票。 6. 協助制定及維護 SOP、工作指引 (WI) 及相關作業流程文件。 7. 協助新客戶導入及跨部門專案執行。 8. 配合主管安排支援其他客服相關及其他工作。  任職要求： 1. 大專或以上學歷，物流、供應鏈管理、國際貿易、企業管理或相關科系為佳。 2. 具
11995233,CONI銷售顧問【頂溪門市】 保障薪資32000~36000,富昱國際企業股份有限公司,雙北,新北市,新北市永和區,客服/業務/電商/貿易,電子商務/數位零售,29500~100000 (period=0),月薪,29500,100000,0,0,傳統無AI,無,0,0,0,0,"★關於 CONI 康倪★ 我們正在尋找在市場上閃耀光芒的你！ 斥資百萬提供完善數位教育中心，模擬互動訓練及遠端線上即時教學，協助新人快速專業提升 全方位人才培訓，商品專業、銷售技巧、社群操作教學，豐富教育資源  ◆榮譽- 康倪尋找在市場閃耀光芒的你  ◆努力- 康倪尋找挑戰年薪百萬的你 ◆創新- 康倪尋找有獨特銷售技能的你  無論你是毫無經驗的保養愛好者，還是想挑戰年薪百萬的銷售高手， 我們透明的升遷制度與豐富的教育資源，都將成為你最強大的後盾。 下一位百萬、千萬銷售人才，就是你！  挑戰月入 3-10 萬 新人保障：到職前三個月保障薪資 $32,000~ $36,000，讓你能安心學習、紮穩"
6535181,業務人員 (新北 寵物二組),三怡水族寵物用品有限公司,雙北,新北市,新北市三重區,客服/業務/電商/貿易,其他服務/工商貿易,40000~85000 (period=2),月薪,40000,85000,0,0,傳統無AI,無,0,0,0,0,1.商品推廣，產品介紹。 2.業務推展與業績目標達成，說明公司各項方案。 3.負責區域內店家、賣場之銷售及服務。 4.新客戶開發及市場之拓展。 5.蒐集與回報市場動態、客戶與競品之情報。 6.應收帳款回收。  公司地址:台北市，(此職務工作地點在新北市)
7136792,佐丹奴GIORDANO蘆洲佳瑪-早班/晚班/假日班兼職人員,佐丹奴 GIORDANO_香港商捷時海外貿易有限公司台灣分公司,雙北,新北市,新北市蘆洲區,客服/業務/電商/貿易,其他服務/工商貿易,210~9999999 (period=0),時薪折算,33600,33600,0,0,傳統無AI,無,0,0,0,0,【工作內容】 ・商品銷售與介紹 ・顧客服務（諮詢、調貨、退換貨等） ・商品進貨與庫存管理 ・商品陳列與檔期執行 ・維持門市環境整潔  【需求條件】 ・具服務熱忱，喜歡與人互動 ・個性活潑開朗，具責任感及團隊合作精神  【職缺亮點】 ⭐ 早班／晚班／假日須配合輪班 ⭐ 長期工讀，短期工讀勿試 ⭐ 通過試用期後享有業績獎金，銷售表現越好，獎金越高！  
12871221,進出口管理專員,紳泰科技股份有限公司,雙北,新北市,新北市林口區,客服/業務/電商/貿易,傳統製造/精密工業,36000~45000 (period=4),月薪,36000,45000,0,0,傳統無AI,無,0,1,1,0,我們是 POS／智慧商用終端設備製造商，產品出口至韓國、日本、美國、歐洲、印度等海外市場，部分物料亦涉及進口作業。  我們希望找一位能獨立掌握進出口物流流程的夥伴，從出貨、文件、報關、運輸安排到貨況追蹤，與倉庫、報關行、Forwarder 及海外合作夥伴協作，確保貨物順利完成交付。  【主要工作內容】 1. 進出口運輸安排、船／航班確認及貨況追蹤 2. Invoice、Packing List、報關文件製作及報關單確認 3. 進出口運費估算、比價、請款及相關費用核對 4. 運輸保險投保及理賠相關作業 5. 三角貿易相關文件及運輸安排 6. 與倉庫協調出貨、裝箱及包裝，確認文件與實際貨況一致 7
15320818,賣場工讀(新北泰山),宇進實業股份有限公司,雙北,新北市,新北市泰山區,客服/業務/電商/貿易,傳統製造/精密工業,220~220 (period=0),時薪折算,35200,35200,0,0,傳統無AI,無,0,0,0,0,1.大台北地區各大賣場商品陳列 2.商品維護 3.庫存管理 4.加強服務品質 5.其他主管交辦事項  商化人員是一個關鍵的職位，負責賣場商品陳列、銷售管理和庫存管理等工作。這個職位對於公司的營運至關重要，因為它直接影響到公司的銷售業績和品牌形象。此外，商化人員還有很大的發展空間，可以通過不斷學習和提升自己的技能，晉升為更高級別的職位。 歡迎您加入！
9128178,【國家地理】-(台北)倉管人員,力新國際文化事業股份有限公司,雙北,新北市,新北市中和區,客服/業務/電商/貿易,電子商務/數位零售,32000~35000 (period=0),月薪,32000,35000,0,0,傳統無AI,無,0,0,0,0,我們正在尋找細心、有條理且具備高度責任感的【倉管人員】。 在業務快速拓展的環境中，您將負責精準掌控庫存、高效完成出貨與物料調度，成為前線業務最堅實的後盾！  力新文化邀請您的加入，與我們一起躍動於未來！   【工作內容】 :   1.訂單撿貨、包裝、寄貨等事宜	 2.協助貨品進出、調動庫存管理 (需搬重物) 3.處理進銷存系統	、定期提供商品庫存狀況報表及盤點 4.協助業務人員處理銷售業務相關之公司內部行政作業 5.公司貨品郵務收發及環境整潔維護 6.電話接聽及應對 7.協助處理臨時性交辦事項
15406744,門市營運人員,北海創生發展有限公司,雙北,新北市,新北市金山區,客服/業務/電商/貿易,電子商務/數位零售,32000~36000 (period=2),月薪,32000,36000,0,0,傳統無AI,無,0,0,0,0,工作地點：新北市萬里區 大鵬足湯公園  工作內容  一、門市營運（主要）  門市開店與關店、收銀結帳、每天的營業結算 準備與販售飲品和輕食 地方選品上架、陳列、盤點與補貨 接待遊客、介紹足湯與煮蛋池，簡單導覽大鵬周邊 維持場域環境整潔，巡查足湯池與煮蛋池 經營社群，拍攝並發布現場照片與日常動態  二、公司專案支援  支援專案活動、市集的現場執行 其他主管交辦的專案行政與協調工作 持有普通小型車駕照，能獨立開車 喜歡跟人接觸，服務態度親切，反應靈活 能配合輪班、通勤到萬里大鵬沒有問題  
13566094,運籌CSR專員,信錦企業股份有限公司,雙北,新北市,新北市中和區,客服/業務/電商/貿易,傳統製造/精密工業,36000~42000 (period=2),月薪,36000,42000,0,0,傳統無AI,無,0,0,1,0,1.訂單登打、出貨排程處理、提供出貨文件、處理進出口事宜。 2.應收帳款及應付帳款核對及請款。 3.公司及客戶系統操作。 4.保持與客戶間之聯繫，回覆mail並確認交貨期。 5.協助處理業務相關之公司內部行政作業。 6.其他主管交辦事項。
15398470,租賃專員,崇利建設股份有限公司,雙北,新北市,新北市蘆洲區,客服/業務/電商/貿易,其他服務/工商貿易,43000~9999999 (period=4),月薪,43000,43000,0,0,傳統無AI,無,0,0,0,0,1.處理租賃事務，包括招租、簽訂租約、續約及終止租約、公證相關程序。 2.與租戶溝通協調，協助解決租賃過程中的問題。 3.管理租金收取，催繳租金，並維持租金收入穩定。 4.整理租戶營業報表及相關資料。 5.屋況評估及確認、承租帶看、資格條件審查 6.負責管理費收支作業、報表整理及繳費通知等相關作業。 7.負責請款、費用代收、發票、零用金管理及財會帳目報表製作。 8.其他行政事務及主管交辦事項處理  ※ 薪資將依學經歷及工作能力面議。
12028846,(長期工讀)坐辦公室的行政助理(可配合學校實習),京東實業有限公司,雙北,新北市,新北市板橋區,客服/業務/電商/貿易,電子商務/數位零售,200~9999999 (period=2),時薪折算,32000,32000,0,0,傳統無AI,無,0,0,0,0,"大致上的工作內容如下:  1.接聽客戶電話報價 2.商品進出貨打單及上架 3.電話拜訪客戶 4.手機售後服務 5.Line回覆客戶報價 6.每日貨款結算 7.需配合區域輪調(西門町及板橋) 8.電腦打字需要快,能即時回覆客戶報價 9.協助電商平台打單包貨  服務客戶對象為通訊行,不會接觸到一般消費者,都在office裡面辦公無須外出 如果您不喜歡在朝九晚五的車陣中塞車,上下班尖峰時間人擠人的捷運 我們的上班時間為 12:00-20:30   (可配合學校實習合約取得學分) "
13497456,ɴᴘ ♡ 新北 ♡ 睡飽飽~中午才上班~無經驗可 ♡ 遠傳電信．企業正職(非派遣)．直營門市專員．新人均薪42k↑-Ans_NP1,展燁國際人事顧問有限公司,雙北,新北市,新北市中和區,客服/業務/電商/貿易,其他服務/工商貿易,32000~65000 (period=0),月薪,32000,65000,0,0,傳統無AI,無,0,0,0,0,"❤️全台三大電信集團~只有【遠傳電信】➜錄取就是企業正職 ❤️新人結訓再加發結訓獎金7,000元 ❤️法定義務－員工勞保、健保 、6％勞退提撥 ❤️順暢升遷管道➜銷售服務專員、資深銷售服務專員、儲備幹部、店長、區經理 ❤️全省有門市➜多區招募！錄取後依居住區為主要參考分配  ⭐工作內容⭐ (1) 負責接待顧客與提供需求服務 (2) 各項電信相關產品介紹與銷售 (3) 協助店務管理(商品、現金、庫存…等)  ⭐薪資待遇⭐ ➜ 底薪31,000元(保障不倒扣) ➜ 獎金(平均月獎金7,000元~12,000元以上) ➜ 依公司規範完成新人訓練，通過考核，加發新人結訓獎金7,000元 ➜ 新人下店組"
14812448,計時人員,達標實業有限公司,雙北,新北市,新北市汐止區,客服/業務/電商/貿易,傳統製造/精密工業,196~210 (period=0),時薪折算,31360,33600,0,0,傳統無AI,無,0,0,0,0,"Key訂單、包裝加工與出貨、行政庶務與其他客服工作。 ■ 訂單管理 收到客戶訂單,逐筆與客戶確認品項、數量與交期。 於公司系統建立銷售訂單。 ■ 帳務與發票 開立二聯式發票、核對客戶帳款。 ■ 出貨與物流 協助商品出貨作業，需搬貨物，聯絡宅急便及其他貨運公司安排收送件。 ■ 一般行政 信件寄送、來訪客戶接待。"
13972671,汐科車站3分鐘【六日不加班高薪近65K】【可日領2880周領11520】【免費交通車可搭】手錶組包裝  #ML21,美商康彼斯有限公司台灣分公司,雙北,新北市,新北市汐止區,客服/業務/電商/貿易,其他服務/工商貿易,53980~65000 (period=0),月薪,53980,65000,0,0,傳統無AI,無,0,0,0,0,☀️日班可達53980 夜班可達63368 ☀️見紅休(六日不加班) ☀️夜班隔天下夜 ☀️可日領2880  ㊣ 產業類別：電子大廠  ㊣ 工作內容：(導航/手錶)組裝、品檢、包裝  ❤️上班時間： 日班 08:00-17:00（固定加班2h，從17:30-19:30） 夜班 20:00-05:00（固定加班2h，從05:30-07:30）  ❤️薪資福利： 日班時薪230，平均領薪53980 夜班時薪270，平均領薪63368  ❤️休假制度：周休二日見紅休 (六日不加班)  ❤️供餐說明：免費供兩餐  ❤️工作條件：久站/久坐、無塵服/靜電衣(依部門分配)  ❤️工作地點：汐止區樟樹二路(
10546679,【誠品書店-林口店】圖書管理專員,誠品股份有限公司,雙北,新北市,新北市林口區,客服/業務/電商/貿易,其他服務/工商貿易,32000~9999999 (period=0),月薪,32000,32000,0,0,傳統無AI,無,0,0,0,0,我們在尋找親切、具服務熱忱、喜歡與讀者分享閱讀和生活中美好事物的夥伴。 加入誠品，讓完善人才培育計畫伴您精進茁壯，在服務中學習成長。  § 用閱讀重新詮釋生命中的美好 §  歡迎熱愛閱讀、喜好各類書籍的您，加入圖書管理專員的行列 1.負責商品及圖書區經營。 2.喜愛並主動服務(尋找商品，給予建議，訂購及收銀結帳服務)。 3.商品上架組合調整及掌握銷售狀況。 4.關心文化潮流趨勢，具備銷售創意與目標企圖。
15400414,【富山集團】檀香門市人員-樹林店,富山香堂企業有限公司,雙北,新北市,新北市樹林區,客服/業務/電商/貿易,電子商務/數位零售,36000~37500 (period=0),月薪,36000,37500,0,0,傳統無AI,無,0,0,0,0,*月休十天，採輪休制(二休一)，營業時間08:30~21:30 工作內容 1.負責銷售、收銀門市商品  2.提供顧客之接待與需求服務（如：電話諮詢、調貨、及退換貨處理）  3.協助商品進貨入庫、銷售管理及庫存管理  4.協助商品陳列及節慶換檔工作  5.協助店長處理門市事務  6.維持店內的整潔  ※門市人員會因工作需要在臨近門市作調店支援的需求！ ※升遷管道正常，幫助學習零售業門市所有流程及作業，協助個人生涯規畫及發展。 
14359269,♡ 【13:30分水嶺】♡ 睡飽再上班 ♡早／晚班任選｜半天班｜視訊e顧問｜均薪3萬↑-AnsNP_PT,展燁國際人事顧問有限公司,雙北,新北市,新北市板橋區,客服/業務/電商/貿易,生技/醫療保健,16000~40000 (period=0),月薪,16000,40000,0,0,傳統無AI,無,0,0,0,0,★★★ 固定半日班｜保障底薪 ★★★ ★★★ 週休二日｜見紅就休｜無經驗可培訓 ★★★  想兼顧工作、家庭或課業嗎？ 固定半日班、不用輪班，公司提供完整教育訓練，沒有相關經驗也歡迎加入！  【工作內容】 ．透過電話或視訊協助客戶，提供商品諮詢與需求規劃 ．維繫既有客戶關係，公司提供客戶名單，不用自己找客戶 ．純內勤辦公室工作，不用外出跑業務、不用日曬雨淋  【工作優勢】 ．公司每月提供大量客戶資源，不用陌生開發 ．商品完整多元，可依客戶需求提供適合方案 ．完整新人培訓，專屬老師陪同學習，沒有經驗也能快速上手 ．透明獎金制度，努力越多、收入越高  【上班時間】（固定時段，任選一） ✔ 上午班：0
15311617,總公司-業務助理,繁葵實業股份有限公司,雙北,新北市,新北市新店區,客服/業務/電商/貿易,生技/醫療保健,38000~9999999 (period=4),月薪,38000,38000,0,0,傳統無AI,無,0,0,1,0,1.協助業務處理客戶訂單 2.聯絡工廠協調交期、安排出貨、驗貨排程 3.進出口樣品寄送安排及包裝 4.行政支援及主管交辦事項
12313469,【穩定薪資+完整培訓】教育顧問｜外勤業務｜數位教材,恩典暖事業有限公司,雙北,新北市,新北市板橋區,客服/業務/電商/貿易,傳統製造/精密工業,30000~150000 (period=0),月薪,30000,150000,0,0,傳統無AI,無,0,0,0,0,無經驗可/科系不拘，公司提供完整教育訓練，精實培訓快速成長！ 多元福利，幸福企業，歡迎你的加入！  我們是一群為教育革新努力的團隊，重視每一位員工夥伴。 除了有良好工作環境、也提供學習成長的空間，及體恤辛勞的伙伴們，不定期餐敘、國內外旅遊調劑身心。我們需要肯認真、肯努力、陽光活潑、充滿熱情，願意協助學生快樂自主學習的你加入我們  學習王公司產品網址: 《傲視業界的堅強團隊、補教具擘的強力背書！！》 https://www.study123.com.tw/  東森超視33台 美的in台灣 學習王科技【打破傳統 數位學習新世代】: https://www.youtube.com/watch?v=x
15376898,Speedo社會住宅 新莊店 租賃管理師~被動收入不歸零！.,敦信不動產經紀有限公司,雙北,新北市,新北市新莊區,客服/業務/電商/貿易,文教/補教培訓,4750~10450 (period=0),面議,,,1,0,傳統無AI,無,0,0,0,0,房地產新穎業務『社會住宅 包租代管』   踏上 租賃管理師 的職場生涯 穩定累積被動收入實踐財富自由   近年推出的新型業務工作，市場不飽和，客需在成長。  誠徵肯努力的各路人才加入，創造被動收入財富自由。   ※主要工作內容: 1.推廣介紹社會住宅包租代管 2.針對客源進行電話篩選與配對服務 房東房客媒合案件(招租/帶看) 3.負責後續代管服務 當房東與房客之間的橋樑 ex聯繫修繕廠商、安排修繕時間、拍修繕照片、 申請補助、房客公證簽約、房客點交點退...等等 4.教育訓練完整sop流程 快速上手無經驗也沒問題 5.完善職場制度-永續獎金、被動收入、加碼獎金、 升遷制度、福利滿滿 6.上班時
15403656,"D20.日本品牌 內勤客服 無經驗可∣週休二日 月入38,000起 ∣",精英人力資源股份有限公司,雙北,新北市,新北市板橋區,客服/業務/電商/貿易,資訊科技/軟體網路,38000~40000 (period=0),月薪,38000,40000,0,0,傳統無AI,無,0,0,0,0,☆無任何銷售業績要求☆ ∣工作內容： 1.回答一般詢問及常見問題解答。(關於商品、服務的諮詢、接受訂單) 2.電話外撥關懷。 3.用線上文字通訊軟體回覆客戶問題，解決客戶問題。 4.將對應狀況記錄在指定系統或是表單。 5.在電腦上輸入訂單資訊。 6.主管交代事項 ∣排班制，9:00-18:00/10:00-19:00/11:00-20:00(含休息用餐1小時) ∣休假日：依照意願可固定休六日/排休 專案至2027/3/15(視狀況延長)
14649898,板橋區電訪人員兼導師助理,臺北市私立學冠文理短期補習班,雙北,新北市,新北市板橋區,客服/業務/電商/貿易,文教/補教培訓,196~250 (period=0),時薪折算,31360,40000,0,0,傳統無AI,無,0,0,0,0,1.按照公司給予資訊協助班部招生事務 2.基本行政業務、班級管理
14005608,業務人員（承攬性質、非勞動契約）,南山人壽保險股份有限公司_聯強通訊處(王心妤),雙北,新北市,新北市三重區,客服/業務/電商/貿易,廣告行銷/公關顧問,面議,面議,,,1,0,傳統無AI,無,0,0,0,0,工作內容 (1) 「關於保險業務員報酬部分，係依實際招攬業績（實收保險費）的比例計算。本網頁所顯示待遇部分係因欄位選項受限，故為簡要記載。」  (2) 當各位求職者收到來自於本廣告之聯絡人或承辦人之聯絡訊息時，並不代表南山人壽保險股份有限公司已同意與各位求職者締結任何勞務契約關係。  (3) 不論各位求職者是否已取得保險業務員資格，以及是否參加南山人壽提供相關訓練，縱已收到本廣告頁面承辦人或聯絡人之通知，然尚未與南山人壽成立任何承攬、委任、勞動、居間或其他勞務契約關係。須待各位求職者取得業務員資格，並待南山人壽執行登錄前盡職調查後，南山人壽始將回覆是否同意登錄申請及締結契約。  (4) 各位求
10783786,業務代表,三鶯科技有限公司,雙北,新北市,新北市鶯歌區,客服/業務/電商/貿易,傳統製造/精密工業,35000~45000 (period=0),月薪,35000,45000,0,0,傳統無AI,無,0,0,0,0,1.拜訪固定或非固定地區，維護客戶關係。 2.銷售及推廣公司產品。 3.教育及示範產品使用方式。 4.協助客戶使用產品。 5.客戶報怨處理 6.報價處理
15181891,黃金博物館現場服務人員,大仲國際人事管理顧問股份有限公司,雙北,新北市,新北市瑞芳區,客服/業務/電商/貿易,其他服務/工商貿易,30000~35000 (period=0),月薪,30000,35000,0,0,傳統無AI,無,0,0,0,0,1、服務業經驗、服務台接待、諮詢、票務 2、協助遊客理解路線、現場說明、展場巡檢、動線管理、秩序維護、活動支援。 3、基本電腦操作、簡易拍照紀錄、表單填寫 4、處理突發事件、協助遊客需求。
15193495,誠徵 門市人員 (誠品生活板橋店)禪香不二  月休15天3.6萬起,太優人資整合有限公司,雙北,新北市,新北市板橋區,客服/業務/電商/貿易,其他服務/工商貿易,36000~60000 (period=2),月薪,36000,60000,0,0,傳統無AI,無,0,0,0,0,禪香不二 門市人員(誠品生活板橋店) 月休15天 (供餐)  我們是禪香不二Inzense，台灣在地天然香文創品牌，要來號召雙北地區的夥伴一起加入我們！在您投遞履歷前，希望您能先了解我們的產品風格和理念。  《品牌官網》：https://www.inzense.com.tw 《品牌FB粉專》：https://www.facebook.com/onlyinzense 《品牌Instagram》：https://www.instagram.com/only_inzense  【我們需要的人才】  最重要的就是認同我們的產品理念、熱愛我們家的商品，親切、具服務熱忱，喜歡與客戶分享我們家產品的優點和使
15305806,業務助理,中強電子股份有限公司,雙北,新北市,新北市新店區,客服/業務/電商/貿易,文教/補教培訓,32000~37000 (period=0),月薪,32000,37000,0,0,傳統無AI,無,0,0,1,0,1. 簡易訂單及庫存管理：處理訂單建檔、物流追蹤、庫存管理。 2. 倉儲調度：聯繫倉儲處理出、退貨及調度事務，解決配送異常。 3. 簡易報關文書處理：提供相關文件給Forwarder/報關行，以利進口商品能順利通關。 4. 系統執行：包含 ERP 流程操作。 5. 資料整理：整理並產出銷售報表、維護並整理客戶交易記錄、蒐集潛在客戶資訊並建立客戶資料等（包含Notion使用）。 6. 客戶聯繫與對帳：負責客戶訂單接收及公告通知、款項之核對（不進行沖帳）。 7. 行銷聯繫：協助與行銷公司、設計公司及相關合作廠商聯繫；協調同仁確認設計稿、文宣及印刷內容並追蹤行銷專案執行進度。 註：工作僅負責協調，並
13987545,催收人員,財懋國際有限公司,雙北,新北市,新北市板橋區,客服/業務/電商/貿易,其他服務/工商貿易,29500~35000 (period=0),月薪,29500,35000,0,0,傳統無AI,無,0,0,0,0,電話催收，完成主管交辦事宜
14856714,商場事業部-專員【徐匯廣場】,富麗生活事業股份有限公司,雙北,新北市,新北市蘆洲區,客服/業務/電商/貿易,電子商務/數位零售,37000~42000 (period=0),月薪,37000,42000,0,0,傳統無AI,無,0,0,0,0,    公司介紹: 徐匯廣場坐落於新北市蘆洲區(捷運徐匯中學站)，為區內具代表性的綜合型百貨，涵蓋時尚零售、餐飲與生活服務，提供消費者優質的一站式體驗。憑藉地下二樓美食街與捷運連通的交通優勢，持續吸引穩定的客流，積極進行品牌升級，優化業種組合，全面提升市場定位與競爭力。  職位說明: 我們正在尋找一位外向、積極、具行動力的營業專員，一同參與商場樓層調整與品牌更新的重要階段。你將站在招商的第一線，透過主動電訪與拜訪，把優質的零售與餐飲品牌帶進商場，讓每一次的成功合作都能直接改變商場的面貌。  除了招商，你也會參與日常營運管理，從現場的細節到品牌的合作，累積對零售業的理解與敏銳度。     職責範
12939986,地材銷售業務【高底薪+季獎金】,傑斯曼實業有限公司,雙北,新北市,新北市泰山區,客服/業務/電商/貿易,文教/補教培訓,60000~9999999 (period=0),月薪,60000,60000,0,0,傳統無AI,無,0,0,0,0,1.開發建築師、設計師、營造統包、相關潛在客戶，拓展市場，並適時聯繫/追蹤工地進度，業績目標分配與績效達成，業績與管理報表填寫。 2.負責國內業務接洽及訂單處理。 3.負責產品銷售及報價，並處理帳款回收相關事宜。 4.負責業務推展，傳達及說明公司各項業務重大訊息、活動及產品。  業界最高薪資、最低責任額 有建材銷售經驗者佳，無經驗也，提供專業培訓 如果你想挑戰高收入、累積專業並享受穩定資源，這裡就是你的舞台
15406037,業務行政,台灣優良農產運銷有限公司,雙北,新北市,新北市汐止區,客服/業務/電商/貿易,電子商務/數位零售,38000~9999999 (period=0),月薪,38000,38000,0,0,傳統無AI,無,0,0,0,0,1. 訂單處理與追蹤：使用ERP系統key入客戶訂單，並確保訂單準時完成。  2. 內部交期協調：與跨部門溝通協調，確保訂單和交貨流程順利進行。 3. 保持與客戶間之聯繫，訂單確認，回覆訊息，並確認交貨期。 4. 定期提供業務銷售狀況報表，以供業務人員或主管參考。 5. 協助業務人員處理銷售業務相關之公司內部行政作業。 6. 客戶資料建檔、更新與歸檔  7. 負責應付帳款之請款工作，並處理業務部門訂單後續事宜 8. 協助處理及追蹤客戶應收帳款的帳務  9. 電商訂單及出貨處理 10.熟悉電腦操作(Excel、Word、ERP系統) 11. 主管交辦事項
13578150,行政助理,威士國際股份有限公司,雙北,新北市,新北市中和區,客服/業務/電商/貿易,其他服務/工商貿易,30000~36000 (period=0),月薪,30000,36000,0,0,傳統無AI,無,0,0,0,0,"Process manufacturer promotion programs and claim after promotion expired.   Provide vendor reports. Process item cost adjust request.   Familiar with Excel, Word, and other Microsoft Office software based. "
10056904,客服助理（泰山）,品硯實業有限公司,雙北,新北市,新北市泰山區,客服/業務/電商/貿易,其他服務/工商貿易,32000~38000 (period=0),月薪,32000,38000,0,0,傳統無AI,無,0,0,0,0,1.處理進出貨、退貨及調撥等進銷存電腦訂單作業(鼎新ERP系統)。 2.處理客戶商品維修服務、問題回覆及訴願處理等售後服務。 3.各倉協調及倉庫物料管理、協助處理盤點工作等作業。 4.工作上需細心負責、有數字觀念、善於協調和有團隊精神 。 5.倉庫內庶務雜項採購及事務機器叫修及維護等工作。 6.其他主管交辦事項。
14493992,客服人員（新莊）,阡晶珠寶有限公司,雙北,新北市,新北市新莊區,客服/業務/電商/貿易,電子商務/數位零售,35000~9999999 (period=0),月薪,35000,35000,0,0,傳統無AI,無,0,0,0,0,"1. 接聽電話並解決客戶問題。 2. 回覆各平臺網站問題，提供相關建議。 3. 處理客人訂單、退貨退款等相關事宜。 5. 維護公司環境整潔。 6. 協助主管處理相關事項。  電話客服是一個非常重要的職位，是公司和顧客之間的橋樑。在這個職位上將與助理合作，處理客戶問題及聯繫客戶,整理客戶資訊，因此,此職位可提高溝通技巧，並有良好的轉職跳板。 如果您對這個職位感興趣，請提交您的履歷表，期待與您的見面！"
15386321,業務助理-三峽,福寶貿易有限公司,雙北,新北市,新北市三峽區,客服/業務/電商/貿易,其他服務/工商貿易,32000~35000 (period=0),月薪,32000,35000,0,0,傳統無AI,無,0,0,0,0,1.出貨單、訂單之處理及整理 2.完成業務主管其他交辦事項 3.負責部門相關文件之整理，建檔以及追蹤，於有效時間內回覆顧客信件 4.主管交辦事宜或部門後勤支援
15246014,記憶體IC內勤業務,聯兆科技股份有限公司,雙北,新北市,新北市中和區,客服/業務/電商/貿易,資訊科技/軟體網路,面議,面議,,,1,0,傳統無AI,無,0,0,0,0,1.需具備電子/半導體產業 3年以上採購實務經驗(有記憶體經驗尤佳) 2.負責記憶體及電子零組件市場開發與銷售。 3.開發新客戶、新供應商及維護既有合作關係。 4.掌握市場供需、價格變化及產業動態。 5.執行現貨市場買賣交易，達成業績目標。 6.提供客戶報價、議價及訂單追蹤服務。 7.開發國內外貨源及銷售通路。 8.完成主管交辦事項。
14298807,儲備隊長（4.1～5.7萬，工時7小時）,財團法人自然保育與環境資訊基金會,雙北,新北市,新北市新店區,客服/業務/電商/貿易,文教/補教培訓,41000~57000 (period=0),月薪,41000,57000,0,0,傳統無AI,無,0,0,0,0,環境議題需要更多人的重視和參與，因此，請你和我們一起站上街頭，面對社會大眾，替環境發聲！人們因了解而行動，環境因行動而改變，成為環資的一份子，建構「人」與「自然」間的和諧關係。  【職務內容】 1. 募款工作： 站上街頭面對大眾，介紹我們的理念、願景及成果，向大眾募集定期定額捐款，透過長期、穩定的經費，推動保育工作與倡議。 2. 管理工作： 規劃募款地點、執行組織募款策略。 管理及領導小隊募款專員，激勵士氣、關懷同事，協助同事工作紀錄及回報。 3.達成團隊募款目標： 協助培訓新到職募款專員，包含勸募技巧、心理狀態與環境知識。  【工作特色】 1. 完整新人教育訓練，包含培訓對話技術、環境議題和
12310798,門市銷售人員（新北市/中和區）,佳億手機配件行,雙北,新北市,新北市中和區,客服/業務/電商/貿易,電子商務/數位零售,30000~35000 (period=0),月薪,30000,35000,0,0,傳統無AI,無,0,0,0,0,【基本工資＋獎金制度】 1.正式人員薪資平均35000元-50000元 2.儲備店長4萬-10萬 3.商品獎金 4.技術獎金 5.月休8天.排班制 6.員工旅遊.聚餐 7.年節獎金 8.勞保.健保.團險  具備一顆有理想有熱誠的心  1. 客人入店熱情地打招呼提供客人最親切的商品介紹及銷售服務。  2. 剛加入的同學需學習手機與平板貼膜。  3. 負責店務統計銷售情形及重視業績目標達成 。  4. 有親切笑容，學習與客戶保持良好的應對、歡樂的氣氛與親切的服務。  5. 每日商品上架整理，店內外清潔整頓，商品搭配擺放，商品盤點庫存。    ●追求長期穩定有未來的工作，與我們ㄧ同進步、成長者，歡迎
12843397,業務助理(歡迎應畢生),伯思美國際實業有限公司,雙北,新北市,新北市五股區,客服/業務/電商/貿易,其他服務/工商貿易,38000~44000 (period=0),月薪,38000,44000,0,0,傳統無AI,無,0,0,1,0,"1.處理客戶訂單、出貨、價格及交期管理,客戶服務 2.具有國際貿易基本觀念 3.具有出口報關流程相關作業經驗 4.協助主管交待事項"
12781924,【上班好同事，下班不認識】【不佔用私人時間、固定日班、六日/紅字都休假】睡飽飽再上班 ♡ 辦公室純內勤 ♡ 均收月收5~8萬 ♡ 金融單位 ♡ 視訊ｅ顧問 -AnsNP1,展燁國際人事顧問有限公司,雙北,新北市,新北市板橋區,客服/業務/電商/貿易,生技/醫療保健,33000~80000 (period=0),月薪,33000,80000,0,0,傳統無AI,無,0,0,0,0,"★★★ 底薪30,000元＋獎金無上限 ★★★ ★★★ 新人平均月收50,000元以上 ★★★  不用陌生開發，公司提供大量客戶名單。 固定日班、純內勤辦公室工作，完整教育訓練與專屬主管陪跑，沒有相關經驗也能安心上手！  【工作內容】 ．透過電話或視訊協助客戶，提供商品諮詢與需求規劃 ．維繫既有客戶關係，公司提供客戶名單，不用自行開發 ．協助客戶了解產品內容及相關服務 ．純內勤辦公室工作，不用外出拜訪、不用日曬雨淋  【工作優勢】 ．公司每月提供大量客戶資源，成交機會更多 ．商品多元，可依客戶需求提供合適方案 ．新人完整教育訓練，專屬主管陪同學習、陪談、陪成交 ．完整獎金制度，努力越多、收入越"
13750563,【固定休六日】【面試錄取立即報到】金融商品推廣/客服電訪專員/O,新加坡商立福人事顧問有限公司台灣分公司,雙北,新北市,新北市板橋區,客服/業務/電商/貿易,文教/補教培訓,34500~60000 (period=0),月薪,34500,60000,0,0,傳統無AI,無,0,0,0,0,"工作內容 【工作時間】 －固定日班 －9:30~18:30  【休假制度】 －週休六日、見紅休 －颱風假支薪放假 －依照政府行政機關辦公日曆表的紅字放假  【薪資架構】 －保障基本薪資$29,500＋前6個月(達標加碼)$5,000大紅包＋推廣獎金=35,000-48,000起 －每筆案件皆有成交獎金/無業績門檻(獎金無上限!)/無須外勤銷售陌生開發 －新人平均月薪 $35,000 ~ $45,000  【工作內容】 －依照公司提供名單，電話拜訪進行商品介紹。 －無經驗、非本科也沒關係，完整培訓還有專屬小老師帶你熟悉適應，簡單上手。  "
15403722,ISO儲備顧問(服務北部地區客戶)(週休三日),航展國際有限公司,雙北,新北市,新北市板橋區,客服/業務/電商/貿易,其他服務/工商貿易,40000~60000 (period=6),月薪,40000,60000,0,0,傳統無AI,無,0,0,0,0,※本公司為新成立之公司，實施週休三日制度，星期一至星期四09:00~12:00、13:30~17:00工作、並配合政府休假日彈性施行連休假期，公司交通便利，捷運板南（藍）線江子翠站出站1分鐘即可抵達、亦有多條公車路線可到。  1.具備面對面傾聽客戶需求，與協助企業客戶解決問題的熱忱。 2.具備持續鑽研ISO標準之輔導與稽核訓練的上進心，及團隊合作的精神。 3.願意配合公司未來發展的需要，接受相關專業的工作指派與訓練。 4.協助企業客戶建立ISO管理系統，與提升運作績效。 5.針對客戶在ISO專業之個別需要，能規劃輔導方案與課程內容。 6.診斷企業客戶在ISO標準有關的管理制度問題，能提供客戶有
14863525,彩劵門市人員(底薪加獎金),贏多多彩券行,雙北,新北市,新北市新店區,客服/業務/電商/貿易,電子商務/數位零售,面議,面議,,,1,0,傳統無AI,無,0,0,0,0,1.客戶接待服務 2.門市櫃檯收銀 3.彩劵及刮刮樂銷售 ※無經驗可，有門市經驗者佳※
14701020,E7PLAY(新莊館) 晚班服務計時人員,E7PLAY(一票玩到底)_文心育樂休閒股份有限公司,雙北,新北市,新北市新莊區,客服/業務/電商/貿易,文教/補教培訓,200~245 (period=0),時薪折算,32000,39200,0,0,傳統無AI,無,0,0,0,0,"〔創造一個充滿活力與歡樂的團隊〕 1、每週排休二日以上，上班時段(18:00~03:00) 2、配合正職人員排班，每月排班16天以上。 3、18:00-22:00時薪200/小時起，22:00後時薪230/小時起，全勤時薪再多6元。 4、工作檢定通過時薪最多可加15/小時。 5、活動／遊戲設備指導 6、設備／環境維護清潔及保養 7、櫃台銷售／預約服務 8、享勞健保、工作獎金、年終獎金、員工旅遊。 9、提供完善的教育訓練，階段考核加薪！完成考核更享有三節禮金、員工生日禮金。 10、非上班時間可免費使用館內設施  【歡迎日校生及兼職生】 平均每個工讀都會做到畢業！那麼好的打工機會，那麼穩定的工作,"
15403812,業務助理,全濠科技股份有限公司,雙北,新北市,新北市中和區,客服/業務/電商/貿易,傳統製造/精密工業,34000~38000 (period=3),月薪,34000,38000,0,0,傳統無AI,無,0,0,0,0,1. 輸入、處理並追蹤客戶訂單，並將訂單資料存檔備份。 2. 保持與客戶間之聯繫，回覆e-mail，並確認交貨期。 3. 定期提供業務銷售狀況報表，以供業務人員或主管參考。 4. 協助業務人員整理客戶資料（如：公司基本資料、交易記錄、問題處理狀況）。 5.其他主管交辦事項 
15397382,【三重】門市人員 (全職),大叔嚴選有限公司(籌備處),雙北,新北市,新北市三重區,客服/業務/電商/貿易,電子商務/數位零售,32000~40000 (period=0),月薪,32000,40000,0,0,傳統無AI,無,0,0,0,0,1.協助商品理貨、包裝、出貨及銷售作業。 2.回覆商品、訂單及售後相關問題，提供良好的客服服務。 3.商品上下架、商品資料維護及購物網站管理。 4.電商平台訂單處理、出貨安排及帳務相關作業。 5.Facebook 粉絲專頁及網拍平台日常管理與行銷推廣。 6.接聽客服電話，協助訂單查詢、退換貨等相關事宜。 7.完成主管交辦事項。  加分條件 1.熟悉基本電腦操作。 2.細心負責、具學習熱忱，對電商、網拍產業有興趣。 3.無相關經驗可，公司提供完整工作指導。 4.能配合公司排班制度（需配合假日排班）。 5.可配合加班及依工作需求提早上班。  工作特色 1.工作內容單純，上手容易。 2.團隊工作氣氛
11970282,辦公室行政工讀,樂米樂園 電商事業_力行國際貿易有限公司,雙北,新北市,新北市中和區,客服/業務/電商/貿易,電子商務/數位零售,196~196 (period=0),時薪折算,31360,31360,0,0,傳統無AI,無,0,0,0,0,1.協助人事徵聘作業安排招聘及面試 2.協助客服諮詢回覆作業 3.粉絲團客服回覆及小編作業 4.進銷存管理作業 5.電子商務上架作業 6.一般行政庶務及收發作業 7.完成主管交辦事項
14644270,業務助理,正圓興業股份有限公司,雙北,新北市,新北市新莊區,客服/業務/電商/貿易,傳統製造/精密工業,35000~9999999 (period=4),月薪,35000,35000,0,0,傳統無AI,無,0,0,1,0," 1. 基本財務或國貿知識（如丙級國貿業務技術士證照）開立電子發票開立與出口報單製作(Packing & Invoice) (財會經驗優先)  2.具備良好的文書處理能力、溝通協調能力、細心耐心，以及基本的電腦操作技能  3.熟悉 Microsoft Office（Word、Excel、PowerPoint） 文書處理、資料建檔、報表彙整能力。  4 .能操作 ERP / CRM 系統，快速學習並熟練使用  PS:    時間管理與多工能力,同時處理主管交辦、客戶   詢問、訂單追蹤 跨部門溝通協調能力 與其他部門溝通橋樑 清楚傳達訊息, 具備責任感與主動性能主動追蹤進度與回報上級  "
15385272,(月休10天)  遠傳 三重溪尾 門市人員,遠傳電信_冠億通信行,雙北,新北市,新北市三重區,客服/業務/電商/貿易,電子商務/數位零售,36000~9999999 (period=0),月薪,36000,36000,0,0,傳統無AI,無,0,0,0,0,"( 薪資待遇、休假..優於勞基法 ) 熱情歡迎具備企圖心、同理心、熱心助人的夥伴們，一起加入我們的行列！ 選擇對的公司比積極努力更重要！  ※ 工作內容: 1. 具有銷售熱情，口條清晰且親和力 2. 積極進取有服務熱忱 3. 反應及學習力好 4. 對於賺錢有強大慾望，渴望穩定收入及美好未來 "" 徵 的 就 是 你 ""  ※ 休假與薪資 : 月休10天、薪資36000元以上 (業績獎金另計)  上班時間 週一至週日 11:30～21:00 含個人休息時間90分鐘！ （遵守勞基法！）"
14588739,國泰世華銀行｜北新分行｜數位引導專員｜近捷運七張站~無經驗可,華卡企業股份有限公司,雙北,新北市,新北市新店區,客服/業務/電商/貿易,其他服務/工商貿易,31000~34000 (period=0),月薪,31000,34000,0,0,傳統無AI,無,0,0,0,1,【工作內容】 1.營業大廳迎賓及數位引導服務。 2.協助ATM金融卡、自動化通路交易。 3.協助客戶辦理開戶相關作業。 4.協助存款、匯款等臨櫃作業。 5.其他行政作業類 (如：登打傳票、文件收發及遞送 )。  【職工福利】 1.勞保、健保、團保、退休金提撥。 2.三節禮金、生日禮金、生育、婚喪傷病緊急救助。 3.資深獎金、資深獎牌、定期健檢、年終獎金。
15398788,特賣會銷售員,捕夢網數位生活股份有限公司,雙北,新北市,新北市新莊區,客服/業務/電商/貿易,其他服務/工商貿易,2000~2000 (period=0),面議,,,1,0,傳統無AI,無,0,0,0,0,1.負責賣場業務，商品陳列及捕貨與維持店面整潔。 2.現場收銀作業。 3.需要邏輯清晰好溝通。 4.每日結帳作業。 5.有經驗者尤佳，無經驗亦可。 6.須配合公司調度。 7.業績獎金另計。 8.升遷機會明朗，有企圖心能力者可升遷。 (需北中南可調度外派短期駐點)
14757689,【森林甜點】新莊創始店 外場人員,Sylvie森林甜點_森林甜點股份有限公司,雙北,新北市,新北市新莊區,客服/業務/電商/貿易,電子商務/數位零售,31000~9999999 (period=0),月薪,31000,31000,0,0,傳統無AI,無,0,0,0,0,核心職責： 傳遞森林甜點的品牌理念儀式感！為顧客提供溫暖貼心的點餐與法式甜點介紹 ，使每一位顧客能在繁忙生活中，享受一點甜與幸福。  試用期職責 1. 維持營業地點之整潔與美觀。 (擺設商品、清理櫥窗…) 2. 接待顧客、介紹商品，推廣公司產品及活動。 3. 包裝、結帳、收款、交付商品及開立發票或收據。 4. 協助回覆網路客人訊息，並關心顧客用餐滿意度。 5. 協助完成主管交辦事項。  正職額外職責 1. 蛋糕製作、裝飾及甜點製程相關作業。 2. 追蹤顧客滿意度，並定期提出可改進方向。 - 薪資福利：除基本薪資、基本勞健保之外部分 1. 團體績效獎金：每月依照門是營業額按比例發放 2. 個人績
15298348,日文營業,榮大貿易股份有限公司,雙北,新北市,新北市新莊區,客服/業務/電商/貿易,傳統製造/精密工業,40000~9999999 (period=3),月薪,40000,40000,0,0,傳統無AI,無,0,1,1,0,"弊司是芝浦機械株式会社(日本芝浦機械)代理商社窗口、富士電波工機株式会社SPSグループ代理商社窗口、株式会社ナガセインテグレックス(日本長瀨精密機械)代理商社窗口,設備規格了解，介紹販賣，詢價報價議價，了解合約及國貿，帶日本原廠業務拜訪客戶，出差日本，大陸，帶客戶去曰本看展"
14471193,coralstory韓國代購 誠徵【門市人員】,coral-story_珊瑚故事工作室,雙北,新北市,新北市林口區,客服/業務/電商/貿易,電子商務/數位零售,30000~35000 (period=2),月薪,30000,35000,0,0,傳統無AI,無,0,0,0,0,工作內容  1.門市銷售服務及社群經營 2.處理客服問題、整倉盤點 3.拍攝商品及實穿 4.維護店內陳列及環境 5.其他店務相關支援  加分項目 1.對社群經營「拍攝、剪輯短片、照片」有想法及熱忱 2.熟悉相關品牌與商品 3.具基本美編能力、喜歡穿搭、有一定的美感  希望特質 責任感、抗壓力、活潑、熱忱、有禮貌 善於溝通、團隊合作能力強
14901206,【觀光工廠-創意和菓子文化館】清潔人員,三叔公食品股份有限公司,雙北,新北市,新北市土城區,客服/業務/電商/貿易,電子商務/數位零售,30430~32000 (period=0),月薪,30430,32000,0,0,傳統無AI,無,0,0,0,0,上班時間: 周一至周五=> 8:30-17:30 週六、日、假日=>08:30-17:30  工作內容: 1.廁所清潔打掃。 2.環境清掃整理並維持乾淨。 3.主管機動交辦事項。
13589094,行政契約專員（北海福座）,國寶服務股份有限公司,雙北,新北市,新北市三芝區,客服/業務/電商/貿易,其他服務/工商貿易,30000~33000 (period=0),月薪,30000,33000,0,0,傳統無AI,無,0,0,0,0,一、客戶資料審核作業。 二、客戶電話諮詢及回覆。 三、行政文書及文件資料處理相關作業
12703352,Foreign Teacher Affairs & HR Specialist外籍暨人資事務專員【總部】,夏恩國際教育股份有限公司,雙北,新北市,新北市林口區,行政/總務/法務,文教/補教培訓,35000~40000 (period=0),月薪,35000,40000,0,0,傳統無AI,無,0,0,0,0, 歡迎加入我們的人資法務團隊，您將在友善、協作的環境中協助處理外師與校務相關行政工作，內容多樣但都有標準流程及教育訓練！  一、外籍員工協助（Foreign Staff Support）  ・協助外師入境、報到與基本安頓事項（安排接機、體檢、開戶）。 ・協助工作證、居留證等行政流程與資料整理。  二、LINE 官方帳號維護（LINE Official Account Management）  ・回覆加盟校關於外師與招聘的基本問題。 ・協助維護官方帳號訊息與日常溝通作業。  三、招聘行政支援（Recruitment Support）  ・協助蒐集與確認外師申請相關資料。 ・支援招聘進度更新、資料
13077163,※徵 行政／地磅人員（無經驗可培訓）,宏峻環保工程有限公司,雙北,新北市,新北市五股區,行政/總務/法務,文教/補教培訓,32000~9999999 (period=2),月薪,32000,32000,0,0,傳統無AI,無,0,0,0,0,【工作內容】  1. 文書資料處理與管理（Word、Excel、PDF等文件編輯、建檔及歸檔作業）。 2. 負責進出車輛過磅作業，確實記錄重量數據。 3. 開立磅單及相關作業單據。 4. 電腦資料輸入及系統資料建檔作業。 5. 協助地磅設備日常檢查及異常狀況通報。 6. 廢棄物三聯單印製及文件整理。 7. 協助主管交辦之行政事務。 8. 維護辦公室環境整潔及設備管理。  【職務條件】  1. 熟悉基本電腦操作及 Office 文書軟體。 2. 具責任感、細心且配合度佳。 3. 具良好溝通協調能力及服務態度。 4. 能獨立作業並具耐心處理行政事務。 5. 具地磅作業、行政文書或環保相關產業經驗者
13385366,直播前台小幫手(1600-2400),耀玹國際有限公司,雙北,新北市,新北市蘆洲區,行政/總務/法務,生技/醫療保健,33000~9999999 (period=0),月薪,33000,33000,0,0,傳統無AI,無,0,0,0,0,臉書粉絲專頁《王三郎嚴選》 主要透過粉絲專頁直播販售商品，並同步經營網路電商平台。  只要您有創意、有活力、善於溝通、有想法，並對市場具敏感度，歡迎加入我們，一起展現專長與熱忱，共同實現「樂在工作・暢意生活」。  【商品類型】 養生保健｜生活百貨｜日韓零食｜精品水果 量子寢具｜穿戴科技｜生鮮海產｜特茶品茗  【工作內容】  1、直播開播時協助直播前置作業。  2、直播前商品準備、訪價、寫版及遞取商品用具。 3、與直播主互動對話，提升直播內容豐富度與可看性。 4、安排直播流程及銷售商品內容。  5、需口條流利、邏輯清楚、細心且反應快，協助直播流程順暢進行。  【工作時間】 晚班：16:00－00
10897359,診所櫃檯行政助理,柯瑞宏皮膚專科診所,雙北,新北市,新北市三重區,行政/總務/法務,生技/醫療保健,35000~50000 (period=0),月薪,35000,50000,0,0,傳統無AI,無,0,0,0,0,工作內容： 	1.	掛號櫃檯服務 	2.	接聽電話與預約安排 	3.	病歷資料 Key-in 及歸檔整理 	4.	協助醫師診間作業與病患引導        5.   醫美客人引導及協助醫美作業事宜        6.   藥局助理  我們正在找的是： － 積極主動、細心負責的人 － 具良好溝通能力與服務熱忱 － 能配合團隊，適應彈性工作內容 － 能需能配合診所國定假日上班為宜  福利制度： － 定期員工與醫師教育訓練活動 － 集團春酒活動 － 績效考核獎金、三節獎金 － 優先體驗最新醫美療程及多樣示範福利 － 享有集團醫美療程優惠  一般福利： 依法提供勞健保、勞退提撥 請/休假制度完善 各項
15396635,業務助理秘書/滿兩個月加發自我介紹，獎金一萬元（月薪3.2萬～4.2萬｜無經驗可培訓）,永慶不動產林口文一忠孝店_時奕不動產有限公司,雙北,新北市,新北市林口區,行政/總務/法務,文教/補教培訓,32000~42000 (period=0),月薪,32000,42000,0,0,傳統無AI,無,0,0,0,0,房地產是最好的行業，給自己一個機會，改變你人生的命運，機會難得，座位有限，快來面試聊聊  如果您或是朋友有房屋要買賣委託，也可以介紹給我們，有介紹獎金紅包喔  1.電腦文書處理 2.櫃檯接待客戶 3.主管交辦事項
15399804,體檢組【短期】行政人員,恩樺醫院,雙北,新北市,新北市土城區,行政/總務/法務,生技/醫療保健,225~225 (period=2),時薪折算,36000,36000,0,0,傳統無AI,無,0,0,0,0,工作時間：不分平假日，日班(08:00-12:00)，午班(13:00-17:00)，4小時一班 工作內容：疫苗施打相關行政作業(詳情面議)         1.健保掛號報告系統的登打與核對與產出，需孰悉Microsoft 文書作業系統。         2.操作醫療資訊系統（杏翔HIS等），回覆各單位疫苗施打相關業務諮詢等。         3.須配合外場組人員調度需求。及上級主管交辦之臨時性任務。 休假制度：輪休
15406647,行政人員,新北市私立大心居家長照機構,雙北,新北市,新北市三峽區,行政/總務/法務,生技/醫療保健,33000~38000 (period=3),月薪,33000,38000,0,0,傳統無AI,無,0,0,0,0,行政人員｜工作內容  1. 一般行政作業：文書處理、資料建檔、文件整理歸檔、電話接聽及行政聯繫。  2. 人事行政協助：協助員工出勤、請假、新進／離職資料、員工基本資料及相關人事文件整理。  3. 帳務行政協助：發票、收據、請款單、費用憑證等單據整理、核對及歸檔。  4. 資料彙整：公司相關行政資料、報表及文件彙整。  5. 會議及教育訓練行政：協助會議資料、教育訓練紀錄、簽到及相關文件整理。  6. 辦公室行政庶務：辦公用品、耗材管理及日常行政用品  7. 其他主管交辦之行政工作。  我們希望您具備  ・熟悉基本 Word、Excel及電腦文書操作。 ・做事細心、有條理，具基本數字概念。 ・
15378564,-N新北-@【新莊區】豪宅夜班保全/41000~43000,皇家國際保全股份有限公司,雙北,新北市,新北市新莊區,行政/總務/法務,其他服務/工商貿易,41000~43000 (period=0),月薪,41000,43000,0,0,傳統無AI,無,0,0,0,0,1. 負責門禁管制、車輛管制、防竊作業及竊盜處理工作等安全維護工作 2. 收發包裏郵件 3. 針對特定處所進行監視，維持公共安全，減少火災、竊盜或其他危險 4. 控制照明、取暖、空氣調節及通風等設備 5. 保護重要物品 6. 社區安全維護管理、保障客戶生命和財產安全 
15402818,✦林口OUTLET✦【行政總務專員】35–40K｜年薪14個月｜早晚班/早班為主｜歡迎投遞履歷 AMR_861,藝珂人事顧問股份有限公司,雙北,新北市,新北市林口區,行政/總務/法務,其他服務/工商貿易,35000~45000 (period=0),月薪,35000,45000,0,0,傳統無AI,無,0,0,0,0,不需要會計證照或事務所背景， 只要曾接觸總務、行政庶務，並熟悉 Excel，就歡迎投遞履歷！  ✦ 工作內容 ．辦公室及專櫃資產、備品管理與盤點 ．公文收發、合約管理及用印作業 ．辦公用品採買、請款及內部簽核流程 ．協助部分人資及日常行政事務 ．辦公室環境維護及節慶活動安排 ．禮券、會員點數及個人資料管理 ．金庫、零用金及保證票保管與核對 ．其他主管交辦事項  ✦ 我們希望你具備 ．曾任總務、行政、營運行政或相關職務 ．熟悉 Excel，可獨立進行表格製作、資料整理及核對 ．做事細心、有條理，能妥善管理文件及重要資料 ．具責任感及保密意識 ．可配合商場早、晚班（早班為主）  有資產盤點、採買請
14702474,派駐原住民族委員會專案助理(預計10/5到職),得士派人力資源顧問股份有限公司,雙北,新北市,新北市新莊區,行政/總務/法務,其他服務/工商貿易,34775~9999999 (period=0),月薪,34775,34775,0,0,傳統無AI,無,0,0,0,0,原住民族綜合發展基金： 1.協助 本基金貸款績效推升。 2.協助 本基金貸款逾期放款案件追蹤管制。 3.協助本基金貸款放貸案件查核檢驗。 4.協助辦理原住民信用保證相關業務事宜。 5.協助辦理原住民族企業 貸款信用保證相關業務事宜。 6.協助辦理原住民保留地貸款信用保證業務相關事宜。 7.協助辦理原住民族綜合發展基金管理會會議 召開 等相關事宜。 8.協助 貸款及信保業務之各式報表編制、統計分析及借款戶資料建檔更新等。 9.協助辦理會計相關工作。 
12580857,電商直播平台掌鏡幕後小幫手(1600-2400),耀玹國際有限公司,雙北,新北市,新北市蘆洲區,行政/總務/法務,生技/醫療保健,33000~70000 (period=0),月薪,33000,70000,0,0,傳統無AI,無,0,0,0,0,臉書粉絲專頁《王三郎嚴選》 主要透過粉絲專頁直播販售商品，並同步經營網路電商平台。  只要您有創意、有活力、善於溝通、有想法，並對市場具敏感度，歡迎加入我們，一起展現專長與熱忱，共同實現「樂在工作・暢意生活」。  【商品類型】 養生保健｜生活百貨｜日韓零食｜精品水果 量子寢具｜穿戴科技｜生鮮海產｜特茶品茗  【工作內容】 1、直播開播時協助鏡頭掌握，需與主播互動介紹商品。 2、偶爾擔任直播主角色介紹產品（可露臉／可不露臉）。 3、與直播主互動對話，提升直播內容豐富度與可看性。 4、協助線上回覆客戶問題與互動。 5、安排直播流程及銷售商品內容。 6、直播前商品準備、訪價、寫版及遞取商品用具。 7
15403255,研發行政助理,桓達科技股份有限公司,雙北,新北市,新北市土城區,行政/總務/法務,資訊科技/軟體網路,35000~38000 (period=0),月薪,35000,38000,0,0,傳統無AI,無,0,0,0,0,"1.研發技術文件管制 2.智財行政,專利與商標庶務 3.部門行政庶務 4.主管交辦事項"
15404540,行政助理,太乙廣告行銷股份有限公司,雙北,新北市,新北市新店區,行政/總務/法務,廣告行銷/公關顧問,35000~44999 (period=4),月薪,35000,44999,0,0,傳統無AI,無,0,0,0,0,1.負責工作區域清潔工作。 2.負責資源回收整理及垃圾處理。 3.清潔維護辦公室、會議室等，以使同仁有舒適的辦公環境。 4.維護事務機器及家電用品，以有效管理各部門之需求。 5.落實公務器材及公務車之使用管理規則，以滿足同仁使用之需要。 6.維護辦公事物及庶物用品，以有效管理各部門之需求。 7.其他臨時交辦事項。
15402550,工讀生(純文書處理工作，輕鬆簡單),康儀科技股份有限公司,雙北,新北市,新北市林口區,行政/總務/法務,資訊科技/軟體網路,200~200 (period=0),時薪折算,32000,32000,0,0,傳統無AI,無,0,0,0,0, 1.使用電腦key in/輸出、列印並整理檔案文件  2.文件掃描  3.單據整理
14727837,品牌行政人員,Klatch Hair salon_客來企有限公司,雙北,新北市,新北市板橋區,行政/總務/法務,其他服務/工商貿易,30000~50000 (period=2),月薪,30000,50000,0,0,傳統無AI,無,0,0,0,0,行政接待確認  Pos系統操作  顧客資料維護  收支 存款  營收報表  顧客管理
15405160,【長期工讀】電商出貨人員,群高科技企業社,雙北,新北市,新北市泰山區,行政/總務/法務,電子商務/數位零售,200~200 (period=0),時薪折算,32000,32000,0,0,傳統無AI,無,0,0,0,0,【工作內容】 1.出貨包裹（依訂單撿貨、核對、包裝） 2.補齊架上缺貨商品（維持產品展示區庫存整齊與充足） 3.其他主管交辦事項  【工作時間】 每週一～五上班 【休假制度】週休二日，國定假日依政府公告休假（見紅休） 每日工作 8 小時（依實際出貨需求調整） 上班時間：09:00-18:00 休息時間：13:00～14:00（1小時）  【薪資待遇】 時薪 200 元  【條件要求】 1.細心負責、動作俐落，具備良好的工作效率與責任感。 2.具電商包貨、撿貨或出貨經驗者尤佳，無經驗亦可，願意學習者歡迎加入。 3.具備良好的團隊合作精神，能配合出貨作業及團隊分工。 4.具備良好的商品辨識能力，能
12341831,芳療SPA門市櫃台人員,三方莊園_美養莊園國際有限公司,雙北,新北市,新北市新店區,行政/總務/法務,文教/補教培訓,40000~80000 (period=2),月薪,40000,80000,0,0,傳統無AI,無,0,0,0,0,我們想找的，不只是櫃檯，而是一位能讓人感到溫暖的夥伴。  在三方莊園，我們相信，好的服務不是制式流程，而是真誠、細心，以及對每位顧客的用心。  如果你喜歡與人互動，擁有服務熱忱，能在忙碌中保持冷靜與從容，讓身邊的人感到安心，我們期待認識這樣的你。  SPA 經驗可以培養，諮詢能力可以學習，但溫暖、細膩與願意照顧他人的態度，是我們最珍惜的特質。  ⸻  工作內容  『顧客服務』  * 接待來店顧客，建立溫暖且專業的第一印象。 * 接聽電話、回覆 LINE，協助現場及線上預約安排。 * 維護顧客關係，提供貼心的售後服務與關懷。   『芳療顧問』  * 傾聽顧客需求，介紹適合的芳療課程與產品。 * 
13193970,主管秘書,躺糖工作室,雙北,新北市,新北市永和區,行政/總務/法務,其他服務/工商貿易,46000~52000 (period=0),月薪,46000,52000,0,0,傳統無AI,無,0,0,0,0,1.需會開車（有公司車）與 自備機車 2.老闆交辦事項。 3.協助日常用品採購。 4.有耐心及愛心，善於溝通。 5.熟基本電腦以及文書處理。 6.工作內容需會開車（有公司車），備汽車駕照。 7.面試當日請自備履歷（有自傳佳）。 8.自認反應佳、抗壓性高、有耐心者，薪可議。 9.需排班、需輪班。  
15392798,品質人員,標準檢驗科技股份有限公司,雙北,新北市,新北市五股區,行政/總務/法務,資訊科技/軟體網路,34000~42000 (period=0),月薪,34000,42000,0,0,傳統無AI,無,0,0,0,0,工作內容  1. 例行品質相關事務之執行與管理。 2. 各類文件之管理、維護、分類、登記、歸檔及保管。 3. 其他主管交辦事項。  職務說明  品質人員主要負責公司品質相關事務，並統籌及協調文件管理工作，確保各項文件與相關作業妥善執行，以維持公司日常營運及品質管理制度之運作。  此職位在公司營運中扮演重要角色，具備良好的發展與學習機會。希望應徵者具備良好的邏輯思考能力，熟悉基本電腦操作，並具有耐心、細心及責任感，能確實完成各項品質與文件管理工作。  若您具備上述條件並對此職位有興趣，歡迎投遞履歷及相關資料，我們期待與您進一步面談。
15058030,兼職行政人員,荃盛復健科診所,雙北,新北市,新北市汐止區,行政/總務/法務,生技/醫療保健,200~220 (period=0),時薪折算,32000,35200,0,0,傳統無AI,無,0,0,0,0,1.櫃台掛號及診間跟診 2.行政作業事務 3.主管交辦事項
15371982,派駐高公局北區交控中心交控操作員(泰山區),福騰顧問股份有限公司,雙北,新北市,新北市泰山區,行政/總務/法務,其他服務/工商貿易,39550~39550 (period=0),月薪,39550,39550,0,0,傳統無AI,無,0,0,0,0,交控運作作業，工作項目如下： 1.交控系統運作 a.接收通報事件，並予確認後完整紀錄事件資訊。 b.配合事件管理，包括系統反應計畫、執行交通資訊下達、控制策略、事件通報。 2.與警察廣播電台每日路況連線報導作業。 3.交控系統各項設備操作、監控，故障設備適時通報維修及修復後之功能確認。 4.負責轄區交通資訊蒐集與重大災害資訊等通報及處理。 5.轄區施工進、離場通報及散落物通報等，每日資料統計及每月彙整分析作業。 6.執行各項報表填列、列印及資料儲存備份與轉存。 7.總機接聽與轉接。 8.1968免付費服務電話、路側緊急電話接聽、通報及處理。 9.用路人陳情案件彙整、陳報。 10.事故處理班派遣
15136142,人事採購行政助理,中華民國足球協會,雙北,新北市,新北市新莊區,行政/總務/法務,其他服務/工商貿易,35000~39000 (period=2),月薪,35000,39000,0,0,傳統無AI,無,0,0,0,0,1. 協助主管行程、會議相關行政事務。 2. 處理收發公文文件、資料整理、歸檔。 3. 人事資料管理維護(員工招募任用/離職/調動)。 4. 差勤及勞健保勞退管理作業。 5. 依法規修訂管理辦法之推行。 6. 零用金管理及核銷。 7. 協助採購相關事務。  8. 主管交辦事項及其他行政業務。
1650634,27年 HR暑期實習生【人資處】2027/6/14~2027/9/17(6、9月可排班，7、8月全日班),104人力銀行_一零四資訊科技股份有限公司,雙北,新北市,新北市新店區,行政/總務/法務,文教/補教培訓,31000~32000 (period=0),月薪,31000,32000,0,0,傳統無AI,無,0,0,0,0,隨著 AI 與科技應用的發展，我們持續優化人資領域，讓人才管理更科學、更有效率。本職缺將可參與「人才招募」、「實習生專案規劃」與「薪酬資料治理」，你將有機會親自設計專案、參與招募實務，並協助使用AI優化人資行政流程，適合對 HR 實務、活動企劃有高度興趣的你： 主要工作內容 1️⃣ 招募與面談實務協助履歷篩選、電話邀約與候選人資料整理。參與實際面談流程（觀察、記錄、協助提問）。協助優化面談流程，並有機會接觸 AI 面談與新型招募工具。 2️⃣ 實習生專案規劃與設計負責實習生計畫（Internship Program）的專案規劃、執行與結案。設計實習生體驗、培訓課程或團體活動，提升滿意度與雇主品
11335121,行政人員｜行政助理｜無經驗可｜周休二日｜完整培訓,卉達工程顧問有限公司,雙北,新北市,新北市五股區,行政/總務/法務,文教/補教培訓,32500~9999999 (period=0),月薪,32500,32500,0,0,傳統無AI,無,0,0,0,0,無經驗可，公司提供完整教學與SOP。  歡迎細心、負責任、願意學習行政工作的夥伴加入。  1.彙整客戶提供的圖資與案件資料。 2.整理與登打外務人員提交的資料與紀錄。 3.使用內部系統建立、更新案件資料及測量成果資訊。 4.協助主管處理交辦事項、安排文件與流程進度。 5.若有意願，公司會栽培你進一步學習土木工程或圖資作業（無經驗可）。  【獎金制度與發展空間】 ● 若能獨立作業並承接案件，公司將評估發放績效獎金。 ● 提供完整行政流程教學與實作帶領。 ● 穩定後可進階學習工程資料整理、竣工報告協助及公文應對等專案支援工作。  【我們希望你是這樣的人】 ● 具責任感、細心且樂於學習。 ● 願意與
15254711,行政助理(正職/工讀生),厚誼工程有限公司,雙北,新北市,新北市樹林區,行政/總務/法務,傳統製造/精密工業,35000~9999999 (period=0),月薪,35000,35000,0,0,傳統無AI,無,0,0,0,0,1.電腦文書資料處理。 2.請款計價資料整理。 3.協助核對圖面資料。 4.ERP輸入資料。 5.ISO文件整理。 6.協助部門事務處理支援。 7.其它主管交辦工作內容及執行。 8.協助處理庶務性行政工作(如：收貨、文件整理及歸檔、合約及文件掃描、寄信..等)。
15357632,【蘆洲辦公室】硬體兼職人員 Hardware PT（ㄧ天最少4hr，ㄧ天不超過8hr）,共享數位服務股份有限公司,雙北,新北市,新北市蘆洲區,行政/總務/法務,資訊科技/軟體網路,200~220 (period=0),時薪折算,32000,35200,0,0,傳統無AI,無,0,0,0,0,工作內容：  一、 行動電源檢測整理與清潔  •基礎功能測試：按按鈕、插上線，確認燈號與充電是否正常（就像平時幫自己手機充電一樣簡單！ • 故障狀況分類：將無法充電或外觀有破損的設備分類整理。 • 掃描登記與歸位：使用掃條碼槍進行入庫/出庫紀錄，並放至對應分類箱。 • 外觀簡單清潔：進行擦拭清潔，讓行動電源保持整潔、可重新投入市場。 二、 協助店家機台作業（屬機動性質） • 騎車前往合作夥伴店家，執行機台相關作業。 • 以親切專業的態度，向商家說明設備基本操作，協助服務順利上線。 三、 機台設備與環境維護 • 協助場內機台外部清潔，維持設備最佳運作狀態。 四、 場內行政與庶務支援 • 協助處理
15133886,行政,丞聯農產股份有限公司,雙北,新北市,新北市三重區,行政/總務/法務,其他服務/工商貿易,35000~45000 (period=0),月薪,35000,45000,0,0,傳統無AI,無,0,0,0,0,1. 專案跨部門、跨廠間的溝通協調與會議召集。 2. 負責專案營運績效分析與改善管理。 3. 追蹤、監督專案的工作進度。 4. 負責重要客戶來訪接待及回函處理。 
13476098,總務行政人員,興田企業股份有限公司,雙北,新北市,新北市新莊區,行政/總務/法務,其他服務/工商貿易,30000~40000 (period=0),月薪,30000,40000,0,0,傳統無AI,無,0,0,0,0,1. 公務車之使用管理維護。 2. 門禁管理事務。 3. 事務機管理維護。 4. 資產/輔宣品庫存管理。 5. 收發文件作業。 6.總務各項事務。 7.公司產品維修、安裝事務支援。 
15016001,派駐新北市政府智慧道路管理中心-夜班計時人員,福騰顧問股份有限公司,雙北,新北市,新北市板橋區,行政/總務/法務,其他服務/工商貿易,220~9999999 (period=0),時薪折算,35200,35200,0,0,傳統無AI,無,0,0,0,0,上班地點位於新北市政府道路管理中心，不須前往施工現場： 1.確認所屬管線分組之每日施工案件進場及完工回報狀態。 2.施工現場異常狀況（管障、挖損狀況等）回報確認。  3.配合即時施工狀況進行協商討論。 4.機關與市府有關項目雙向傳達與確認執行。
15238638,主管行政助理,明達光學有限公司,雙北,新北市,新北市三重區,行政/總務/法務,傳統製造/精密工業,33000~35000 (period=0),月薪,33000,35000,0,0,傳統無AI,無,0,0,0,0,1.	數據與報表管理：負責各類業務報表製作，並進行相關數據資料的登打與維護。 2.	主管交辦與追蹤：協助主管追蹤各項專案業務進度、聯繫相關人員並進行工作分派。 3.	行政與跨部溝通：處理日常辦公室行政事務，並扮演各部門間的溝通與協作橋樑。 
15392603,技術文制員(TF001)台北,奇鋐科技股份有限公司,雙北,新北市,新北市新莊區,行政/總務/法務,傳統製造/精密工業,40000~9999999 (period=2),月薪,40000,40000,0,0,傳統無AI,無,0,0,0,0,圖面上傳管理系統 維護RD文件資料系統 文件整理與歸檔 料件與圖面申請及變更作業 協調工作流程
14857017,老闆秘書,翔語國際有限公司,雙北,新北市,新北市三重區,行政/總務/法務,其他服務/工商貿易,35000~60000 (period=0),月薪,35000,60000,0,0,傳統無AI,無,0,0,0,0,1.協助老闆日常行程安排、行程提醒與會議紀錄  2.協助文件處理、報告彙整、簡報製作  3.協助對外窗口溝通（客戶、合作夥伴、投資人）  4.協助公司專案進度追蹤與跨部門協調  5.一般行政事務：資料建檔、檔案管理、出差與交通安排  6.協助公司品牌活動或展會相關事宜
13856697,行政助理,百鮮企業有限公司,雙北,新北市,新北市林口區,行政/總務/法務,傳統製造/精密工業,38000~9999999 (period=3),月薪,38000,38000,0,0,傳統無AI,無,0,0,0,0,我們是一家專注於食品製造與調味產品開發的公司，產品涵蓋調味粉、辛香料與沖泡飲品。隨著公司持續成長，我們正在尋找一位細心、負責任、喜歡與人溝通協調的夥伴加入生產管理團隊，一起讓生產流程更順暢、更有效率。  【工作內容】 1.依據訂單需求協助安排生產排程，並追蹤各工單生產進度 2.協助產銷協調，確保訂單需求與實際生產順利銜接 3.管理再製庫存與生產週期，維持庫存與生產穩定 4.依據現場人員、設備及生產進度，協助安排工作分配 5.評估生產所需的人力、設備及原物料需求 6.整理並分析工單生產差異，協助改善生產效率 7.完成主管交辦事項
15147218,行政業務助理 - 行政/業務,程創科技股份有限公司,雙北,新北市,新北市土城區,行政/總務/法務,傳統製造/精密工業,32000~35000 (period=0),月薪,32000,35000,0,0,傳統無AI,無,0,0,0,0,職務內容:  1. 協助業務部門相關作業  2. 協助業務部門ERP系統處理  3. 報表製作與資料整理  4. 客戶事項追蹤   5. 協助主管交辦事項
13408263,新北三重助理人員,春迪企業股份有限公司,雙北,新北市,新北市三重區,行政/總務/法務,其他服務/工商貿易,32000~32000 (period=0),月薪,32000,32000,0,0,傳統無AI,無,0,0,0,0,1.電話接聽 2.文書資料處理 3.文書排版及簡報排版 4.其他主管交辦事項
15145523,庶務人員（兩館排班）,妍媛有限公司,雙北,新北市,新北市土城區,行政/總務/法務,其他服務/工商貿易,32000~40000 (period=0),月薪,32000,40000,0,0,傳統無AI,無,0,0,0,0,．笑容甜美、服務親切、待客熱誠。  ．協助美容師、芳療師作業。 ．訪客來訪通知並接待。 ．負責接聽、紀錄來電。 ．處理一般清潔、庶務性工作或支援業務。 ．負責提供或回應客戶有關公司的相關資訊。  主要工作地點：板橋府中站。
15401459,行政秘書(紅樹林社區),禧玥保全股份有限公司,雙北,新北市,新北市淡水區,行政/總務/法務,其他服務/工商貿易,34000~9999999 (period=0),月薪,34000,34000,0,0,傳統無AI,無,0,0,0,0,1. 整理簽核文件及發送，並負責追蹤執行狀況，隨時掌控進度。 2. 負責行政事務流程之溝通、整合及規劃。 3. 負責報表彙整與呈報。 4. 負責文件追蹤、資料彙整與檔案管理。  
14401518,總部執行秘書,原藤國際室內裝修有限公司,雙北,新北市,新北市汐止區,行政/總務/法務,其他服務/工商貿易,45000~75000 (period=3),月薪,45000,75000,0,0,傳統無AI,無,0,0,0,0,"1. 負責董事長工作行程之規劃安排，並隨行陪同。     本公司為建築設計開發；室內裝修專業設計、施工,景觀設計商,     此次招募以對建築相關產業具有興趣之人才優先考量。 2. 整理董事長各項行政命令及文件管理，並負責追蹤執行狀況，隨時掌控進度。 3. 負責會議安排與通知，製作會議記錄並追蹤處理決議事項。 4. 負責行政事務流程之溝通、整合及規劃。 5. 協助專案推動與時程控管。 6. 負責報表彙整與呈報。 7. 處理各項跨部門、事業體之行政事務及文案管理。 8. 負責對外及各部門之溝通聯繫事宜。 9. 負責文件追蹤、資料彙整與檔案管理。 10. 接待重要外賓。  "
12141935,生管助理（無經驗可）,先進工業股份有限公司,雙北,新北市,新北市樹林區,行政/總務/法務,傳統製造/精密工業,31000~35000 (period=0),月薪,31000,35000,0,0,傳統無AI,無,0,0,0,0,1. 協助生產作業流程，維持產線運轉，跟催生產進度。 2. 工單發送並追蹤、資料紀錄。 3. 協助產銷溝通聯繫。 4. 生產單位日報表資料列印、輸入及歸檔。 5. Office 文書作業處理。 6. 外發廠商溝通、協調、跟單。 7. 主管交辦事項。  生產管理助理是公司生產運作中相當重要的角色，負責協助生產作業流程、處理檔案、進行資料記錄等工作。此職務擁有相當好的發展前景，對於未來進入生產管理領域的人才是非常有價值的職位。 如果您符合上述條件並對此職缺有興趣，請儘速繳交履歷表，我們期待能與您共同打造更美好的未來。
10097789,語音資料整理約聘人員,賽微科技股份有限公司,雙北,新北市,新北市新店區,行政/總務/法務,資訊科技/軟體網路,196~196 (period=0),時薪折算,31360,31360,0,0,傳統無AI,無,0,0,0,0,短期工讀，工作內容主要是：  A. 語音資料整理：中文/台語之語音資料校正，使用公司提供的編輯工具，按照音檔內容進行標註或修正文字內容，需要一定的聽打能力。  B. 其他文字或語音資料整理：協助整理文字或語音資料，按照需求的格式整理。  C. 語音合成結果 QA：使用公司提供的工具，協助檢查語音合成系統是否有漏念、報錯等等可能的問題  資料整理要求較高的準確率，需要對工作認真負責，並且有面對枯燥的資料整理工作的耐心。 
14753469,電商、行政、客服、會計,起承文化股份有限公司,雙北,新北市,新北市淡水區,行政/總務/法務,電子商務/數位零售,32000~40000 (period=0),月薪,32000,40000,0,0,傳統無AI,無,0,0,0,0,品牌核心理念  cctogo 是一個專注於旅行生活用品的 DTC 品牌，我們以「Travel Light｜Chill Freely」為核心精神，專注旅行生活用品研發，為旅行者提供輕鬆舒適方便的旅行體驗，滿足旅程的各種挑戰。 我們相信，旅行不該是負擔，而是一種自由的延伸。  由工業設計師主導、從使用者角度出發，我們專注於每一處細節——從材質選擇、結構設計，到使用動線的精密規劃，每一件產品都經過無數次實測與打樣，只為解決旅途中的真實痛點，讓你即使在變化莫測的路上，也能自在從容、優雅出行。我們不追求華而不實的流行風格，而是堅持長久使用的品質、美學與機能的平衡。  工業設計師團隊  cctogo 團隊
13016321,行政助理,鴻羽食品有限公司,雙北,新北市,新北市汐止區,行政/總務/法務,其他服務/工商貿易,35000~37000 (period=0),月薪,35000,37000,0,0,傳統無AI,無,0,0,0,0,1. 辦理銀行現金存款、提款、匯款、轉帳作業。 2. 執行一般現金收付作業。 3. 核對儲存現金與記錄是否相符合。 4. 管理零用金異動及撥補作業。 5. 製作出納科目餘額表、收款日報表、利息收入調節表、銀行存款收支日報表、銀行往來授信明細表等。 6. 審核有關各項費用支付之發票、單據及帳務處理。 7. 處理廠商貨款或費用等應付款項帳務。 8. 處理客戶應收款項帳務。 9. 處理其他一般會計帳務。
15266793,【派遣至外商 / 每天工作下午4小時】行政助理 (歡迎夜校生/兼職人員/工讀生)_201HY,萬寶華企業管理顧問股份有限公司,雙北,新北市,新北市中和區,行政/總務/法務,其他服務/工商貿易,220~220 (period=0),時薪折算,35200,35200,0,0,傳統無AI,無,0,0,0,0,*長期穩定，一年一簽  【工作內容】 1. 辦公室行政及總務庶務管理。 2. 辦公用品採購、設備維護及供應商管理。 3. 櫃檯接待、電話接聽及訪客接待。 4. 樣品管理及寄送安排。 5. 採購申請、驗收及付款流程協助。 6. 員工、訪客紀錄及行政文件管理。 7. 發票、費用報銷及合約文件歸檔。 8. 跨部門行政協調及主管交辦事項。   【資格條件】 1. 每周五天皆可配合上班時段13:00-17:00(四小時)。 2. 注重細節、工作態度積極，具備高度學習意願。 4. 具備Excel、Word、PowerPoint 經驗尤佳。(加分)  薪資待遇： 時薪NTD$220
15392061,代書助理：地政士助理,黃雅萍地政士事務所,雙北,新北市,新北市板橋區,行政/總務/法務,其他服務/工商貿易,30000~35000 (period=2),月薪,30000,35000,0,0,傳統無AI,無,0,0,0,0,協助代書辦理各項文書及土地登記業務，須能配合外勤。
15196643,徵 管理發展中心-總務管理組-專任職員2名,臺北醫學大學,雙北,新北市,新北市中和區,行政/總務/法務,生技/醫療保健,43000~45000 (period=2),月薪,43000,45000,0,0,傳統無AI,無,0,0,0,0, 【工作內容】 1.附屬醫院醫材缺貨/停產品項查找。 2.附屬醫院醫材進用資料評估審核(含臨床意見彙整)。 3.協助醫材初審小組會議召開及會議準備。 4.附屬醫院醫材整合、年度議價品項資料整理。 5.協助聯合醫材管理委員會議召開及會議準備。 6.醫材整合品項合約簽訂及簽核追蹤。 7.醫材議價資料整理、廠商聯繫。 8.單位專案或行政事務支援及主管交辦事項。   【條件】 1.具學士學位，畢業於醫務管理學或醫學相關系所尤佳。 2.具1-3年醫材管理、採購相關工作經驗兩年以上，並願意配合單位任務輪調者。   原住民或身心障礙者優先考量 ●意者請逕上104人力銀行登錄或email履歷/自傳至hrjob
13352031,【台北】櫃台行政人員,吉泰人力仲介有限公司,雙北,新北市,新北市三重區,行政/總務/法務,其他服務/工商貿易,31000~36000 (period=0),月薪,31000,36000,0,0,傳統無AI,無,0,0,0,0,1. 訪客引導、接待 2. 接聽電話協助轉接並篩選來電 3. 提供或回應廠商、相關業務公司之相關資訊 4. 遞送公文及公司信件收發、分類及郵局寄信 5. 整理公司評鑑相關文書事務 6. 協助行政人員部分文書事務 7. 同仁失物招領及全公司人員廣播告知重要訊息 8. 主管交辦事項 9. 初二、十六公司拜拜事宜  *此職務需遞送信件，需有機車駕照
14611768,小幫手(即日起-115/11/30止）,宇璟設計有限公司,雙北,新北市,新北市五股區,行政/總務/法務,傳統製造/精密工業,210~9999999 (period=0),時薪折算,33600,33600,0,0,傳統無AI,無,0,0,0,0,工作內容：   * 貨品整理   * 協助配套、包裝、出貨   * 整理倉庫貨品上架及裝箱發貨   * 核對量身明細   * 依量身明細整理衣服配套   * 核對卡別/編號出貨明細  條件要求：   * 細心、勤勞、配合度高   * 能搬重物、久站尤佳  工作地點：   * 新北市五股區五權路6號2樓  工作期間：   * 即日起～115/11/30（需求1人）   * 每日工時 8:30-17:30   * 週六、週日休   * 見紅休
14559546,【行政工讀生_準時上下班!!】ETC遠通電收-歡迎夜校生及國考生 / 休假日可自選 -603J,萬寶華企業管理顧問股份有限公司,雙北,新北市,新北市樹林區,行政/總務/法務,其他服務/工商貿易,29500~9999999 (period=0),月薪,29500,29500,0,0,傳統無AI,無,0,0,0,0,✅ 立即報到 ✅ 準時上下班，下班不用處理工作 ✅ 歡迎 國考生 / 夜校生 ✅ 久坐又有冷氣吹好涼 ✅ 單純電腦行政不用講電話，I人首選   【工作內容】 ◆超輕鬆、簡單電腦文書工作(ex：車牌辨識、確認檢核:計算通行數量)  【工作地點】 ◆新北市樹林區佳園路三段  【上班時間】 ◆日班 09:00~18:00  【休假】 : 排休 (月休8-10天，四天休假日可自選)  ↓＜求職快速通道＞↓  如果對該職缺有興趣，【請先投遞履歷】 想加快應徵速度，可以加入我的line生活圈––@765zqtam 請留言：姓名+電話+職缺截圖，快速幫您安排!!! 聯絡窗口：Jenny 舒小姐 03-370
15319367,製造助理,博程電子股份有限公司,雙北,新北市,新北市鶯歌區,行政/總務/法務,傳統製造/精密工業,33000~36000 (period=2),月薪,33000,36000,0,0,傳統無AI,無,0,0,0,0,1. 人員出勤、加班及工時資料管理與統計。 2. 生産物料點收、領料、配料及缺料追蹤。 3. 生產相關系統單據填寫與異常追蹤處理。 4. 文件、報表及設備保養表單管理。 5. 儀器盤點及內部稽核配合作業。 6. 主管交辦事項執行。 7. 產線行政處理。 8. 文具耗材申請。 9. 需能配合加班。 
15361032,[兼職] 家庭行政與接送助理 [Part-Time] Household & Administrative Assistant,慕義教育有限公司,雙北,新北市,新北市深坑區,行政/總務/法務,電子商務/數位零售,40000~40000 (period=0),月薪,40000,40000,0,0,傳統無AI,無,0,1,0,0,"我們正在尋找一位細心、可靠且主動積極的家庭助理，協助處理家庭日常行政事務、接送小孩以及維持輕度居家整潔。  - 薪資待遇： 月薪 NT$40,000 元 - 工作時間： 週一至週五，下午 2:00 – 6:00（每週 20 小時） - 工作地點： 新北市深坑區（需能自行通勤至深坑）。  工作內容： - 孩童接送： 負責開車安全接送孩童放學及參加課外活動（深坑區及周邊區域）。 - 家庭行政支援： 協助處理日常行程安排、代辦生活雜事、收發包裹、代繳費用及聯繫接洽等事務。 - 輕度家務協助： 維持公共區域的基本整潔、協助衣服摺疊與收納、整理廚房與生活空間等簡單家務。  應徵條件： - 駕照與經驗： "
15398410,總務人員_營業單位,中化控股_中國化學製藥股份有限公司,雙北,新北市,新北市樹林區,行政/總務/法務,傳統製造/精密工業,30000~40000 (period=0),月薪,30000,40000,0,0,傳統無AI,無,0,0,0,0,工作內容   負責樹林及土城辦公室現場總務、庶務及相關行政作業： 樹林辦公室:新北市樹林區東興街26號; 土城辦公室:新北市土城區中山路16號3樓。   1. 辦公室日常行政、庶務及辦公用品／消耗品之請購、採購與管理。 2. 辦公設備及環境設施之維護、報修、定期保養及廠商聯繫。 3. 信件、貨運收發寄送及其他日常庶務作業。 4. 辦公室環境維護、清潔人員及相關廠商聯繫管理。 5. 協助相關費用請款、合約及行政作業。 6. 其他行政支援及主管交辦事項。   條件需求 1. 大專以上學歷，具行政、總務相關工作經驗佳。 2. 熟悉 Word、Excel 等基本 Office 軟體操作。 3. 具汽／
13592627,誠徵 建設公司律師 月薪9萬起 前一年保障年終3個月,金安年建設股份有限公司,雙北,新北市,新北市板橋區,行政/總務/法務,其他服務/工商貿易,90000~9999999 (period=4),月薪,90000,90000,0,0,傳統無AI,無,0,0,0,0, 1. 撰狀、開庭、審閱合約及接受法律諮詢等法律事務 2. 協助特定領域或案例的法律研究 3. 協助研究一般民刑事、家事案件、撰擬相關各類書狀 4. 法律問題研究、提供法律意見或諮詢 5. 承辦民事案件、刑事案件、各類書狀撰擬、開庭、案件後續追蹤 6. 契約審閱、法律意見書撰擬 7. 協助董事長交辦事項  1.需具3年以上相關工作經驗 2.前一年保障年終3個月 3.需具備律師執照  周休二日      ※實際職務將依據求職者過去經驗等，以主管面談時為主※  
15400730,西文編目人員,知訊圖書有限公司,雙北,新北市,新北市板橋區,行政/總務/法務,傳統製造/精密工業,32000~35000 (period=0),月薪,32000,35000,0,0,傳統無AI,無,0,0,0,0,1.西文書籍編目加工、裝箱作業 2.進貨相關業務工作支援
15033007,檔案整理與建檔專員【中和區】,年豐企業有限公司,雙北,新北市,新北市中和區,行政/總務/法務,傳統製造/精密工業,32450~32450 (period=0),月薪,32450,32450,0,0,傳統無AI,無,0,0,0,0,// 工作內容 //  主要負責公文檔案整理與資料建檔作業，依規範整理公文資料並建立檔案目錄，確保資料內容正確。  工作項目包含：  公文檔案整理與整卷作業 公文目錄與資料建檔 建檔資料檢核與修正 配合專案進度完成相關文件整理作業  我們希望找到 細心、動作敏捷、願意精進專業能力的夥伴。 如果你對圖書資訊產業有熱情，並希望在實務專案中累積經驗、未來朝數位化掃描專業發展，這個職位會非常適合你。  // 條件要求 //  能長時間細心處理文字編輯作業 能依規則完成資料整理與建檔 細心、耐性高，能依規範執行標準流程 打字迅速、熟悉基本電腦操作 具公文編輯經驗加分 能配合專案工作進度  // 成長機會
14921997,行政托育人員,中華青年公共事務倡議協會,雙北,新北市,新北市中和區,行政/總務/法務,其他服務/工商貿易,38011~41011 (period=0),月薪,38011,41011,0,0,傳統無AI,無,0,0,0,0,1.行政管理    處理中心日常行政事務(如:文件管理、報表彙整等)    管理環境與設備維護(安全檢查、物資補給)    協助進行評鑑作業 2.財務與會計    管理托育費收支、編列預算與報帳流程    發票與收據管理 3.家長溝通與服務    回應家長問題與意見    協助處理突發狀況    維護良好關係與信任感 4.人員支援     支援突發人力需求（如：人員請假時的臨時支援） 5.其他主任交辦事宜
15343736,櫃檯人員,桑斯伯國際有限公司板橋營業站,雙北,新北市,新北市板橋區,行政/總務/法務,其他服務/工商貿易,30000~32000 (period=0),月薪,30000,32000,0,0,傳統無AI,無,0,0,0,0,1. 接待來館會員及訪客，提供親切且專業的服務。 2. 負責課程報名、講解及相關行政作業。 3. 負責櫃檯收銀、結帳、發票開立及帳務整理。 4. 接聽電話、回覆訊息，協助處理顧客諮詢與預約。 5. 辦理入場報到、門禁管理及票券核銷。 6. 協助販售泳池相關商品及推廣館內課程與活動。 7. 維護櫃檯環境整潔，確保接待區乾淨有序。 8. 協助處理顧客意見及突發狀況，並適時回報主管。 9. 完成主管交辦事項，配合館內活動及營運需求。 
14274751,文件助理,香港商香港歐陸通科技有限公司台灣分公司,雙北,新北市,新北市林口區,行政/總務/法務,資訊科技/軟體網路,面議,面議,,,1,0,傳統無AI,無,0,0,0,0,1. 協助技術文件製作與彙整。  2. 協助表單維護及文件製作。  3. 協助專案時程控管及相關記錄。  4. 現有產品圖面、資料整理 。  5. 其他主管交辦事項。
11619214,工務/行政助理,鼎上營造有限公司,雙北,新北市,新北市新莊區,行政/總務/法務,其他服務/工商貿易,35000~45000 (period=0),月薪,35000,45000,0,0,傳統無AI,無,0,0,0,0,1.協助工地執行進度與文書作業。 2.協助主管及老闆交辦事務。 3.需有工程計價及工程文書作業經驗可。 4.具有相關證照尤佳。
14520349,倉儲管理／倉管人員－台北,飛泰貿易有限公司,雙北,新北市,新北市中和區,行政/總務/法務,其他服務/工商貿易,30000~33000 (period=0),月薪,30000,33000,0,0,傳統無AI,無,0,0,0,0,工作內容： ◆協助業務處理日常行政事務，如訂單處理、與客戶資料管理。 ◆協調內部部門（如財務、倉儲、出口）以確保訂單順利執行。 ◆商品收貨、點貨、退還貨 分類上架與擺放。 ◆協助商品出貨流程，包括檢查、包裝、貼標、打包與出貨。 ◆協助安排每日出貨流程與裝箱作業。 ◆登打貨品進出紀錄並輸入系統（如 Excel 或 ERP）。 ◆協助簡易商品組裝與備料。 ◆整理與維護倉儲空間與辦公環境整潔。 ◆執行主管交辦事項，靈活支援部門日常需求。 ◆每日工作流程明確，依標準作業流程（SOP）進行，容易上手。 ◆需具備良好工作效率與動作敏捷度，能配合出貨與倉儲作業節奏。  工作節奏穩定，適合喜歡有規律生活與細心
15319686,文書行政人員,銓泓國際開發有限公司,雙北,新北市,新北市土城區,行政/總務/法務,其他服務/工商貿易,30000~35000 (period=6),月薪,30000,35000,0,0,傳統無AI,無,0,0,0,0,1. 文書處理須能中英打1分鐘40字以上，工作態度認真。 2. 與公家機關聯絡、外勞國家辦事處聯絡、客戶聯絡、醫院等政府單位。 3.依照各企業的行業性質，從事一般行政工作、主管交辦事項 4.文書管理：資料key-in、列印、整理、維護、更新 5.工作行程及會議之準備、安排、參與、紀錄；行事曆管理、排定 6.公文、郵件收發及寄送 7.接聽客戶來電 8.庶務管理
15304997,車輛調度/行政內務人員(新北),橘子叫車_中車國際有限公司,雙北,新北市,新北市新莊區,行政/總務/法務,文教/補教培訓,35000~40000 (period=0),月薪,35000,40000,0,0,傳統無AI,無,0,0,0,0,【工作內容】 追蹤及調整趟次時間表，提升運輸時間的準確性與效率 調派車輛和相關人力資源，確保交通運輸順暢進行 監控運輸過程動態，處理並解決突發狀況，維持運輸服務高水平品質 協助管理車輛維修及保養計畫，確保車輛安全、高效運營 招聘、管理與培訓運輸相關人員，打造專業且高效的團隊 主管交辦事項推動與執行  【所需特質】  具緊急應變能力 具管理及溝通能力 抗壓性強 積極、熱忱、主動的學習態度 善於規劃與應變，對運輸管理有興趣  我們誠摯邀請充滿熱忱、善於規劃與應變、對運輸管理有興趣的你加入我們的團隊！立即投遞履歷並成為我們的重要一員，與我們共同提升客運服務體驗，助力每一次的旅程更加美好！
15401804,文書助理,高亞交通器材股份有限公司,雙北,新北市,新北市五股區,行政/總務/法務,傳統製造/精密工業,30000~36000 (period=0),月薪,30000,36000,0,0,傳統無AI,無,0,0,0,0,"1.	協助處理開發相關行政作業。  2.	其他主管交待辦事項。 3.	彙整文件整理相關文件與提供作業上的協助(如:BOM…)  擅長工具: office系列文書軟體(word, excel, outlook..等)  本職務現行工作地點為【新北市五股區中興路一段142號五樓】   "
15273195,中華電信子公司-專案管理人員 (職代)-E,中華電信子公司_宏華國際股份有限公司,雙北,新北市,新北市板橋區,行政/總務/法務,其他服務/工商貿易,40000~45000 (period=2),月薪,40000,45000,0,0,傳統無AI,無,0,0,0,0,1.損益表製作、營運分析及簡報彙整。 2.預算追蹤、績效統計及獎金計算。 3.與資訊接洽、數據統計及KPI分析作業。 4.辦理契約管理、驗收請款、發票及印花稅作業。 5.協助績效目標設定及執行追蹤。 6.支援業務行銷拓展、客戶開發及跨部門協調事項。 7.辦理主管交辦之專案及行政作業。 職務代理時間:即日起~117/6/30
13070583,【正職】中醫專科與美學：診所助理/行政人員 薪:35k,華晟中醫診所,雙北,新北市,新北市板橋區,行政/總務/法務,生技/醫療保健,33000~9999999 (period=3),月薪,33000,33000,0,0,傳統無AI,無,0,0,0,0,【正職】診所助理 / 診所行政管理（中醫醫美專科）  職位願景 華晟中醫 是一所整合「醫學美容、美顏針專科、減重塑身、助孕、漢方經絡與結構整復」的全方位整合診所。我們致力於將傳統漢方精髓與現代醫美技術結合，如果您對「中西醫美容整合」有熱忱，具備優秀的溝通能力與服務特質，這裡將是您轉型專業經理人、提升職涯廣度的理想訓練所。  【工作內容】 櫃檯營運管理： 接待服務、門診掛號批價、就診流程安排與協調。  個案衛教管理： 診療前流程說明、診療後衛教指導、病患深度關懷與個案進度追蹤。  醫療輔助與諮詢： 協助醫師執行診務工作（如美顏針輔助）、課程代領服務與專業課程介紹。  行政支援： 行政文書處理、診
9973626,<急徵> 業務助理,顥葳股份有限公司,雙北,新北市,新北市汐止區,行政/總務/法務,傳統製造/精密工業,32000~45000 (period=0),月薪,32000,45000,0,0,傳統無AI,無,0,0,0,0,"1.協助業務彙整文件、整理相關報價資料，並管理相關文件與檔案 2.協助出貨相關事宜及後續進度追蹤 3.配合工程進度,協助請款及跟催事宜 4.完成主管交辦事宜並能配合部門後勤支援 5.協助跨部門之溝通聯繫事宜 6.須具備基本文書處理&排版能力  我們正在尋找充滿熱情、樂於學習的您，一起創造卓越的未來！ 如果您對此職務有長期投入的規劃，非常歡迎您的加入。  ◇無誠勿試，勿投履歷◇ "
14406453,【PP石墨烯】倉儲包裝計時人員,騏瑋實業有限公司,雙北,新北市,新北市新莊區,行政/總務/法務,生技/醫療保健,196~196 (period=0),時薪折算,31360,31360,0,0,傳統無AI,無,0,0,0,0,【工作內容】 1.     訂單撿貨/包貨、退貨等相關作業 2.	商品貼標及包裝加工作業 3.     環境整理 4.     其他主管交辦事項  【關於我們】 我們希望提供消費者「健康X快樂X公益」的生活理念，讓PP石墨烯不僅是人們健康生活的後盾，也鼓勵每個人都成為快樂的傳播者！   【我們期待看到你具備以下能力特質】 1.	要有團隊合作的精神且樂於溝通 2.	做事講求效率，不過仍須保持細心及耐心  【注意事項】 如果團隊覺得有機會合作，我們會儘速聯絡你！若不符合職位需求的面試者，將不另行通知。
13734199,旅遊客服專員｜LINE客服｜旅行社行政,小蔡旅遊MrTsaiTravel_鴻滿旅行社有限公司,雙北,新北市,新北市新莊區,行政/總務/法務,其他服務/工商貿易,32000~9999999 (period=2),月薪,32000,32000,0,0,傳統無AI,無,0,0,0,0,1.旅客保險之整理、核對 2.資料建檔、文書處理、報表製作 3.電話接聽與客戶服務 4.協助開票、資料整理旅遊說明會資料…等相關作業處理 5.其他主管交辦事項 6.精通文書系統
15402313,會計助理,生態綠股份有限公司,雙北,新北市,新北市三重區,行政/總務/法務,其他服務/工商貿易,34000~38000 (period=0),月薪,34000,38000,0,0,傳統無AI,無,0,0,0,0,1. 收發、記錄及彙整交易產生之原始憑證，並登錄至會計系統製作傳票。 2. 審核有關各項費用支付之發票、單據及帳務處理。 3. 處理客戶應收款項帳務。 4. 申報營業稅、營所稅等各項稅務。 5. 處理營運管理報表 6. 完成主管交辦事項
15243479,行銷兼職 (女裝試穿及Reels拍攝人員),安妮薘國際有限公司,雙北,新北市,新北市新莊區,行政/總務/法務,其他服務/工商貿易,200~9999999 (period=0),時薪折算,32000,32000,0,0,傳統無AI,無,0,0,0,0,時薪 NT200起 歡迎喜歡拍照，直播，表演科系，行銷相關科系等學生 1. 規劃FB/IG/BLOGHG等社群媒體經營與內容創作，提升品牌曝光率與內容瀏覽量。 2. 規劃並拍攝短影音內容(Reels)需具備鏡頭前表現力與創意發想像力。 3. 商品試穿、搭配新品或促銷檔期規劃活動與執行。 4.官網上架與維護。 5. 完成主管交辦之其他任務，支援跨部門合作。
12439557,[行政]醫療事務處門診課/批掛事務員(助理管理師A),醫療財團法人徐元智先生醫藥基金會亞東紀念醫院,雙北,新北市,新北市板橋區,行政/總務/法務,生技/醫療保健,31500~38000 (period=0),月薪,31500,38000,0,0,傳統無AI,無,0,0,0,0,1. 掛號、批價相關業務 2. 自助繳費機異常排除及現金結帳相關業務 3. 支援用印櫃台相關作業執行 4. 當機通報及相關業務執行 5. 醫師請假之病患聯絡作業 6. 單位內跨業務支援或學習，配合單位職務輪調 7. 上級交辦事項 ※薪資含獎金※ 
15219953,行政及人力資源專員 Office & HR Administrator,扇港先進台灣股份有限公司,雙北,新北市,新北市中和區,行政/總務/法務,傳統製造/精密工業,面議,面議,,,1,0,傳統無AI,無,0,0,0,0,我們正在尋找一位積極主動、細心且具備優秀組織能力的行政助理，加入我們的團隊。此職位將負責日常行政支援、辦公室運作管理，以及協助人事事宜。我們期待您能在環境中高效工作，靈活應對各項任務。   ■ 主要職責 / Key Responsibilities • 負責日常辦公室行政運作，包括文件管理、檔案歸檔及往來函件處理。 • 協調辦公室用品採購、設備維護及供應商關係管理。 • 整理及維護公司檔案及專案文件紀錄。 • 支援人力資源相關工作，包括新員工入職安排及員工檔案管理。 • 籌辦及協調內部和外部會議及公司活動。 • 透過制定及執行行政程序和政策，提升辦公室運作效率。 • 協助處理與《勞動基準法》相
13889019,商品部行政助理 [全台最大辦公用品供應商],英屬開曼群島商史泰博股份有限公司台灣分公司,雙北,新北市,新北市新莊區,行政/總務/法務,電子商務/數位零售,30000~33000 (period=2),月薪,30000,33000,0,0,傳統無AI,無,0,0,1,0,1. 採購帳務與請款作業：負責廠商對帳、發票核對及單據輸入，確保帳務資料正確、交易一致及結算無誤；並處理零用金、代購款及報關等相關請款作業。 2. 退換貨及帳務處理：負責退換貨、折讓、Rebate等相關作業，進行系統操作、資料整理及帳務核對。 3. 跨部門溝通協作：與採購PM、倉管、廠商及財會等單位進行日常溝通及作業協調。 4. 發票及相關行政作業：不定期處理刊物請款、發票申請、折讓單等相關作業。 5. 日常行政及郵件作業：負責部門日常郵件寄發及相關行政事項。 6. 其他交辦事項：配合主管交辦事項及部門相關工作。  
12398956,業務助理/船務人員,立兆股份有限公司,雙北,新北市,新北市五股區,行政/總務/法務,傳統製造/精密工業,33000~45000 (period=0),月薪,33000,45000,0,0,傳統無AI,無,0,0,1,0,1. 輸入、處理並追蹤客戶訂單，並將訂單資料存檔備份。 2. 保持與客戶間之聯繫，回覆e-mail，並確認交貨期。 3. 提供出貨文件，協助業務人員控管出貨，並處理進出口事宜。 4. 定期提供業務銷售狀況報表，以供業務人員或主管參考。 5. 協助業務人員處理銷售業務相關之公司內部行政作業。 6. 協助業務人員整理客戶資料（如：公司基本資料、交易記錄、問題處理狀況）。 
15156310,新光人壽- 理賠專班招募中｜無經驗可+薪資快速成長,新光人壽保險股份有限公司_總公司,雙北,新北市,新北市板橋區,行政/總務/法務,文教/補教培訓,37000~9999999 (period=0),月薪,37000,37000,0,0,傳統無AI,無,0,0,0,0,"想進入金融業？理賠專班是您最佳的入場門票！ 無需相關經驗，公司提供完整培訓，助您快速上手。 起薪 NT$37,000，穩健起點。 只要在一年內達成公司目標，薪資成長超過 20%，挑戰更高收入。  【工作內容】  1.依規定執行理賠審核與簽署，確保作業品質與合規性  2.妥善處理爭議或糾紛案件，降低爭議與訴訟風險  3.執行保險犯罪防制與訴訟相關作業，強化防制保險詐欺能力  4.其他主管交辦事項"
15405158,業務助理(中和),海利普電子科技股份有限公司,雙北,新北市,新北市中和區,行政/總務/法務,資訊科技/軟體網路,32000~38000 (period=2),月薪,32000,38000,0,0,傳統無AI,無,0,0,0,0,1. 協助太陽光電各項業務開發。 2. 客戶及地主關係維繫及合約簽署。 3. 協助案件初步可行性評估。 4. 定期提供業務銷售狀況報表，以供業務人員或主管參考。 5. 合約文件歸檔與管理、訂單、請款作業之處理及整理。 6. 各項業務後勤支援。 7.其他主管交辦事項。 
15377252,預計12月開幕_百貨門市專櫃銷售【固定薪資+高額獎金】 (工作地點:中和環球)_歡迎二度就業,石安牧場_上品王食品股份有限公司,雙北,新北市,新北市中和區,行政/總務/法務,傳統製造/精密工業,40000~50000 (period=4),月薪,40000,50000,0,0,傳統無AI,無,0,0,0,0,"【薪資結構】:  固定薪資+業績獎金，月領40000元以上  【獎金內容】:  依門市銷售達成目標，有高額業績獎金 【工作內容】:        1. 櫃位商品銷售、諮詢、推廣試吃、門市接待及客戶服務       2. 協助整貨, 陳列, 庫存管理等作業           ( 商品整理、補貨上架時需搬運商品，依商品種類區分， 約6-11公斤不等)      3. 顧客關係建立與維護        4. 維護門市環境整潔       5. 配合專案行銷活動  【上班時間】: 10:30~22:00 (實際依百貨營業時間排班)，月休8~10天"
13498229,專案行政庶務工讀生,社團法人藝享愛樂音樂教育推廣協會,雙北,新北市,新北市蘆洲區,行政/總務/法務,文教/補教培訓,196~9999999 (period=0),時薪折算,31360,31360,0,0,傳統無AI,無,0,0,0,0,職務名稱：專案行政庶務工讀生 時薪：196元整 應徵條件： 1.科系不拘 2.需熟悉Google 文件/試算表/表單操作、OfficeWord/Excel/Powerpoint操作 3.機靈細心、願意負擔各類庶務工作（環境清潔、影印、打電話、物資整理等） 4.每週白天可排班3天，每週總工時約14-18小時 加分條件：喜愛古典音樂、對古典音樂有基礎認識 工作內容： 1.協助內部文書資料整理、製作、收集，訊息發送 2.協助辦公室環境清潔 3.不定期活動現場支援（如有需求會提前排班） 4.其他主管交辦事項 　　　　　　
13263560,韓國商品 [電商管理人員] 助理,崔普雷國際貿易有限公司,雙北,新北市,新北市三重區,行政/總務/法務,電子商務/數位零售,32000~36000 (period=0),月薪,32000,36000,0,0,傳統無AI,無,0,0,0,0,【工作內容】 1.韓文>中文標籤製作列印/翻譯 2.電商平台商品管理上架/出貨 3.主管交付事項 4.圖片編輯 需會使用Photoshop 5.需會韓文  【享公司福利】 1.【週休二日，見紅就休】 2.上班時間:9:00~18:00 (午休1個小時) 3. 提供季度-團隊獎金 3. 享勞、健保、勞退6%提撥 4. 三節獎金、年終獎金 5. 不定期員工聚餐 6. 員購福利   
15259562,總機行政助理,鴻祥營造股份有限公司,雙北,新北市,新北市板橋區,行政/總務/法務,其他服務/工商貿易,29500~35000 (period=2),月薪,29500,35000,0,0,傳統無AI,無,0,0,0,0,一、工作內容： 1.負責主管交辦事項。 2.製作、整理、保存文件資料。 3.有責任感.肯學習具佳。  二、工作地點：新北市板橋區中山路
15328699,禮賓接待專員,東森購物_電視購物_東森得易購股份有限公司,雙北,新北市,新北市林口區,行政/總務/法務,其他服務/工商貿易,38000~42000 (period=2),月薪,38000,42000,0,0,傳統無AI,無,0,1,0,0,職務說明： 1. 負責東森林口恩典大樓 1 樓大廳及 38 樓觀景台之賓客接待、動線引導與現場秩序維護。 2. 主動向來賓介紹恩典大樓特色、樓層設施、觀景亮點及相關服務資訊。 3. 協助 38 樓觀景台來賓參觀導引、拍照動線提醒、安全注意事項說明及人流控管。 4. 負責恩典大樓會員中心相關資訊說明，包含會員權益、活動資訊、消費服務、預約方式及現場諮詢。 5. 協助貴賓、團體、合作品牌及活動來賓之接待與引導。 6. 維持接待區域環境整潔、服務備品完整及現場服務品質。 7. 即時回報現場異常狀況，並協助處理賓客需求、客訴或突發事件。 8. 配合公司營運需求，支援導覽、活動、品牌推廣及其他主管交辦事
14275107,行政助理,六揚科技有限公司,雙北,新北市,新北市中和區,行政/總務/法務,資訊科技/軟體網路,30000~33000 (period=2),月薪,30000,33000,0,0,傳統無AI,無,0,0,0,0,"1. 工作內容：  1. 完成主管交辦事項。 2. 管理各類文件檔案（如：合約、會議記錄、書目資料、活動文件） 3. 完成工作時程表，管理行事曆、 4. 略懂鼎新ERP系統,(尤佳) 5.負責簡單零用金管理，並負責前往銀行進行提存交易。  6.辦公用品採買 7. 協助辦理公司團聚及員工福利。 9. 文書資料處理、彙整及報表製作 "
15032225,客服計時人員(北大運動中心),全越運動事業股份有限公司,雙北,新北市,新北市三峽區,行政/總務/法務,文教/補教培訓,196~196 (period=0),時薪折算,31360,31360,0,0,傳統無AI,無,0,0,0,0,1.會員服務：接待來訪客人、會員報到與入場確認處理會員問題 接聽電話 2.課程與場館相關：課表說明(團課、私人教練課)場館規範說明(使用規則、服裝、禮儀) 3.行政與帳務：收款、開立發票或收據每日帳務結算簡單文書與系統操作 4.現場維護與支援：維持櫃檯與公共區域整潔，協助處理客訴與突發狀況(設備故障、會員糾紛)與教練、清潔人員、主管溝通協調  工作地點：北大運動中心-新北市三峽區大學路151號(台北大學校內) 
15168140,【長期派遣_外商倉儲人員】年薪14個月 / 日班周休二日 / 長期發展＿201HY,萬寶華企業管理顧問股份有限公司,雙北,新北市,新北市汐止區,行政/總務/法務,其他服務/工商貿易,35000~40000 (period=0),月薪,35000,40000,0,0,傳統無AI,無,0,0,0,0,長期穩定職缺，適合希望穩定發展者！  【工作內容】					 依循倉庫作業程序(SOP)與倉庫同事共同執行完成作業 : ✦進貨 – 包含空運/海運/快捷到貨執行拆箱/拆櫃，檢驗，貼標，上架，完成收貨。 ✦出貨 – 依照產品特性/溫度(室溫/冷藏/冷凍)/客戶需求執行撿貨，核對，包裝，封箱，檢附文件，完成出貨。 ✦ 庫存管理 – 依照產品溫層與架位管理貨物進出與移動，冰寶保存與使用，包裝材料整理，每月盤點。 ✦機器設備管理 – 定期檢查保養維護，更新紀錄。 ✦行政作業 – 整理並歸檔進出貨文件/單據，清理環境，採購與庶務工作。 ✦基本文書作業(讀寫)與操作庫存系統。 			  【上班時間】 ◆日
14836615,免加班‼️周休二日見紅休‼️新北市土城區【台灣龍頭企業-物料管理-行政人力】長期穩定~歡迎應屆畢業生~享年終,寶興盛人力資源有限公司,雙北,新北市,新北市土城區,行政/總務/法務,其他服務/工商貿易,220~220 (period=0),時薪折算,35200,35200,0,0,傳統無AI,無,0,0,1,0,"加開名額~歡迎無經驗新鮮人~  【土城鴻海集團-物料管理行政人力】  ✨表現優良有機會轉正鴻海❗ ✨穩定長期工作~有倉管經驗優先~ ✨員工餐廳，辦公室環境 ✨可申請借支  工作時間：08:00-17:30(中間午休1.5小時)周休二日  工作地點：新北市土城區中山路3號  薪資條件：時薪220  工作需求： 1.物料倉庫管理 2.物料出/入庫/收貨/寄送 3.進口報關結報作業 4.其他專案支援 5.Office文書 - Word, Excel, 細心  【優質福利】 ☑享勞/健保,勞退6% ☑員工餐廳，一餐20元超便宜 ☑可借支讓您用錢免煩惱 ☑機車停車  ▬▬▬▬▬【快速應徵】▬▬▬▬▬ ☎"
15025614,【晚班】內勤銷售人員,慧萊科技有限公司,雙北,新北市,新北市三重區,行政/總務/法務,文教/補教培訓,38000~54000 (period=0),月薪,38000,54000,0,0,傳統無AI,無,0,0,0,0,【晚班】此職缺固定00:00-08:00  工作內容  (無客服相關經驗可，新進員工皆會進行培訓，有經驗者佳)  1.開發新客戶：回覆私訊/電話/LINE 諮詢、了解客戶需求   2.負責遊戲客服信件回覆，並協助玩家解決問題。  3.熟悉電腦基本操作、基礎excel使用 。  4.熟悉公司規章及客服作業流程。  5.無客服相關經驗可，新進員工皆會進行培訓。  6.數字邏輯清晰、責任心  7.高EQ情緒管理及調適，具客戶服務特質。  8.客訴案件處理  8.本職務需視人力需求輪調  ***面試請帶個人履歷。
15129825,行政助理,語林農場,雙北,新北市,新北市林口區,行政/總務/法務,其他服務/工商貿易,36300~38200 (period=0),月薪,36300,38200,0,0,傳統無AI,無,0,0,0,0,1. 電腦文書處理 2. 對帳請款作業 3. 生產管理助理  
14580437,-N新北-@誠徵【新莊泰山區】日/夜班機動保全,皇家國際保全股份有限公司,雙北,新北市,新北市新莊區,行政/總務/法務,其他服務/工商貿易,45000~45000 (period=0),月薪,45000,45000,0,0,傳統無AI,無,0,0,0,0,1. 負責門禁管制、車輛管制、防竊作業及竊盜處理工作等安全維護工作 2. 收發包裏郵件 3. 針對特定處所進行監視，維持公共安全，減少火災、竊盜或其他危險 4. 控制照明、取暖、空氣調節及通風等設備 5. 保護重要物品 6. 社區安全維護管理、保障客戶生命和財產安全
15360454,行政助理/行政人員,勵友環保股份有限公司,雙北,新北市,新北市五股區,行政/總務/法務,其他服務/工商貿易,32000~9999999 (period=0),月薪,32000,32000,0,0,傳統無AI,無,0,0,0,0,"1. 熟悉word、excel輸入。 2. 協助處理廠商、司機等反應後續問題處理。 3. 機器報修、用品採買。 3. 勞健保事務及人事資料建立。 3. 廠商請款及零用金管理。 4. 主管交辦事項追蹤回報結果。 5. 需有機車駕照備機車,協助郵件收送置放及銀行存匯。 "
14838709,新北區【社會住宅 行政專員】 #無經驗可培訓#社會住宅包租代管,五泰房屋_五泰房屋仲介有限公司,雙北,新北市,新北市五股區,行政/總務/法務,文教/補教培訓,32000~45000 (period=0),月薪,32000,45000,0,0,傳統無AI,無,0,0,0,0,社會住宅包租代管－行政專員 招募中_______ ▶ 台北市｜新北市｜桃園市｜台中市｜苗栗縣｜台南市｜高雄市  無經驗可｜完整培訓｜ ⸻ 主要工作內容 ✔ 行政管理：處理文件歸檔、資料整理，確保資訊準確無誤 ✔ 專案支援：協助行銷與租賃團隊執行各類專案，確保進度順利推進 ✔ 數據與報表處理：整理與分析社會住宅業務數據，提供決策參考 ✔ 溝通協調：跨部門協作，確保資訊暢通、工作流程順暢  ⸻  ▍為什麼加入五泰房屋？  1 穩定的職場環境：政府計畫支持，業務穩定發展 2 完整的培訓制度：即使沒有不動產經驗，也能透過專業培訓快速上手 3 友善的團隊文化：彼此扶持、共同成長，打造溫暖的職場氛圍 4 
15044280,正職行政人員,荃盛復健科診所,雙北,新北市,新北市汐止區,行政/總務/法務,生技/醫療保健,32000~36000 (period=0),月薪,32000,36000,0,0,傳統無AI,無,0,0,0,0,1.櫃台掛號及診間跟診 2.行政作業事務 3.主管交辦事項 長期尤佳
13506292,董事長兼總經理秘書,振躍精密滑軌股份有限公司,雙北,新北市,新北市土城區,行政/總務/法務,傳統製造/精密工業,面議,面議,,,1,0,傳統無AI,無,0,0,0,0,1.負責董事長及總經理工作行程規劃、協調、聯繫與安排。 2.會議安排及通知，製作會議記錄並追蹤決議事項。 3.處理與直屬主管相關的行政事務及貴賓接待，包含信件、內外部參訪...等事項。 4.公司形象、官網、新聞稿與媒體相關事務之窗口及建議規劃與執行。 5.整理簽核文件及發送，並負責追蹤執行、並隨時掌控進度及回報。 6.協助專案推動與時程控管(含政府專案)。 7.主管臨時交辦事項。
15376487,行政人員,富比世科技股份有限公司,雙北,新北市,新北市土城區,行政/總務/法務,傳統製造/精密工業,29500~9999999 (period=0),月薪,29500,29500,0,0,傳統無AI,無,0,0,0,0,- 處理行政事務及主管交辦事項 - 文件管理：資料key-in、網站管理各項作業、整理、維護、更新 - 庶務管理 - 接聽客戶電話 - 勞工體檢數據總報表製做 - 特殊作業體檢結果申報 - 影像報告申請調閱 - 報告製做進度管控  本職位將扮演公司行政管理的重要角色，負責協助董事會會議籌備、文件管理、網路宣傳、基金會行政事宜等工作。此職位有良好的升遷管道，將有發展前景。 歡迎符合資格的求職者投遞履歷表，期待您加入我們的團隊！
15377071,【兼職】(新北市林口區) 智慧零食櫃上架補貨人員,歪國零食嘴_食娜客國際開發股份有限公司,雙北,新北市,新北市林口區,行政/總務/法務,電子商務/數位零售,300~370 (period=0),時薪折算,48000,59200,0,0,傳統無AI,無,0,0,0,0,歪國零食嘴-智慧零食櫃招募企業補貨小幫手   【工作內容】 ● 彈性上班時間 9:00-18:00之間   ● 每週一到五不固定排班時間到指定地點安排補貨上架(不需運送貨物，貨物會直接從寄到客戶地址) ● 補貨、機台異常情況回報 ● 其他主管交辦事項  *補貨地址：新北市林口區，兼職排班預計每週1-2台 *正式上班前需有一個小時到其中一個機台進行教育訓練（會以一台薪資計算） *需自備交通工具 *需自備推車，若無推車需與客戶借 *單次300元/一台 此為歪國零食嘴智慧零食櫃連結：https://office.snacklips.com/officemachine/   【應徵流程】 1. 履歷以
15394350,[行政]健康台灣深耕計畫辦公室：計時事務人員(倉儲管理),醫療財團法人徐元智先生醫藥基金會亞東紀念醫院,雙北,新北市,新北市板橋區,行政/總務/法務,生技/醫療保健,250~250 (period=0),時薪折算,40000,40000,0,0,傳統無AI,無,0,0,0,0,1.櫃台物料收發作業  2.倉儲區整貨發料作業  3.倉儲區報表統整  4.主管交辦事項 
13413727,"平日午晚班及假日長期工讀生(下午班3點到6點,晚班6點到9點半,特別歡迎大三大四護理系學生喔!)",嘉禾診所,雙北,新北市,新北市板橋區,行政/總務/法務,生技/醫療保健,196~200 (period=0),時薪折算,31360,32000,0,0,傳統無AI,無,0,0,0,0,"1. 負責跟診協助醫師，工作時間可議 2. 免經驗 ，待遇佳 3. 如如有意應徵者,請於診所開診時間撥診所電話02-29522688 陳主任安排面試時間，或投線上履歷哦！ 4 醫病關係佳，同事之間相處愉快，工作氣氛歡樂，並有乾淨溫馨又美麗的診所空間 5 本院聘有專職清潔人員，環境清潔，工作內容單純，不用負責打掃工作 6 有置物櫃，保有隱私空間，另有員工廁所，與病患廁所分開 7 免費員工及家屬看診，免費健康抽血檢查 9. 誠意徵人中，歡迎您的加入    "
15406041,Heart Picks業務行政專員,上洋產業股份有限公司,雙北,新北市,新北市五股區,行政/總務/法務,其他服務/工商貿易,38000~42000 (period=2),月薪,38000,42000,0,0,傳統無AI,無,0,0,0,0,1. 負責銷售管理作業(經銷商及官網)，包括訂單處理、出退貨管理及月結對帳等事項。 2. 負責官網平台產品上下架及更新維護。 3. 負責文字與電話客戶服務。 4. 負責部門內部行政作業。 5. 其他主管交辦事項。
14743173,行政人員,華翎人力仲介有限公司,雙北,新北市,新北市新莊區,行政/總務/法務,其他服務/工商貿易,33000~9999999 (period=2),月薪,33000,33000,0,0,傳統無AI,無,0,0,0,0,辦理外籍移工引進來台工作相關合法文件  具備特質：主動積極，注重細節，能夠獨立作業
15402877,Poly Lulu 中大尺碼門市計時人員PT (汐止門市),Poly Lulu_斐優國際股份有限公司,雙北,新北市,新北市汐止區,行政/總務/法務,其他服務/工商貿易,210~210 (period=0),時薪折算,33600,33600,0,0,傳統無AI,無,0,0,0,0,Poly Lulu  汐止門市熱烈徵才~~  歡迎熱愛時尚穿搭的你踴躍加入我們團隊   門市計時人員PT將負責以下工作內容： 1. 運用專業銷售技巧，銷售店內服飾商品，並提供店內客戶專業搭配咨詢  2. 維持店舖週遭之環境整潔，維護舒適購物空間。  3. 櫃臺收銀結帳作業、清點及保管公司陳列物等資產。  4. 商品進貨入庫、銷售管理及庫存管理。  5. 負責商品包裝、陳列及促銷品換檔工作。  6. 其他相關店務支援。  7.可全日配合工作時間者尤佳   我們擁有： 1. 薪資福利制度公開、晉升管道順暢，考核標準透明，我們歡迎有意將服飾業作為職涯長期發展的夥伴加入Poly Lulu團隊 2. 重
12806188,內勤行政專員｜成長型角色（跨部門營運核心）,得霖生技醫療器材股份有限公司,雙北,新北市,新北市板橋區,行政/總務/法務,生技/醫療保健,35000~9999999 (period=0),月薪,35000,35000,0,0,傳統無AI,無,0,0,0,0,【我們在做什麼】  我們是醫療器材公司，參與醫院設備導入（乳房攝影、骨密度DXA等）， 你每天的工作，都是讓醫療現場更順暢的一部分。  【這份工作適合誰？】  如果你是： ✔ 喜歡把事情整理得很有條理的人 ✔ 不想每天做重複、沒成長的行政工作 ✔ 想學「標案、合約、商業流程」這些未來很有價值的技能  這個職位會很適合你。  【你會做的事】  （不只是打雜，而是營運核心）  文件控管：報價單、合約、標案資料整理 跨部門溝通：業務 / 工程 / 財務之間的橋樑 專案支援：醫療設備專案行政流程跟進 客戶資料與系統維護 會議安排與重點整理  你會慢慢理解「一個醫療設備案是怎麼完成的」  【我們希望你具
15181193,全職行政人員<新北教室>,臺北市私立王耀文理短期補習班,雙北,新北市,新北市三重區,行政/總務/法務,文教/補教培訓,30000~35000 (period=0),月薪,30000,35000,0,0,傳統無AI,無,0,0,0,0,身為班級的靈魂人物，你將第一線參與學生的成長過程，成為家長最信賴的教育夥伴。  【你會做的事】 班級秩序與環境管理： 維護教室秩序，營造良好的學習氛圍，確保校區日常運作順暢。 學生學習狀況追蹤： 督導學生作業進度、安排測驗，並針對學習弱點進行輔導規劃。 親師溝通與專業諮詢： 定期與家長聯繫，回報學生進度，建立良好的親師合作關係。 行政事務與行政協作： 協助成績輸入及校區相關行政庶務。 招生支援與品牌推廣： 配合校區活動，協助課程介紹與新生入班諮詢。  【工作時間】 平日： 13:00 ～ 22:00（含用餐休息時間） 週六/週日： 依照校區課程需求排班  【薪資與福利】 優渥起薪： 提供具競爭
13939407,業務助理,東田國際工程有限公司,雙北,新北市,新北市三峽區,行政/總務/法務,其他服務/工商貿易,30000~35000 (period=0),月薪,30000,35000,0,0,傳統無AI,無,0,0,0,0,1.協助業務處理報價單 2.協助業務聯繫 3.處理業務行政作業(案場文件整理歸檔、台電報竣工) 4.其他主管交辦事務  應徵流程 1. 請先透過 104 投遞履歷。 2. 請線上填寫 應徵資料申請表  https://reurl.cc/bW0a5o 未完成者暫不列入面試審查；完成者將優先進入面試評估流程。  本公司職缺可配合勞動部支援青年就業計畫、青年職得好評計畫，符合資格青年可透過計畫申請津貼。  認識更多 公司官網 https://www.dt-solar.com/ 粉絲專頁 https://www.facebook.com/mpx0891k 東田國際工程有限公司 祝您求職順利、發展順心
14791415,淡水運動中心-場館專員,舞動陽光股份有限公司,雙北,新北市,新北市淡水區,行政/總務/法務,其他服務/工商貿易,30000~30000 (period=0),月薪,30000,30000,0,0,傳統無AI,無,0,0,0,0,1. 早晚班現場事務及清潔。 2. 各時段巡場事務。 3. 主管交辦行政事務處理。
15397975,連鎖門市總務,SST&C_天喜國際時尚股份有限公司,雙北,新北市,新北市汐止區,行政/總務/法務,電子商務/數位零售,面議,面議,,,1,0,傳統無AI,無,0,0,0,0,一、總公司總務 ・辦公環境及設備維護：水電、空調及設備異常之處理與廠商協調。 ・資產設備管理(總公司&店舖)與定期盤點作業。 ・資產清冊建立&更新維護。 ・總務採購、廠商聯繫、報價及請款等相關作業。  二、門市／店櫃總務及工程 ・店舖維修：懂基本水電、能自己處理小修繕、獨立派工、巡店、管理備品，協調廠商處理維護。 ・工程協調：協助進櫃、撤櫃、展店相關事務，並視情況能配合夜間或假日加班。  ◆薪資將依個人學經歷、專業能力及相關工作經驗核定。
11905321,牙醫助理(兼職) ,明星牙醫診所,雙北,新北市,新北市新莊區,行政/總務/法務,生技/醫療保健,230~9999999 (period=0),時薪折算,36800,36800,0,0,傳統無AI,無,0,0,0,0,1.準備看診器械，協助醫師看診  2.協助患者口腔衛生及保健衛教  3.器械消毒，工作環境整理  4.接待病人，簡單診所行政 
15405645,行政專員-新北市汐止區(總公司),台業公寓大廈管理維護股份有限公司,雙北,新北市,新北市汐止區,行政/總務/法務,其他服務/工商貿易,36000~40000 (period=3),月薪,36000,40000,0,0,傳統無AI,無,0,0,0,0,----【日常任務】---- ①行程與庶務管理 - 協助主管日常行程、會議安排及記錄，追蹤各項事項落實進度 ②文書處理與進度追蹤 - 整理與發送簽核文件，隨時掌控進度與回報，讓流程順暢不塞車 ③溝通橋樑 - 協調主管與各部門之間資訊傳遞，確保重點行動精準落地 ④客服小編 - 負責官方客服 LINE/信件即時訊息回覆、問題釐清與紀錄，指派對應部門 follow up 處理 ⑤團隊神應援 - 靈活處理主管交辦事項，成為團隊最靠譜的後援！    ----【我們希望】---- 你是一位擅長溝通的隊友 對外能用親切有溫度的文字回應 對內也能順暢與各部門協調 同時擁有細心與靈活的反應力      ---【
14176483,行政組長【學務處】【合格教師者優-不限科別】,新北市私立東海高級中學,雙北,新北市,新北市三重區,行政/總務/法務,文教/補教培訓,41000~45000 (period=0),月薪,41000,45000,0,0,傳統無AI,無,0,0,0,0,應聘：學務行政組長 ( 有相關學校經驗者優先面試 )    須具備高度工作熱忱與高配合度，瞭解本校對教育品質之要求，並能與學校同步發展及融入學校學習型組織，願意用心投入協助完成行政相關事務並優化行政程序。    一、學務處相關業務內容、規畫活動。   二、完成主管交辦之業務。   三、支援配合學校活動。  歡迎所有求職者
15200457,總務行政人員 (台北),明達光學有限公司,雙北,新北市,新北市三重區,行政/總務/法務,傳統製造/精密工業,30000~9999999 (period=0),月薪,30000,30000,0,0,傳統無AI,無,0,0,0,0,職務： *協助產品品質檢驗（QC）、包裝與出貨相關作業。 *負責郵務處理（信件收發、文件寄送與寄件作業）。 *協助庫存管理與盤點作業。 *訂單處理與管理（系統下單、訂單追蹤與異常處理）。 *協助客戶及業務處理問題，提供即時回應與後續追蹤。 *出貨文件整理與管理（如出貨單、對帳資料等）。 *基本報表製作與資料彙整（訂單、出貨、庫存等）。 *行政文書處理與檔案管理（資料建檔、歸檔）。 *工作環境清潔與整理，維持作業區整潔。 *其他主管交辦事項。
9059925,燈光工程人員(無經驗可),鼎悍專業燈光音響工程有限公司,雙北,新北市,新北市中和區,傳播藝術/設計,生技/醫療保健,32000~50000 (period=0),月薪,32000,50000,0,0,傳統無AI,無,0,0,0,0,歡迎零經驗及社會新鮮人加入！  鼎悍燈光專門承接台、日、韓一線藝人演唱會及各類商業活動，提供專業的舞台燈光規劃、設計與現場執行服務。  即使沒有相關經驗也沒關係！公司提供完整的教育訓練，從基礎燈光設備、現場架設到燈光設計實務，逐步培養專業技能。只要你願意學習、認真負責，歡迎加入我們，學習一技之長，成為專業的舞台燈光人才！  【工作內容】  1. 執行各類活動的燈光設備搬運、安裝、架設、測試及撤場。 2. 參與演唱會、音樂會、記者會及商業活動等現場燈光工程。 3. 配合現場主管及團隊完成燈光施工與演出執行。 4. 協助燈光器材整理、維護及基本保養。 5. 依活動及演出時間配合加班，加班費另計。 
13732299,各類飾品髮飾直播主,弗蕾亞精品有限公司,雙北,新北市,新北市林口區,傳播藝術/設計,其他服務/工商貿易,40000~9999999 (period=0),月薪,40000,40000,0,0,傳統無AI,無,0,0,0,0,我司尋找喜愛飾品，本身也有配戴飾品，對審美有一定程度的直播主。  公司會給予學習時間以及熟悉直播作業模式，待闆娘審核認可後即可開始直播銷售。  為完整呈現飾品美感，直播主採妝扮露臉直播銷售。  排班分早晚班，沒有限定只排早班或晚班，但直播熱門時段為晚上，也會影響業績，早晚班會有一定比例。公司有最後決定排班權利。時段請參考上班時段說明。  直播中介紹銷售商品，需要自行建立訂單，下播後無需整理包裝售出的商品，但需要將介紹過未售出商品整理歸位。  薪資計算為底薪+業績抽成，超過業績底標開始計算抽成部份。  另外，我司位於新北市林口區，交通是否便利請審慎思考。 可透過公司網址連結前往臉書粉專查看直播主
14544472,機構設計工程師,宇岑開發國際有限公司,雙北,新北市,新北市樹林區,傳播藝術/設計,傳統製造/精密工業,40000~52000 (period=0),月薪,40000,52000,0,0,傳統無AI,無,0,0,0,0,負責鈑金件、機構零件及相關產品之 2D／3D CAD 繪圖， 並可參與新產品開發、結構設計及外觀設計。  工作內容: 1.鈑金件及機構零件 2D／3D CAD 繪圖 2.工程圖、尺寸標註及加工圖面製作 3.參與新產品開發、打樣及設計修改 4.與加工廠及供應商溝通製作需求   熟悉 AutoCAD、SolidWorks、Creo 等 CAD 軟體 具備基本機械製圖及尺寸概念 對產品設計及外觀造型有興趣  加分項目: 有產品開發、打樣經驗者佳 對機車、汽車或改裝零配件有興趣者尤佳
15404571,美編設計人員,富康活力連鎖藥局_富康活力醫藥股份有限公司,雙北,新北市,新北市汐止區,傳播藝術/設計,生技/醫療保健,35000~42000 (period=0),月薪,35000,42000,0,0,傳統無AI,無,0,0,0,0,1.製作門市活動海報、DM、POP、社群貼文、廣告素材及其他行銷宣傳圖像。 2.製作電商平台商品圖、活動Banner及相關視覺素材。 3.設計門市招牌、展架、易拉展及其他實體宣傳物。 4.負責營養、健康相關圖文排版與視覺設計。 5.負責印刷廠商詢價、發包、校稿及進度追蹤，並協助門市需求彙整、美宣品數量統計、分配及寄送等作業。 6.完成主管交辦的其他行銷設計相關事項。   行銷部美編人力共2名，各項設計及美宣工作由兩位美編共同分擔，並依活動時程與案件量彈性分配。新進人員須能與另一名美編互相協作及支援，共同完成門市活動、社群、電商、大型輸出、營養文章圖文、印刷發包及美宣物品分配等工作，確保各項行銷
15225785,執行製作,木棉花國際股份有限公司,雙北,新北市,新北市新莊區,傳播藝術/設計,其他服務/工商貿易,30000~35000 (period=0),月薪,30000,35000,0,0,傳統無AI,無,0,1,0,0,1. 與譯者、配音室、電影製作公司等單位接洽發包翻譯、配音等作業，並掌控其進度與品質。 2. 將影像製作為中文在地化版本，含譯稿檢查潤飾、字幕時間軸處理、剪輯與轉檔等。 3. 擔任外語版本統籌，協調及追蹤海外各區人員的交付進度與時程 4. 其餘文書、主管交辦事務等雜項 
8064566,繪圖助理/工程師,宇球國際興業有限公司,雙北,新北市,新北市永和區,傳播藝術/設計,傳統製造/精密工業,33000~50000 (period=2),月薪,33000,50000,0,0,傳統無AI,無,0,0,0,0,1. 具繪圖及建築識圖能力（使用CAD軟體） 2. 建築圖說套圖(具細心) 3. 計畫書制定(簡易word Excel） 4. 工程案件歸檔及整理 5. EMAIL收檔 
15187982,美工人員,歡喜緣佛具店,雙北,新北市,新北市樹林區,傳播藝術/設計,其他服務/工商貿易,面議,面議,,,1,0,傳統無AI,無,0,0,0,0,1. 操作雷射切割機進行木材材料的切割； 2.協助客戶排版資料處理，字體切割，按金 3.修圖改版打稿，等等 4. 執行主管交辦之其他工作。  本職位負責操作雷射切割機，協助生產製程，具有良好的發展前景。 歡迎符合條件的人才投遞履歷表，期待您的加入！
15300190,藝人營運支援專員,一選台灣娛樂有限公司,雙北,新北市,新北市板橋區,傳播藝術/設計,生技/醫療保健,35000~9999999 (period=0),月薪,35000,35000,0,0,傳統無AI,無,0,0,0,0,一選是一個致力於打造高品質藝人活動環境的專業團隊。  我們不只是安排藝人的行程，更重視如何透過細緻的前期準備、穩定的現場執行、周全的支援安排與跨部門協作，讓藝人在安全、穩定且高效率的環境中，發揮最好的表現。  在每一次公開活動、拍攝、演出與現場工作中，都需要有人提前確認細節、安排移動路線、準備現場物資，並在突發狀況發生時即時支援。  這次招募的藝人營運支援專員，將會是現場團隊中非常重要的支援角色。  職務需求 1. 為藝人打造能夠發揮最佳能力的工作與活動環境 2. 負責藝人各類活動的行程安排與現場管理 3. 於藝人行程開始前，協助確認並取得所需素材與相關資料 4. 規劃並管理藝人的移動動線 5
14760428,美編人員,設采廣告有限公司,雙北,新北市,新北市土城區,傳播藝術/設計,廣告行銷/公關顧問,33000~9999999 (period=0),月薪,33000,33000,0,0,傳統無AI,無,0,0,0,0,1.精通Adobe Creative Suite，包括Photoshop、Illustrator、InDesign等設計軟體。 2.具備3D建模軟體操作能力，如Sketch UP等應用工具。 3.負責平面設計，具備排版及色彩搭配能力。 4.具有空間規劃美感及對設計趨勢敏銳度。 5.熟悉建築與室內設計相關術語與概念。 6.掌握攝影與圖片處理技巧，優化素材品質。 7.結合創意思維，完成各種視覺美編專案設計。
15396758,中和東森-奇幻島親子館PT,追風企業股份有限公司,雙北,新北市,新北市板橋區,傳播藝術/設計,其他服務/工商貿易,196~196 (period=0),時薪折算,31360,31360,0,0,傳統無AI,無,0,0,0,0,"工作內容 1.親子館館內設施,使用操作與維護   2.向顧客介紹館內設施特性與消費方式,主動提供顧客諮商建議   3.館內設施器具維護與清潔、維持營業場所的整潔與美觀   4.向客戶示範操作方法，顯示設備的優點，以協助顧客選擇   5.結帳作業、營業報表整理  6.舉辦唱跳及遊戲活動"
13067449,景觀設計繪圖助理,禾舍景觀有限公司,雙北,新北市,新北市汐止區,傳播藝術/設計,其他服務/工商貿易,34000~50000 (period=0),月薪,34000,50000,0,0,傳統無AI,無,0,0,0,0,1.協助設計師規劃及製作住宅、商辦、公共空間等，景觀設計 2.植栽計畫及配置  3.協助進行簡報製作、施工計畫書編制   需會看建築圖跟室內平面圖。 需到案場堪場與丈量  ✨員工福利～ 1.專案獎金 2.國內外員工旅遊 3.不定期聚餐
15402789,商務文件排版設計人員,儒風資訊印刷股份有限公司,雙北,新北市,新北市中和區,傳播藝術/設計,傳統製造/精密工業,33000~40000 (period=0),月薪,33000,40000,0,0,傳統無AI,無,0,0,0,1,■主要職務與條件:    1.多軟體排版：       運用 Word、InDesign、Acrobat、Photoshop、Illustrator 等工具，進行各式書籍、       手冊、報表或商務文件的專業排版與視覺美化。    2.自動化排版：       學習並運用 AI 與自動化腳本工具，進行大批量文字與圖片的自動排版、版面調整與       校對。    3.文件優化與完稿：       處理跨平台文件的格式轉換（如 Word 轉 InDesign 或 PDF 互動化），進行印刷前完       稿與數位檢查。     4.版型與自動化流程維護：        協助建立並優化公司
7570438,學期童書實習生(限在學生，絕大部分時間遠端實習）,韋伯文化國際出版有限公司,雙北,新北市,新北市永和區,傳播藝術/設計,生技/醫療保健,8000~10000 (period=0),面議,,,1,0,傳統無AI,無,0,0,0,0,請特別注意此職缺並非計時工讀性質，而是教育學習性質的實習生，實習結束是採頒發獎學金制（做滿320小時實習結束依表現頒發8000~10000元不等獎學金）和實習結業證書。應徵者對此職缺意志要很堅決和很有興趣才投履歷，保證一定滿載而歸。  1.期間：採書面作品審查（含大學成績單、文字作品或平面作品），沒有實體面試，此職缺基本上可以不用考試。有修習實習學分或基於興趣都歡迎，但都須與家長討論並徵求其同意始可前來。實習生必須以學校課業和身體健康為優先考量，行有餘力再來實習。集中在暑假實習，上軌道後部分時間可以在家遠端實習。 2.實習教育重點：必須做好做滿320小時，這樣訓練才紮實，且較能產生較多作品。實
15340065,美編人員,薑心比心有限公司,雙北,新北市,新北市深坑區,傳播藝術/設計,傳統製造/精密工業,38000~45000 (period=0),月薪,38000,45000,0,0,傳統無AI,無,0,0,0,0,- 門市與活動素材：POP、陳列標示、易拉展、背板 - 數位素材：EDM、社群貼文、廣告Banner - 影像製作：商品情境拍攝、後製修圖，簡易剪輯 - 視覺企劃：活動主視覺與年度風格延伸 - 供應商管理：發包、打樣、校對、交期控管 - 協助其他跨部門需求與臨時任務  連結線下門市與線上素材，讓品牌接觸點一致化，提升轉換與體驗質感。 想用設計打造有感銷售現場？帶著你的門市作品，一起展現現場影響力！
14641092,硬體工程技術人員/音響工程師,飛陽音響有限公司,雙北,新北市,新北市汐止區,傳播藝術/設計,其他服務/工商貿易,30000~45000 (period=0),月薪,30000,45000,0,0,傳統無AI,無,0,0,0,0,1.音響設備組裝架設、調音、 操控。 2.音響設備的保養維修管理。 3.演出活動的執行及訓練團隊合作的技巧。
14971697,空間家配顧問 (Home Styling Consultant) 新北門市,傢寓美學有限公司,雙北,新北市,新北市五股區,傳播藝術/設計,廣告行銷/公關顧問,30000~150000 (period=4),月薪,30000,150000,0,0,傳統無AI,無,0,0,0,0,【職位描述 Job Description】 我們不缺「賣傢俱的業務」，我們在找的是能為生活提案的「空間導演」。 你賣的不是一張沙發，而是客人下班後賴在上面的那種放鬆感。你需要具備室內設計的邏輯，以及精品的銷售服務，協助客人在預算與美感之間，找到最完美的平衡。  你將不再受限於市售型錄。在 MOOYU，你擁有『訂製修改』的武器，能真正解決客人的痛點（如：樑柱避讓、特殊尺寸），這將是你成交的最大利器。  【你主要負責什麼？】 1. 需求診斷與空間諮詢 (Consultation) 接待預約來訪的客人（業主或室內設計師），像朋友一樣聊天，挖掘他們潛在的生活需求（家裡有幾隻貓？喜歡在那裡看書？）。 
11856035,【行銷處】高額獎金-印前平面設計師 / 商業設計專案專員,締智創意有限公司,雙北,新北市,新北市三重區,傳播藝術/設計,廣告行銷/公關顧問,45000~60000 (period=3),月薪,45000,60000,0,0,傳統無AI,無,0,0,0,0,※ 須具備2年以上平面設計經驗  ※ 請附上作品集  【工作內容】  1.文宣 DM 平面設計負責客戶及內部之各式紙媒文宣 （如：傳單、海報、三摺頁、型錄、手冊、包裝等）視覺視覺平面設計。  2.熟練印前稿件製程負責設計稿件的印前檔案檢查與處理  3.客戶商設專案管理獨立或協同團隊進行客戶需求訪談、視覺提案、時程控管與結案。  4.客戶稿件校閱與把關在檔案送印前，負責與客戶進行最終的文字、圖表及規格校對。與印刷廠/輸出商緊密對接，確認打樣效果，確保最終印刷成品之品質。  【須具備】  ☑️建立明確的溝通和團隊合作精神 ☑️精通Adobe Illustrator 與 Photoshop、InDe
15385431,日系知名零售品牌|座標板橋 EDM & Banner Creation Specialist (長期穩定、交通方便) RFS818,藝珂人事顧問股份有限公司,雙北,新北市,新北市板橋區,傳播藝術/設計,電子商務/數位零售,36000~40000 (period=0),月薪,36000,40000,0,0,傳統無AI,無,0,0,0,0, [工作內容] EDM 企劃、執行與成效分析。 CRM 會員分眾溝通與內容優化。 數位廣告 Banner 與行銷素材製作。 外部設計廠商溝通與專案管理。 LINE 官方帳號推播素材製作與維護。 品牌視覺規範管理與行銷素材優化。  [條件要求] 具備視覺設計或數位行銷素材製作相關經驗。 熟悉 Photoshop、Illustrator 等設計工具。 能獨立製作 EDM、Banner、LINE 等數位素材。 具備良好美感、版面設計能力及品牌意識。 熟悉品牌規範（Tone & Manner）並能維持一致性。 具備良好溝通協調能力與跨部門合作經驗。  [加分條件] 具零售、電商、服飾或品牌端經驗。 能
15243885,執行製作(英語) Localization Producer(English),木棉花國際股份有限公司,雙北,新北市,新北市新莊區,傳播藝術/設計,其他服務/工商貿易,30000~35000 (period=0),月薪,30000,35000,0,0,傳統無AI,無,0,1,0,0,"1. 與譯者、配音室、電影製作公司等單位接洽發包翻譯、配音等作業，並掌控其進度與品質。  2. 將影像製作為英語在地化版本，含譯稿檢查潤飾、字幕時間軸處理、剪輯與轉檔等。  3. 其他行政文書及相關支援工作    Job Description:    1. Vendor Coordination and Project Management: Coordinate with translators, dubbing studios, and production companies regarding translation, dubbing, and other localization "
14073480,接單美術助理,玖陽視覺有限公司,雙北,新北市,新北市中和區,傳播藝術/設計,其他服務/工商貿易,32000~36000 (period=3),月薪,32000,36000,0,0,傳統無AI,無,0,0,0,0,1.大圖輸出印前作業  2.美編設計、完稿 3.與客戶確認訂單內容
15082436,演唱會LED視訊工程師助理,成陽傳播事業有限公司,雙北,新北市,新北市中和區,傳播藝術/設計,文教/補教培訓,45000~50000 (period=0),月薪,45000,50000,0,0,傳統無AI,無,0,0,0,0,想學 LED 與大型活動視訊工程技術嗎? 你看到的每一場演唱會、舞台活動或大型活動背後 都有一群人在默默完成舞台上的每一個畫面  我們提供的不只是一份工作 而是一條從「助理」 ➡︎「專業視訊工程人員」的培訓機會！  如果你對演唱會、舞台活動或大型活動幕後工作有興趣 歡迎加入我們一起親身參與各類活動現場的視訊工程執行～  ★因活動產業特性 需配合「設備搬運、架設」及「部分高空作業」  ★工作時間主要依活動案子安排 -有活動時： 進撤場時間需配合主辦單位通知 部分活動時間可能於前一天確認 -無活動時： 為正常上班時間   出班工作內容：  ◆ 參與演唱會與各類大型活動之 LED 設備搬運與架設 ◆
11087786,古生物清修師（焊接人員）,化石先生股份有限公司,雙北,新北市,新北市樹林區,傳播藝術/設計,電子商務/數位零售,35000~50000 (period=2),月薪,35000,50000,0,0,傳統無AI,無,0,0,0,0,您擁有優秀的焊接技術，想挑戰非傳統的工藝領域嗎？  我們正在尋找具備金屬焊接技術與細緻手作能力的專業夥伴！  本職缺主要負責古生物的展示金屬支架（骨架裝架）製作、化石清修與現場佈展。如果您對古生物修復有熱情，且具備良好的動手能力與工藝技術，歡迎加入我們的團隊，一起把千萬年的古生物完美呈現在大眾眼前！  【工作內容】 －化石清修與復原：化石清理、修復、複製與展示前置處理。 －展示支架/物件製作：金屬切割、研磨、鑽孔、攻牙、折彎及組裝並製作兼具承重、安全性與視覺隱蔽性的展示結構。 －手工製作與展品組裝：依照實物、圖面或現場尺寸製作支架並配合木工、底座及展品進行整體組裝。 －展覽佈置與現場施工：參與
15121080,CAD繪圖工程師,再興企業有限公司,雙北,新北市,新北市新莊區,傳播藝術/設計,傳統製造/精密工業,38000~48000 (period=0),月薪,38000,48000,0,0,傳統無AI,無,0,0,0,0,"1.熟悉2D, 3D繪圖軟體 (Solidworks, 熟Mastercam佳) 2.食品包裝盒設計圖繪製 3.對模具設計有興趣 "
14932867,HH 冰室｜全職店長（小店一人作業，願一起打拚者）,小孩子創意有限公司附設小孩子文理美術短期補習班,雙北,新北市,新北市淡水區,傳播藝術/設計,文教/補教培訓,35000~45000 (period=0),月薪,35000,45000,0,0,傳統無AI,無,0,0,0,0,我們是一家小而溫暖的店，正在找一位能獨當一面、願意和我們一起把店做大的夥伴。 店內採 一人作業，歡迎喜歡安定環境、行動俐落、具責任感的你加入。  【工作內容】  ｜店內全方位作業（獨立作業模式）｜  接待客人、點餐、出餐、收銀  簡易料理、飲品製作  補貨、備料、環境整理  開店、關店流程  若有意願，可協助菜單優化、成本計算、營運改善  【優先條件】  有餐飲廚房（內場）經驗者優先錄取  能夠獨立處理店內大小事  喜歡小店氛圍、能接受一人作業  願意一起打拚、對「利潤分享」有興趣的人（可進一步洽談）  我們希望找到的不只是店長，而是能一起讓店更好的人。  【工作時間】  全職，一人作業排班 
15386426,成衣車工師傅／車縫人員,世方貿易有限公司,雙北,新北市,新北市林口區,傳播藝術/設計,傳統製造/精密工業,33000~38000 (period=7),月薪,33000,38000,0,0,傳統無AI,無,0,0,0,0,1. 制服、成衣相關車縫製作 2. 可依照樣衣及製作要求，獨立完成整件衣服 3. 熟悉平車及相關車縫設備操作 4. 配合不同款式進行車縫製作  【條件要求】 ・具成衣車縫實務經驗 ・可獨立完成整件成衣製作 ・車工細緻、品質穩定 ・熟悉服裝製作流程 ・工作細心、有責任感
15398554,美編暨社群小編專員,萬吉興有限公司,雙北,新北市,新北市三重區,傳播藝術/設計,電子商務/數位零售,33000~36000 (period=0),月薪,33000,36000,0,0,傳統無AI,無,0,0,0,0,- 電商視覺：商品主圖、活動Banner、賣場頁與導購頁排版 - 品牌素材：海報、DM、週邊包材與小物設計 - 文案與版型：圖文排版、風格統一與設計系統化 - 印製管理：與印刷廠溝通估價、打樣與品質控管 - 社群內容：IG貼文模板、Reels縮圖延伸 - 電商平台商品管理 (提報上架、活動變價等) - 社群經營管理： Facebook、Instagram、LINE等各大社群互動及客服處理 - 具備廣告文宣設計能力 - 熟悉Adobe Photoshop操作 - 主管交辦與跨部門合作 - 能獨立作業者佳
15331812,商業設計/平面設計,科風股份有限公司,雙北,新北市,新北市中和區,傳播藝術/設計,傳統製造/精密工業,42000~46000 (period=0),月薪,42000,46000,0,0,傳統無AI,無,0,0,0,0,1.品牌與平面宣傳物設計： 負責國內外展覽文宣、產品 Catalog、型錄排版、說明書及外箱包裝設計；並負責發印與色彩品質管理。  2.產品與 LCD 顯示器視覺設計： 規劃與設計UPS機體控制面板、LCD螢幕顯示圖樣。  3.CAD 與 3D 圖資視覺化處理解析： 開啟機構部門之 CAD 2D 圖資進行「線條圖簡化與美化」（用於產品說明書、安裝手冊、爆炸圖及規格書編排）；並配合需求進行產品擬真渲染。  4.數位與網頁視覺稿提供：  針對官網，提供相關視覺設計圖稿（無需編寫前端程式碼）。  5.視覺資產與檔案結構管理：  建立並維護公司視覺資產（圖庫、CAD 簡化向量圖庫、3D 渲染圖資及字體
15402327,KOL／創作者開發 BD｜Creator Partnership (JIRA880),全曜財經資訊股份有限公司,雙北,新北市,新北市板橋區,傳播藝術/設計,廣告行銷/公關顧問,45000~70000 (period=0),月薪,45000,70000,0,0,傳統無AI,無,0,0,0,0,在 CMoney，我們合作的對象不只是有流量的 KOL 我們更想找到那些—— 現在也許還沒有最多的粉絲，但已經有一套值得被更多人看見的方法、能力與影響力的人 曾經，我們的夥伴在一個投資社群裡，注意到一位只有 1.5 萬粉絲、主要透過語音直播陪伴投資人的創作者 他不是典型的財經作者，也不是當時市場上最顯眼的人 但我們的夥伴看見了他的不同，主動敲門、建立關係、說服合作，一路陪著他把專業轉化成更多人能使用的內容與產品 一年後，他的粉絲成長到 5.2 萬，也陸續推出自己的產品與付費內容  現在，我們想找下一位願意一起做這件事的夥伴  你可能還沒有正式做過 BD，但已經很會理解人、敲開陌生人的門 你也可
13544912,平面設計師,沃克面設計有限公司,雙北,新北市,新北市板橋區,傳播藝術/設計,其他服務/工商貿易,38000~50000 (period=3),月薪,38000,50000,0,0,傳統無AI,無,0,0,0,0,1.執行展覽、會議、記者會及各式活動相關視覺設計工作 2.以平面設計為主，包含書籍、雜誌及電子刊物版面規劃、內頁編排等等 3.海報、Banner、DM、簡介、其他文宣品設計等 4.空間情境佈置規劃及設計  歡迎大家成為我們的夥伴！
14978615,【動畫助理】無相關經驗 願意學習歡迎加入,朗雲國際有限公司,雙北,新北市,新北市新店區,傳播藝術/設計,傳統製造/精密工業,32000~50000 (period=0),月薪,32000,50000,0,0,傳統無AI,無,0,0,0,0,"1.主管交辦事項  LongCloud Engineering specializes in the design and manufacturing of OEM / ODM fasteners and Surface Mounted Solutions hardware components for industries including AI, semiconductors, robotics, data centers, electronics, cloud computing, automation equipment, machinery, and medical devices"
12462307,歐化廚具、系統櫃畫圖拆料人員(無經驗可),家好廚櫃國際股份有限公司,雙北,新北市,新北市五股區,傳播藝術/設計,其他服務/工商貿易,38000~48000 (period=0),月薪,38000,48000,0,0,傳統無AI,無,0,0,0,0,我們的這項職務，負責的工作內容為：  ．系統櫃、廚櫃、設計規劃工作與繪製圖面。 ．設計圖進行校對、審查工作，與設計師檢討圖面並提出完善建議。 ．圖面物料管控與出貨事宜、協助現場缺補料及突發狀況。 ．文書處理相關事宜、協助主管交辦事項。 ．若遇公司業務需求配合加班 。 
14497231,視覺設計師,銘侯股份有限公司,雙北,新北市,新北市中和區,傳播藝術/設計,傳統製造/精密工業,35000~45000 (period=0),月薪,35000,45000,0,0,傳統無AI,無,0,0,0,0,1. 擅用設計並依產業特性傳達品牌價值。能依品牌形象設計各類行銷廣告相關物，     包含印刷類、數位媒體圖像類(Amazon、官網、IG、App......等)、商品攝影與後製、     影片規劃剪輯和短影音製作、產品設計等。 2. 圖文兼具其商業性又不失質感，擁有多元的設計風格能力，擅長歐美設計風格尤佳，     能因應不同產品特性轉換設計風格。 3. 執行力高、重細節，可獨立完成project同時又具有團隊精神，有能力同時進行不同的       project，並且在要求時限內完成。 4. 熟悉Photoshop / Illustrator / Premiere / After Effe
12773685,視覺美編設計師,宇碩光電有限公司,雙北,新北市,新北市新莊區,傳播藝術/設計,電子商務/數位零售,38000~60000 (period=0),月薪,38000,60000,0,0,傳統無AI,無,0,0,0,0,"1.能獨立拍照,攝影 製作產品效用氛圍的照片或影片,供電商與行銷推廣使用  2.願學習融入照明產業之行銷模式,將好的創意轉化在視覺呈現上!  3.對所負責的案子能有視覺行銷的想法與表達!!  4.協助行銷企劃及主管交辦事項。  5.熟繪圖軟體及短影片拍攝與編輯!"
14234721,模型製作師,川石築創模型有限公司,雙北,新北市,新北市中和區,傳播藝術/設計,其他服務/工商貿易,面議,面議,,,1,0,傳統無AI,無,0,0,0,0,1. 建築模型製作。 2. 基礎雷射切割等相關工具運用。 3. 基礎景觀模型製作。
15397492,視覺媒體設計(商品企劃課),知音文創產業股份有限公司,雙北,新北市,新北市汐止區,傳播藝術/設計,電子商務/數位零售,36000~40000 (period=2),月薪,36000,40000,0,0,傳統無AI,無,0,0,0,0,•品牌與平面廣宣設計 規劃與執行品牌識別設計（VI）。 設計各類平面廣宣物，包含海報、手冊、產品目錄、宣傳冊及出版物。 設計各類行銷文宣與相關視覺素材。   •數位媒體與電商介面設計 進行官網、電商平台頁面及產品介紹頁（Landing Page）的排版與視覺設計。 設計網頁及 APP 介面（UI）、社群平台視覺、網路廣告及影音內容。   •包裝設計 執行產品包裝設計、標籤設計及產品說明書編排。   •行銷支援與跨部門協作 提供銷售素材及相關媒體支援，協助商品與服務銷售。 執行跨部門溝通協調及相關專案。 完成主管交辦之其他相關工作事項。 
10824153,圖資處理人員(台北),詮華國土測繪股份有限公司,雙北,新北市,新北市汐止區,傳播藝術/設計,其他服務/工商貿易,33000~48000 (period=0),月薪,33000,48000,0,0,傳統無AI,無,0,0,0,0,"點雲資料過濾或圖資編輯處理, 無經驗可, 有興趣可以進公司再學習   "
15167024,急徵-美工,陸連強企業有限公司,雙北,新北市,新北市三峽區,傳播藝術/設計,傳統製造/精密工業,30000~40000 (period=0),月薪,30000,40000,0,0,傳統無AI,無,0,0,0,0,【職務內容】  1.  廣告美工排版、電腦繪圖輸出（Illustrator）。  2. 自動切割機操作、板材切割與後加工處理。（會教學）  3. 協助案件發稿、進度追蹤與協力廠商聯繫。  【應徵條件】  • 工作細心、負責，能與施工團隊有效溝通。  • 無經驗可，但熟悉用電腦工作佳。  • 廣告工程或美工相關經驗者佳。
15406599,繪圖人員,晨荃工程有限公司,雙北,新北市,新北市樹林區,傳播藝術/設計,資訊科技/軟體網路,38000~9999999 (period=2),月薪,38000,38000,0,0,傳統無AI,無,0,0,0,0,1.根據現場需求設計、繪製圖面 2.工作負責、耐心、細心 3.對產品設計上問題作修改 4.熟悉繪圖軟體及文書工具（Auto CAD 、Windows、Excel、Word） 5.其他主管交辦事項 
15339769,女裝運動服飾版師／資深版師,造自己股份有限公司,雙北,新北市,新北市板橋區,傳播藝術/設計,電子商務/數位零售,面議,面議,,,1,0,傳統無AI,無,0,0,0,0,女裝運動服飾版師／資深版師  關於 SELFMADE  SELFMADE 是一個從台灣出發，專注於 GYM 與 HYBRID TRAINING 的運動服飾品牌。  我們的創辦團隊曾打造台灣最大的運動服飾品牌，並參與奧運金牌選手林郁婷、王齊麟，以及中華代表隊等合作專案。現在，我們重新從零開始，希望把過去累積的產品經驗、供應鏈能力與品牌能力，投入一個全新的運動品牌Selfmade。  我們相信，台灣有能力做出真正具備國際水準的運動服飾。  這不只是一句口號，而是從布料、紙樣、版型、試穿到每一次修正，一點一點打磨出來的成果。  目前 Selfmade 正在建立女裝產品線，因此我們希望找到一位版型專業
15370139,9月-11月劇場排練助理,如果兒童劇團,雙北,新北市,新北市永和區,傳播藝術/設計,文教/補教培訓,196~196 (period=0),時薪折算,31360,31360,0,0,傳統無AI,無,0,0,0,0,工作內容： 協助排練場地布置、道具搬運與定位 協助演員上下場、服裝及道具準備 協助排練紀錄（筆記、拍照或錄影） 支援排練流程，確保演出準備順利 其他排練相關行政或技術支援  徵求條件： 對劇場工作有熱忱，具責任感與耐心 具良好溝通能力與團隊合作精神 可配合排練時間（平日晚上或假日） 有相關經驗者佳，無經驗亦可培訓  工作時間：依排練行程安排（9月-11月約每週2–3次） 排練地點：永和/新店
15369169,<頑聚派對 Wonderland>活動主持,頑聚派對Wonderland_薆寶育樂有限公司,雙北,新北市,新北市新莊區,傳播藝術/設計,其他服務/工商貿易,1500~6000 (period=0),時薪折算,240000,240000,0,0,傳統無AI,無,0,0,0,0,"我們是一間位於新北市的""派對空間"" 目前空間位於""新莊區"" ""三重區"" ""泰山區""  【工作內容】 (1) 派對活動企劃、主持及現場管理 (2) 配合公司進行場內外活動主持 (3) 網路流行敏銳度高，瞭解時下流行時事。 (4) 場館設備、設施，維護及清潔管理 。 (5) 完善主持活動訓練。  【徵才條件】 *適合對喜愛小朋友及有銷售有企圖心、具服務熱誠的您  ▲工作時間彈性 ▲具抗壓性 ▲無不良前科▲無經驗可 ★歡迎喜歡小朋友、充滿熱忱的您，加入我們的行列！★"
15402728,【中和廠】設計部 儲備主管,經典數位印刷有限公司,雙北,新北市,新北市中和區,傳播藝術/設計,生技/醫療保健,面議,面議,,,1,0,傳統無AI,無,0,0,0,0,加入經典數位印刷設計團隊，成為設計團隊的關鍵業務夥伴： 你是否擅長與客戶溝通 並希望透過專業服務創造長期合作關係？ 你是否擁有專案管理能力 能夠為客戶提供最優質的設計與印刷解決方案？ 你是否希望在穩定成長的環境中 持續累積經驗 提升自身競爭力？ 如果這些是你的職涯目標，那就加入我們，一起成長與發展。  【職務影響力】 1.設計案的接洽、規劃與執行，確保每一個項目都能順利準時交付。 2.藝術及創意指導，與生產線上其他同事（如：設計團隊、製程部門、銷售、財務、客服與行銷團隊等），共同評估產品概念和生產細部內容及可行性。讓流程順暢與資訊一致，有利於客戶服務。 3.設計專案工作分配、指導與控管 4.開
15399507,服裝技術員,林佳樺服裝企業有限公司,雙北,新北市,新北市三重區,傳播藝術/設計,傳統製造/精密工業,30000~9999999 (period=0),月薪,30000,30000,0,0,傳統無AI,無,0,0,0,0,我們正在尋找具備服裝樣本製作經驗的夥伴，負責服裝樣本製作、車縫加工，以及大貨尺寸修改與成品品質確認。 如果你熟悉服裝製作流程，能獨立完成樣本，並能依照需求進行修改，歡迎加入我們。  【工作內容】 ・服裝樣本製作、車縫及細節處理 ・盲縫、密拷等相關車縫加工 ・依客人需求進行大貨尺寸修改 ・樣本及大貨尺寸、車縫及外觀品質檢查 ・大貨熨燙、整燙及基本整理 ・協助處理服裝製作過程中的各項修改與細節 ・依工作需求機動協助其他生產相關工作  【我們希望你具備】 ・具備服裝樣本師／樣衣師相關工作經驗 ・熟悉基本服裝車縫及加工流程 ・能獨立完成樣本製作及基本修改 ・熟悉盲縫、密拷等車縫加工 ・具備尺寸修改及問
15395694,網拍設計助理,凡烯有限公司,雙北,新北市,新北市樹林區,傳播藝術/設計,資訊科技/軟體網路,35000~37000 (period=0),月薪,35000,37000,0,0,傳統無AI,無,0,0,0,0,一、 職位概述 負責公司維持品牌形象的一致性，透過「視覺美感」與「文字敘事」的結合，協助網拍產品 DM、網站視覺設計及各平台社群文案產出。  二、 主要工作內容 1. 品牌視覺與文案協作 • 維持並加強公司現有品牌形象之一致性 • 協助產品圖片、文案、品牌 DM、行銷海報、視覺素材及相關平面設計。  2. 社群與網站視覺設計與管理 • 撰寫各社群平台之貼文內容，結合視覺素材提升互動性 • 網站視覺協作：與外包網站設計廠商協作，確保網站視覺、文案與前後台操作符合需求，並追蹤修改進度 • 網站日常管理：負責網站視覺更新、內容維護及基礎排版管理。  三、 應徵條件 • 文字創作能力：具備良好的文字感
15381990,繪圖設計,凱詮金屬有限公司,雙北,新北市,新北市三重區,傳播藝術/設計,傳統製造/精密工業,38000~50000 (period=0),月薪,38000,50000,0,0,傳統無AI,無,0,0,0,0,1. 依據材料類別或承包商類別分項製作詢價標單。 2. 根據標單內容計算單價分析。 3. 繪製施工圖。 4. 行政庶務等內業。 5. 例行表報。 6. 執行主管交辦事項。  歡迎符合上述要求的人才申請本職位。我們期待您的加入！
15032858,視覺設計人員,easyoga_賽斯柏運動科技股份有限公司,雙北,新北市,新北市三重區,傳播藝術/設計,廣告行銷/公關顧問,42000~9999999 (period=4),月薪,42000,42000,0,0,傳統無AI,無,0,0,0,0,1. 熟悉品牌標誌基本系統及應用系統； 2. 平面廣告文宣設計； 3. 包裝產品設計； 4. 網站編排設計； 5. 企業識別形象設計； 6. 網頁視覺設計； 7. IP圖像插畫設計； 8. 廣告Banner、活動相關輸出物；   本職位是一個極具發展潛力的設計職位，能夠在不同類型的設計專案中獲得實踐經驗和創造力的提升，我們誠摯地邀請符合條件的您加入我們的團隊，共同創造佳績。 
12731125,社群與網站管理,社團法人中華基督環球福音網協會,雙北,新北市,新北市中和區,傳播藝術/設計,廣告行銷/公關顧問,33000~38000 (period=0),月薪,33000,38000,0,0,傳統無AI,無,0,0,0,0,【工作內容】 1. 社群管理（SNS – YT、FB、IG、LINE） - 各類社群平臺提案企劃，相關圖片、限時動態設計發想、文案撰寫。 - 擔任各類社群平臺小編，回覆訊息。 - 時事相關發佈、廣告投放。  2. 網站管理 - 官網維護與更新。  3. 流量與效益分析 - 頻道訂閱、節目與影片觀看、受眾群體分析。 - 廣告投放效益分析。  【職務條件】 *謹慎、細心、有責任感。 *因業務上需要，熟悉基督教信仰內容者優先採用。
13498591,道具製作人員 / 助理,七斗星事業有限公司,雙北,新北市,新北市五股區,傳播藝術/設計,傳統製造/精密工業,35000~50000 (period=0),月薪,35000,50000,0,0,傳統無AI,無,0,0,0,0,我們正在尋找願意學習**道具製作、木工組裝、各類媒材結合**的工作夥伴。  1. 願意從基本功開始學 ，學習木工基本技能， 備料、黏板、裁切、砂磨、開槽、鉋削、鑽孔、組裝及五金安裝等木工基本技能。 逐步熟悉各類木工手工具及機械設備的正確使用方式  2.  接收師傅指派的小任務 願意溝通並接受師傅指導與安排，情緒穩定、有責任感。  3.  按圖施工，選對材料   **丈量 → 放樣 → 標記 → 鋸切 → 加工 → 組裝 → 砂磨 → 完成** 慢慢建立從「看懂設計圖」到「把圖面真正施工完成」的能力。  4. 認識和學習運用多樣媒材 木作、壓克力、保麗龍、貼圖、貼皮、LED燈光、噴漆、鐵件、焊接
14689447,【文管人員】無相關經驗 願意學習歡迎加入,伍鐌科技股份有限公司,雙北,新北市,新北市新店區,傳播藝術/設計,傳統製造/精密工業,32000~45000 (period=0),月薪,32000,45000,0,0,傳統無AI,無,0,0,0,0,1. 研發部門文件與圖面管理與製作及其他主管交辦事項 2. 歡迎無經驗願意學習者加入  交通方式 : 請搭乘捷運至 新店七張站 1號出口。 出站後可選擇： 搭乘公車 793 或 綠1，於「寶高產業園區」站下車（約10分鐘車程），下車後往園區方向步行即可抵達。  平日上班時段 : 可搭乘 跳蛙公車，候車點在七張捷運站 1號出口旁。從七張站至全球工業區約兩站下車即可抵達公司大樓。 跳蛙公車時刻表（平日） 早上：08:00、08:20、08:40、09:00 晚上：17:40、18:05、18:30  Fivetech Technology Inc. specializes in fastener 
14665584,平面設計師,富鈞科技股份有限公司,雙北,新北市,新北市三重區,傳播藝術/設計,傳統製造/精密工業,35000~9999999 (period=3),月薪,35000,35000,0,0,傳統無AI,無,0,0,0,0,1. 創建品牌視覺形象，包含產品輔銷素材，進行設計提案。 2. 跨部門合作，確保設計符合市場需求並傳達品牌訊息。 3. 負責包裝設計與印刷製作流程及印務完稿發包，確保完成品與設計內容一致。 4. 設計滿足使用性與視覺互動元素之使用者介面。
13179243,AutoCAD工程繪圖人員（空調／通風工程） (薪資視能力而訂),宏凌科技有限公司,雙北,新北市,新北市三重區,傳播藝術/設計,文教/補教培訓,30000~38000 (period=0),月薪,30000,38000,0,0,傳統無AI,無,0,0,0,0,1.依工程需求繪製、修改設計圖、施工圖及竣工圖。 2.繪製及修改空調、通風、機電相關工程圖面。 3.正確標註工程尺寸、規格需求及相關設備、零組件細節。 4.協助現場丈量，並與工務人員討論及確認工程圖面需求。 5.負責工程圖面管理、資料整理、紀錄及維護。 6.協助工程文件及竣工資料整理。 7.其他工程相關文件及主管交辦事項。   需具備 AutoCAD 基本操作能力；具工程繪圖相關經驗者佳。無相關經驗但學習態度積極、願意接受培訓者亦可。
15052724,包裝結構設計師,硬實力創意行銷有限公司,雙北,新北市,新北市蘆洲區,傳播藝術/設計,文教/補教培訓,32000~9999999 (period=0),月薪,32000,32000,0,0,傳統無AI,無,0,0,0,0, 1.無經驗可。 2.需具備基本立體圖學概念。 3.需具跨部門溝通能力。 4.能主動學習、適應快速變化的工作步調。  ●依能力年度固定調薪，公司備有教育訓練流程 ●細心度高、不畏挫折、肯與公司一同成長 
15077910,製圖人員,駿光化工實業有限公司,雙北,新北市,新北市八里區,傳播藝術/設計,傳統製造/精密工業,40000~50000 (period=0),月薪,40000,50000,0,0,傳統無AI,無,0,0,0,0,1.協助主管進行舊案圖冊整理 2.協助主管進行延伸性製圖作業 3.由主管分配設計概念及後續完成製圖 4.製圖後之發包作業(與廠商對接發包事宜) 5.製圖後之備料作業(與廠務端對接料件需求) 6.與主管進行一個月一次的圖冊檢討作業 7.需求軟體如應徵公告之擅長工具為主
9014733,展覽設計師（依經驗薪優）,竺冠企業有限公司,雙北,新北市,新北市新莊區,傳播藝術/設計,傳統製造/精密工業,面議,面議,,,1,0,傳統無AI,無,0,0,0,0,1. 國內外展覽設計規劃 (策展/商空/戶外活動/互動設計)。 2. 國內外展覽設計創意發想，3D圖&施工圖繪製。 3. 具有創意美學想法之展覽設計師。 4. 熟展覽裝潢材料，木作或組合者佳。   ✦目前人力擴編中✦ 積極尋找資深及有相關經驗設計師， 如果你對這方面感興趣或是相關專長， 歡迎提供作品集，我們很樂意跟您談談。 
15383013,設計行政助理,金室宇室內裝修有限公司,雙北,新北市,新北市永和區,傳播藝術/設計,廣告行銷/公關顧問,32000~38000 (period=3),月薪,32000,38000,0,0,傳統無AI,無,0,0,0,0,這不是純文書行政職，也不需要負責室內設計繪圖；我們希望找到的是做事有條理、願意追事情，同時對室內設計、家具與生活美感有興趣的人。  01｜專案行政與文件管理  ・協助報價單、合約及專案相關文件整理 ・專案資料、廠商資料及雲端檔案建檔與維護 ・發票、收據、憑證及請款資料整理 ・協助應收款項及相關行政進度追蹤  02｜家具、燈具與軟裝採購  ・家具、燈具、軟裝及相關材料詢價 ・整理產品規格、價格、尺寸及交期 ・製作詢價／採購比較資料 ・協助下單及訂單資料整理 ・追蹤交期、到貨及缺件狀況 ・協助到貨確認及相關問題紀錄  03｜設計提案支援  ・協助設計提案簡報排版 ・圖片、材質及產品資料搜尋與整理 
15030393,展場活動人員,金星視覺股份有限公司,雙北,新北市,新北市新莊區,傳播藝術/設計,其他服務/工商貿易,36000~41000 (period=2),月薪,36000,41000,0,0,傳統無AI,無,0,0,0,0,我們的這項職務，負責的工作內容有： 1.負責參予展覽活動的規劃提案、統籌各類活動進行，包括創意企劃及活動策略、掌控活動各項軟硬體資源等 2.與客戶討論以瞭解需求，並研擬符合預算之方案 3.安排及協調會議或活動所需各種服務，如會議設施、飲食供應、看板、視訊、電腦設備 4.為與會者安排住宿、交通、社交活動等工作 5.監督承包商之作業進度   
13111486,設計助理,星采設計有限公司,雙北,新北市,新北市新店區,傳播藝術/設計,廣告行銷/公關顧問,32000~9999999 (period=0),月薪,32000,32000,0,0,傳統無AI,無,0,0,0,0,"1. 繪圖軟體以及Office系統軟體 , 展場設計、會議規劃 2. 會議、展場規劃、形象設計、手冊編排、活動節目表排版設計  3. 視情況需配合客戶風格或給予專業建議並熟悉客戶需求 4. 掌握各項排版進度，準時完成交件 5. 配合主管交辦事務及文件管理    [公司風氣] 1. 老闆重視大家工作需要的設備，致力提供給各位員工良好的工作環境 2. 公司結構扁平，溝通方便 3. 目前公司內建一隻小兔子，偶爾會有小朋友出現，都已有專人照顧，歡迎喜愛動物的夥伴加入。  "
15103125,攝影師、儲備攝影、儲備導播、影像成音、工程助理,波希米亞國際有限公司,雙北,新北市,新北市永和區,傳播藝術/設計,文教/補教培訓,35000~9999999 (period=0),月薪,35000,35000,0,0,傳統無AI,無,0,0,0,0,• 對影像製作、直播產業有熱忱，可配合不定時出差 • 熟悉攝影設備操作，進行現場拍攝支援 • 維護攝影器材，確保設備正常運行 • 參與團隊內部討論並解決現場突發問題 • 協助導播進行多機位直播畫面切換及控制 • 掌握燈光設置與調整以提升影像品質 • 協助拍攝腳本規劃與影片構圖設計 • 協助影像後製調整影像品質與標準 • 執行拍攝現場收音及監測音效質量    無經驗可培訓~具相關經驗者亦佳 提供專業培訓與實務成長機會 參與大型活動與直播專案機會 如果你對影像創作充滿熱情，想在專業團隊中成長，歡迎加入我們！
14337291,影像拍攝/ 後期剪接,惡名昭彰股份有限公司,雙北,新北市,新北市林口區,傳播藝術/設計,廣告行銷/公關顧問,40000~50000 (period=0),月薪,40000,50000,0,0,傳統無AI,無,0,0,0,0,▌須具備使用相機進行影像拍攝之相關攝影能力 ▌須具備剪接影像製作之相關能力 ▌須具備腳本發想、臨機應變的能力 ▌須具備溝通表達自我創意的能力  ▌工作態度認真負責，樂於與同事溝通協調 ▌對影像拍攝/後期製作成果有高度要求 ▌製作館長及旗下品牌惡名昭彰之廣告、企劃等  ▌熟悉PR/AE/Davinci/PS 等剪接特效軟體基本操作 ▌協助攝影棚日常維護   ▌可配合公司特殊活動之外勤拍攝 / 剪接    ▌履歷請附作品或網站連結，無提供作品者一概不回復 (麻煩提供個人網站或雲端)  ▌視能力與工作態度定期調整薪資   
15329372,繪圖人員,泰演精密工業股份有限公司,雙北,新北市,新北市新莊區,傳播藝術/設計,傳統製造/精密工業,40000~55000 (period=0),月薪,40000,55000,0,0,傳統無AI,無,0,0,0,0,1.電子鈑金、機械鈑金、拆圖、展圖 2.具細心、責任感 3.完成主管交辦事項 4.著重配合度與團隊合作  需有展圖經驗或鈑金廠工作經驗佳  
15130962,行銷設計人員,微特半導體股份有限公司,雙北,新北市,新北市新店區,傳播藝術/設計,傳統製造/精密工業,面議,面議,,,1,0,傳統無AI,無,0,0,0,0,設計並製作公司宣傳素材（平面設計、社群貼文、影音剪輯），確保品牌視覺一致性。 協助展會與行銷活動的視覺設計支援，並在主管指導下參與企劃執行。 協助產出社群媒體內容，提升粉絲互動與品牌曝光。 更新公司網站的圖片與設計元素，確保版面美觀與資訊呈現清晰。 與主管合作，提供設計支援並參與行銷企劃討論。 完成主管交辦的設計與行銷相關任務。 
15072208,建築設計助理,明水新創股份有限公司,雙北,新北市,新北市新莊區,傳播藝術/設計,其他服務/工商貿易,230~9999999 (period=0),時薪折算,36800,36800,0,0,傳統無AI,無,0,0,0,0,主要職責 1. 初步規劃設計：根據業主需求與基地條件，提出設計構想。 2. 空間設計與建築配置：規劃平面、立面、剖面與空間機能配置。 3. 視覺與材質建議：提供建材、色彩、照明與風格提案。 4. 圖面繪製與報審資料：出具設計圖、建照圖、施工圖與模擬圖。 5. 建照與法規檢討：配合法規辦理建築申請與報審流程。 6. 客戶簡報與溝通：進行提案簡報，記錄回饋並修正圖面。  協作事項 1.與工務團隊密切溝通施工限制與技術條件。 2.與材料商接洽，確認設計使用之材料與施工工法。 3.參與現場會勘與必要時之工地技術說明。 4.設計變更時須與工務與業主三方協調並書面確認。  綜合人格特質 1.真誠不做作，重
11207008,印前審稿轉檔人員,美強光廣告科技有限公司,雙北,新北市,新北市三重區,傳播藝術/設計,廣告行銷/公關顧問,33000~35000 (period=0),月薪,33000,35000,0,0,傳統無AI,無,0,0,0,0,印前審稿轉檔  與客戶溝通需求處理客服 需懂美工軟體。略懂Illustrator、PhotoShop  具良好溝通能力  具印刷經驗佳  08:45~17:45  月薪33000元 10:00~20:00  月薪33000元 13:15~22:00  月薪37000元 
13432268,直播助理/小幫手,東阪國際股份有限公司,雙北,新北市,新北市中和區,傳播藝術/設計,電子商務/數位零售,35000~45000 (period=0),月薪,35000,45000,0,0,傳統無AI,無,0,0,0,0,薪資：月薪+獎金 1.協助商品LIVE直播相關事宜(商品開標上架、改價、庫存查詢、提供直播主樣品...)。 2.直播時段上鏡教學結帳。 3.蝦皮通路客服聊聊回覆。 4.整合業績資料，例：業績即時回報、業績數量統整、業績統計、庫存查詢...等。 5.後台訂單處理、退貨處理、直播間清潔。 6.可配合直播時段出勤。         這份工作充滿挑戰性 我們需要活潑開朗、口條能力、愛聊天、敢Show、喜歡靈活變化性工作的夥伴！ 無經驗可 
14556785,大型演唱會舞台機關安裝控制幕後工作人員,城鎮事業有限公司,雙北,新北市,新北市林口區,傳播藝術/設計,傳統製造/精密工業,35000~60000 (period=0),月薪,35000,60000,0,0,傳統無AI,無,0,0,0,0,1.舞台及舞台機關架設、系統安裝與操作 2.外勤工作，須配合各大活動場館，配合活動時間執行彩排演出 3.須配合排班與加班(加班費另計)，須配合出差 4.無經驗可，有經驗者優；公司提供在職培訓 5.加分項目：電腦繪圖、汽機車駕照、堆高機證照、可駕駛手牌貨車、高空證照 
15208742,【展場 // 空間設計助理】(歡迎應屆畢業生),展圓設計股份有限公司,雙北,新北市,新北市新莊區,傳播藝術/設計,文教/補教培訓,35000~45000 (period=0),月薪,35000,45000,0,0,傳統無AI,無,0,0,0,0,【關於這個職位】 對展覽、商業空間與活動規劃有著極度的熱忱嗎？對創意充滿渴望，卻擔心自己缺乏實戰經驗？  在展圓，我們願意給有潛力的你一個舞台！只要你具備紮實的軟體操作基本功，關於設計概念與空間構圖，我們都會提供完整的公司內部培訓。歡迎剛畢業的你，帶著熱情加入我們的行列！  【工作內容】 這是一份能讓你快速累積實戰經驗的職務，你將從旁協助並參與以下工作：  設計與繪圖協助： 協助展覽攤位造型發想，並繪製精確的 CAD 施工圖。  專案監工與發包： 學習並協助專案發包流程，配合進場監工，了解設計如何落地執行。  系統化專案支援： 透過展圓完整的 CRM 體系，協助團隊處理專案執行過程中的各項設計
11103744,業務助理,宸欣國際有限公司,雙北,新北市,新北市林口區,傳播藝術/設計,廣告行銷/公關顧問,32000~45000 (period=2),月薪,32000,45000,0,0,傳統無AI,無,0,0,0,0,辦公室行政文書、各通路合作及操作、網拍作業上架、文案編輯、產品拍照攝影、基本影像合成修圖、採購及發包、網路行銷企劃、會議記錄
14653904,視訊互動直播主【在家工作】,迴嚮工作室,雙北,新北市,新北市中和區,傳播藝術/設計,生技/醫療保健,40000~80000 (period=0),月薪,40000,80000,0,0,傳統無AI,無,0,0,0,0,把聊天當工作，讓才華變現金！開啟鏡頭，你就是主角！ 直播，不只是興趣，更是一種收入！邊講幹話邊賺錢的工作？有！我們就是！  ◆ 對表演、分享、聊天有熱情 ◆ 樂於與觀眾互動、展現自我 ◆ 有才藝、鏡頭感佳者尤佳(不會才藝也可以) ◆ 無經驗可，免簽約、免付費，公司提供完整培訓 ◆ 無須實體接觸，個人健康隱私安全性高 ◆ 隨開隨播，操作簡單 ◆ 實體公司不受騙 ◆ 可在家工作，至公司上班皆有提供「免費」場地電腦設備  【工作內容】 1. 透過視訊方式直播與線上會員互動 2. 和會員保持良好互動，對答能力強佳 3. 經營線上的觀眾培養  【薪資福利】 ✨正職：每天上線7小時，月休8天自由排假 (可
14863274,ID工業設計師,星喬科技股份有限公司,雙北,新北市,新北市汐止區,傳播藝術/設計,傳統製造/精密工業,面議,面議,,,1,0,傳統無AI,無,0,0,0,0,1. 產品3D外觀設計 2. 產品功能動畫 3. CMF彩現效果圖 
13806507,美術教學組長,新北市私立新榮富幼兒園,雙北,新北市,新北市新莊區,傳播藝術/設計,文教/補教培訓,38000~45000 (period=2),月薪,38000,45000,0,0,傳統無AI,無,0,0,0,0,幼兒美術教學及部門管理
15215922,電商視覺設計／平面設計師,佐科電貿有限公司,雙北,新北市,新北市新莊區,傳播藝術/設計,電子商務/數位零售,40000~50000 (period=4),月薪,40000,50000,0,0,傳統無AI,無,0,0,0,0,【你在這份職位擔任的角色】  我們正在尋找一位具備電商思維與視覺美感的「資深電商視覺設計／平面設計師」。 你將負責品牌在線上通路(募資/電商平台、官網、社群&廣告上的視覺內容製作，將產品賣點轉化成清楚、有吸引力、能促成購買的畫面。 本職位需要具備較高的獨立作業能力。你需要能與行銷、客服、產品團隊協作討論產品賣點/行銷目標，自行判斷設計方向、規劃素材版型，並完成可直接上線使用的視覺產出。  【你會負責的事情】 1. 電商銷售視覺製作（40%）  負責蝦皮、官網、募資平台、銷售頁等電商場景所需的視覺素材製作，包含商品主圖、賣點圖、規格圖、活動 Banner、優惠檔期圖、商品頁長圖等。 你需要能理解
15056300,【台北五股廠】設計專員,圓凱科技實業股份有限公司,雙北,新北市,新北市五股區,傳播藝術/設計,傳統製造/精密工業,面議,面議,,,1,0,傳統無AI,無,0,0,0,0,1. 商品包裝設計 2. 電競週邊視覺設計 3. 展場商品陳列、佈置、規劃設計 4. 3C周邊產品等包裝設計、Logo、EDM、型錄...等平面設計 5. 網頁設計 6. 主管交辦事項 
11579705,建築模型製作助理,正義模型企業社,雙北,新北市,新北市汐止區,傳播藝術/設計,資訊科技/軟體網路,35000~70000 (period=0),月薪,35000,70000,0,0,傳統無AI,無,0,0,0,0,1.建築施工圖面釐清，並與業主、建築師事務所等溝通，進行圖面相關資料整理。 2.具備AutoCAD、CorelDRAW、SketchUp等繪圖軟體尤佳。 3.協助繪製模型施工圖，雷射切割壓克力牆面組成小比例建築模型。 4.協助模型組裝施工。 5.噴漆上色 6.具團隊精神。 7.全勤獎金、油資補貼、年終獎金、不定期員工旅遊。
15238863,SEOUL MATE 首爾妹-海外商品開發/品牌經理(需有經驗),首爾妹服裝有限公司,雙北,新北市,新北市中和區,傳播藝術/設計,電子商務/數位零售,46000~80000 (period=3),月薪,46000,80000,0,0,傳統無AI,無,0,1,1,0,1. 喜歡韓流文化、潮流品牌、新世代消費趨勢 2. 負責服飾及其他商品銷售策略計劃並確保行銷與營運單位之落實執行。 3. 管控商品庫存，達到存貨價值之最佳化 4. 熟悉國際貿易採購業務及談判議價相關作業。  5. 負責供應商之開發、評估等作業考核與管理。 6. 曾操作韓國品牌、美妝、潮流、角色 IP、聯名商品經驗 7. 能獨立作業並與品牌原廠用英文或韓文溝通 8. 優秀專案管理能力與跨部門協調能力 9. 能帶領團隊，依公司之政策規劃，有系統的整合公司資源，共同達成公司所賦予的任務及目標。
15051795,《板橋新站》美工人員,遠東百貨股份有限公司,雙北,新北市,新北市板橋區,傳播藝術/設計,傳統製造/精密工業,34000~42000 (period=0),月薪,34000,42000,0,0,傳統無AI,無,0,0,0,0,1.負責美工業務、平面設計包括百貨館內海報及佈置規劃。  2.檔期之主視覺設計與延伸應用。  3.展場主題設計、規劃及監工。 4.機動性支援公司活動及其他主管交辦事項。 5.熟悉繪圖軟體illustrator & Photoshop。 6.商品視覺陳列設計。 7.檔期陳列裝飾規劃執行。 8.陳列道具製作開發。 9.賣場櫥窗與DP設計。
10957325,MOMA鞋包配件採購專員(需定期出差),MOMA服飾_其基有限公司,雙北,新北市,新北市新莊區,傳播藝術/設計,其他服務/工商貿易,面議,面議,,,1,0,傳統無AI,無,0,0,0,0,工作內容將包含： 1. 鞋子、包包及流行飾品類 2. 採購流行趨勢分析 3. 規劃品牌商品發展方向 4. 協助商品銷售資訊的分析和檢討 5. 能獨立作業能力 6. 需有熟識鞋、包及配件類工廠為優先考量 
15127915,廣告創意部主管/主任,康柏思有限公司,雙北,新北市,新北市三重區,傳播藝術/設計,廣告行銷/公關顧問,45000~70000 (period=10),月薪,45000,70000,0,0,傳統無AI,無,0,0,0,1,讓設計超越視覺，成為驅動商業價值的核心。 我們在尋找一位能定義高度、帶領團隊進化的「設計領航者」。  在現在的市場環境中，設計不應只是美感的產出，更應該是問題的解決方案。我們正在尋找的設計部主管，不只要具備極致的美學底蘊，更要擁有策略思維、管理溫度，以及帶領團隊在 AI 時代保持競爭力的領軍人物。  在這裡，你將擁有高度的自主權，負責守護公司的視覺品質，並透過你的專業判斷力，帶領設計團隊走向精緻化與高價值的轉型之路。  【你的挑戰與影響力】  帶領團隊轉型：引導設計團隊從單純的「執行端」走向「策略端」，強化跨職能的整合思維，讓設計更具商業影響力。  守護品牌價值：為指標性長期合作客戶把關，確保
15268892,美編專員,一本鮮國際實業有限公司,雙北,新北市,新北市新店區,傳播藝術/設計,電子商務/數位零售,34000~36000 (period=2),月薪,34000,36000,0,0,傳統無AI,無,0,0,0,0,1.繪圖軟體操作PS、AI（CDR），視覺設計、校對與發包。 2.商品簡單拍攝及基礎去背修圖。 3.官網、電商主圖及內頁設計製作。 4.官網商品上架、網站Banner、活動視覺與促銷素材（熟悉cyberbiz後台佳）。 5.社群(FB/IG/LINE@等)經營維護、素材設計。 6.簡易短影音編輯、剪接 7.品牌定期線上/線下活動協助支援。 8.主管交辦事項。
13635419,coralstory韓國代購 誠徵【美編人員】,coral-story_珊瑚故事工作室,雙北,新北市,新北市林口區,傳播藝術/設計,電子商務/數位零售,30000~45000 (period=0),月薪,30000,45000,0,0,傳統無AI,無,0,0,0,0,工作內容  1.門市銷售服務及社群經營 2.處理客服問題、整倉盤點 3.拍攝商品及實穿 4.維護店內陳列及環境 5.其他店務相關支援  加分項目 1.對社群經營「拍攝、剪輯短片、照片」有想法及熱忱 2.熟悉相關品牌與商品 3.具基本美編能力、喜歡穿搭、有一定的美感  希望特質 責任感、抗壓力、活潑、熱忱、有禮貌 善於溝通、團隊合作能力強
13927776,（永和）繪圖專員（距離 永和中山路麥當勞 200公尺）,陽鼎實業股份有限公司,雙北,新北市,新北市永和區,傳播藝術/設計,傳統製造/精密工業,38000~50000 (period=0),月薪,38000,50000,0,0,傳統無AI,無,0,0,0,0,1.依法規、相關技術文件和報告，以完成消防排煙及通風規劃設計。 2.負責各類建築物之內部空間消防排煙、通風規劃與設計。 3.繪製規劃設計圖及報價。 4.需具備CAD基本繪製。 5.主管交辦事項。 6.團隊氣氛佳，共同進退。 7.少加班。 註: 除Auto CAD 基本操作外(指令也會教)，其他工作事項，部門內部會教。 
15027415,燈光/音響/視訊工程師,金星視覺股份有限公司,雙北,新北市,新北市新莊區,傳播藝術/設計,其他服務/工商貿易,38000~43000 (period=0),月薪,38000,43000,0,0,傳統無AI,無,0,0,0,0,1.硬體規劃(舞台/燈光/音響/視訊)設計、架設、操控。 2.器材保養管理。 3.活動場域規劃、現場執行、會場佈置。 4.需會駕駛手排貨車。  薪水為實領，個人勞保/健保/勞退/團險全額公司負擔。
14779825,【貼紙先生】印前設計專員｜印刷設計與製版,億鋒股份有限公司,雙北,新北市,新北市新莊區,傳播藝術/設計,電子商務/數位零售,32000~36000 (period=0),月薪,32000,36000,0,0,傳統無AI,無,0,0,0,0,貼紙先生徵才｜加入我們的專業印刷團隊！  我們是貼紙先生，專注於高品質標籤、貼紙與包裝印刷，從設計到成品，為品牌打造最完美的呈現。成立超過三十年，客戶橫跨食品、飲料、美妝、日用品與工業領域，每一張貼紙都是品牌的延伸與價值體現。  現在，我們正在尋找熟悉印刷流程、具專業設計審稿能力的美編夥伴，和我們一起把每一張貼紙做到完美。  【工作內容】  - 客戶檔案檢視與專業排版修正（AI / PDF） - 印刷前檔案格式、顏色、字型確認與輸出檢查 - 印刷拚模與製版 - 協助產品設計與視覺優化 - 與業務、印刷部門協作，確保印刷品質與交期 - 基本印刷知識與後加工工藝判斷（燙金、打凸、模切等）  【我們
15364457,美編設計,龍峰開發有限公司,雙北,新北市,新北市蘆洲區,傳播藝術/設計,資訊科技/軟體網路,38000~9999999 (period=3),月薪,38000,38000,0,0,傳統無AI,無,0,0,0,0,１.熟練 Photoshop、Illustrator 等設計軟體 ２.品牌形象與行銷素材設計與排版（含社群貼文、EDM、網頁橫幅等） ３.商品包裝、吊牌、型錄等平面設計與輸出檔製作 ４.協助拍攝及視覺規劃與簡易圖片修圖 ５.配合主管交辦設計相關事項 ６.會剪輯加分（手機剪也可以）  具備設計相關經驗，可附作品集 積極主動、溝通能力， 能獨立作業者佳
14568080,告別式會場佈置人員,龍巖股份有限公司(總公司),雙北,新北市,新北市汐止區,傳播藝術/設計,其他服務/工商貿易,45000~50000 (period=2),月薪,45000,50000,0,0,傳統無AI,無,0,0,0,0,1.告別式會場花藝及設備佈置及撤收相關事項  2.定期維護設備硬體及車輛清潔 3.協助花材整理及環境 4.需會開手排貨車、需搬重物。
15357135,平面美編,歐格興業有限公司,雙北,新北市,新北市五股區,傳播藝術/設計,廣告行銷/公關顧問,35000~9999999 (period=2),月薪,35000,35000,0,0,傳統無AI,無,0,0,0,0,1. 根據公司需求進行平面設計方案策劃 2. 製作文宣、DM、手冊、海報等相關廣告設計 3. 與相關部門協調溝通，確保設計品質符合要求 4. 熟悉印刷/輸出與紙材應用，掌握發包案件進度 5. 觀察消費者對商品及品牌的喜好走向做市場分析 6. 基本攝影與修圖 會短影音佳 7. 協助部分行政相關工作  如果你熱愛設計，具有相關的能力和經驗，歡迎投遞履歷表，我們期待您的加入！
14145545,電商美編,LifeCOM_立富康有限公司,雙北,新北市,新北市汐止區,傳播藝術/設計,電子商務/數位零售,33000~45000 (period=0),月薪,33000,45000,0,0,傳統無AI,無,0,0,0,0,透過團隊合作、溝通、調整、優化，協助公司客戶品牌於官網和各大電子商務銷售平台的營運。 如果您對電商及設計領域充滿熱情，即便無經驗，也會有人帶著你一起，歡迎加入與我們一起成長！ 若有興趣的話，就投下你的履歷，讓我們認識你!  【主要工作內容】 - 商品圖製作 - 設計BN -依照各平台尺寸規範resize -商品圖拍攝、修圖  【次要工作內容】 - 支援商品上架及後勤事項 - 與其他部門合作，溝通與協調 - 完成其他主管交辦事項  我們希望你有： ．Illustrator、Photoshop操作能力：能快速執行產品修圖、套圖、去背等工作 ．擁有電腦操作及基本文書處理能力 ．溝通能力：懂得換位思考
15048446,網頁工程師,樂意傳播股份有限公司,雙北,新北市,新北市新店區,傳播藝術/設計,廣告行銷/公關顧問,面議,面議,,,1,0,傳統無AI,無,0,0,0,0,• WordPress網站維運為主，負責日常更新、版本控管與穩定性維護，處理佈景主題與外掛衝突、版面調整與小規模功能修改。 • 需能進行錯誤排查（Bug、跑版、效能或相容性問題），定位原因並修復。 • 另依公司營運需求不定期開發內部工具與小專案，需能獨立研究新技術並落地實作。 • 無經驗可，惟需具備自學與獨立解題能力。  （此職務為子公司缺額）
15393298,Junior Graphic Designer,Tern_香港商盟倍力股份有限公司台灣分公司,雙北,新北市,新北市新莊區,傳播藝術/設計,資訊科技/軟體網路,面議,面議,,,1,0,傳統無AI,無,0,0,0,1,"We're looking for a creative and execution-oriented Junior Graphic Designer with 2~3 years of professional experience to join our team. In this role, you'll transform marketing concepts into compelling visual designs and deliver high-quality creative assets across a variety of channels.  If you have"
14216115,《頑聚派對 Wonderland》派對氣球布置人員,頑聚派對Wonderland_薆寶育樂有限公司,雙北,新北市,新北市新莊區,傳播藝術/設計,其他服務/工商貿易,500~2000 (period=0),時薪折算,80000,80000,0,0,傳統無AI,無,0,0,0,0,【工作內容】  1. 線上客戶服務 2. 派對背板佈景、氣球設計。 3. 協助派對相關事宜。 4. 協助主管交辦事項。  【徵才條件】 *有「場地佈置」「派對規劃」經驗佳  兼職最佳選擇  每場派對都有不一樣的感動，希望充滿熱忱的您，加入我們的行列！      
15392844,L 線上語音互動主持人｜遠端兼職/全職・彈性排班・無經驗可,羽曜文創有限公司,雙北,新北市,新北市板橋區,傳播藝術/設計,文教/補教培訓,500~9999999 (period=0),時薪折算,80000,80000,0,0,傳統無AI,無,0,0,0,0,線上互動電台主持人  遠端工作｜兼職／全職｜無經驗可｜不需露臉  羽曜文創為線上語音互動內容團隊，專注於聲音內容、線上直播互動及社群經營。  因團隊發展需求，現招募【線上互動電台主持人】，不需露臉、不需開啟攝影鏡頭，主要透過聲音進行聊天、互動及內容經營。  如果你喜歡聊天、唱歌、分享生活，或對聲音直播、社群互動有興趣，即使沒有相關經驗，也歡迎加入。  ⸻  【工作內容】  1. 線上語音聊天室主持與互動 2. 與聽眾聊天、交流及分享生活話題 3. 依個人特色進行唱歌、遊戲、聊天等內容 4. 維持聊天室互動氣氛與社群關係 5. 建立個人主持風格及經營固定聽眾 6. 配合平台活動及團隊基本排班安排
12818983,攝影剪輯/影音企劃專員,日商富地滋股份有限公司台灣分公司,雙北,新北市,新北市中和區,傳播藝術/設計,資訊科技/軟體網路,35000~42000 (period=0),月薪,35000,42000,0,0,傳統無AI,無,0,0,0,0,"1.剪輯影片後製處理 2.影片發想和企劃 3.執行影片拍攝和編輯 4.與其他部門協調完成影音作品 5.熟悉photoshop、illustrator、Premiere Pro, After Effects等Adobe軟體技能。    ※本公司鄰近捷運橋和站交通便利 ※精心設計的優質辦公環境，提供舒適安心的工作空間 ※三節及年終獎金"
13633956,攝影助理,民視_民間全民電視股份有限公司,雙北,新北市,新北市林口區,傳播藝術/設計,其他服務/工商貿易,33000~9999999 (period=0),月薪,33000,33000,0,0,傳統無AI,無,0,0,0,0,1，協助攝影師執行影視攝影工作、前後的準備工作及相關道具準備，設備的調整、保養、維護。 2，配合執行影視攝影作業。
15124861,全職主播｜17LIVE官方【免費培訓 時間彈性 在家上班】,拾一整合行銷有限公司,雙北,新北市,新北市新莊區,傳播藝術/設計,文教/補教培訓,500000~9999999 (period=0),年薪折算,37037,740741,0,0,傳統無AI,無,0,0,0,0,｜17LIVE官方認證｜新人審核通過即保底  歡迎有熱枕、想嘗試網路經營的人加入 無特殊要求/無經驗可/可兼職!  1. 個人特質強烈，才藝優秀，擁有明星夢，想成為直播主播。 2. 形象好、口條表達能力好、愛聊天、互動能力強。 3. 直播時能與粉絲進行良好互動關係。  4. 絕無潛規則！色情！暴力！ 5. 覺得自己有比吞劍更厲害的絕技想要跟大家分享的。 6. 為了理想努力不懈且用心經營粉絲。 7. 態度積極，不畏人群，口語表達能力佳 。 8. 對手機直播有興趣者佳。   ✔ 提供保障底薪，穩定收入不需擔心起步階段 ✔ 高獎金制度，依表現另有額外獎勵 ✔ 每日開播約1-3小時，時間彈性好安排 ✔
15326700,短影音企劃/拍攝剪輯,DEPIC_大盤衣商國際有限公司,雙北,新北市,新北市新莊區,傳播藝術/設計,資訊科技/軟體網路,40000~50000 (period=2),月薪,40000,50000,0,0,傳統無AI,無,0,0,0,0,短影音企劃/剪輯 你的創意，不只是要好看，更要有讓人停下來的3秒吸引力 我們正在找的，就是那個懂得創造「停留」的人  -工作內容 1.短影音內容企劃 2.執行影片企劃拍攝、剪輯 3.執行影片後製剪輯、字幕、特效、音效、音樂等 4.觀察短影音平台熱門影片，研究剪輯節奏、字幕呈現、轉場方式、情緒鋪陳與流量元素，並運用到日常作品中。   【我們希望你具備】  . 熟悉短影音市場，對流行趨勢、時事迷因、節奏有極高敏感度。 ・熟悉 Premiere Pro、Final Cut Pro、CapCut 或其他剪輯軟體 ・具備基本短影音剪輯能力與字幕製作能力 ・對短影音節奏、網感、流行梗與社群內容有敏銳度 ・
14967233,網路拍賣-電商助理/平台助理,鑫文科技有限公司,雙北,新北市,新北市樹林區,傳播藝術/設計,電子商務/數位零售,31000~35000 (period=0),月薪,31000,35000,0,0,傳統無AI,無,0,0,0,0,【工作內容】 1. 通路平台訊息回覆/處理 2. 協助安排客人退貨/換貨事宜 3. 賣場商品編輯/上架/找品(會簡易修圖佳) 4. 審核商品上下架 5. 追蹤/點交進貨相關事務 6.「必要時支援相關部門事務」、「其他與本職務相關之主管交辦事項」 7.有手牌駕照會開車優先錄取  【徵求條件】  * 有良好的情緒管理、溝通、協調 能力及應對進退能力。  * 具備邏輯性、細心、抗壓性強。  * 高度配合與執行能力、善於表達。  * 能穩定長期工作並配合公司成長學習 * 無經驗可，學歷不拘，需耐心、細心，刻苦耐勞。  #熟悉3C產品及對電商有經驗/興趣之人員優先  【休假方式】  採排休制，每7日休息
10758867,新莊店-設計部-視覺陳列設計師-Visual Merchandiser,IKEA_宜家家居股份有限公司,雙北,新北市,新北市新莊區,傳播藝術/設計,電子商務/數位零售,32000~40000 (period=0),月薪,32000,40000,0,0,傳統無AI,無,0,0,0,0,－ IKEA的願景是「為大多數人創造更美好的生活」，期待你的加入與我們一起實現！－  1. 運用不同的商品展示手法，將單一產品或產品組合設計出合適的商品陳列，並確保IKEA的獨特性。 2. 設計創新且讓人耳目一新的視覺陳列，促使銷售業績提升與來客數的回流。 3. 配合行銷活動檔期，並運用賣場的展示溝通物，進行視覺陳列設計。 4. 規劃與設計賣場動線，並透過商品展示技巧，讓顧客有美好的購物環境與體驗。 5. 與銷售部、物流部進行跨單位合作，透過溝通協調與專業知識分享，以達成商品展示的創意美感與最大效益。  1. Contributing to positioning the IKEA store
15095090,[RD]工業設計師-電聲耳機及穿戴式裝置,東科聲學股份有限公司,雙北,新北市,新北市新店區,傳播藝術/設計,傳統製造/精密工業,面議,面議,,,1,0,傳統無AI,無,0,0,0,0,1.產品概念與創意發想：根據市場趨勢、品牌定位與使用者需求，發展設計方向與風格。 2.外觀設計與3D建模：使用 CAD 工具設計耳機的外型、結構與細節。 3.人體工學與配戴舒適性分析：分析耳型與頭型、配戴角度與壓力分布，以確保長時間配戴的舒適性。 4.材料選擇與製程設計：評估塑膠、金屬、矽膠等材料的美觀性與製造可行性。 5.設計簡報與提案製作：製作樣品以進行實際配戴、音效表現與使用性測試，並收集回饋意見。 6.原型製作與使用測試：準備渲染圖、設計文件與簡報，用於內部審查或客戶提案。  *須具備CREO 3D建模(曲面)能力、Keyshot、ADOBE AI等軟體之運用。 *具備電競產業之耳機或
14672736,美編人員(板橋),勝棠國際股份有限公司,雙北,新北市,新北市板橋區,傳播藝術/設計,文教/補教培訓,32000~35000 (period=0),月薪,32000,35000,0,0,傳統無AI,無,0,0,0,0,1. 協助主管，行程資料美編、DM編輯。 2. 美術設計相關事宜，包括商品情境拍攝與修圖、活動宣傳物設計、編排設計等。 3. 幫助維護公司官網、社群網站，粉絲團小編、客服等。 4. 協助完成公司、主管交辦事宜。 5. 行政文書作業。  本公司尋找有美感佳、具備審美能力以及基礎設計技能的人才加入，協助我們進行商品情境拍攝與修圖、活動宣傳物設計、編排設計等工作。此職位將提供豐富的培訓和發展機會。 歡迎符合資格的候選人申請此職位，期待與您共事！
15340924,社群媒體行銷,Doggywillie 輕寵食_威饌股份有限公司,雙北,新北市,新北市新莊區,傳播藝術/設計,生技/醫療保健,35000~9999999 (period=0),月薪,35000,35000,0,0,傳統無AI,無,0,0,0,0,小犬威利 × 牠喵的，從寵物健康切入，透過訂閱服務、創辦人IP、內容經營與實體活動，讓寵物健康持續發生在每一位毛孩家長的日常生活。  我們相信——讓每隻寵物都能吃得好一點，陪伴久一點，是每一位毛孩家長最深的心願；而用科學守護毛孩的每一天，是我們存在的理由。  我們正在尋找一位對內容有感、對社群有速度、也願意親自動手把想法做出來的內容創作暨社群經營專員。你將與行銷主管密切合作，依據品牌整體策略與內容方向，把創辦人故事、寵物健康知識、訂閱會員體驗與活動現場，轉化成有溫度的圖文、短影音與即時互動內容。  這個職位不是單純排程發文，而是小犬威利 × 牠喵的 和每一位毛孩家長之間最即時的連結。你會在活動
8460857,視覺設計專員,正成集團_正成貿易股份有限公司,雙北,新北市,新北市三重區,傳播藝術/設計,其他服務/工商貿易,42000~9999999 (period=0),月薪,42000,42000,0,0,傳統無AI,無,0,0,0,0,1.官網視覺設計、商品頁製作、網頁維護。 2.社群平台素材製作（例如：活動Banner、宣傳頁、EDM、電子型錄...等），可獨立完成 3.依公司需求進行平面品牌文宣品相關周邊設計、印刷執行(例如：文宣、海報和DM...等，)並與印刷廠溝通聯繫，進行估價、打樣之事宜。  4.與需求單位進行圖稿、文案的排版設計，跨部門溝通。 5.主管交辦事項
15042973,展覽製作專案,禾谷創意整合行銷有限公司,雙北,新北市,新北市板橋區,傳播藝術/設計,廣告行銷/公關顧問,36000~47997 (period=4),月薪,36000,47997,0,0,傳統無AI,無,0,0,0,0,此職位是展覽的總指揮。不同於設計師專注於美學，製作專案的核心任務是「品質、成本、交期的控管」。必須在有限的預算與絕對不可延誤的開展日期前，協調設計師、策展人與施工廠商，將圖面精準落地，這份職務將會是展場0到1最重要的關鍵角色。  (1)主要職責 a.專案排程管理：規劃時間進程，溝通設計、發包、工廠製作、進場、撤場的每個時間節點。 b.預算與發包管理：根據設計圖進行估價，尋找合適廠商，進行比價與議價。 c.溝通協調：解決設計圖與現場條件的衝突（例如：設計的櫃子進不去電梯、電量負載不足等實際問題）。 d.現場監工與安衛：進撤場期間的全程監督，確保施工安全、品質符合設計圖，並即時解決突發狀況。 e.
14991749,[限定]韓系清透氧氣妝圖鑑 平面模特兒(需眾多模特兒),橋星廣告製作有限公司,雙北,新北市,新北市三重區,傳播藝術/設計,文教/補教培訓,8000~12000 (period=0),面議,,,1,0,傳統無AI,無,0,0,0,0,"主要是以造型彩妝型錄圖鑑平面拍攝 模特兒須展現氣質,會擺平面拍攝POSE(表情與手勢為主) 有經驗佳! 若無經驗想嘗試可經由公司培訓給予此工作機會 一般素人皆可(無任何條件限制)  －著重個人特質、有自信、敢秀、愛表演、夠大方 －只要你不畏懼鏡頭，表情及肢體語言豐富 －無經驗亦可，可假日兼職  -不限高矮胖瘦  更多資訊請至： 公司官網:https://www.joestar.online/ 公司粉絲專頁:https://www.facebook.com/joestarpd.1 面試地點:台北市南港區玉成街154號3樓(後山埤捷運站3號出口，85度C對面，珈瑪cama咖啡右側門，永吉涼麵左側門"
14421270,數位影音行銷企劃,臺灣商務印書館股份有限公司,雙北,新北市,新北市新店區,傳播藝術/設計,其他服務/工商貿易,面議,面議,,,1,0,傳統無AI,無,0,0,0,0,[工作內容] 1. 熟悉社群平台趨勢，經營社群媒體，包含 FB、IG、YT、Threads、LINE 等內容製作及平台經營。 2. 社群平台文案撰寫、處理社群粉絲互動及訊息回覆。 3. 配合品牌活動、檔期促銷及主題企劃，提供創意視覺提案與執行。 4. 具備短影音腳本企劃拍攝及剪輯能力（CapCut、Premiere Pro、剪映等）。 5. 編輯、製作、發送新聞稿、電子報EDM。 6. 執行網站行銷、導流，以及成效追蹤。 7. 協助主管執行相關事項，以及其他交辦事項。  [應徵條件] 1. 擅長經營社群媒體(有相關經驗者佳)。 2. 需極有創意力、美感及文字表達能力。 3. 細心負責，自主積極
15278827,澔冰文創聲播招募中，用聲音開啟你的新生活,澔冰文創有限公司,雙北,新北市,新北市板橋區,傳播藝術/設計,文教/補教培訓,面議,面議,,,1,0,傳統無AI,無,0,0,0,0,澔冰文創聲播招募中，用聲音開啟你的新生活  不用簽約，不用露臉，不用準備設備。  只要你喜歡聊天、喜歡用聲音陪伴別人，這裡就是很適合你的舞台。  在語音電台裡，你可以成為想像中的自己，也可以安心做最真實的自己。  不管你是外向活潑、溫柔慢熟，還是有點社恐但很想嘗試新事物，都歡迎加入澔冰文創，開啟屬於你的新聲活。  我們提供專業新人培訓，不用擔心沒有經驗，也不用擔心不知道怎麼開始。  新人期間公司提供開播時薪保障，達標時數任務還有額外加碼獎金，讓你一邊學習、一邊穩定成長。  你可能會想問：  想嘗試，但不知道我們在做什麼？  可以到 IG 搜尋：@y.jstars，先認識我們，再決定也不遲。  
15396603,網路/FB/行銷小編,永慶不動產林口文一忠孝店_時奕不動產有限公司,雙北,新北市,新北市林口區,傳播藝術/設計,其他服務/工商貿易,200~500 (period=0),時薪折算,32000,80000,0,0,傳統無AI,無,0,0,0,0,房地產是最好的行業，給自己一個機會，改變你人生的命運，機會難得，座位有限，快來面試聊聊  如果您或是朋友有房屋要買賣委託，也可以介紹給我們，有介紹獎金紅包喔  1. 策劃、撰寫並發布創意性及高品質的不動產相關社群內容，提升品牌影響力與用戶參與度。 2. 擁有數位行銷知識，定期追蹤房地產市場動態與競爭對手動向，調整社群策略以應對市場變化。 3. 設計吸引人的視覺化內容及品牌識別設計。 4.管理社群媒體平台，如 Facebook、Instagram，日常運營與互動，維護社群活躍度並提升粉絲追蹤數。 5. 與潛在客戶及房地產投資者互動，回應問題並提供即時支持，整合社群意見並提出回饋與建議。 6. 監
14860714,多媒體動畫設計師,華爍科技企業有限公司,雙北,新北市,新北市中和區,傳播藝術/設計,資訊科技/軟體網路,35000~9999999 (period=0),月薪,35000,35000,0,0,傳統無AI,無,0,0,0,0,演唱會視覺設計、活動現場VJ、MV動態影像、商業活動視覺、展廳視覺 3D類 ：場景設計建模，材質、貼圖設計，基本打光及算圖設定 2D類 ：場景合成、後期特效 
15000676,點點數位印刷-大圖輸出技術人員（實作型／可培訓）,啟點行銷股份有限公司,雙北,新北市,新北市新莊區,傳播藝術/設計,傳統製造/精密工業,32000~40000 (period=0),月薪,32000,40000,0,0,傳統無AI,無,0,0,0,0,【關於點點：以環保為核心，重塑印刷美學】 點點數位印刷是一間專注於「永續發展」的數位輸出與大圖製作公司。我們深信，精彩的視覺呈現不應以環境為代價。因此，我們不僅提供專業的大圖輸出、展場製作與活動施工支援，更致力於成為活動產業中的綠色方案提供者。 我們長期為各大品牌、企業專案與藝文展覽提供高品質的製作服務。在追求極致視覺效果的同時，點點將「環保」視為企業發展的靈魂，而非僅是選項。  【永續實踐：領先業界的綠色解決方案】 為了實踐對地球的承諾，我們在生產製程中積極導入多項減碳與減廢技術，將永續理念落實於細節中： 環境友善耗材： 採用植物性水性油墨，大幅降低化學揮發物（VOCs）的排放，確保成品對環
12675799,出版社印務業務助理,欣燦連股份有限公司,雙北,新北市,新北市新莊區,傳播藝術/設計,傳統製造/精密工業,30000~35000 (period=0),月薪,30000,35000,0,0,傳統無AI,無,0,0,0,0,====任職條件=====  1、了解印刷製程與相關加工流程，有相關經驗者佳。 2、熟悉Adobe、Office軟體操作。 3、對色彩敏銳度高。 4、喜歡各類小說、動漫等，對BL題材不排斥。 5、積極主動，具有良好的溝通協調及執行能力，正向熱忱。 6、抗壓性佳、擅溝通表達、細心謹慎負責。  ====工作內容====  1、協助檢查印前完稿稿件、打樣檢查、印刷成品檢查。 2、申請ISSN/ISBN/471條碼。 3、配合公司出版進度，聯繫安排生產並持續追蹤交期及出貨狀況。 4、印刷廠看印（自備交通工具尤佳）。 5、協助公司編輯與部門間相關事務。 6、負責廠商協尋與開發，協助主管詢價、出貨、結案與
15390680,@線上互動電台主持人（遠端工作／兼職・全職／無經驗可）,羽曜文創有限公司,雙北,新北市,新北市板橋區,傳播藝術/設計,文教/補教培訓,500~9999999 (period=0),時薪折算,80000,80000,0,0,傳統無AI,無,0,0,0,0,喜歡聊天、分享生活，或對聲音內容、直播互動有興趣嗎？  這是一份全程遠端的線上語音互動工作。 不需露臉、不需開攝像頭，無相關經驗也可以。  工作主要透過聲音與聽眾聊天互動、分享生活、唱歌、遊戲或經營自己擅長的內容。  羽曜文創提供完整新人培訓與開播陪跑，從平台操作、聊天互動到個人主持風格建立，都會有人協助。  【工作內容】  * 線上語音聊天室互動 * 分享日常生活與興趣話題 * 唱歌、遊戲交流、聊天互動 * 維持聊天室互動氣氛 * 經營個人直播風格與聽眾交流 * 配合平台活動與基本排班  【工作方式】  * 遠端工作 * 在家即可進行無需其他設備 * 彈性排班制度 * 全職／兼職皆可 * 不
15337085,影音內容企劃暨攝影專員,英諾美生物科技股份有限公司,雙北,新北市,新北市永和區,傳播藝術/設計,生技/醫療保健,40000~45000 (period=4),月薪,40000,45000,0,0,傳統無AI,無,0,0,0,0,【品牌影音企劃／內容製作專員】 你將負責英諾美旗下品牌的影音與視覺內容製作，從企劃發想、腳本、拍攝執行、KOL／合作對象開發，到後製與素材交付，建立品牌一致且具轉換力的內容。 【主要工作內容】 規劃品牌短影音、形象影片、產品介紹、社群內容與廣告素材 負責拍攝企劃、腳本、分鏡、場景與拍攝流程安排 執行產品、人像、情境等靜態攝影 執行短影音、品牌影片、訪談、YouTube 等動態拍攝 基礎剪輯、字幕、音樂、調色及素材版本輸出 依不同平台需求產出 Reels、Shorts、YouTube、廣告等版本 尋找、聯繫與管理 KOL、KOC、模特兒、主持人及其他拍攝合作對象 規劃 KOL 合作內容、拍攝 B
14955570,影音企劃剪輯＋社群經營｜律師事務所品牌共同打造者招募中！,以諾法律事務所,雙北,新北市,新北市板橋區,傳播藝術/設計,其他服務/工商貿易,40000~45000 (period=0),月薪,40000,45000,0,0,傳統無AI,無,0,0,0,0,"【意者請將作品集並寄至service@enoch.tw，並針對事務所社群提出觀察與想法】  以諾法律事務所正在打造全台最有影響力的法律影音品牌（ 相關社群：以諾法律事務所、婚姻公平站、法律救援站、國民律師站（童童哥））。 我們正在找一位能和我們一起把法律變得更好懂、更有力量的夥伴。  【薪資待遇】  實領 40,000 元起  具法律背景／事務所社群經營經驗者：實領 45,000 元  【你會做的事】  發想、撰寫法律短影音腳本  協助拍攝（棚拍／外景／對談）  剪輯 TikTok／Reels／Shorts  社群經營（IG／FB／TikTok／YouTube）  協助 Podcast、直播製"
15137980,飾品配件設計師,SHIATZY CHEN_夏姿國際開發股份有限公司,雙北,新北市,新北市五股區,傳播藝術/設計,傳統製造/精密工業,面議,面議,,,1,0,傳統無AI,無,0,0,0,0,市場研究與企劃：收集並分析國內外飾品流行趨勢，結合品牌定位進行每季產品主題企劃與提案。  產品設計與繪圖：獨立完成產品設計，繪製精確的 2D 草圖、電腦效果圖，或操作 3D 建模與材質渲染（如 Rhino、Matrix、Keyshot）。  工廠對接與打樣：負責與國內外加工廠、材料商溝通，追蹤樣品製作進度，確認打樣品質、結構可行性並進行細節優化。  材質與成本控制：挑選五金、半寶石、純銀、合金等各式配件材質，並在設計階段評估生產成本，確保符合商品預算。  跨部門協作：與行銷、視覺團隊合作，提供新品的設計理念、材質文案介紹，或協助拍攝視覺陳列的討論。
13413668,電商產品行銷人員,綺樂娛樂有限公司,雙北,新北市,新北市蘆洲區,傳播藝術/設計,電子商務/數位零售,32000~60000 (period=0),月薪,32000,60000,0,0,傳統無AI,無,0,0,0,0,1. 制定國內銷售策略，協助擴展業務  2. 瞭解市場動向，制定相應的銷售計劃  3. 管理國內業務團隊，協調部門合作  4. 維護現有客戶關係，開發新客戶  5. 監控和分析業績指標，定期向管理層報告  6. 協助制定產品和服務的銷售和推廣策略  7. 與客戶溝通，解決問題並提供優質的售後服務    本職位將負責規劃和執行公司國內業務計劃，需要具備豐富的經驗和優秀的管理能力。這是一個具有挑戰性和發展潛力的職位。  如果您有豐富的國內業務經驗，並且希望在一個具有挑戰性和發展潛力的職位上發揮自己的能力，請立即申請此職位。
5308780,美術設計編輯-新北,翰林出版事業股份有限公司,雙北,新北市,新北市中和區,傳播藝術/設計,文教/補教培訓,35000~38000 (period=2),月薪,35000,38000,0,0,傳統無AI,無,0,0,0,0,-【工作項目】- · 教科書及相關配套之編排設計工作，如封面概念發想、編排設計、基礎插畫發圖技巧、 修圖組圖等。 · 發圖之聯絡窗口。 · 送製與確認。 · 其他例行性工作，如請款、備份等。 · 主管交辦事項。  -【此外，這個職務還有】- · 良好的工作氣氛，明亮的辦公空間 · 重視新人培訓及內部分享 · 不定期舉辦內、外部教育訓練 · 健全的升遷制度  -【關於美編部】- 我們是專業的教科書設計團隊，致力於將知識轉化為引人入勝的視覺表現。透過耐心的溝通和細緻的圖文整合，打造能夠啟發學習動機的教科書版面設計，讓孩子們擁有美好的學習體驗。歡迎有創意、勇於挑戰的你加入我們的團隊！  -【關於翰林
13121565,廣告美編(新北三重區),鴻隆廣告工程有限公司,雙北,新北市,新北市三重區,傳播藝術/設計,廣告行銷/公關顧問,35000~45000 (period=0),月薪,35000,45000,0,0,傳統無AI,無,0,0,0,0,1.印前審稿檔案影像處理轉檔，與顧客溝通輸出細節。 2.精通Illustrator和Photoshop等設計軟體 。 3.具良好溝通能力及耐心，了解客戶需求並進行調整。 4.有大圖輸出經驗者佳，無經驗亦可。  =========================== 整合能力佳、思緒完整、有條理、富責任感、積極主動者佳。
13916377,電商上架人員,元捷企業有限公司,雙北,新北市,新北市鶯歌區,傳播藝術/設計,電子商務/數位零售,196~196 (period=0),時薪折算,31360,31360,0,0,傳統無AI,無,0,0,0,0,1.有電商平台上架經驗佳（ex：蝦皮、樂天、pchome等......) 2.主要工作為電商上架、基本美編、文案撰寫、網路賣場商品更新 3.其他主管交辦事項  ※上班時段彈性可溝通，不接受在家上班※ 歡迎細心、有上進心並具學習熱誠的夥伴加入我們！
15385478,★日系知名零售品牌|座標板橋  E-Commerce電子商務網頁助理 (無經驗可、週休二日!)RFS818,藝珂人事顧問股份有限公司,雙北,新北市,新北市板橋區,傳播藝術/設計,電子商務/數位零售,38000~40000 (period=0),月薪,38000,40000,0,0,傳統無AI,無,0,1,0,0, [工作內容] -協助網頁排版整理和商品上架操作 -商品與網頁後台操作及維護 -協助相關報表匯整 -其他主管交辦事項  [上班時間] 週一至週五 9:00~18:00 週休二日  [加分條件] ・具備Excel能力 (Vlookup、樞紐) ・熱愛網路購物，熟悉網購介面、理解網頁架構 ・有朝氣、謹慎細心、理解與溝通能力良好 ・具備基礎英文書信能力 (具備日文能力者加分)  
15377953,工程助理(中和廠),至佳電子股份有限公司,雙北,新北市,新北市中和區,傳播藝術/設計,傳統製造/精密工業,31000~38000 (period=0),月薪,31000,38000,0,0,傳統無AI,無,0,0,0,0,1. 協助工程師量測、製作產品與彙整文件。 2. ECN/BOM/料號等相關資料ERP系統建立。 3. 承認書審核與圖面修訂發行。 4. 其他主管交辦事項。
13397659,電商營運助理,炫輝國際有限公司,雙北,新北市,新北市板橋區,傳播藝術/設計,電子商務/數位零售,32000~38000 (period=0),月薪,32000,38000,0,0,傳統無AI,無,0,0,0,0,我們在找一位對電商有興趣、做事細心有效率的夥伴，協助品牌官網與各大電商平台的日常營運。 這份工作會接觸商品上架、訂單出貨、客服處理、庫存管理與退貨流程，是非常適合想進入電商產業、建立完整營運基礎的人。  工作內容  1. 操作官網與各大電商平台後台，協助商品上架與資訊維護。 2. 處理每日訂單、出貨、寄件與相關作業。 3. 協助客服訊息整理與基礎回覆。 4. 協助商品進出貨、庫存盤點與資料更新。 5. 處理退貨、退款、商品測試與包裹整理。 6. 協助電商相關行政與主管交辦事項。  我們希望你具備  1. 細心、耐心、反應快。 2. 對平台操作、電商流程有興趣。 3. 能適應重複性高但需要精準度
13247526,室內設計助理 ( 底薪+獎金 ),窩的家裝潢管理顧問有限公司,雙北,新北市,新北市三重區,傳播藝術/設計,廣告行銷/公關顧問,29500~50000 (period=2),月薪,29500,50000,0,0,傳統無AI,無,0,0,0,0,1、平面圖、施工圖與櫃體圖相關繪製   2、工地監管與工程進度掌控 3、協助設計師準備資料 4、做為業主與廠商之間溝通橋樑，協助釐清雙方想法之差距。 5、EQ高、責任心態、學習精神 6、要可以騎車跑雙北工地 7、有心想學習獨立應對案場 8、顧案子責任很重要（不要放假、下班就跟您沒關係⋯）
15353343,[ iBUYPOWER] Graphic Designer,美商艾必威科技有限公司台灣辦事處,雙北,新北市,新北市土城區,傳播藝術/設計,傳統製造/精密工業,面議,面議,,,1,0,傳統無AI,無,0,1,0,0," iBUYPOWER - Graphic Designer Wanted!    ☺應徵時請務必附上英文履歷&作品網址,面試時需準備2-3分鐘英文自我介紹 ☺  • Position is in Taiwan and works exclusively with a remote US based graphics team.  • Only applicants with portfolios will be considered.   iBUYPOWER Computers is looking for a self-motivated, detail-oriented, creative"
13608315,演唱會儲備技師（雷射／燈光／特效）,華爍科技企業有限公司,雙北,新北市,新北市中和區,傳播藝術/設計,傳統製造/精密工業,35000~45000 (period=0),月薪,35000,45000,0,0,傳統無AI,無,0,0,0,0,招募夥伴（歡迎有經驗的您加入）  •	儲備燈光控師：從燈具基礎、訊號邏輯到美學調光，帶你進入光影的世界。 •	儲備雷射控師：負責雷射軟體操作與現場方案執行，玩出最酷的視覺幾何。 •	儲備特效技師：掌握各種舞台特效設備的操作與佈置，製造最震撼的現場驚喜。  【 萬人屏息的瞬間，是你親手點亮了舞台的靈魂 】 在演唱會燈光全暗、音樂落下的前一秒，全場都在等那一聲炸裂——而掌控那個瞬間的人，就是你。 很多人看演出是為了聽歌，但對我們來說，一場演唱會是無數細節堆疊出來的現場。在華爍科技，我們的工作不是機械式的「架燈」或「拉線」，而是要在最適當的時機，用光影與特效把現場氣氛推到最高點。我們不生產設備，我們
11395719,教材編輯(高中-英文)-新北,翰林出版事業股份有限公司,雙北,新北市,新北市中和區,文字/傳媒工作,文教/補教培訓,38000~9999999 (period=0),月薪,38000,38000,0,0,傳統無AI,無,0,1,0,0,-【工作內容】- 1. 規劃並執行編輯流程，包括稿件收集、內容編校、基礎版面設計、印製管理等。 2. 與作者、設計師協作，確保內容品質與出版進度。 3. 研究主責之教材、課綱內容、大考趨勢等。 4. 至高中各校進行市場訪查。  -【此外，這個職務還有...】- 1. 工作型態：獨立作業為主，同時也需跨部門溝通協作。 2. 部門文化：培養團隊成員具備「自主學習、獨立思辨」的能力，遇到問題能夠自己思考、嘗試解決，並勇於提出對產品優化的想法。 3. 教科書編輯是熱愛語言的你「學以致用」的夢幻工作之一，將興趣與教育結合，發揮「專業知識轉譯」的精神，在提升年輕學子的教育品質外，也讓自我專業能力更上一層樓
12024212,【日本CG動畫業界】日文翻譯 ※請務必附上 ★日文履歷 ★,Studio5_五號影像股份有限公司,雙北,新北市,新北市板橋區,文字/傳媒工作,廣告行銷/公關顧問,面議,面議,,,1,0,傳統無AI,無,0,1,0,0,①	社内ドキュメント作成・翻訳（日→中、中→日） ②	会議通訳（日→中、中→日） ③	翻訳業務全般管理 ④	その他特命事項(PR業務サポート、管理業務サポートなど、日本語を使用する業務の一部支援)  ※翻訳に関して、字幕の翻訳ではなく、絵コンテやシナリオ、仕様書などの翻訳がメインです。
15346356,日本手配(晴學),晴天國際旅行社股份有限公司,雙北,新北市,新北市板橋區,文字/傳媒工作,文教/補教培訓,36000~45000 (period=0),月薪,36000,45000,0,0,傳統無AI,無,0,1,0,0,1.旅遊元件採購與預訂 2.跨國業務溝通與協調 3.中日文雙向翻譯與文書處理 4.帳務核對與跨國請款  條件要求: 1.細心、具時間管理能力 2.熟悉Office 基本操作 3.日文能力檢定N2以上 4.具旅行社相關經驗尤佳，無經驗可培訓
15096325,研發處數位編輯（板橋）,南一書局企業股份有限公司(總公司),雙北,新北市,新北市板橋區,文字/傳媒工作,文教/補教培訓,32000~50000 (period=0),月薪,32000,50000,0,0,傳統無AI,無,0,0,0,0,【工作內容】  協️助整理教材內容與相關資料，支援數位產品開發   與內容編輯團隊溝通，協助教材數位化與內容調整   協助整理學校與業務端的產品使用回饋與問題  協助產品測試、內容校對與問題回報 協助整理市場產品資訊與教育科技趨勢 觀察教育科技(EdTech)產品與數位學習趨勢 其他主管交辦事項  【條件要求】  對教育內容或數位學習產品有興趣 具備基本資料整理與文件撰寫能力 良好的溝通能力與團隊合作精神 細心負責，願意學習新的工具與工作方式   【加分條件】  •對AI、數位學習或教育科技產業有興趣 •熟悉基本數位工具(Excel/Notion/簡報工具等)
14847203,記者（為環境發聲/遠端工作）#NGO/環境保護/獨立媒體,財團法人自然保育與環境資訊基金會,雙北,新北市,新北市新店區,文字/傳媒工作,廣告行銷/公關顧問,33000~44000 (period=3),月薪,33000,44000,0,0,傳統無AI,無,0,1,0,0,【職務內容】 1.獨立完成新聞報導工作，包括企劃、採訪、寫作、圖文上稿等作業流程。 2.報導類型包括即時報導、深度報導與人物報導。 3.配合部門企劃，與同事共同完成專題作品。 4.主管交辦事項。  【需求與條件】  1.對環境議題（包含但不限於：生物多樣性、能源轉型、氣候變遷、循環經濟）有興趣、對獨立媒體運作有熱情。 2.二年以上採訪寫作相關經驗，大眾傳播、環境專業背景尤佳。 3.具備新聞採訪寫作能力，熟悉新聞的任務與界線。 4.樂於溝通、有自學精神。 5.對新聞具敏感度，有能力與意願經營報導相關人脈。 6.具基礎英文溝通能力。 7.須提供作品集。  【其他須知】 ▸因工作性質與空間限制，此職
15174329,文管專員,泰博科技股份有限公司,雙北,新北市,新北市五股區,文字/傳媒工作,生技/醫療保健,32000~43000 (period=0),月薪,32000,43000,0,0,傳統無AI,無,0,0,0,0,1.	MBOM表單 2.	EC設計變更 3.	各類技術文件發行與核對 4.	文件調閱與歸還確認紙本作業 5.	系統文件置換需求 6.	稽核借閱文件歸檔與確認 7.	公證作業(無須外出) 8.	文檔室歸檔與文件維護 9.	各單位需求協助更改等需求作業
12627193,助理編輯,印刻文學生活雜誌出版股份有限公司,雙北,新北市,新北市中和區,文字/傳媒工作,其他服務/工商貿易,30000~33000 (period=2),月薪,30000,33000,0,0,傳統無AI,無,0,0,0,0, 1. 具編輯/行政經驗者優先 2. 熱愛文學，熟悉當代華文作者 3. 細心負責 4. 需有高度的溝通協調能力和抗壓性 5. 協助電子書、商店街及網站管理   
11296523,國小國語科企畫編輯★高額穩定薪獎福利制度★,康軒文教事業股份有限公司,雙北,新北市,新北市新店區,文字/傳媒工作,文教/補教培訓,40000~9999999 (period=0),月薪,40000,40000,0,0,傳統無AI,無,0,0,0,0,1.教科書、參考書、教學媒體、電子書等產品企畫、製作、整稿及校對。 2.與教授、老師、文美編等相關人員進行溝通、邀稿及進度掌控。 3.不定期到學校進行親訪、教材說明會，與老師互動及協助推廣教材。 4.進行國語相關新品提案規畫，以及參與公司政策。
8904965,【經濟日報新聞部】數位編輯,聯合報股份有限公司,雙北,新北市,新北市汐止區,文字/傳媒工作,資訊科技/軟體網路,32000~42000 (period=2),月薪,32000,42000,0,0,傳統無AI,無,0,0,0,0,1. 具備新聞敏感度：挑稿、上稿、具有文字撰寫、下標的能力 2. 社群經營：品牌FB/LINE/IG/YouTube與其他平台維護更新 3. 網站和App管理：讀者閱讀體驗、網站版面管理等 4. 基礎製圖能力：裁圖、修色、製作圖卡等 5. 即時流量與關鍵字追蹤：使用流量分析工具Google Analytics等 6. 可接受日班、晚班、需輪班、假日值班 7.該職務，會依實際求職者之相關工作經歷議定薪資。
14263408,韓國食品門市專員（需韓文對話／週休二日／固定日班）,韓濟名味品有限公司,雙北,新北市,新北市新店區,文字/傳媒工作,其他服務/工商貿易,35000~38000 (period=0),月薪,35000,38000,0,0,傳統無AI,無,0,0,0,0,韓濟主要業務是進口韓國食品、食材、酒水、餐具等，供應給台灣的韓式餐廳、批發商、大型倉儲，是台灣韓國食材B2B市場前三大進口商之一。  門市工作包括：  • 接待顧客 & 產品介紹  • 收款及收銀作業 、每日結帳 • 門市產品陳列、確認效期 • 自行至倉庫撿貨補貨  • 定期盤點產品效期  • 即期產品特價陳列及推薦客人 • 協助批發客戶開LINE群組 • 分裝樣品 • 門市環境整潔維護   因經常需要對應使用韓文的客戶，須具備韓文對話能力。  除了門市來客接待與商品銷售外，亦需協助B2B客戶自取商品之結帳與交貨作業。門市以企業客戶服務為主，來客量穩定且不繁忙，工作步調相對單純，能有充裕時間處
15245924,【經濟日報新聞部】數位製作人,聯合報股份有限公司,雙北,新北市,新北市汐止區,文字/傳媒工作,其他服務/工商貿易,35000~55000 (period=4),月薪,35000,55000,0,0,傳統無AI,無,0,0,0,0,1. 外部合作（專欄作者）邀稿主題溝通及上稿安排。 2. 網站內容運營，Podcast後台經營。 3. 協同影音團隊，企劃影音專題、Podcast主題。 4. 若有YouTube經營經驗，加分。 5. 該職務，會依實際求職者之相關工作經歷議定薪資。 
14971272,課程部─英文組編輯,翰林教育科技股份有限公司,雙北,新北市,新北市中和區,文字/傳媒工作,文教/補教培訓,37000~42000 (period=0),月薪,37000,42000,0,0,傳統無AI,無,0,1,0,0,工作內容包含： 1.12年國教英文科線上課程製作，包括內容安排、作者聯絡、影片&題目流程進度與品質管控。 2.校對、潤飾講義文字並配合主管執行各項編輯作業。 3.例行行政表單填寫、維護。 4.英文線上產品企劃&執行。 
14420561,技術文件,德承股份有限公司,雙北,新北市,新北市新店區,文字/傳媒工作,傳統製造/精密工業,面議,面議,,,1,0,傳統無AI,無,0,0,0,0,1. 文件撰寫與編輯；撰寫內容包含使用手冊、技術文件、操作手冊等。 2. 維護現有技術文件以保持準確性。 3. 其他主管交辦事項。
8476389,採訪中心助理記者(可台北上班),民視_民間全民電視股份有限公司,雙北,新北市,新北市林口區,文字/傳媒工作,其他服務/工商貿易,196~196 (period=0),時薪折算,31360,31360,0,0,傳統無AI,無,0,0,0,0,民視新聞歡迎您  地方組助理記者  處理地方新聞 即時連線報導  *提供三節獎金 *可選擇林口或台北上班 
12433340,【經濟日報新聞部證券組】記者,聯合報股份有限公司,雙北,新北市,新北市汐止區,文字/傳媒工作,其他服務/工商貿易,32000~50000 (period=0),月薪,32000,50000,0,0,傳統無AI,無,0,0,0,0,1需具備解讀台股走勢、基礎企業財報解讀能力，對數字敏感，且能掌握股市與市場脈動 2對證券產業新聞有高度熱忱，觀察力強，具議題設定能力、願意學習，主動積極人格特質尤佳 3報導國內外金融市場、台灣上市櫃與證券相關新聞，包括產業動態與趨勢、財務數據、重要人事新聞等 4需定期／每日製作紙媒／數位網路固定與專題採訪寫作，與不定期影音製作，包括證券市場動態、人物專訪、投資理財等相關議題 5該職務，會依實際求職者之相關工作經歷議定薪資。 
13010009,國小輔材編輯專員-文科(國語、社會),明霖文教出版股份有限公司,雙北,新北市,新北市中和區,文字/傳媒工作,文教/補教培訓,32000~38000 (period=2),月薪,32000,38000,0,0,傳統無AI,無,0,0,0,0,1.國小參考書產品之規劃及製作(整稿、審稿、校稿等)。   2.經營聯繫作者及委外廠商，與其溝通產品內容及規劃排程。   
15368664,國際組,中華民國足球協會,雙北,新北市,新北市新莊區,文字/傳媒工作,其他服務/工商貿易,面議,面議,,,1,0,傳統無AI,無,0,0,0,0,一、與國際足總、亞洲足聯以及各國足球組織之聯繫協調。 二、研擬參加國際會議及訪問活動之計劃與預算申請事宜。 三、有關外國人員來華訪問之邀請、聯絡及翻譯等事宜。 四、外文函件英譯中之處理與交辦事項。 五、相關國際會議即時口譯。  六、其他國際事務。
10243215,兒童雜誌企畫編輯 ★獲第60屆金鐘獎動畫節目大獎★,康軒文教事業股份有限公司,雙北,新北市,新北市新店區,文字/傳媒工作,文教/補教培訓,40000~9999999 (period=0),月薪,40000,40000,0,0,傳統無AI,無,0,0,0,0,1. 負責兒童雜誌編輯，包括內容企劃與文字撰寫。 2. 具創意思考與故事發想能力，能將知識轉化為適合兒童閱讀的內容。 3. 邏輯清晰、做事有條理，細心且具責任感，能兼顧內容品質與出版時程。 4. 樂於團隊合作，具備良好溝通與協調能力。 5. 熟悉社群平台（如 Facebook、Instagram），能撰寫貼文、簡單排版，並與讀者互動。
14875970,徵求 越南語/印尼語/泰語通譯人員,品捷翻譯有限公司,雙北,新北市,新北市新莊區,文字/傳媒工作,其他服務/工商貿易,300~9999999 (period=4),時薪折算,48000,48000,0,0,傳統無AI,無,0,0,0,0,請備個人履歷、案件經歷、語言檢定、最高學歷等相關證明。 如符合需要，會行聯絡並納入本公司人才庫。  請注意本職缺不保證接案量。
12085101,網路文字編輯(網路編輯中心網蒐內容組),民視_民間全民電視股份有限公司,雙北,新北市,新北市林口區,文字/傳媒工作,其他服務/工商貿易,32000~40000 (period=0),月薪,32000,40000,0,0,傳統無AI,無,0,0,0,0,網路新聞編輯 撰寫、改寫，或網搜熱門議題。 新聞內容包括娛樂、生活、社會、政治、國際、體育、財經。 網路聲量高之議題，將其圖文並茂完成文章報導。
13085927,國貿人員【精通韓文】,韓寶國際企業有限公司,雙北,新北市,新北市新莊區,文字/傳媒工作,傳統製造/精密工業,面議,面議,,,1,0,傳統無AI,無,0,1,1,0,《工作內容》 1. 負責韓國及其他國外供應商之日常聯繫、商務溝通與合作關係維護，並以韓文、英文處理書信往來及相關文件。 2. 維繫既有客戶關係，掌握客戶需求，提供產品資訊、報價及訂單服務，協助提升客戶滿意度與合作成效。 3. 負責訂單建立、進度追蹤及交期確認，協調國外供應商、採購、物流與倉儲等相關作業，確保貨品依期進貨。 4. 辦理進口報關作業，確認商業發票、裝箱單、提單及食品輸入相關文件之完整性與正確性，並配合海關及主管機關要求。 5. 追蹤進口貨品之運輸、到貨及驗收狀況，協助處理品質異常、短缺、損耗及客戶反映事項，並完成後續改善與追蹤。 6. 負責相關費用申請、單據整理及ERP系統資料登錄
13010015,國小輔材助理編輯,明霖文教出版股份有限公司,雙北,新北市,新北市中和區,文字/傳媒工作,文教/補教培訓,30000~35000 (period=0),月薪,30000,35000,0,0,傳統無AI,無,0,0,0,0,1.協助完成國小參考書產品製作（整稿、審稿、校稿等）  2.協助主管交辦事項。
13041572,國語週刊文字編輯(基礎版6-8歲),國語週刊雜誌社,雙北,新北市,新北市汐止區,文字/傳媒工作,其他服務/工商貿易,30000~40000 (period=2),月薪,30000,40000,0,0,傳統無AI,無,0,0,0,0,工作說明: 1.我們需要一位全職兒童刊物文字編輯。 2.對出版編輯工作有興趣，且做事細心負責。 3.文筆流暢、有創意、有耐心，願意接受修改、溝通協調、團隊合作。 4.可適應安靜的工作環境，需配合截稿期限完成工作。  職務內容： 1.撰稿、排版、校稿。 2.與插畫家聯絡、發圖。 3.語音筆發想內容。 4.語音筆點讀檢查。 
15397542,美語行政老師～急徵,雅典娜國際教育學院_康為美語文理短期補習班,雙北,新北市,新北市新莊區,文字/傳媒工作,文教/補教培訓,250~300 (period=2),時薪折算,40000,48000,0,0,傳統無AI,無,0,1,0,0,1. 指導一至六年級學生英文。  2. 輔導英文課程。  3. 看班英文班學生上課。  4. 下課後電聯家長。（不用每天，託班導傳Line也可以）  5. 協助節慶活動規劃，招生活動。  6. 期中考、期末考考前幫孩子們加強英文。  7.完成主任交代事項.  英文老師是一個相當重要且具有發展前景的職位，在當今全球化的時代，英語已成為基本溝通工具，透過這份工作，您可以幫助學生提升英語能力，讓他們在未來的求職和交流中具有更大的優勢。  歡迎有教學經驗與熱忱的您加入我們的團隊！請投遞履歷，勿打電話，謝謝配合。
14915153,媒體監測資料輸入作業人員,潤利艾克曼國際事業有限公司,雙北,新北市,新北市永和區,文字/傳媒工作,廣告行銷/公關顧問,30000~9999999 (period=0),月薪,30000,30000,0,0,傳統無AI,無,0,0,0,0,您是否對時事充滿熱情，並具備高度的文字敏銳度？ 我們正在尋找一位細心負責的夥伴加入我們的團隊！  工作內容: 觀看電視新聞，並依公司規範進行分類。 將新聞資訊精準快速地輸入資料庫。  我們需要您具備: 1.中打速度每分鐘 30 字以上，熟悉標點符號。 2.熟練操作 Word、Excel 等 Office 軟體。 3.具備良好的新聞理解及文字理解能力，平時有觀看電視及電視廣告的習慣。 4.打字正確率高。 5.細心、有耐心及對工作有熱忱。  上班時間: 日班：早上08:00至 晚間 17:00 (訓練期除外)   訓練期間: 平日 10:00 至 14:00 或 14:00 至 18:00 (可擇
14426071,Technical Writer 英文技術文件編輯,美商螳螂機器人科技股份有限公司台灣分公司,雙北,新北市,新北市汐止區,文字/傳媒工作,資訊科技/軟體網路,40000~9999999 (period=0),月薪,40000,40000,0,0,傳統無AI,無,0,1,0,0,We're seeking a technical writer with experience in Engineering. Your role will involve simplifying complex information for our clients.  Objectives ★Write user-friendly content. ★Create high-quality documentation. ★Understand products and services deeply. ★Maintain reference materials. ★Improve cur
15383340,中英隨行口譯人員(雲林/台中/彰化/嘉義/台南),台灣翻譯股份有限公司,雙北,新北市,新北市中和區,文字/傳媒工作,其他服務/工商貿易,2000~10000 (period=4),面議,,,1,0,傳統無AI,無,0,1,0,0,★《工作內容》 各類展場、商談，中英文隨行口譯。
14036281,文獻專員 (開山寮/師父思想),財團法人靈鷲山佛教基金會,雙北,新北市,新北市永和區,文字/傳媒工作,其他服務/工商貿易,35000~38000 (period=3),月薪,35000,38000,0,0,傳統無AI,無,0,0,0,0,1.心道法師思想整理 2.心道法師開示文稿整理 3.靈鷲山教團弘法活動整理 4.其他主管交辦事項
14058478,海外事務專員(韓文),億泰利多媒體股份有限公司,雙北,新北市,新北市中和區,文字/傳媒工作,廣告行銷/公關顧問,35000~40000 (period=0),月薪,35000,40000,0,0,傳統無AI,無,0,0,0,0,1.商務溝通、口譯與文件翻譯。 2.產品尋找與合作洽談。 3.產品評估與市場分析。 4.專案管理與成效追蹤。 5.其他主管交辦事項。  
15361964,國中藝術科企畫編輯★高額穩定薪獎福利制度★,康軒文教事業股份有限公司,雙北,新北市,新北市新店區,文字/傳媒工作,文教/補教培訓,40000~9999999 (period=0),月薪,40000,40000,0,0,傳統無AI,無,0,0,0,0,我們正在尋找熱愛教育、喜歡挑戰的你！本職務負責國中藝能學科教材的全方位經營。你將成為專家、教師與內部團隊的溝通橋樑，從傳統紙本到數位，一起打造最貼近一線教學的優質教材。  【主要工作內容】 1.教材資源企劃：規劃國中藝能科教科書、教師手冊與教具，掌控送審與出版時程。 2.教學媒體製作：企劃並開發教學資源（教學簡報、影音教材、互動軟體與線上題庫）。 3.市場意見分析：透過學校拜訪、座談與問卷蒐集教師反饋，並進行競品教材分析。 4.作者維繫溝通：聯繫與維護編寫教授、學科顧問及外部協作團隊之合作關係。
13452667,中文童書企畫編輯,國語週刊雜誌社,雙北,新北市,新北市汐止區,文字/傳媒工作,其他服務/工商貿易,33000~40000 (period=3),月薪,33000,40000,0,0,傳統無AI,無,0,0,0,0,職務內容：  • 負責圖書或刊物之企劃發想、主題設定與單元架構規劃。 • 撰寫、編修及整合稿件內容，確保符合分齡需求與產品定位。 • 進行注音校對、文字潤飾與版面內容審核。 • 與設計、插畫及相關部門協作，掌握編輯製作流程與進度。 • 參與產品提案與內容優化建議。  我們期待你具備  •  圖書編輯或刊物出版相關經驗，熟悉編輯流程，並能進行注音校對者佳。 •  富創意、有耐心，做事細心負責。
12901005,"(汐止區近東湖)LiveABC 互動美語績優合作校美語全職老師(薪43,000起)",KiKi家族連鎖教育機構_臺北市私立奇奇兒童課後照顧服務中心,雙北,新北市,新北市汐止區,文字/傳媒工作,文教/補教培訓,43000~9999999 (period=0),月薪,43000,43000,0,0,傳統無AI,無,0,0,0,0,KiKi家族非常重視教學品質，每週固定師資培訓，並有完整的美語教材，讓對於美語教學有熱忱的您，能在工作中不斷地充實自己。  主要工作內容 : 1. 負責國小美語教學 2. 需與外師搭配授課 3. 教學活動規劃與執行 4. 負責基本行政事務 5. 完成主管或公司交代事項  
15366510,FTV SPORTS民視體育攝影記者,民視_民間全民電視股份有限公司,雙北,新北市,新北市林口區,文字/傳媒工作,生技/醫療保健,33000~66000 (period=0),月薪,33000,66000,0,0,傳統無AI,無,0,0,0,0,1.國、內外電視暨網路新聞素材拍攝(主要使用SONY PXW-X200、SONY PXW-Z280、SONY PXW-X500三款ENG專業攝影機與多種先進網路用攝影器材)、剪輯(Avid Composer剪接系統)與新聞上網作業。 2.透過「多對一」正規拍攝、剪輯術科與學科扎實訓練，不僅能在電視新聞採訪獨當一面，也能快速斜槓養成網紅途徑。 3.「民視體育攝影記者」一職，除了每月薪資收入外，尚有手機資費補助、晨(夜)班津貼、年度員工紅利發放、年度同仁特殊貢獻獎獎金、年度考績(績效)獎金、中秋節、端午節與農曆春節等三節獎金與豐厚的年終獎金....等，無法一言道盡的非固定額外加給。當然，還有把關員
12439714,新北市新店區_文書製作人員,兆鼎檢驗股份有限公司,雙北,新北市,新北市新店區,文字/傳媒工作,其他服務/工商貿易,32000~9999999 (period=0),月薪,32000,32000,0,0,傳統無AI,無,0,0,0,0,【工作內容】 1、聯繫客戶及內部團隊，協助取得、確認工作所需之相關資料。 2、彙整相關資料，並依既定格式完成文書建檔與資料輸入。 3、進行文件校閱、確認及後續政府機關申報作業。 4、依工作需求至客戶端參與會議，擔任會議記錄及資料彙整角色；外出原則為單日往返。 5、其他主管交辦事項。  【調薪制度】 本公司設有調薪考核制度，將依年資、工作態度、工作表現及職務能力等面向進行綜合評估，作為薪資調整之依據。
14889148,越南翻譯,聖洋國際股份有限公司,雙北,新北市,新北市新莊區,文字/傳媒工作,其他服務/工商貿易,32000~35000 (period=0),月薪,32000,35000,0,0,傳統無AI,無,0,0,0,0,1.協助翻譯文件。 2.協助僱主與移工間之溝通。 3.協助僱主與移工辦理相關文件。 4.協助移工在臺生活與工作適應。 5.跑外務  本職位需要具備良好的中越文翻譯能力，能夠協助僱主與移工進行溝通，提供在臺灣的生活和工作支援。該職位在當前全球化環境下有著重要的發展前景。 歡迎符合資格的申請者投遞履歷，並表達對該職位的興趣和熱情。
13399458,兒童圖書企畫編輯 ★獲第60屆金鐘獎動畫節目大獎★,康軒文教事業股份有限公司,雙北,新北市,新北市新店區,文字/傳媒工作,文教/補教培訓,40000~9999999 (period=0),月薪,40000,40000,0,0,傳統無AI,無,0,0,0,0,如您具備童心與創意、抗壓性高、善與人溝通、喜歡寫作；願意嘗試新事物、愛挑戰、彈性高的你，歡迎加入我們的企畫團隊。  ★工作內容概述： 1.根據市場需求，發揮創意企畫、執行童書和教玩具的製作。 2.協助行銷，進行相關推廣活動。 3.執行相關行政工作。 4.參與工作專案。   ★加分條件： 1.具有童書企畫、雜誌編輯或相關工作經驗者尤佳。 2.具兒童教玩具設計經驗者佳。 
15186070,嬰幼兒中文編輯助理(無經驗可培訓),WeKIDS惠文領袖教育_新北市私立惠文兒童領袖幼兒園,雙北,新北市,新北市三重區,文字/傳媒工作,文教/補教培訓,30000~35000 (period=0),月薪,30000,35000,0,0,傳統無AI,無,0,0,0,0,編寫嬰幼兒中文課程設計與活動教案 參與嬰幼兒教玩具商品開發 有效規劃專案時程與交付品質管理  須具備溝通技巧與統整能力
13746078,方舟文化年度徵才  主編、資深編輯,遠足文化事業股份有限公司,雙北,新北市,新北市新店區,文字/傳媒工作,生技/醫療保健,40000~9999999 (period=0),月薪,40000,40000,0,0,傳統無AI,無,0,0,0,0,我們要找1~2位資深編輯或主編， 如果您對出版具備熱情、對紙本書特別有感情，並對這個工作有興趣， 建議先看看方舟文化的ＦＢhttps://www.facebook.com/arkplan2010/ 大約就能理解我們日常的工作內容。 來之前請先寫一封介紹自己的信， 讓我們認識妳/你， 約好時間後， 請你來聽聽方舟文化介紹自己。  ※工作條件： 1.喜歡健康養生、商業理財、人生哲學等類書籍愛閱讀、好奇心強。 2文案寫作力強、熱愛編輯工作、對出版有熱情，具自製書經驗者尤佳。 3.有新書企劃能力、喜歡動腦，編輯工作3年以上經驗。 4.有自製書獨立作業能力者，優先錄取。  ※福利制度 • 週休二日 • 
15403096,書籍編輯,楓書坊文化出版社,雙北,新北市,新北市板橋區,文字/傳媒工作,其他服務/工商貿易,35000~38000 (period=0),月薪,35000,38000,0,0,傳統無AI,無,0,1,0,0,1. 書籍編務執行 2. 聯繫作者、譯者、美編等溝通 3. 主管交辦事項 4. 需有良好中文寫作能力，具英、日、韓等外語閱讀能力尤佳
13565075,電視媒體資訊整理專員,潤利艾克曼國際事業有限公司,雙北,新北市,新北市永和區,文字/傳媒工作,文教/補教培訓,31000~9999999 (period=0),月薪,31000,31000,0,0,傳統無AI,無,0,0,0,0,【招募中】新聞資訊分類登錄人員 (早/中/晚班) 您是否對時事充滿熱情，並具備優異的文字敏銳度？我們正在尋找細心、負責且追求卓越的夥伴加入團隊，共同建構精準的新聞資料庫！   ▍工作內容  即時觀看： 追蹤各類電視新聞資訊。  精準分類： 依照公司規範進行新聞類別判定。  高效登錄： 將新聞關鍵資訊精準且快速地錄入資料庫。    ▍我們需要的技能（必備條件）  極速輸入： 中打速度達 75 字/分鐘以上（不需看鍵盤），且正確率極高。  軟體熟悉： 熟練操作 Office（Word、Excel）、符號輸入及電腦快捷鍵。  理解能力： 具備良好的時事敏感度與邏輯，能精確判讀新聞重點。  語言規範：
13704228,業務人員(越南籍),宏耀國際有限公司,雙北,新北市,新北市三重區,文字/傳媒工作,其他服務/工商貿易,33000~9999999 (period=2),月薪,33000,33000,0,0,傳統無AI,無,0,0,0,0,*精通中文及越南語言  1.服務顧客及外籍移工之雙語服務、生活照顧。 2.各式文件之簽收及送達雇主處。 3.從事譯文之校訂及修改。 4.外籍移工生病之接送帶看醫生。 5.開發潛在雇主客戶，了解其對外籍勞工的需求。 6.尋找符合雇主需求的合格外籍勞工。 7.根據雇主的需求和工作內容，篩選、匹配並推薦合適的外籍勞工。  8.定期探訪雇主及外籍勞工，提供生活與工作輔導。  9.處理外勞聘僱流程中的報價、文件申請及帳款回收等事務。 10.協助處理雇主與外籍勞工雙方的客訴案件，並給予必要的協助。 11.能夠與雇主和外籍勞工建立信任關係，並有效協調雙方需求。  12.處理雙方在互動過程中出現的問題。  1
15023171,編輯,財團法人台北市基督教校園福音團契附屬校園書房出版社,雙北,新北市,新北市新店區,文字/傳媒工作,其他服務/工商貿易,32000~38000 (period=0),月薪,32000,38000,0,0,傳統無AI,無,0,0,0,0,1.	負責圖書選題評估、企劃及出版執行。 2.	進行稿件審閱、編輯、校對及出版流程管理。 3.	與作者、譯者、審稿者及設計人員溝通協調。 4.	撰寫書籍文案、書介及相關宣傳文字。 5.	規劃出版進度並掌握專案時程。 6.	蒐集市場資訊及出版趨勢，提出出版企劃建議。 7.	協助新書宣傳及閱讀推廣活動。 8.	處理主管交辦事項及部門相關行政工作。
13623757,明白文化 - 圖書編輯,遠足文化事業股份有限公司,雙北,新北市,新北市新店區,文字/傳媒工作,資訊科技/軟體網路,32000~38000 (period=4),月薪,32000,38000,0,0,傳統無AI,無,0,1,0,0,"徵求對國際關係、人文史地議題有懷抱的你。  —需三年以上書籍出版業經驗   —1。有企畫國際關係、地緣政治、社會科學、人文史地書系的能力，具選書經驗者尤佳 —2。有開發作者的能力，能獨立完成自製書的編務工作 —3。具文字敏銳度及中文寫作能力，能仔細打磨負責的作品 —4。熟悉Office軟體（含Word、Excel、Powerpoint等）、Adobe軟體操作  具備外語能力可閱讀外文者優先錄取  ▍待遇 _ 編輯：NT$32,000 - $38,000 "
15269346,國中歷史科編輯  ★高額穩定薪獎福利制度★,康軒文教事業股份有限公司,雙北,新北市,新北市新店區,文字/傳媒工作,文教/補教培訓,40000~9999999 (period=2),月薪,40000,40000,0,0,傳統無AI,無,0,0,0,0,1.教材製作：參與國中「社會歷史領域」教科用書及周邊產品的設計與編輯，從課本到數位教材，讓知識更生動！ 2.教學現場調研：與教師面對面交流，傾聽第一線需求，將真實教學場景的回饋化為創新教材。 3.教材設計：與作者團隊協力，共同設計符合課綱與教學需求的教材，並確保內容的正確性。 4.編輯支援：協助處理相關行政作業，讓流程更順暢，品質到位。
1421133,心測中心-(會考)英語科研究員,國立臺灣師範大學_心理與教育測驗研究發展中心,雙北,新北市,新北市林口區,文字/傳媒工作,文教/補教培訓,41370~65408 (period=0),月薪,41370,65408,0,0,傳統無AI,無,0,1,0,0,國中英語科領域課程統整、評量工具（試題）設計 學科資料分析研究
13347492,進口國貿人員,太盛餐飲事業股份有限公司,雙北,新北市,新北市八里區,文字/傳媒工作,其他服務/工商貿易,38000~45000 (period=3),月薪,38000,45000,0,0,傳統無AI,無,0,1,1,0,(1) 協助開發國外廠商及現有廠商往來溝通聯繫、各項進口設備零件採購、核對國外相關文件。 (2) 與外國廠商英文對談溝通及英文書信郵件回覆。 (3) 協助確認進口設備/零件規格、訪價、處理詢價、報價、下單等事宜。 (4) 追蹤進口貨件交期及出貨進度 (5) 海空運出運安排/處理進口報關業務聯繫/物流運送/入倉事宜。 (6) 進口設備庫存/盤點管理及協助出貨業務。 (7) 協助進口設備零件索賠事項。 (8) 協助原文(英文)文件、說明書翻譯。 (9) 處理主管交辦事項。
14985534,【總公司缺額】越南翻譯人員,材霈有限公司,雙北,新北市,新北市新莊區,文字/傳媒工作,其他服務/工商貿易,33000~35000 (period=0),月薪,33000,35000,0,0,傳統無AI,無,0,0,0,0,1.專業溝通：雙語互譯，協助雇主與越南人才順利對接 2.生活支持：協助外國夥伴適應台灣生活、提供情緒支持 3.協調管理：負責雇主與人才間的工作安排與行政協調 4.文件處理：協助相關文件翻譯與行政流程申辦 5.需有機車/汽車駕照，會騎車開車 6.工作區域:北部及中部為主   本職位需要具備良好的中越文翻譯能力，能夠協助僱主與移工進行溝通，提供在臺灣的生活和工作支援。該職位在當前全球化環境下有著重要的發展前景。 歡迎符合資格的申請者投遞履歷，並表達對該職位的興趣和熱情。
13618560,【新聞部策展營運中心】聯合報數位版 網站資深編輯,聯合報股份有限公司,雙北,新北市,新北市汐止區,文字/傳媒工作,其他服務/工商貿易,40000~55000 (period=0),月薪,40000,55000,0,0,傳統無AI,無,0,0,0,0,工作內容如下： 1.具備新聞敏感度：具有文字撰寫、下標的能力 2.網站營運：能操作網站後台、網站文章更新 3.觀察數據能力：根據流量數據觀察提出內容優化建議 聯合報數位版網站 https://vip.udn.com/vip/index
8261394,貿易行政助理(日文)(新北市新店),恩旺貿易有限公司,雙北,新北市,新北市新店區,文字/傳媒工作,文教/補教培訓,35000~38000 (period=2),月薪,35000,38000,0,0,傳統無AI,無,0,1,1,0,1.日文檢定二級以上佳，無檢定證明日文能力佳亦可 2.新鮮人可 (歡迎國貿系/日文相關科系) 3.國貿相關知識公司可提供教育訓練 4.負責及協助與日本出口商聯繫及訂貨 5.培訓後視能力狀況，有機會偕同業務人員至日本拜訪供應商協助翻譯 6.每月全勤獎金1000；每季另有績效獎金
12357624,學術期刊/著作專任編輯,華藝數位股份有限公司,雙北,新北市,新北市永和區,文字/傳媒工作,資訊科技/軟體網路,34000~38000 (period=2),月薪,34000,38000,0,0,傳統無AI,無,0,0,0,0,1.	負責編輯出版相關工作，包含編校各類學術期刊/著作之內容與格式、單位溝通等。 2.	處理出版前後端作業，包含ISSN/ISBN申請、印務溝通、協助行銷相關事務等。 3.	執行部門任務與主管交辦之其他作業。  
13738445,印尼行政翻譯人員,印尼商客鵬達股份有限公司台灣分公司,雙北,新北市,新北市淡水區,文字/傳媒工作,其他服務/工商貿易,36000~9999999 (period=0),月薪,36000,36000,0,0,傳統無AI,無,0,0,0,0,1. 中文及印尼語雙向口筆譯 2. 協助印尼籍銲工庶務工作執行 3. 協助雇主/印尼籍勞工之間的溝通 4. 協助印尼籍銲工生活管理、心理輔導及雇主的工作協調 5. 緊急事件處理協調 6. 宿舍事務管理 7. 其他依主管交代事宜  ＊公司可協助辦理工作許可＊
14787083,文字編輯企劃（青少刊物）,國語週刊雜誌社,雙北,新北市,新北市汐止區,文字/傳媒工作,其他服務/工商貿易,32000~38000 (period=4),月薪,32000,38000,0,0,傳統無AI,無,0,0,0,0,1.青少期刊：專題發想、內容企劃、稿件撰寫與編輯作業。 2.青少年刊物，含課內及課外知識文章的企劃及編撰。 3.文字能力佳，可撰寫豐富生動的知識文，能獨立編輯稿件。 4.對版面畫面有想法，找圖、編版構圖有概念。 5.稿件校對檢查富耐心，做事細心負責。 6.掌控編務流程，符合公司出刊進度。 7.其他交辦事項。   
13637846,幼兒月刊企畫編輯,國語週刊雜誌社,雙北,新北市,新北市汐止區,文字/傳媒工作,其他服務/工商貿易,32000~40000 (period=2),月薪,32000,40000,0,0,傳統無AI,無,0,0,0,0,職務內容：企劃主題、撰稿、配圖、發設計、版面規劃溝通、校對等。 1. 有實際編輯或童書出版相關經驗者佳，能正確校對注音。 2. 能獨立規劃主題，與美編搭配完成內容。 3. 做事細心負責，文筆活潑流暢，有創意及耐心，能溝通協調。 4.對幼兒圖書需有基本認識。
14875965,徵求 日語逐步口譯/同步口譯人才,品捷翻譯有限公司,雙北,新北市,新北市新莊區,文字/傳媒工作,其他服務/工商貿易,1000~9999999 (period=4),時薪折算,160000,160000,0,0,傳統無AI,無,0,1,0,0,請備個人履歷、案件經歷、語言檢定、最高學歷等相關證明。 如符合需要，會行聯絡並納入本公司人才庫。  請注意本職缺不保證接案量。
15395364,印尼翻譯,全新易企業有限公司,雙北,新北市,新北市中和區,文字/傳媒工作,其他服務/工商貿易,35000~55000 (period=5),月薪,35000,55000,0,0,傳統無AI,無,0,0,0,0,協助客戶與女傭溝通事項 撰寫服務記錄表 面試交工（需要會開車獨立作業）
13387106,行政助理/專員,志旭科技有限公司,雙北,新北市,新北市汐止區,文字/傳媒工作,資訊科技/軟體網路,32000~45000 (period=3),月薪,32000,45000,0,0,傳統無AI,無,0,0,0,0,1.部門內行政文書工作。 2.樣品管控與專案進度追蹤。 3.報表彙整與問題分析。 4.其他主管交辦事項。
14396809,議員美編助理,新北市議員陳啟能服務處,雙北,新北市,新北市三重區,文字/傳媒工作,資訊科技/軟體網路,32000~9999999 (period=0),月薪,32000,32000,0,0,傳統無AI,無,0,0,0,0,職缺為新北市議員陳啟能服務處助理兼小編，徵求對政治工作有熱忱且美工能力有相關經驗基礎者，歡迎加入我們！  主要工作職責範圍： 一、執行辦公室庶務及總務。 二、組織發展與維繫，外代表出席各式活動。 三、選民陳情服務案件處理。 四、基本美工文宣製作、剪輯影片並經營議員網路社群(FB、IG、Line等)。  工作條件： 1.美工編排(PS、AI)。 2.影片攝影、剪輯、後製基礎。 3.社群軟體操作經驗。 4.熟悉基本應用軟體(office、excel、powerpoint)。 5.無宗教禁忌，可出席公祭、宮廟活動。 6.不怕與陌生人交談，活潑熱情喜歡與人互動。 7.抗壓性強，配合度高，有團隊精神。 
12601998,社群小編工讀生/實習生,世代傳媒股份有限公司,雙北,新北市,新北市新店區,文字/傳媒工作,資訊科技/軟體網路,196~196 (period=0),時薪折算,31360,31360,0,0,傳統無AI,無,0,0,0,0,▍我們想找的人是 >>>  1.具備基本新聞敏感度，關心國內外時事、政治，好奇世界正在發生的大小事 2.懂得操作社群 Facebook & Instagram，有操作meta經驗者尤佳 3.懂用Canva做圖(或者你會ps) 4.閱讀能力、文字編輯/撰寫文案能力、製圖審美能力須有一定水平，不能有閱讀障礙  ▍我們的工作內容是 >>>  1.發佈社群貼文，與網友互動，就新聞內容配上觀點立場相符的「小編版」文案，讓新聞更親民更可愛。簡單來說就是其他新聞台粉專小編都在做的事。 2.有時須做圖，給新聞照片上字  ★ 工作基本遠端，適合社恐人 ★ 只要你有能力，兼職/二度就業也歡迎!!   ▍需配合..
15023176,影像內容工程師,鴻海精密工業股份有限公司,雙北,新北市,新北市土城區,文字/傳媒工作,傳統製造/精密工業,面議,面議,,,1,0,傳統無AI,無,0,0,0,0,- 技術文件與說明內容撰寫 - 產品與系統照片拍攝與修圖 - 技術視覺素材整理（圖片、圖示）
12098553,教材編輯(國小-國語)-新北,翰林出版事業股份有限公司,雙北,新北市,新北市中和區,文字/傳媒工作,文教/補教培訓,32000~35000 (period=2),月薪,32000,35000,0,0,傳統無AI,無,0,0,0,0,-【工作項目】- 1. 國小教材及配套產品之編務工作。 2. 年度專案參與及執行。 3. 掌握作者和產品進度及教材品質。 4. 配合不定時校訪、教材諮詢會、教材說明會及相關任務支援。 5. 主管交辦事務。  -【加入我們，您可以】- 1. 發揮所學專長，增進編務能力。 2. 精進專案管理能力。 3. 增強與人溝通和說明技巧。 4. 在穩定的工作環境中得以安心就業。 5. 為國小語文教育盡一份心力。  -【關於國小語文領域】- 1. 訪調老師蒐集使用意見，分析並了解市場需求。 2. 同業產品的分析與研究。 3. 了解課程綱要內涵及精神，進行國小國語教材與配套產品的編務工作，並執行部分內容素材的規
15394224,醫療器材查驗登記,紋序企業有限公司,雙北,新北市,新北市新莊區,文字/傳媒工作,生技/醫療保健,50000~100000 (period=2),月薪,50000,100000,0,0,傳統無AI,無,0,0,0,0,於醫療器材製造業或販賣業，從事醫療器材製造或醫療器材查驗登記文件資料準備，程序管理及送件實務相關業務一年以上經歷。需提供工作資歷證明。 
13996781,經紀執行,有魚娛樂有限公司,雙北,新北市,新北市新店區,文字/傳媒工作,其他服務/工商貿易,29500~50000 (period=0),月薪,29500,50000,0,0,傳統無AI,無,0,0,0,0,1.執行主管交辦行政事宜 2.溝通與執行藝人與專家、活動現場執行 3.協助業務工作洽談
13735008,Furry向遊戲內容企劃,奧爾資訊多媒體股份有限公司,雙北,新北市,新北市板橋區,文字/傳媒工作,其他服務/工商貿易,33000~43000 (period=0),月薪,33000,43000,0,0,傳統無AI,無,0,0,0,0,你是否曾經想成為一名真正的遊戲冒險家？那麼加入奧爾，成為來自世界各地的夥伴們中的一員吧！我們相信遊戲的樂趣不應受限於語言或文化。因此，我們正在尋找充滿活力、熱情、創意和好奇心的夥伴加入我們的行列。如果你充滿想法和故事，這將是你展現創意的最佳舞台。如果你喜歡挑戰，在這會是展現實力的最佳場所。更重要的是，如果你樂於跟世界各地的遊戲同好交流，奧爾是你實現夢想的最佳選擇。  我們想找對遊戲產業極具熱情的玩家，因為此職位不單單只是個「Furry向-遊戲內容企劃」， 同時也會扮演玩家和開發者間的溝通橋梁。  **工作內容**  1. 進行原創遊戲的世界觀設定及角色設計 2. 協作撰寫遊戲劇本，與主筆作家緊
14875964,徵求 英語逐步口譯/同步口譯人才,品捷翻譯有限公司,雙北,新北市,新北市新莊區,文字/傳媒工作,其他服務/工商貿易,1000~9999999 (period=4),時薪折算,160000,160000,0,0,傳統無AI,無,0,1,0,0,請備個人履歷、案件經歷、語言檢定、最高學歷等相關證明。 如符合需要，會行聯絡並納入本公司人才庫。  請注意本職缺不保證接案量。
15151070,執行編輯(台北),育達文化事業股份有限公司,雙北,新北市,新北市三重區,文字/傳媒工作,其他服務/工商貿易,36000~40000 (period=0),月薪,36000,40000,0,0,傳統無AI,無,0,0,0,0,1.教科書內容編輯、審稿、潤稿等出版規劃。 2.週邊配套資源規劃與製作。 3.版本比較與教材分析。 4.關心時事趨勢或發展。 5.市場意見蒐集與數據分析。 
11672462,標籤包材平面設計工程師,群光電能科技股份有限公司,雙北,新北市,新北市三重區,文字/傳媒工作,傳統製造/精密工業,面議,面議,,,1,0,傳統無AI,無,0,1,0,0,1.負責標籤繪製/BOM製作/ECR/料號申請/樣品確認 2.精熟 CAD/Corel Draw/illustrator/Rendering軟體 3.商業設計系、工業設計系科系或具電子行業標籤，紙材與塑膠包裝設計與安規相關經驗為佳 4.個性活潑善於溝通，能配合加班，並具英文溝通能力者為佳
12922126,日文翻譯窗口,台灣翻譯股份有限公司,雙北,新北市,新北市中和區,文字/傳媒工作,其他服務/工商貿易,32000~42000 (period=0),月薪,32000,42000,0,0,傳統無AI,無,0,1,0,0,1. 接聽電話、EMAIL、LINE將書面文件資料傳達給台灣或日本及外國客人。 2. 翻譯、口譯。 3. 帳務資料輸入、整理、建檔、傳達以及追蹤。 
13275985,【非常木蘭】活動企劃,佳必琪國際股份有限公司,雙北,新北市,新北市中和區,文字/傳媒工作,傳統製造/精密工業,面議,面議,,,1,0,傳統無AI,無,0,1,0,0,工作概述 用內容傳遞女性力量，用行動讓好的改變發生。 非常木蘭長期關注女性、社會創新、永續與地方發展，透過人物故事、內容策展與實際行動，支持女性展現創造力、發揮影響力。 我們正在尋找一位具企劃能力、對人與社會議題保持好奇的夥伴，把想法轉化成活動、內容與品牌行動。  工作內容 ▸ 企劃發想與執行：關注女性、藝文、永續、地方創生等議題，進行資料蒐集與企劃發想 ▸ 活動企劃：規劃及執行講座、課程、工作坊、交流活動、女性創業支持計畫等品牌活動 ▸ 專案管理：負責時程安排、合作夥伴聯繫、宣傳及現場執行 ▸ 品牌與社群：規劃活動文案、宣傳素材與社群內容，協助推廣品牌並經營社群關係 ▸ 合作與成效：執行異業
12085113,網路影音編輯,民視_民間全民電視股份有限公司,雙北,新北市,新北市林口區,文字/傳媒工作,資訊科技/軟體網路,30000~50000 (period=2),月薪,30000,50000,0,0,傳統無AI,無,0,0,0,0,工作內容 －挖掘有話題網路影片取得授權 －具備下標及撰寫影音新聞文字能力 －對網路創作影片有熱忱 －需熟悉非線性軟體Edius   人才特質 －具備網搜能力、喜愛吸收新奇資訊 －執行力強、抗壓性強、自律性高 －溝通能力佳、能獨立作業、細心負責、思維邏輯清楚 －主動積極、應變能力高、有幽默感  公司福利 －勞健保、退休金提撥 －三節獎金、生日禮金、年終獎金 －績效獎金
14526428,越南移工班長,勝岳營造有限公司,雙北,新北市,新北市淡水區,文字/傳媒工作,其他服務/工商貿易,面議,面議,,,1,0,傳統無AI,無,0,0,0,0,1.負責協助主管控制工程進度與施工品質 2.現場帶領、教導及監督公司專案移工(越南籍) 3.負責移工疑難雜症 4.管控現場施工進度、勞工安全、施工品質、施工效率及工機具保管 5.提供宿舍 6.現場實際施作 7.製作自主檢查表及拍攝自主照片 8.瞭解圖說施作內容，並核對現場施作內容  本職位是公司發展的重要環節，未來在營造業有著良好的發展前景。作為一名營造工程師，您將有機會參與各種不同類型的工程項目，挑戰自我並取得豐富的經驗。 歡迎有志從事營造業之新血加入，如果您符合以上的職位要求，請立即申請並表達您對該職位的興趣！
11725047,【內容營運部社群組】YouTube影音剪輯工讀生(IG.Tiktok.FB),聯合線上股份有限公司,雙北,新北市,新北市汐止區,文字/傳媒工作,資訊科技/軟體網路,196~196 (period=0),時薪折算,31360,31360,0,0,傳統無AI,無,0,0,0,0,1.影音素材剪輯/上字。 2.趣味短影音製作。 3.新聞影片速剪。 (需有基礎剪輯觀念，對網路話題有敏銳度者佳，到職後會教學) 其他：來信請附簡歷、擅長什麼剪輯軟體、附相關作品佳。  ●社群影音參考： https://www.youtube.com/playlist?list=PL_P8_T8v8mrox-BxXfWKGeT5tTUAM8XwJ  ●作品會上架在udn.come聯合新聞網YT、IG、Tiktok、FB，想挑戰百萬流量，提前洞悉媒體市場，快來投履歷吧！  
15336287,【 霹靂電視台行政專員 】 ★ 台北到汐科15分鐘 ★ 台灣上櫃最大IP ★,霹靂國際多媒體股份有限公司,雙北,新北市,新北市汐止區,文字/傳媒工作,廣告行銷/公關顧問,32000~36000 (period=0),月薪,32000,36000,0,0,傳統無AI,無,0,0,0,0,1. 製作電視台節目播出表。 2. NCC（國家通訊傳播委員會）相關資料之彙整、申報及行政作業。 3. 外購影片之送審作業，包含資料準備、文件彙整及進度追蹤。 4. 協助電視台日常行政及節目播出相關作業，並配合主管交辦事項。
15222994,日文翻譯,巧舜企業有限公司,雙北,新北市,新北市土城區,文字/傳媒工作,其他服務/工商貿易,面議,面議,,,1,0,傳統無AI,無,0,1,0,0,1.日文相關文件處理以及翻譯、書信往來等。 2.日文能力中等以上尤佳。 需有日文檢定n2以上能力。
13877778,【美妝保養內容網站】文字編輯,瓦特塔波國際有限公司,雙北,新北市,新北市五股區,文字/傳媒工作,電子商務/數位零售,35000~38000 (period=0),月薪,35000,38000,0,0,傳統無AI,無,0,0,0,0,我們主要銷售與女性相關，如美妝保養品、香氛產品、各類風格衣飾 因此我們建立一個「知識內容」結合「商品購物」的女性向網站。 需要網站編輯撰寫上述類別文章，期待能借助您的創意與經驗、發揮長才，為公司創造更多的可能性、為雙方帶來助益。  【具備條件】  1. 喜愛美妝保養、時尚精品 2. 具備長文撰寫能力、精準下標能力，對文字有高度敏銳度及文筆流暢，表達能力佳。 3. 對新聞時事議題、社群網路熱門話題具敏銳度，邏輯清晰 4. 主動積極，熱情有創意，細心負責，具團隊合作精神 5. 執行主管交辦相關部門事務 6. 與美編溝通編排體例  【提供資料】  1. 文字相關作品集 2. 若有投稿其他媒體經刊登者
13515486,編劇/文字工作者,如果兒童劇團,雙北,新北市,新北市新店區,文字/傳媒工作,其他服務/工商貿易,1800~10000 (period=0),時薪折算,288000,288000,0,0,傳統無AI,無,0,0,0,0,尋找編劇/文字工作者  有編劇經驗最好 以親子觀眾能接受的內容為原則 按件計酬 每次以專案方式接洽
15389758,【經濟日報新聞部】攝影記者（影音剪輯）,聯合報股份有限公司,雙北,新北市,新北市汐止區,文字/傳媒工作,其他服務/工商貿易,35000~45000 (period=3),月薪,35000,45000,0,0,傳統無AI,無,0,0,0,0,1.執行訪談影音、Podcast 等拍攝，熟悉攝影器材及基本燈光操作。 2.使用 Adobe Premiere、Photoshop 獨立完成影片剪輯與後製；若熟悉剪映(手機)、Illustrator、After Effects、搭配AI幫手更加分。 3.具備良好的剪輯節奏、美感及字幕設計能力，能將知識型內容轉化為清楚、好懂且具吸引力的短影音及長影片（約 8–10 分鐘）。 4.協助影片上架 YouTube 等平台。 5.配合論壇、講座等活動影音拍攝及其他交辦事項。 6.該職務，會依實際求職者之相關工作經歷議定薪資。
8467563,印尼雙語人員,盛翔國際開發有限公司,雙北,新北市,新北市板橋區,文字/傳媒工作,其他服務/工商貿易,37500~45000 (period=0),月薪,37500,45000,0,0,傳統無AI,無,0,0,0,0,1.月領37500到45000元。價錢可談依工作經驗核薪 2.精通中文及印尼語言。 3.協助雇主/外勞之間的溝通。 4.協助外籍勞工生活管理、心理輔導及雇主的工作協調。 5.協助雇主/外勞辦理相關文件及翻譯。 6.主管交辦事項。 7書寫客戶服務表 8聯絡國外   盛翔人力完善制度/法律保障勞健保及勞退提撥6%］  1全勤1500 2三節獎金/禮盒  2.生日禮券/禮金  3.不定期公司/部門聚餐  4 外勤油資補助  5.婚喪喜慶補助  6.週休二日 7在職一年年終獎金1個月 中秋節獎金0.3到0.5、 
7911444,【內容營運部新聞組】網路編輯,聯合線上股份有限公司,雙北,新北市,新北市汐止區,文字/傳媒工作,資訊科技/軟體網路,32000~40000 (period=0),月薪,32000,40000,0,0,傳統無AI,無,0,0,0,0,歡迎各科系畢業生和有媒體經驗者加入《聯合新聞網》！這裡有完整的經營媒體訓練，讓你從新聞素養、專題企劃、平台工具、數據觀察等技能都突飛猛進，並提供多元的舞台盡情發揮。   1.喜好關注各種新聞時事動態、網路、社群，正經事和廢文都愛看。 2.能寫稿，每個月都有達標績效獎金。 3.能企劃內容專題、或專精某領域更加分。 4.該職務，會依實際求職者之相關工作經歷議定薪資。   上班時段：早班、午班、夜班各缺一人，早班07:30~16:00、午班14:00～22:30、夜班22:30～07:00，需假日值班，各班別不互輪。 交通便捷，台鐵及多路線公車可達，公司備有免費汽、機車停車位。
11090078,餐飲雜誌編輯,美食映象整合行銷顧問股份有限公司,雙北,新北市,新北市新莊區,文字/傳媒工作,廣告行銷/公關顧問,50000~50000 (period=0),月薪,50000,50000,0,0,傳統無AI,無,0,0,0,0,「餐飲學院雜誌」季刊美術編輯排版  1.對圖文有基本的敏銳度 2.企劃寫作能力與刊物主題建議 3.針對企劃之文案做採訪、統籌資料的能力，有編輯架構的邏輯能力 4.有主編雜誌與美編雜誌相關的工作經驗 5.領導團隊完成刊物製作、美編協作完成視覺設計、與製管部門協作完成印製、與業務團隊協作對客戶溝通、協同企劃進行書籍行銷宣傳包裝
10731044,遊戲韓文翻譯（현지화）,樂意傳播股份有限公司,雙北,新北市,新北市新店區,文字/傳媒工作,廣告行銷/公關顧問,35000~45000 (period=3),月薪,35000,45000,0,0,傳統無AI,無,0,0,0,0,• 遊戲相關文件翻譯：包含遊戲文本、宣傳素材(影片字幕、Banner文字、網頁蓋台)、公告等 • 控管翻譯品質：透過實機測試、內部討論，維持翻譯文字品質 • 檔案校對及管理：校對翻譯內容，彙整對照表、修正事項及持續更新各類檔案 • Bug回報與修正  *此職務未開放遠端辦公，須配合進公司處理業務
13988414,包案台語(客語)繪本編譯,韋伯文化國際出版有限公司,雙北,新北市,新北市永和區,文字/傳媒工作,文教/補教培訓,3000~5000 (period=0),面議,,,1,0,傳統無AI,無,0,0,0,0,1.針對本社已翻譯好的繪本改編譯成台語或客語（每本字數約1000至2000字）。應徵者須通過教育部閩南話或客語檢定。 2.本社已出版四本台語繪本，還有二本客語繪本準備上市。本社希望多一些人才，拚明年能有二十本以上母語繪本的出版量，期望結合一些志同道合人士，共同為延續母語生命和推廣母語教育貢獻心力。 3.此為包案性質，應徵者有作品者請附上，應徵者須來出版社現場或遠端線上訓練二天，取得出版社信賴，才可以接案，訓練期間皆有報酬。 4.總編對母語繪本編譯品質要求嚴格，應徵者日後每本須配合撰寫3至6頁母語補充資料（例如台語小遊戲、台語小教室等等）。 5.請至博客來觀看本社已經出版的書籍：https://
12914453,韓國商品 [電商管理人員] 專員,崔普雷國際貿易有限公司,雙北,新北市,新北市三重區,文字/傳媒工作,電子商務/數位零售,35000~43000 (period=0),月薪,35000,43000,0,0,傳統無AI,無,0,0,0,0,"【工作內容】 1.韓文>中文標籤製作列印/翻譯 2.商品資料整理、電商平台上架與基本維護（蝦皮 / momo / 官網等） 3.商品出貨協助、訂單處理 4.商品圖片簡易編修（尺寸調整、去背、排版） 需會使用Photoshop 5.韓文商品資料簡單理解與整理（不需精通、韓文略懂可) 6.需協助每月海運進貨分貨 中文標籤製作 貼印(非主要工作內容、有同事一起進行) 7.主管交付事項  >> 工作內容以「電商營運＋基礎行政」為主 >> 不會讓單一人長期負擔所有流程  『薪資待遇』 月薪 35,000～43,000元（依能力調整） >>有經驗者薪資可談 >> 試用期後視表現調整  『我們希望你具備』 "
5955139,越南翻譯老師(台北公司),力通國際開發股份有限公司,雙北,新北市,新北市林口區,文字/傳媒工作,其他服務/工商貿易,35000~40000 (period=0),月薪,35000,40000,0,0,傳統無AI,無,0,0,0,0,1.協助雇主/移工之間的溝通 2.協助雇主/移工辦理相關文件 3.協助移工在台生活/工作適應 4.負責翻譯文件
13702839,Communication Writer(歡迎僑生),安恩嘉股份有限公司,雙北,新北市,新北市三重區,文字/傳媒工作,傳統製造/精密工業,面議,面議,,,1,0,傳統無AI,無,0,0,0,0,"1. Provide or edit copy for user-facing technical and product material and documentation 2. English copy writing for marketing communications including but not limited to, solution white paper, user manual, e-DM, website content, videos, press, social media posts, app store descriptions 3.Multi-lang"
15381334,越南翻譯,一統人力管理顧問有限公司,雙北,新北市,新北市中和區,文字/傳媒工作,其他服務/工商貿易,32000~33000 (period=0),月薪,32000,33000,0,0,傳統無AI,無,0,0,0,0,1.進行直接的口述翻譯、中越文流利 2.傾聽並能迅速回覆顧客問題解決客戶疑問 3.承諾顧客之事項後續處理，相關需求表單填寫等 4.進行與外勞溝通協調 5.備汽照，須獨立作業
14652792,中韓隨行口譯人員（臺南／高雄）,台灣翻譯股份有限公司,雙北,新北市,新北市中和區,文字/傳媒工作,其他服務/工商貿易,1500~10000 (period=2),時薪折算,240000,240000,0,0,傳統無AI,無,0,0,0,0,★《工作內容》 韓國公家單位來臺參訪，協助現場翻譯。 ★《工作時間》 2025/06/25~26（預估 1 天 8 小時）。
14550502,英文專員【近捷運站】,景傳光電股份有限公司,雙北,新北市,新北市新店區,文字/傳媒工作,傳統製造/精密工業,面議,面議,,,1,0,傳統無AI,無,0,1,0,0,●你個性外向，擅長與人相處及溝通嗎？  -----歡迎加入景傳，與景傳一同成長，成為全方位業務人才！-----  【工作內容】 1. 與國外客戶進行溝通(含即時口譯及文書翻譯、英中/中英、Email等通訊軟體) 2. 協助團隊處理國外客戶的需求 3. RMA相關文件處理 4. 定期與客戶會議開發項目討論  ※本職缺共分為2次面試，第一階段合適者，將安排進行第二次面試，由主管進行綜合評估  【經歷與專長要求】 1. 需會開車 2. 可以配合主管(國內/國外)出差 3. 英文: 聽說讀寫(優等) 4. TOEIC(860)/ Linguaskill/BEC/相關認證優先 5. 學歷:大學以上(有出
7331612,國際新聞編譯 (英譯中),民視_民間全民電視股份有限公司,雙北,新北市,新北市林口區,文字/傳媒工作,其他服務/工商貿易,31999~55000 (period=0),月薪,31999,55000,0,0,傳統無AI,無,0,0,0,0,覺得媒體不報國際新聞? 想和同儕研究國際情勢卻找不到夥伴? 這裡很適合你!!!  工作內容: 聽譯或筆譯CNN等外電，撰寫成中文新聞稿並負責配音，需要中文咬字清晰。 製作SOT 範例為以下新聞。也有機會站在鏡頭前，成為特報記者!  美最高法院挺出生公民權　川普諷：恭喜習近平－民視新聞 https://www.youtube.com/watch?v=3IUBcT-ojO0  日本掀QQ熱潮！ 從甜點到麵食都要Q 連美國人也愛上－民視新聞 https://www.youtube.com/watch?v=TPCqzUd7sCE   加分優勢:具英譯中以外第二、第三種語言能力尤佳。   	
14426698,英文科(國小中/高中)數位教材編輯,學習王科技股份有限公司,雙北,新北市,新北市板橋區,文字/傳媒工作,文教/補教培訓,35000~9999999 (period=0),月薪,35000,35000,0,0,傳統無AI,無,0,1,0,0,1.規劃國小、國中、高中教材教案與課程架構。 2.編輯、整理及校對數位教材內容。 3.協助課程內容檢核，確保教材品質與正確性。 4.蒐集、整理及建置題庫資料。 5.製作及排版教材講義、學習單等教學文件。 6.協助影音教材串片、上架及教材建置。 7.與講師、教學企劃及設計團隊協作完成教材製作。 8.持續優化教材內容與學習體驗。 9. 限英語科本科專業畢業。 10. 單位主管其他交辦事項。  希望具備能力 必備條件 •熟悉國小/國中/高中英語學科。 •具教材整理、資料彙整能力。 •細心負責，具良好文字校對能力。 •具團隊合作與溝通能力。 加分條件 •曾任教師、補教老師、出版社編輯。 •具教案設計或
9428332,【內容營運部新聞組】工讀生,聯合線上股份有限公司,雙北,新北市,新北市汐止區,文字/傳媒工作,資訊科技/軟體網路,196~196 (period=0),時薪折算,31360,31360,0,0,傳統無AI,無,0,0,0,0,工作內容   1.關注時事動態，愛逛各種社群網站。 2.能寫稿，文筆流暢、細心。 3.歡迎新聞或大傳相關科系同學加入，提早接觸新聞媒體環境。   你將學習到   1.新聞稿寫作能力突飛猛進。 2.關鍵字、SEO等網路優化概念。 3.網路與紙媒的數位匯流現場觀察。 
14815220,英文業務助理 (固定周休二日/不需加班),經緯電磁閥股份有限公司,雙北,新北市,新北市汐止區,文字/傳媒工作,其他服務/工商貿易,43500~9999999 (period=0),月薪,43500,43500,0,0,傳統無AI,無,0,1,0,0,<1> 協助處理國外客戶訂單，包括接單、輸入、追蹤與回覆進度。  <2> 與國外客戶以英文進行書信，回覆產品料號、規格、數量等相關問題。  <3> 支援業務部門，整理報價單、出貨文件及其他相關資料。  <4> 協助跨部門協調（例如：生產、倉庫、品保），確保訂單正確交付。  <5> 定期彙整並回報業務相關資料。  <6> 上班時段 08:00 AM ~ 16:40 PM
14875967,徵求 韓語逐步口譯/同步口譯人才,品捷翻譯有限公司,雙北,新北市,新北市新莊區,文字/傳媒工作,其他服務/工商貿易,1000~9999999 (period=4),時薪折算,160000,160000,0,0,傳統無AI,無,0,0,0,0,請備個人履歷、案件經歷、語言檢定、最高學歷等相關證明。 如符合需要，會行聯絡並納入本公司人才庫。  請注意本職缺不保證接案量。
11561382,日本線業務助理,町洋企業股份有限公司,雙北,新北市,新北市五股區,文字/傳媒工作,其他服務/工商貿易,35000~45000 (period=2),月薪,35000,45000,0,0,傳統無AI,無,0,0,0,0,1.回應客戶問題、詢價與報價後續聯繫追蹤 2.協助處理銷售業務相關之行政作業 3.主管交辦事項
10248516,國中科技責任編輯(台北),育達文化事業股份有限公司,雙北,新北市,新北市新莊區,文字/傳媒工作,資訊科技/軟體網路,36000~40000 (period=0),月薪,36000,40000,0,0,傳統無AI,無,0,0,0,0,1.國中科技教科書內容編輯、審稿、潤稿等出版規劃。 2.週邊配套資源規劃與製作。 3.版本比較與教材分析。 4.關心生活科技與資訊科技的趨勢或發展。 5.教具或桌遊類輔助學具研發與製作。 6.市場意見蒐集與數據分析。 7.熟悉十二年國教精神科技領域綱要尤佳。
15228295,國中健康與體育責任編輯(台北),育達文化事業股份有限公司,雙北,新北市,新北市新莊區,文字/傳媒工作,生技/醫療保健,36000~40000 (period=0),月薪,36000,40000,0,0,傳統無AI,無,0,0,0,0,1.國中健康與體育教科書內容編輯、審稿、潤稿等出版規劃。 2.週邊配套資源規劃與製作。 3.版本比較與教材分析。 4.關心健康以及體育相關議題、時事的趨勢或發展。 5.教具或桌遊類輔助學具研發與製作。 6.市場意見蒐集與數據分析。 7.熟悉十二年國教精神與健康與體育領域綱要尤佳。
13585440,NB技術客戶管理師,微星科技股份有限公司,雙北,新北市,新北市中和區,文字/傳媒工作,傳統製造/精密工業,面議,面議,,,1,0,傳統無AI,無,0,0,0,0,1.為指定區域分公司及客戶聯繫處理筆記型電腦產品技術及品質問題，聆聽顧客需求、聚焦顧客問題點，與客戶建立長期關係。 2.複製反饋問題，與內部研發人員討論解決方案，驗證對策有效性，再與海外客戶溝通協調解決問題。 3.以客戶為中心，針對機會點即時反饋、跨團隊溝通協調，確保客戶獲得良好的產品/服務體驗。 4.根據收集的應用經驗建立培訓材料、定期舉辦產品應用相關主題教學、維護教學文件及影片等內部知識庫。  
4733004,兼職日語教師,東門日語_東門語文短期補習班,雙北,新北市,新北市板橋區,文字/傳媒工作,文教/補教培訓,450~550 (period=2),時薪折算,72000,88000,0,0,傳統無AI,無,0,1,0,0,兼職日語教師  需有教學經驗者或有補習班教學經驗 ((教材使用)):大家的日本語 ((上課時間)):以平日週一至週日下午1:00~晚上10:00，及週六/日上午9:30~下午5:00 歡迎平日晚上或週六日可授課之老師  另面試時會要求試教，請自行準備大家的日本語第七課 (可敎授日檢或中級以上者待優)  PS:台灣籍老師如無留日經驗，需日文相關科系畢業。 如有留日經驗者，不限科系  (我們是快樂的日文補習班，以精緻化超5~10人小班教學為主，課程安排為一中籍一日籍老師互上課程，台灣籍老師以文法解說為主，日籍老師加強聽說，讓每位學員都能達到聽說讀寫樣樣精通)
15368948,國際事務及法務組 組長,中華民國足球協會,雙北,新北市,新北市新莊區,文字/傳媒工作,其他服務/工商貿易,面議,面議,,,1,0,傳統無AI,無,0,1,0,0,本會正在尋找一位具備國際視野與法律行政實務經驗的部門主管。本職位主要負責統籌本會與 國際足總（FIFA）、亞洲足聯（AFC） 之日常國際事務聯繫，並帶領部門同仁協助落實商務合約審查、核心規章修訂之行政庶務把關。您將扮演跨部門與涉外溝通的專業橋樑，透過細緻的法遵評估與團隊管理，協助整體團隊依法執行各項基礎會務，提供健全的行政支援後盾。  一、處理本會與國際足總（FIFA）、亞洲足聯（AFC）及各國足球組織之日常官方渠道聯繫、溝通與涉外事務協調。 二、協助規劃參加國際會議之計劃與預算申報；負責國際會議之即時口譯，以及國際外文函件、跨國規章制度之英譯中核心編譯作業。 三、統籌國際官員來華訪問之邀請、
14421323,版權管理師,木棉花國際股份有限公司,雙北,新北市,新北市新莊區,文字/傳媒工作,其他服務/工商貿易,38000~50000 (period=3),月薪,38000,50000,0,0,傳統無AI,無,0,1,0,0,1.依據負責的作品以及日本版權方要求，給予業務部門合作內容建議，以利後續協助影像平台/電視台申請提案。 2.對於業務部門以及其他內部單位申請不同IP的產品/活動展覽提案，確認在日本版權方授權範圍內，並給予產品/活動主題/合作條件等的建議。 3.協助客戶及其他內部單位的書面提案完成產品監修過程，包含設計稿送審、產品小樣送審、量產後大貨樣確認、及提供版權方指定之資料等。 4.報表/報告彙整，包含負責作品在指定電視台的收視率/點擊率、作品排行分析、日本版權要求資料等。 5.依個人專業與成熟度，有機會進行對日本版權方提出作品提案規劃、議價，取得代理權，並審視英文/日文合約。 6.參與國內外展覽，協助銷
14136691,美語行政老師～急徵,雅典娜國際教育學院_康為美語文理短期補習班,雙北,新北市,新北市新莊區,文字/傳媒工作,文教/補教培訓,38000~43000 (period=0),月薪,38000,43000,0,0,傳統無AI,無,0,1,0,0,1. 指導一至六年級學生英文。  2. 輔導英文課程。  3. 看班英文班學生上課。  4. 下課後電聯家長。（不用每天，託班導傳Line也可以）  5. 協助節慶活動規劃，招生活動。  6. 期中考、期末考考前幫孩子們加強英文。  7.完成主任交代事項.  英文老師是一個相當重要且具有發展前景的職位，在當今全球化的時代，英語已成為基本溝通工具，透過這份工作，您可以幫助學生提升英語能力，讓他們在未來的求職和交流中具有更大的優勢。  歡迎有教學經驗與熱忱的您加入我們的團隊！請投遞履歷，勿打電話，謝謝配合。
15333420,印尼翻譯人員,華翎人力仲介有限公司,雙北,新北市,新北市新莊區,文字/傳媒工作,其他服務/工商貿易,36000~40000 (period=2),月薪,36000,40000,0,0,傳統無AI,無,0,0,0,0,協助管理移工在台灣工作所有溝通協助事宜！
13502451,英文專員 (遊戲/電玩/翻譯)【歡迎應屆畢業生】,歐那尼股份有限公司,雙北,新北市,新北市板橋區,文字/傳媒工作,資訊科技/軟體網路,30000~34000 (period=0),月薪,30000,34000,0,0,傳統無AI,無,0,1,0,0,【基本條件】 ◎對ACG有一定程度的認知與喜愛。 ◎不排斥成人作品的內容。 ◎流暢的英文與中文表達能力。 ◎多益 800分以上或與其同程度之其他英文證照檢定。  【工作內容】 ◎ 英文、中文的文本翻譯工作 (基本以中翻英為主)。 ◎ 遊戲文本的潤飾校對。 ◎ 與廠商的溝通信件往來。 ◎ 完成公司/主管其他交辦事項。  【加分項目】 ◎擁有母語級的英文文書、表達能力。 ◎擁有翻譯ACG相關作品的經驗。 ◎喜愛並擅長、精通成人ACG內容的老司機。 ◎對同人遊戲作品、商業遊戲作品等H GAME的造詣深 。 ◎對RPG製作大師編輯器有一定程度的理解與操作。 ◎日文檢定二級以上。 ◎檢附英文自傳佳。
14875975,徵求 英日韓越印泰菲德西法語等電話線上口譯人員,品捷翻譯有限公司,雙北,新北市,新北市新莊區,文字/傳媒工作,資訊科技/軟體網路,250~9999999 (period=4),時薪折算,40000,40000,0,0,傳統無AI,無,0,1,0,0,請備個人履歷、案件經歷、語言檢定、最高學歷等相關證明。 如符合需要，會行聯絡並納入本公司人才庫。  電話線上口譯人員需外語與中文均精通，意者歡迎投遞履歷。 各語系口譯人員都需要，此職缺非屬專業性領域。 本公司徵才僅透過公司電子郵件及104或1111，不會透過其他的社交軟體。  請注意本職缺不保證接案量。
6011951,中文科編輯(北區),南一書局企業股份有限公司(總公司),雙北,新北市,新北市板橋區,文字/傳媒工作,其他服務/工商貿易,32000~50000 (period=0),月薪,32000,50000,0,0,傳統無AI,無,0,0,0,0,國中教科書與延伸學習教材之出版規劃與審稿校稿。
15224143,【招募職缺】數位策展與內容企劃 (人文與歷史領域),環耀實境有限公司,雙北,新北市,新北市新店區,文字/傳媒工作,文教/補教培訓,38000~45000 (period=3),月薪,38000,45000,0,0,傳統無AI,無,0,0,0,0,●關於我們與這份工作的意義  線上博物館製作是環耀實境最核心的產品，我們最著重的就是作品的溫度與教育的意義。 過去十年，我們致力於將台灣珍貴的實體展覽與文物，轉化為無遠弗屆的線上沉浸體驗。在這裡，你將有機會直接接觸台灣最重要的文化內容——無論是國家檔案館的珍貴史料、故宮的典藏，或是台史博、史博館與各大國立館舍的文化軌跡。  這是一份獨特且具備挑戰性的工作： 你不是在傳統博物館內工作，而是在一個充滿活力的數位科技團隊裡，運用前沿技術來轉譯歷史。  我們尋找的是一位擁有深厚人文底蘊、能擔任「策展人最強後盾」的內容企劃。你需要走進龐雜的文獻與檔案中，替策展團隊爬梳史料、提煉觀點，並將這些沉重的歷史記
14270254,英文翻譯老師 / 儲備幹部 (台北公司),力通國際開發股份有限公司,雙北,新北市,新北市林口區,文字/傳媒工作,文教/補教培訓,38000~42000 (period=0),月薪,38000,42000,0,0,傳統無AI,無,0,1,0,0,協助客戶及移工服務，是移工在台的老師： 1.翻譯文件。 2.雇主/移工間之英語溝通。 3.協助雇主/移工辦理相關文件。 4.輔導及協助移工適應台灣的生活與工作。 5.依客戶需求安排翻譯老師服務行程及協助解決客戶問題。  此職位為儲備幹部，有很大的發展前景。工作內容具有挑戰性，需具備良好的溝通協調能力及解決問題的能力。公司會提供完善的培訓計畫，幫助您熟悉產業環境，培養專業技能。若您渴望成長並願意接受挑戰，歡迎加入我們的團隊！
14916278,印刷技術專員 Print Production Technician,不止印刷股份有限公司,雙北,新北市,新北市中和區,文字/傳媒工作,傳統製造/精密工業,33000~40000 (period=0),月薪,33000,40000,0,0,傳統無AI,無,0,0,0,0,◉ 你將負責的工作內容  / 印前處理 /  ・接收並處理來自內部業務部門或外部代工客戶的設計圖檔 ・依據工單內容準確建置印刷輸出資料，包含尺寸、位置、印刷數量等，確保符合訂單需求 ・使用 Illustrator / Photoshop 進行圖檔展開、縮邊、轉檔、簡易編修與排版配置 ・檢查輸出檔品質與設定，確保印刷過程穩定順利  / 印刷製程 /  ・操作 DTF 熱轉印輸出機台，負責日常輸出作業與設備基本維護 ・負責 DTF 輸出印料裁切與分裝作業 ・依需求操作熱轉印機台，進行定位與印製  / 生產支援作業 /  ・進行成品檢查、分類、包裝與簡單標示 ・協助整體製程流暢進行，並與內部同仁配合
14687506,(新店安坑)中師兼職美語老師 (550/hr，需有帶班經驗),KiKi家族連鎖教育機構_臺北市私立奇奇兒童課後照顧服務中心,雙北,新北市,新北市新店區,文字/傳媒工作,文教/補教培訓,550~650 (period=2),時薪折算,88000,104000,0,0,傳統無AI,無,0,1,0,0,帶班時段：  KiKi非常重視教學品質，每週固定師資培訓，並有完整的美語教材，對美語教學有熱忱者，可以在工作中不斷地充實自己  主要工作內容 : 1. 負責幼兒園課程活動 2. 教學活動規劃與執行 3. 負責基本行政事務 4. 完成主管或公司交代事項 5. 籌備幼兒園節慶相關活動 (另外加給) 6. 美語相關科系或具備英文能力、有教學熱忱、耐心、愛心 
14557438,印尼翻譯員,聖洋國際股份有限公司,雙北,新北市,新北市樹林區,文字/傳媒工作,其他服務/工商貿易,31000~35000 (period=0),月薪,31000,35000,0,0,傳統無AI,無,0,0,0,0,1.從事雇主及移工間的翻譯、工作教導   2.文件雙語翻譯(需與移工做翻譯)  3.外勞宿舍生活管理 4.各行政機關文件辦理 5.主管交辦事項
11421689,執行製作助理,全民大劇團股份有限公司,雙北,新北市,新北市新店區,文字/傳媒工作,其他服務/工商貿易,29500~31000 (period=0),月薪,29500,31000,0,0,傳統無AI,無,0,0,0,0,1.熱愛表演藝術、管理製作進度，協助聯絡演員、設計老師及技術團隊人員等。 2.協助各項演出執行(包括協助排練時程，物件運輸安排、組織專業技術人員團隊及安排演出相關人員食宿交通等) 3.劇團相關行政事務處理及協助演出費用核銷等 4.耐心、細心、EQ高、反應快，可獨立作業。
12730524,單機記者(中永和),中嘉數位股份有限公司,雙北,新北市,新北市永和區,文字/傳媒工作,文教/補教培訓,30000~42000 (period=0),月薪,30000,42000,0,0,傳統無AI,無,0,0,0,0,如果你曾崇尚螢光幕前專業採訪與報導的媒體人， 你喜愛攝影、撰稿，對新聞採訪編輯有興趣，那麼你就是我們要找的人。  無經驗者可培訓，從無到有學會實務面專業製播新聞專題、節目專題、新聞專題製作。  我負責從採訪技巧、引導問題、內容(故事線)整理輔導你實務運作， 而你負責不斷提升專業與抗壓能力，在這一場馬拉松賽賽道上持續堅持與熱情。  1.具汽車駕照，跑地區新聞採訪 2.具獨立單機採訪作業能力(含攝影、撰稿能力)   依法揭露薪資範圍，實際任用薪資依求職者學經歷調整，另有獎金制度。
15182175,日文業務助理,大興電線電纜股份有限公司,雙北,新北市,新北市土城區,文字/傳媒工作,其他服務/工商貿易,38000~9999999 (period=0),月薪,38000,38000,0,0,傳統無AI,無,0,1,0,0,與客戶以電話或文件聯繫交易事項及單據處理。  熟日文書信往來，歡迎有對日文能力有自信或相關科系之應屆畢業生加入我們的行列。  歡迎 所有求職者  發展/遠景： 在工作中，藉由自己的日文能力，讓書信的內容在往來過程中能有更好的傳達、展現自己的價值，使自己未來能在公司中佔有不可或缺的地位。  成就/樂趣： 在書信的往來中，可以讓自己對於日文的用字遣辭有更好的拿捏和觀念，使自己能在無形中獲得語文程度的成長。
12368913,編輯企劃專員,淘動漫_飛魚創意股份有限公司,雙北,新北市,新北市三重區,文字/傳媒工作,廣告行銷/公關顧問,29500~33000 (period=0),月薪,29500,33000,0,0,傳統無AI,無,0,0,0,0,1. 本類人員從事各式文章的撰寫，編輯與翻譯工作。例: 雜誌行業、雜誌編輯、單元規劃、撰寫文案。 2. 廣告公關公司及其他相關行業中從事創意、撰寫、彙編有關企業或其他委託機構之宣傳文案，並藉由傳播媒體予以對外發表之工作。 3.動漫活動內容規劃及進度掌控 
11109394,●印前美編設計師●,仕憶實業有限公司,雙北,新北市,新北市汐止區,文字/傳媒工作,廣告行銷/公關顧問,35000~45000 (period=3),月薪,35000,45000,0,0,傳統無AI,無,0,0,0,0,這裡不只可以累積設計經驗，更能真正了解一件作品從： 設計 → 排版 → 完稿 → 印刷 → 成品   完整誕生的過程。  因此，我們正在尋找一位喜歡設計、重視細節 也願意深入了解印刷實務的印前美編設計夥伴。  【主要工作內容】 ① 平面設計與排版 依照客戶需求進行各類商業印刷品的設計、排版與版面調整。  主要會接觸： ・商業包裝設計 ・彩盒、禮盒包裝設計 ・型錄、DM、廣告文宣 ・書籍及各式平面印刷品 ・專案視覺與相關設計案件..等等  ② 印前製作與完稿 進行客戶檔案檢查、排版、修稿、審稿及完稿，確認檔案符合後續印刷製作需求。  包含基本的： ・尺寸與出血確認 ・文字與圖片檢查 ・顏色及檔案
15334396,Thailand Market Marketing Specialist,東聯互動股份有限公司,雙北,新北市,新北市土城區,文字/傳媒工作,其他服務/工商貿易,35000~9999999 (period=0),月薪,35000,35000,0,0,傳統無AI,無,0,0,0,0,"We are seeking a creative and results-driven Marketing Specialist to join our team. This role will be responsible for planning, executing, and optimizing marketing campaigns across digital and social media platforms to drive brand awareness, customer acquisition, and engagement. The ideal candidate "
13538991,教育 x 數位科技｜數位編輯(國中-國文)-新北,翰林出版事業股份有限公司,雙北,新北市,新北市中和區,文字/傳媒工作,傳統製造/精密工業,35000~40000 (period=2),月薪,35000,40000,0,0,傳統無AI,無,0,0,0,0,-【工作項目】- 1. 數位教學產品分析比較 2. 參與數位教學產品開發與測試，如電子書、動畫、遊戲、APP、網頁、AI運用等，確保最佳學習體驗 3. 數位教學產品進度控管 4. 數位教學資源彙整及維護管理 5. 合作廠商互動、校對人員指派 6. 產品使用觀測諮詢、問題回覆 7. 其他主管交辦事項  -【加入我們，你將獲得..】- 1. 工作產出配合學期，工作量能與時程需求相對穩定可預期。 2. 如有需要加班，公司依規定提供加班費用。 3. 部門重視個人績效表現，工作能力表現佳有升遷及加薪/調任機會。 4. 辦公空間採美式工業風設計，配有舒適的開放式討論區，讓你在輕鬆的環境中激發創意！ 5. 
13863011,中日隨行口譯人員（新竹）,台灣翻譯股份有限公司,雙北,新北市,新北市中和區,文字/傳媒工作,傳統製造/精密工業,1500~10000 (period=2),時薪折算,240000,240000,0,0,傳統無AI,無,0,1,0,0,★《工作內容》 各類展場、商談，中日文隨行口譯。 ★《工作內容》 時間：7/1 - 31 (周一至周五 8:00-17:00) 地點：新竹湖口工業區 內容：工廠設備拆除（國外技師與廠內員工）口譯、會議口譯及記錄、文件翻譯
15253532,編輯（短期替代人力）,財團法人台北市基督教校園福音團契附屬校園書房出版社,雙北,新北市,新北市新店區,文字/傳媒工作,其他服務/工商貿易,32000~38000 (period=0),月薪,32000,38000,0,0,傳統無AI,無,0,0,0,0,1.	協助圖書編輯、校稿及出版流程執行。 2.	進行稿件整理、文字校對及資料查核。 3.	協助與作者、譯者及合作夥伴聯繫。 4.	協助書籍文案及出版相關行政作業。 5.	支援出版專案進度追蹤及文件管理。 6.	協助部門日常編務及主管交辦事項。 
15343413,【娛樂】專案暨監修管理師（日文／IP監修）,木棉花國際股份有限公司,雙北,新北市,新北市新莊區,文字/傳媒工作,其他服務/工商貿易,面議,面議,,,1,0,傳統無AI,無,0,1,0,0,1.追蹤IP體驗館、主題商店及相關專案的時程、Milestone、待辦事項與風險，更新專案台帳、會議紀錄及跨部門追蹤事項。 2.處理日文資料翻譯、正式商務Email、會議口譯與日本版權方往來紀錄，確保雙方溝通內容正確完整。 3.管理IP監修送審資料，包括版本、素材、送件日期、日方回覆與修改狀態，持續維護可追蹤的監修台帳。 4.將日本版權方監修意見整理、轉譯為內部可執行工作項目，協調企劃、視覺、商品、技術等團隊完成修正與再次送審。 5.整理專案文件、素材清單、圖素、附件及行政資料並完成歸檔，確保資料可追溯、版本一致。 6.熟悉不同IP規範與監修流程，支援日方會議及送審作業，逐步培養成為可獨立負責
15156817,Product Development Specialist,東聯互動股份有限公司,雙北,新北市,新北市土城區,文字/傳媒工作,資訊科技/軟體網路,37000~9999999 (period=0),月薪,37000,37000,0,0,傳統無AI,無,0,0,0,1,"As a Product Development Specialist or Manager, you will play a key role in our expansion by identifying, designing, and launching new value-added services with banking or other business partner.  You will be responsible for integrating these new offers into the EUI platform to provide a seamless an"
15380080,VTUBER商品行政,子午計畫有限公司,雙北,新北市,新北市板橋區,文字/傳媒工作,生技/醫療保健,30000~35000 (period=2),月薪,30000,35000,0,0,傳統無AI,無,0,0,0,0,1.具備印刷、印前相關知識，了解常見印刷製程及檔案製作規範。 2.熟悉 Adobe Illustrator、Photoshop 等設計軟體。 3.能閱讀及檢查商品製作檔案，具備基本的印前檢查能力。 4.細心、有責任感，能處理大量檔案及製作資料，時間排程管理能力。 5.具備良好的溝通與協調能力，能與廠商進行日常工作對接。 6.熱衷且熟悉Vtuber相關之文化與市場觀察。 7.善於表達與溝通，擁有良好的抗壓性，耐心與情緒管理能力。 8.主動追蹤負責之工作內容相關進度，並優良的執行或溝通推動。 9.使用基本的GOOGLE雲端應用程式。 10.作為各大平台主要聯絡窗口，需具備溝通談判能力。 11. 細
15077706,兼職 - 印尼翻譯老師(家庭類_台北公司),力通國際開發股份有限公司,雙北,新北市,新北市林口區,文字/傳媒工作,其他服務/工商貿易,196~400 (period=0),時薪折算,31360,64000,0,0,傳統無AI,無,0,0,0,0,力通提供提供家庭類客戶專業與熱忱的服務，瞭解客戶需求並規劃最佳人力方案(女傭/看護工)。  印尼翻譯在公司中扮演重要的角色，能夠協助處理跨語言溝通、文件及口譯等工作。而隨著東南亞經濟發展，印尼市場也持續成長，因此本職位有極大的發展潛力。 歡迎有熱忱的您加入我們的團隊，一同為公司的發展貢獻心力！  工作內容如下： 1. 協助雇主/移工相關事務翻譯溝通(中/英/印尼)。 2. 協助雇主/移工所需相關文件翻譯(中/英/印尼)。 3. 協助移工在台生活適應溝通。 4. 執行外勤訪視業務。 ※薪資依照翻譯輔導經驗面議調整。 
15387187,雜誌執行編輯,印刻文學生活雜誌出版股份有限公司,雙北,新北市,新北市中和區,文字/傳媒工作,其他服務/工商貿易,35000~45000 (period=2),月薪,35000,45000,0,0,傳統無AI,無,0,0,0,0,印刻文學生活誌｜雜誌執行編輯 • 雜誌或出版編輯相關經驗 • 熟悉當代華文文學作品與文學出版脈絡 • 具稿件審讀能力與文字潤稿能力 • 具企劃能力 • 能長時間處理細節性工作（如校對、排版確認） • 對文字精準度高度敏感，細心負責 • 具良好溝通協調能力，能與作者及製作端順暢合作 • 活動庶務支援  
15010083,文字協作人員,如果兒童劇團,雙北,新北市,新北市新店區,文字/傳媒工作,資訊科技/軟體網路,200~200 (period=0),時薪折算,32000,32000,0,0,傳統無AI,無,0,0,0,0,工作內容 1.協助導演撰寫、潤飾劇本台詞與場景描述 2.整理排練過程中的文字紀錄，並轉化為正式文件 3.中文打字50~75 4.需具備OFFICE軟體使用能力  
8476388,《上報》新聞撰稿工讀生,世代傳媒股份有限公司,雙北,新北市,新北市新店區,文字/傳媒工作,其他服務/工商貿易,196~196 (period=0),時薪折算,31360,31360,0,0,傳統無AI,無,0,0,0,0,《上報》聚焦於深度調查及專題報導，希望帶給閱聽人不一樣的新聞，歡迎對新聞有熱忱、勇於嘗試的你加入！  上報官網：http://www.upmedia.mg/   ◎徵求條件： ◇具備基本新聞寫作能力 ◇對新聞有敏感度、關心國內外時事與社會議題 ◇善於溝通、擁有良好團隊合作能力 ◇能配合輪班、一周最低排班時間16HR（2個班）  ◎工作內容： ◇撰寫「焦點新聞」的文字稿、下標題 ◇查證新聞內容 ◇協助臨時交辦任務  ◎工作時間：  平日： ◇早班：0900-1800 ◇午班：1000-1900 ◇晚班：1300-2200  假日： ◇午班：1000-1900  （能配合平日晚班為佳）  ◎一周需
4444060,英文翻譯-宏茂翻譯公司,宏茂翻譯股份有限公司,雙北,新北市,新北市新莊區,文字/傳媒工作,資訊科技/軟體網路,面議,面議,,,1,0,傳統無AI,無,0,1,0,0,1. 英翻中及中翻英文件翻譯  2. 須至本公司執行翻譯工作(每天4小時以上)，各案件進度須配合公司之安排  3. 每月翻譯量須達到公司訂立的標準  4. 須配合使用公司指定之翻譯軟體(本公司備有訓練課程)  5. 工作時間可彈性調整  6. 採論件計酬制，享有每日車馬費補助，其他福利另議  7. 具兩年以上翻譯經驗者，優先錄取
13852772,人資行政專員,純粹創意整合行銷有限公司,雙北,新北市,新北市板橋區,經營/人資,文教/補教培訓,32000~40000 (period=0),月薪,32000,40000,0,0,傳統無AI,無,0,0,0,0,【準時上下班(可彈性工時)】  【工作內容概要】 1. 人員招募作業(正職/臨僱人員招募、甄選、保險、報到、離職等相關作業)。 2. 員工差勤審查與薪酬管理。 3. 公司專案、資料庫管理。 4. 協助建立、管理公司各項制度。 5. 公司福利活動、教育訓練、會議辦理。 6. 協助公司績效考核制度執行及彙整作業。 7. 行政庶務支援。 8. 其他主管交辦事項。
12542485,TA新北土城廠 日/夜班-生產菁英班長/組長(夜點津貼另計),統一超食代股份有限公司,雙北,新北市,新北市土城區,經營/人資,傳統製造/精密工業,37162~48000 (period=0),月薪,37162,48000,0,0,傳統無AI,無,0,0,0,0,這是一條通往主管的快速道路，歡迎有志於成為管理者的您加入，優秀儲備人才熱烈招募中！  無論您有無製造業經驗，我們提供完整的培育機制，讓您： 一、於生產現場歷練，初期從作業面實作紮根打穩，並快速學習各生產區域的工作知識技能 二、優秀保姆引導與充足的製程文件，能快速掌握各項作業流程 三、分階段的培育評鑑考核，在最短時間內晉升生產幹部 四、培訓期與其他儲幹一同學習及交流，不孤單！  生產幹部主要負責：  1.產線人員管理，含出勤管理、工作教導、人力調度等。  2.控管產線排程與製程，排除異常及問題解決。  3.跨單位的溝通協調、任務支援及會議參與。  4.產線上5S執行、落實及食安、工安、品質管理。
15405348,總經理室_總經理特助,安提國際股份有限公司,雙北,新北市,新北市汐止區,經營/人資,資訊科技/軟體網路,面議,面議,,,1,0,傳統無AI,無,0,0,0,1,1. 協助總經理規劃、追蹤並推動跨部門專案，主導業務營運流程優化，確保公司經營目標具體落地。 2. 跨接研發、產品與業務單位，梳理跨部門合作斷點，整合End-to-End資源以加速商業化與專案交付。 3. 分析產業科技趨勢、競品動態與市場機會，提出具前瞻性之商業策略與市場開拓洞察報告。 4. 參與高階經營會議研擬，追蹤各單位關鍵營運與業務績效指標，提出根本原因分析與跨單位改善對策。 5. 評估新興技術導入與新型商業模式之可行性，主導跨功能概念驗證（PoC），推動技術方案轉化為實質營運效益。  
15128981,林口區儲備幹部,成堡教育股份有限公司,雙北,新北市,新北市林口區,經營/人資,文教/補教培訓,35000~60000 (period=2),月薪,35000,60000,0,0,傳統無AI,無,0,0,0,0,工作內容： 在標準化的課程中，量身打造個人學習計畫。 針對每個學生不同課程需求、學科、問題，設計「專屬進度」及「專屬測驗」。  1. 場館各項營運總管(人事、學收、招生) 2. 館內溝通、老師調度、排班 3. 每日工作項目、目標及週計畫回報 4. 對外招生活動執行 5. 家長定期溝通 6. 支援各分校 7. 監督分校目標  三希堂的宗旨是幫助每位學生找到適合自己的學習方法，提升學習成效，進而穩定進步。我們的老師不只是授課者，更是學生的夥伴，讓教室一起共同督促、引導學生，幫助他們發掘學習的樂趣與人生方向。  我們堅持以教育為核心，關心每位學生的成長與進步。在三希堂中每個孩子都是值得重視的，我們的
14701451,明光義塾 教室長 儲備主管（板橋區）,佑學文教有限公司,雙北,新北市,新北市板橋區,經營/人資,文教/補教培訓,35000~40000 (period=0),月薪,35000,40000,0,0,傳統無AI,無,0,0,0,0,職務說明 : 1. 環境整潔維護。 2. 管理教室行政庶務、教務等相關事宜。 3. 規劃與執行招生目標與活動。 4. 規劃學生上課課程。 5. 管理授課講師與控管教學品質。 6. 聯繫家長及學生學習狀況報告及面談 7. 完成主管交辦事項。  工作福利 : 享 月獎金/季獎金/年獎金/出國旅遊 福利。 入職滿一年後升若任教室長可入股該教室成為合夥股東。
15402137,【吾蜂】人力資源主任/資深專員（招募、員關、訓練）,吾蜂美味集團(老先覺/潮味決/麵匡匡)_留鮮覺國際股份有限公司,雙北,新北市,新北市三重區,經營/人資,文教/補教培訓,面議,面議,,,1,0,傳統無AI,無,0,0,0,0,【工作內容】  一、招募任用與人才需求掌握（50%) • 執行履歷篩選、面試邀約、面試安排、候選人聯繫與招募資料維護 • 協助新進人員任用流程、報到前後銜接與資料追蹤 • 從招募與任用過程觀察人才市場、職務能力要求與新人落差，回饋至培訓與人才發展規劃  二、人資專案與員工關懷（30%) • 協助推動訓練制度、招募流程、人資系統、員工關懷與文化活動等專案 • 規劃並執行生日慶、下午茶、Team Building、共識活動等內部活動 • 透過問卷、訪談、數據整理與課後回饋，掌握員工需求與組織氛圍，並協助提出改善行動  三、教育訓練與課程執行（20%) • 依據組織需求、職務要求、主管回饋與新人適應
14547525,【路易莎咖啡】年度擴編! 總公司-新北市新莊區-人力資源處-人才發展部 資深招募專員,路易莎職人咖啡股份有限公司,雙北,新北市,新北市新莊區,經營/人資,生技/醫療保健,39000~45000 (period=2),月薪,39000,45000,0,0,傳統無AI,無,0,0,0,0, ▍工作內容 1、徵才面試與行程安排：負責總部/廠區及門市徵才的電話邀約與面試安排、總部直招職缺面試與分發作業 2、招募管道管理與優化：管理並優化各大人力資源平台（如104、1111、企業內部宣傳等） 3、校園招聘活動策劃與執行：如校園徵才、就業博覽會 4、任用申請、報到作業、建檔與加退保回報 5、執行主管交辦事項、人資專案、跨部門溝通協調、內外部溝通協調    ▍職位要求 1、過往有招募經驗，需電話招募 2、人格特質 : 具親和力、耐心、細心、服務熱忱、善溝通協調。 3、具餐飲業相關工作經驗者佳。 4、熟悉Microsoft Office辦公體 ▲資深招募人員、薪資面議▲   【值班人員】若
15406201,福容大飯店-福隆-人資專員,福容大飯店股份有限公司,雙北,新北市,新北市貢寮區,經營/人資,文教/補教培訓,33000~45000 (period=4),月薪,33000,45000,0,0,傳統無AI,無,0,0,0,0,1.熟勞動相關法令規定 。 2. 負責員工招募、履歷篩選、面試安排及任用作業。 3. 辦理新進員工報到、資料建檔及新人教育訓練。 4. 規劃與執行員工教育訓練及相關行政作業。 5. 辦理外籍員工、外籍實習生及國際學生相關文件與行政作業。 6. 協助各部門人力需求溝通、招募進度追蹤及人力調度相關事宜。 7. 協助處理員工關係、工作反映及跨部門溝通事項。 8. 負責人資相關文件製作、資料彙整、公告發布及日常行政作業。 9. 協助飯店人力資源相關專案及主管交辦事項。 10.協助編列年度教育訓練預算
6692869,訓練發展管理師,南亞科技股份有限公司,雙北,新北市,新北市泰山區,經營/人資,傳統製造/精密工業,40500~9999999 (period=3),月薪,40500,40500,0,0,傳統無AI,無,0,0,0,0,1.公司訓練發展課程/講座需求調查、規劃、設計與執行 2.新人訓練相關作業 3.訓練發展活動專案規劃與執行控管 『具工作經驗者，薪資另議』 
15402648,人事專員,環天世通科技股份有限公司,雙北,新北市,新北市中和區,經營/人資,傳統製造/精密工業,面議,面議,,,1,0,傳統無AI,無,0,0,0,0,1.人事相關作業 2.人資制度與教育訓練 3.行政總務事務 4.員工福利與行政支援 5.其他主管交辦事項
14104433,特別助理,丞聯農產股份有限公司,雙北,新北市,新北市三重區,經營/人資,其他服務/工商貿易,46000~50000 (period=0),月薪,46000,50000,0,0,傳統無AI,無,0,0,0,0,1. 協助高階主管進行公司內部管理稽核事項（如：整合標準化工作流程、規劃及推動各項管理規章及制度）。 2. 協助高階主管進行跨部門、跨廠間的溝通協調與會議召集。 3. 負責營運績效分析與改善管理。 4. 追蹤、監督各部門的工作進度。 5. 負責重要客戶來訪接待及回函處理。 
15380070,招募專員,嘉聯益科技股份有限公司,雙北,新北市,新北市樹林區,經營/人資,傳統製造/精密工業,35000~45000 (period=0),月薪,35000,45000,0,0,傳統無AI,無,0,0,0,0,1、年度招募計畫之規劃與執行。 2、招募管道開發之規劃與執行。 3、招募成效分析與改善。 4、員工關係問題之溝通與解決。 5、其他人資專案計畫執行與主管交辦事項。  
14047338,正職人員,八方雲集竹圍店_皓展企業社,雙北,新北市,新北市淡水區,經營/人資,文教/補教培訓,43000~60000 (period=0),月薪,43000,60000,0,0,傳統無AI,無,0,0,0,0,1. 早上包制鍋貼水餃簡單食品加熱操作  2. 中午洗碗（有洗碗機） 櫃檯結帳  3. 清潔收班  會有專人手把手教學      歡迎二度就業的朋友來面試喔！工作內容簡單，好上手，沒有經驗的也可以來做門市的幹部願意栽培認真工作的好員工    門市儲備幹部為公司未來銷售管理人才的搖籃，是一個能夠快速成長和晉升的重要職位。透過培訓和實習，儲備幹部將有機會學習並負責門市的日常營運、商品銷售、庫存管理、人員調度等工作，進而成為未來的銷售管理精英。  歡迎投遞履歷，加入我們的團隊！
14542204,人資助理,映象有限公司,雙北,新北市,新北市樹林區,經營/人資,傳統製造/精密工業,33500~35000 (period=0),月薪,33500,35000,0,0,傳統無AI,無,0,0,0,0,"1.負責教育訓練需求蒐集、課程安排及相關行政作業。 2.辦理課程報名、派訓、繳費追蹤及課後成效追蹤。 3.協助訓練申請、結案、行動方案等相關文件及資料管理。 4.協助「充電起飛計畫」、TTQS 等人才發展專案執行。 5.維護教育訓練紀錄、報表及相關資料，協助追蹤訓練成效。 6.協助招募、校園徵才及新人報到等人資行政作業。 7.協助人力資源相關專案及其他主管交辦事項。 8.薪33,500起 (含全勤獎金)  歡迎認真積極、主動學習，對人資及教育訓練工作有興趣的你加入！  "
13938023,教育行政專員,台灣居護股份有限公司,雙北,新北市,新北市新莊區,經營/人資,生技/醫療保健,面議,面議,,,1,0,傳統無AI,無,0,0,0,0,我們正在尋找熱情、有條理的「教育行政專員」。 在這裡，您將從課程規劃、平台營運到產學對接，全方位參與長照教育的轉型與扎根。 歡迎細心且充滿戰力的您加入我們！  工作內容： 1.教育積分課程申請、執行與結案 2.各機構教育課程協辦(申請、結案等行政事務) 3.教育平台營運與資料維護 4.學校實習聯繫與相關事務協作 5.課程成效評估與品質管理 6.主管交辦事項
15131880,【SPANCONNY 執行長室】人資招募專員,SPANCONNY飾品控_詩品康妮國際時尚有限公司,雙北,新北市,新北市中和區,經營/人資,生技/醫療保健,33000~40000 (period=0),月薪,33000,40000,0,0,傳統無AI,無,0,0,0,0,【我們的品牌】 橫跨自信與美麗 水晶流行飾品第一品牌 Span confident and young. 願你無懼一切，保持一顆自信年輕的心。 「不論什麼年紀，都讓自己活的更舒心更有魅力」♡  【您的工作內容】 ・人力招募 ・新進人員報到流程與入職管理 ・門市人力調度與基本人事管理 ・門市績效考核 ・員工關係維護 ・協助優化招募流程與人事制度 ・跨部門溝通 ・完成主管交辦事項  【希望您具備】 ・有人資 / 招募相關經驗（門市、零售尤佳） ・做事有效率、能同時處理多件事情 ・敢溝通、能判斷人（這很重要） ・不怕面對現場問題（人員異動、突發狀況） ・有責任感，不是等人交辦型  【加分條件】 ・有
15402791,案場運營襄理（薪資52000-56000元）福利配套完善 ，週休二日 國定假日排休,怡盛公寓大廈管理維護股份有限公司,雙北,新北市,新北市汐止區,經營/人資,其他服務/工商貿易,600000~800000 (period=0),年薪折算,44444,59259,0,0,傳統無AI,無,0,0,0,0,1. 統籌多個案場保全人力排班、勤務規劃，處理突發人力缺口，執行跨案場頂崗支援調度，保障各案場勤務穩定到位。  2. 巡檢各案場保全現場執勤狀況，稽核站哨、輪班執行情形，協助現場主管處理勤務突發狀況。  3. 追蹤保全人員流動狀況，針對長時間站崗崗位，研擬勤務輪調優化方案，穩定前線服務人力。  4. 彙整各案場勤務紀錄、管理資料，建立標準化資訊留存機制，提供總部營運決策參考。  5. 對接各案場經理、業委會窗口，協調住戶服務需求，維護高端案場服務品質與客戶關係。  6. 協助優化跨案支援SOP，改善支援人員不熟悉案場、住戶資訊等服務風險，提升一線服務品質。 
14625341,SEOUL MATE - 人資專員(人力招募專員)【門市部】,首爾妹服裝有限公司,雙北,新北市,新北市中和區,經營/人資,電子商務/數位零售,40000~9999999 (period=0),月薪,40000,40000,0,0,傳統無AI,無,0,0,0,0,【職位說明】 協助團隊成長，提供人力資源的專業服務，同時洞察組織需求，協助公司、部門發展制度與流程的持續優化。在快速變動的環境中，亦需要敏捷調整，以利擁抱變化。  【工作內容】 1.	維護企業內部人力資源之相關紀錄（如：員工個人基本資料、工作說明書、職務輪調紀錄、出缺勤紀錄與績效評核紀錄、勞健保加退等）。 2.	規劃與執行人員招募、甄選與任用，以解決公司的人力需求問題。 (能活用ERP人資系統、104、社群等通路，建立高效且具質量的人才儲備者佳)。 3.	規劃員工訓練與內部培育機制 設計新進人員培訓、部門職能課程，並導入線上學習資源，強化學習文化。 4.	維護員工關係並處理勞資議題。 5.	維
14749048,門市服務人員  (宗博/多元空間),財團法人靈鷲山佛教基金會,雙北,新北市,新北市永和區,經營/人資,資訊科技/軟體網路,面議,面議,,,1,0,傳統無AI,無,0,0,0,0,1. 負責每日門市營運:餐廳與禮品店。 2. 負責客戶關係的建立與維繫。 3. 商品陳列。 4. 執行門市銷售及每日盤點。 5. 輪值選物店及餐廳外場服務。 6. 門市/餐廳基礎整潔維護  應徵條件 1. 餐飲或便利商店門市經驗尤佳。 2. 熟悉進銷存管理。 3. 具自媒體文案撰寫能力。 4. 喜歡與人相處互動，主動解決問題的特質。 5. 熟悉Microsoft Office軟體操作。
15394665,HRBP,德凱認證股份有限公司,雙北,新北市,新北市林口區,經營/人資,其他服務/工商貿易,面議,面議,,,1,0,傳統無AI,無,0,0,0,1,●業務對接與策略諮詢 (Business Advice & Functional Strategy)：  - 與台灣區業務主管定期溝通，提供 HR 政策解讀、教練指導與客製化人力資源策略建議。  - 結合區域與全球 HR 策略，確保 local HR 執行方案切合業務需求。 ●HR 框架與模組落地 (HR Frameworks & Talent Management)：  - 主導或協助推動 Recruitment、Performance Management、Career & Succession Planning、C&B、Retention 與 Onboarding/Offboarding
15402262,【五股廠】人資專員,順成食品實業有限公司,雙北,新北市,新北市五股區,經營/人資,傳統製造/精密工業,37000~40000 (period=2),月薪,37000,40000,0,0,傳統無AI,無,0,0,0,0,【工作內容】 *薪資、考勤、加班及薪轉作業 *勞健保、勞退、團保及相關保險作業申報 *人員招募、報到、離職等相關作業 *人事資料及招募系統維護 *員工福利及年度人資活動執行 *移工及勞動法令相關行政作業 *其他主管交辦事項 **有相關工作經驗者**
11821600,主管特助,海天聯合興業有限公司,雙北,新北市,新北市新莊區,經營/人資,電子商務/數位零售,36000~45000 (period=0),月薪,36000,45000,0,0,傳統無AI,無,0,0,0,0,海天聯合興業有限公司 本部:新北市新莊區瓊林路13號之4 項目:資產管理.房屋(投資.租賃.管理.裝潢).批發零售. 目前應徵【主管特助】1名(上班不抽菸) 工作:開車駕駛.簡單文書(Word.Excel).記帳.網購.網拍.簡易整理清潔打掃環境.公司各項事務處理.主管個人事務處理。(平日晚上與假日偶爾會加班) (一)有汽車駕照。 (二)上班時間：上午9點到晚上6點。 (三)休假制度：週休二日.月休8天。 (四)正職月薪36000-45000元。 (五)無須任何相關工作經驗。 (六)上班地點:新北市新莊區瓊林路13號之4。 (七)負責認真，願意學習，配合度高。 1.處理主管個人交辦各項事務。 
15092976,人資(管理處) (依個人績效，平均年薪16個月以上）,富民運輸股份有限公司,雙北,新北市,新北市八里區,經營/人資,其他服務/工商貿易,面議,面議,,,1,0,傳統無AI,無,0,0,0,0,遠東集團關係企業、公司穩健發展、制度福利完善! 1.  考勤、薪資及獎金結算作業。 2.  勞健保／勞退／團保等作業（加退保、異動、申報及理賠申請）。 3.  招募任用作業及多元招募管道開發管理。 4.  人事制度規章修訂、表單與SOP優化。 5.  人事行政作業 :人事資料建檔、獎懲管理。 6.  勞檢資料準備。  7. 人事專案規劃及執行 8. 其他主管交辦事項。  板橋火車站設有公司交通車可接泊。
10166393,人資行政專員,璞石麗緻溫泉會館_樸石旅館股份有限公司,雙北,新北市,新北市烏來區,經營/人資,文教/補教培訓,36000~40000 (period=2),月薪,36000,40000,0,0,傳統無AI,無,0,0,0,0,1. 維護企業內部人力資源之相關紀錄。 2. 執行人員招募、甄選與任用。 3. 規劃、指導與協調所有與員工相關的問題，並主動針對需改進的政策提出建議。 4.辦理勞健保加退、離職相關各項流程作業。 5.公家機關函文回覆及相關資訊填報。 6.員工宿舍&制服管理，如：合約追蹤、制服配發、繡編號、修補等等。 9.學校年度實習建教合作、媒合事宜接洽。
15322448,CEO 特別助理（Founder Associate）,塞特知識股份有限公司,雙北,新北市,新北市中和區,經營/人資,文教/補教培訓,面議,面議,,,1,0,傳統無AI,無,0,1,0,0,歡迎申請知識衛星 Founder Associate（執行長特別助理），這不是一份一般的行政或秘書工作， 而是與創辦人一起參與 AI、新事業、商業模式及海外市場探索的角色。  希望透過這份表單：https://forms.gle/LNHEp3LFbFcL5eh88 認識你的背景、思考方式，以及你為什麼想加入我們。  【職務內容】 1. 協助執行長進行新市場研究、競品分析、及商業模式研究。 2. 參與 AI 工具、AI Workflow 與新技術應用的測試、實驗及導入。 3. 參與新事業從 0 到 1 的市場驗證、專案執行、獲客及社群行銷。 4. 蒐集、整理全球教育科技、內容產業及 AI 發展趨
15069887,人力資源 (Full Function),全球吸引力股份有限公司,雙北,新北市,新北市新莊區,經營/人資,文教/補教培訓,面議,面議,,,1,0,傳統無AI,無,0,0,0,0,【工作內容】 1.招募與甄選：負責各部門人才招募需求，包含職缺刊登、履歷篩選、面試安排及任用流程作業。 2.考勤與薪酬：處理員工出缺勤管理、假勤核對，協助每月薪資結算作業及勞健保/退保加退作業。 3.員工關係與活動：協助規劃與執行員工福利活動（如：尾牙、員工旅遊、Team Building），建立良好勞資溝通管道。 4.教育訓練：協助新人報到培訓（Onboarding）、協助規劃內部訓練課程。 5.制度與合規 熟悉勞基法及相關法令，協助更新與維護公司內部人事規章。 6.需人資經驗3年以上者。 7.其他：管理維護人事資料庫，及主管交辦之人資專案與行政庶務。   ★ 公司主張和諧氛圍，重視團隊合作
15300234,日商服飾品牌 UNIQLO教育訓練實習生 | 完善公司體系 | 活潑企業文化 |Tm,新加坡商立福人事顧問有限公司台灣分公司,雙北,新北市,新北市板橋區,經營/人資,文教/補教培訓,200~200 (period=0),時薪折算,32000,32000,0,0,傳統無AI,無,0,0,0,0,透過這份實習工作，你將有機會了解UNIQLO的店鋪人員管理、教育，如何高效率管理龐大的人員組織，提供員工安心的工作保障與完善的教育訓練!!  【工作內容】 - 員工文件建檔與整理(員工學習資料統整與追蹤) - 教育訓練資料(協助資料翻譯、昇格考試及訓練資料準備) - 教育訓練相關工作協助 (學習資源管理、訓練課程支援等) - 其他主管交辦事項(教育研修營運協助)   **本職缺由立福人事代為招募，實習期間預計6個月
14947169,資深財會儲備幹部,佳榮泰建設開發股份有限公司,雙北,新北市,新北市土城區,經營/人資,其他服務/工商貿易,40000~9999999 (period=6),月薪,40000,40000,0,0,傳統無AI,無,0,0,0,0,"1.帳務處理，總帳，成本，月結，可執行整套帳務，薪資及健保作業之執行。 2,財務報表分析，管理報表編製。 3.融資作業之管理及短，中，長期資深之籌劃運用及執行。 4.每月/年度預算及部門計劃之編製，務算執行狀況之管控。 5.有操作系統及標準成本經驗尤佳。 6.有專業財務管理知識並建議協助主管決策。 7.解決並督導關係企業帳務處理及覆核其財務報表。 8.內控制度之執行與檢討，配合會計師查核相關事項。  有建設經驗尤佳 "
12345082,人力資源管理專員、組員-職務代理人,財團法人醫院評鑑暨醫療品質策進會,雙北,新北市,新北市板橋區,經營/人資,生技/醫療保健,34000~46000 (period=5),月薪,34000,46000,0,0,傳統無AI,無,0,0,0,0,1.薪酬、獎金計算與管理作業(含例行計薪/年度調薪等)。 2.勞健保及團險等相關作業(含加退保/理賠申請/團險年度簽約)。 3.年度所得稅申報、補充保費申報。 4.績效評核作業(含試用評核/年度績效評核等)。 5.人員異動作業(含離職/留停等)。 6.其他主管交辦事項。 
14955942,【新北】主管特別助理,凱爾氏有限公司,雙北,新北市,新北市五股區,經營/人資,資訊科技/軟體網路,40000~50000 (period=2),月薪,40000,50000,0,0,傳統無AI,無,0,0,0,0,如果你對時尚新創產業充滿興趣 熱愛化妝、美妝保養品 樂於與人溝通分享，充滿創意 歡迎對以下工作內容有興趣的你，加入我們的團隊！  【工作內容】 ．行程管理安排與提醒 ．會議規劃安排，製作會議紀錄並協助追蹤決議事項 ．協助管理專案 ．追蹤跨部門、跨品牌之行政事務，資料彙整與檔案管理 ．協助聯絡客戶、廠商等溝通事宜 ．其他交辦事項  【加分條件】 ．反應快 ．在意細節並樂於協助他人 ．善於與人溝通 ．基本辦公室文書處理軟體 ．1年以上工作經驗
15151728,(總公司)管理部人資專員/人資助理-K,開鎰水電有限公司,雙北,新北市,新北市蘆洲區,經營/人資,文教/補教培訓,35000~9999999 (period=3),月薪,35000,35000,0,0,傳統無AI,無,0,0,0,0,1. 人力儲備與招聘協作 (Recruitment)    *執行總公司同仁與工程(機電、營造)技術人員的招募流程（篩選、聯繫、邀約）。    *維護人才資料庫，並參與就博會與學校徵才或產業媒合活動。    *協助新進員工報到引導，確保新夥伴快速融入公司文化。  2. 核心行政管理 (Administration)    *協助公司各項規章制度的推行與文件維護。    *考勤管理。    *支援會議安排、記錄，並追蹤跨部門決議事項執行進度。  3. 總務庶務與工區支援 (General Affairs)     *協助辦公室與工務所各項庶務設備（如影印機、車輛、宿舍）之管理與維修報支。    
15406437,人資行政專員,太能系統股份有限公司,雙北,新北市,新北市三重區,經營/人資,生技/醫療保健,36000~40000 (period=2),月薪,36000,40000,0,0,傳統無AI,無,0,0,0,0,1.執行教育訓練相關作業，包含訓練需求彙整、課程安排、行政作業及訓練證照紀錄管理。 2.勞資會議召開，包含安排會議、準備資料、紀錄與追蹤決議事項，確保符合法規。 3.員工年度健康檢查規劃及執行、團險、勞保給付申請。 4.協助招募面談邀約。 5.合約及證件等重要文件管理。 6.其他主管交辦事項。
13951702,人資管理,頂記食品股份有限公司,雙北,新北市,新北市五股區,經營/人資,傳統製造/精密工業,30000~42000 (period=0),月薪,30000,42000,0,0,傳統無AI,無,0,0,0,0,1.全公司職員履歷篩選及面試安排 2.人力派遣人員招募與任用 3.新進人員聘用簽報及聘書製作 4.講解工作規則 5.員工差旅旅費核銷管理 6.服務證明開立 7.各項規章制度訂定、修訂及執行 8.外籍員工洽詢主要窗口 9.就職一年後評估升任主管適任度
14658121,計時夥伴(新北市鶯歌區)★☆時薪200~210元☆★有機會轉任正職☆★,義美股份有限公司,雙北,新北市,新北市鶯歌區,經營/人資,電子商務/數位零售,200~210 (period=0),時薪折算,32000,33600,0,0,傳統無AI,無,0,0,0,0,"※經「3個月計時培訓」，有意願進一步挑戰的，通過評核方可轉任正職。 ※指定地區門市區域津貼加給PLUS+！ ※相關加給、津貼依公司規定發放，並依職等有所區別。  ★★★工作好所在，安心好厝邊！★★★ 義美門市擴大徵才囉！ 沒有職場經驗？沒關係！ 義美門市一定會是你最棒的職涯起點。  通過評核即轉任正職， 正職儲備幹部 月薪32,000~39,000元。（固定或變動薪資因個人資歷或績效而異） 配合公司教育培訓12~18個月，即可挑戰門市主管職務。 挑戰最年輕店長絕對少不了你！(*´∀`)~ 年薪上看80萬以上，等你來挑戰！ξ( ✿＞◡❛)  ~~找一個離家近的工作，一起實現自我吧！~~  ※歡迎"
15363838,小柑橘(新北新店店)-計時人員時薪$200起,Soba Shinn & 柑橘_張本商事有限公司,雙北,新北市,新北市新店區,經營/人資,其他服務/工商貿易,210~9999999 (period=0),時薪折算,33600,33600,0,0,傳統無AI,無,0,0,0,0,小柑橘的工作內容 【工作內容】  1.顧客服務與收銀：負責帶位、點餐介紹、跑單送餐、內外場聯繫及結帳工作。  2.餐飲製作與擺盤：協助簡易料理（如煮麵、調飲）、擺盤與品質確認。  3.環境維護與清潔：負責收拾碗盤、清理餐桌及維護環境設備整潔。  4.其他條件：具使命感及責任感，能如期完成交付任務。  【柑橘的未來發展】 打造「台灣拉麵連鎖第一品牌」規劃推出新品牌「小柑橘」主打高CP值拉麵，平均單價約250元，進軍連鎖市場。  【小柑橘受訓與工作地點】 小柑橘新店店
14136291,HR Specialist/人資專員,和暢科技股份有限公司,雙北,新北市,新北市汐止區,經營/人資,傳統製造/精密工業,面議,面議,,,1,0,傳統無AI,無,0,0,0,0,人資工作對我們而言，不只是流程與制度，更是關於「人」的感受。 如果你也喜歡與人真誠互動、細心感受組織的脈動，並期待透過優化員工體驗，讓每一位同事都能在這裡工作得更自在，我們非常希望能認識你。  擁有幾年經驗的你，或許已看過許多規範，但我們更看重你對「改變」的熱忱。 在這裡，你不只是執行指令的人，而是與我們一起學習一起打造出最適合大家的理想工作。   1. 負責人力資源制度之執行與優化，協助推動HR流程運作順暢。 2. 執行招募作業（需求確認、履歷篩選、面試安排、錄用及報到流程）。 3. 負責人事資料管理、出勤與考勤作業，並進行異常處理與彙整。 4. 協助新人訓練與教育訓練之規劃與執行，追蹤訓練
14961608,行政人員(台北),興田企業股份有限公司,雙北,新北市,新北市新莊區,經營/人資,其他服務/工商貿易,30000~40000 (period=3),月薪,30000,40000,0,0,傳統無AI,無,0,0,0,0,負責營業處櫃台業務之日常運作與管理。 辦理客戶訂單受理、系統打單（Key-in)、出貨及相關服務作業。 協助處理營業處各項行政庶務及業務事項。 負責公司行政措施、制度及活動訊息之宣導與推動。 協助公司會場課程之場地、設備、報到及現場運作。 配合主管交辦事項及跨部門溝通協調。  
15343864,京陽-行政秘書(中和),京陽公寓大廈管理維護股份有限公司,雙北,新北市,新北市中和區,經營/人資,其他服務/工商貿易,33000~33000 (period=0),月薪,33000,33000,0,0,傳統無AI,無,0,0,0,0,1. 協助主管行程、安排會議等行政事務 2. 處理文件、資料整理、歸檔 3. 協助部門專案系統上單、零用金核銷、申請補助等 4. 協助辦公室庶務工作、櫃臺訪客接待 5. 協助人事資料彙整、財務事務處理等 6. 其他主管交辦工作  本職位的重要性在於協助社區日常行政事務，確保社區運轉順暢，是一個良好的學習和發展機會。 歡迎符合條件的求職者投遞您的履歷表。期待您的加入！
14797991,總經理特助,英屬維京群島商華高時尚有限公司台灣分公司,雙北,新北市,新北市新莊區,經營/人資,電子商務/數位零售,60000~9999999 (period=6),月薪,60000,60000,0,0,傳統無AI,無,0,0,0,0,協助總經理執行工作任務
15247159,人資專員,崧貿實業股份有限公司,雙北,新北市,新北市汐止區,經營/人資,傳統製造/精密工業,36000~40000 (period=3),月薪,36000,40000,0,0,傳統無AI,無,0,0,0,0,1.負責人員招募、面試安排、任用及新人報到作業。 2.辦理新人職前訓練及年度教育訓練相關作業。 3.負責出勤、請假、加班及考勤異常管理。 4.辦理國內外出差申請及相關文件管理。 5.維護員工人事資料及相關文件。 6.協助員工福利及公司活動規劃與執行。 7.執行人資相關專案及跨部門協調。 8.一般行政庶務及主管交辦事項。  
13389254,業務代表(家庭類_台北公司)(無經驗完整培訓_保障底薪_外加高額業績獎金),力通國際開發股份有限公司,雙北,新北市,新北市林口區,經營/人資,文教/補教培訓,面議,面議,,,1,0,傳統無AI,無,0,0,0,0,1.客戶開發與關係維護，主動開發有家庭移工(女佣/看護工)申請需求的雇主。 2.深入了解客戶需求，提供專業與熱忱的服務諮詢及規畫最佳人力方案。 3.負責建立並維繫長期客戶關係。 4.協調移工與雇主服務後續並追蹤進度。 5.完成主管指派任務，配合公司政策推廣業務。 *公司提供資源培訓菁英，由資深同仁帶領學習專業知識技能，提供完整專業業務人才培訓--無經驗可，有業務經驗尤佳。 *保障底薪與高額業績獎金制度，月薪面議。  **喜愛挑戰不怕困難的你，別再猶豫，快來加入我們**
13178193,【純粹食材的堅持】黑毛屋 新莊宏匯店-正職儲備幹部,乾杯股份有限公司,雙北,新北市,新北市新莊區,經營/人資,生技/醫療保健,36500~41500 (period=0),月薪,36500,41500,0,0,傳統無AI,無,0,0,0,0,黑毛屋本家由日籍主廚打造，致力於提供讓人身心皆暖的日本鍋物料理，我們透過對日本道地鄉土鍋物文化及各式食材的了解，將最合適的吃法向顧客建議，嚴選當季新鮮食材，推出季節限定鍋物，以舌尖感受細膩的味覺變化，品嚐季節之味。  【薪　　資】 本薪33000元+MASTER津貼3500元=36500元 獎金另計，最高可達41500元。 以上薪資不含加班費。加班費另計。  【最速晉升領班】 你有能力！我有平台！ 晉升領班只要“6個月” 升遷加薪不是夢，完善透明的升遷制度，等你來挑戰。  【其他獎金】 業務獎金：一項最高可得3000元。 導師獎金：一次可獲得2000元 循序漸進學習技能業務，教學相長，讓自己和
14697869,建築部經理秘書,原藤國際室內裝修有限公司,雙北,新北市,新北市汐止區,經營/人資,其他服務/工商貿易,35000~50000 (period=3),月薪,35000,50000,0,0,傳統無AI,無,0,0,0,0,1. 負責主管工作行程之規劃安排，並隨行陪同。 2. 整理簽核文件及發送，並負責追蹤執行狀況，隨時掌控進度。 3. 負責會議安排與通知，製作會議記錄並追蹤處理決議事項。 4. 負責行政事務流程之溝通、整合及規劃。 5. 協助專案推動與時程控管。 6. 負責報表彙整與呈報。 7. 處理各項跨部門、事業體之行政事務及文案管理。 8. 負責對外及各部門之溝通聯繫事宜。 9. 負責文件追蹤、資料彙整與檔案管理。 10. 接待重要外賓。 11. 處理婚喪喜慶相關事宜（如：訂花籃、準備奠儀）。 
12015959,人資專員,新聿科技股份有限公司,雙北,新北市,新北市土城區,經營/人資,文教/補教培訓,45000~9999999 (period=3),月薪,45000,45000,0,0,傳統無AI,無,0,0,0,0,1. 維護企業內部人力資源之相關紀錄。 2. 規劃與執行人員招募、甄選與任用。 3. 設計、管理與執行公司的人力資源管理系統。 4. 規劃預算，建立與維持公司的薪酬系統與工作規則，並提供人事管理報表。 5. 規劃公司的訓練發展，分析訓練與發展之需求，規劃並執行與成效評估。 6. 規劃與協調所有與員工相關的問題。 7. 其他主管交辦事項。  本職位負責招募、培訓、人事異動、考勤管理等工作，在公司內發揮關鍵的人力資源管理作用。隨著企業的發展，此職位有著良好的發展前景和提升空間。 如果你對本職位有興趣，請投遞簡歷並在信中表明你的求職意向。
13958451,總經理行政秘書,瑞安國際股份有限公司,雙北,新北市,新北市新店區,經營/人資,生技/醫療保健,38000~45000 (period=2),月薪,38000,45000,0,0,傳統無AI,無,0,1,0,0,一、總經理交辦事宜及安排及對外聯繫(如日程、資料管理等) 二、負責對外及各部門之溝通聯繫事宜。         例如：國內外商業書信的往來、會議行程之排定與聯繫、 會議前準備及會議後追蹤等 三、一般文書資料處理工作、文件收發，並負責追蹤執行狀況。 四、協助進行專案之規劃、執行、導入、管理、追蹤(如國外商品及原廠文件等)。 五、負責文件追蹤、資料彙整與檔案管理。 六、安排公司賓客招待及送禮相關(如:節日禮品或賀卡)等事宜。 七、協助醫材法規必須執行之相關作業。 八、主管交辦事項及其他配合事項  以下為視工作成熟度而增加 一、員工出缺勤管控及人員面試安排。 二、簡易清關作業。   此職務將有充分的
15302969,人事助理,欣德芮股份有限公司,雙北,新北市,新北市汐止區,經營/人資,傳統製造/精密工業,35000~9999999 (period=2),月薪,35000,35000,0,0,傳統無AI,無,0,0,0,0,-規劃、執行及管理教育訓練，並追蹤訓練成效。 -辦理員工到職、離職、人事異動及人事資料管理。 -辦理勞健保、團保等加退保相關作業。 -負責員工考勤、請假等出勤管理。 -規劃及執行政府教育訓練補助專案。 -協助辦理員工活動及其他人資相關專案。 -其他主管交辦事項。 
15386160,【電商+倉管助理】工作環境單純｜週休二日、團隊氛圍佳,協大行銷有限公司,雙北,新北市,新北市蘆洲區,經營/人資,電子商務/數位零售,30000~35000 (period=2),月薪,30000,35000,0,0,傳統無AI,無,0,0,0,0,協大行銷，是一間專注於品牌活動企劃與執行的小型公司，合作對象包含多家知名品牌。  我們希望可以慢慢的，一步一步累積團隊， 也希望未來能慢慢逐漸發展出，自己的電商部門。  目前電商買賣還沒開始，是希望找到與我們一起開始成長的夥伴  如果你對電商、活動流程、庫存管理、物流及行政工作都有興趣 喜歡把東西整理得井井有條、對電商操作有興趣，也喜歡把事情安排妥當、讓團隊可以順利運作，那麼非常歡迎你加入我們！  【工作說明】《純內勤》 1. 文書資料建檔管理。擅長Word、excel、PPT 2. 電商拍賣上架、電商出貨包貨寄貨 3. 倉庫管理、整理、分類，含電商物品、活動物資 4. 協助主管交辦事項 5.
13846680,人力資源人員,台北港貨櫃碼頭股份有限公司,雙北,新北市,新北市八里區,經營/人資,其他服務/工商貿易,38400~40400 (period=0),月薪,38400,40400,0,0,傳統無AI,無,0,0,0,0,1. 辦理人員招募、甄選與任用作業。 2. 員工班表(含加班、請假)等差勤系統管理。 3. 執行勞健保加退核對等作業。 4. 辦理人員年度考核作業。 5. 人員薪酬計算與管理。 6. 其他主管交辦事項。 
15329239,新北區廚師【三廚、二廚】(起薪37.5K-42.5K)(依經驗敘薪),馡曄國際股份有限公司,雙北,新北市,新北市板橋區,經營/人資,生技/醫療保健,37500~42500 (period=0),月薪,37500,42500,0,0,傳統無AI,無,0,0,0,0,"------【我們在找這樣的你】----- 只要你對餐飲有熱忱、責任感強、樂於團隊合作，我們都熱烈歡迎！  【完全無經驗】！ 只要你願意學，我們有完整的一對一帶教機制，起薪 $37,500，讓你安心跨出第一步！  【有廚房經驗】！ 我們尊重每一份專業！起薪依照你的技能與資歷靈活核薪，最高起薪可達 $42,500。表現優秀者，後續升遷與調薪不受限！  薪資待遇 月薪：$37,500 – $42,500 元（依經驗、技術核定）  定期評核，升遷管道透明!  ------【工作內容】----- 1.負責洗、剝、削、切各種食材，以完成烹飪的前置工作 2.測量食材的容量與重量 3.依照客人的點單，準備不"
15405234,執行長特別助理,好日和健康股份有限公司,雙北,新北市,新北市板橋區,經營/人資,生技/醫療保健,60000~9999999 (period=11),月薪,60000,60000,0,0,傳統無AI,無,0,0,0,0,"• 協助執行長統籌公司財務規劃與管理,並就重大財務決策提供分析與建議,是執行長在財務領域的核心幕僚 •  財務策略規劃:擬訂公司財務策略方向 ,協助預算編列與經營目標設定  *具備IPO合併報表能力 •  資金調度與投融資評估:協助資金運用與流動性管理規劃,參與投資案件可行性評估及融資方案分析,提供風險評估建議 •  稅務與內控規劃:督導公司稅務申報與年度審計工作,協助建立健全財會管理制度與風險控管機制  •  報表審核與績效分析:覆核帳務、財務報表及IFRS 16作業,針對異常科目進行分析處理  •  經營決策支援:定期向執行長及董事會報告公司財務狀況,提供分析與決策建議  •  團隊督導:"
15102888,人事行政助理,詮晟餐飲設備有限公司,雙北,新北市,新北市五股區,經營/人資,其他服務/工商貿易,36000~50000 (period=3),月薪,36000,50000,0,0,傳統無AI,無,0,0,0,0,1. 考勤與薪酬結算： 日常出缺勤審核、請假異常核對，並協助每月薪資發放。  2. 人事任免與保險作業： 執行各單位新進員工報到(包含制服發放與安全宣導基礎作業)、離職程序，並辦理勞健保、團保與勞退之加退保。  3. 招募與人才管道維護： 協助各部門之職缺刊登、履歷初篩、面試行程聯絡與安排，並維護招募管道。  4.  規劃公司的訓練發展體系，進行訓練與發展之需求分析、規劃、執行與成效評估。  5. 行政庶務與歸檔流程： 處理日常庶務性行政支援、文書資料處理。  6. 福委會與員工關係維護： 協助公司內部活動(如尾牙、節慶聚餐等)規劃與執行，促進工廠與內勤團隊的凝聚力。 
15065849,儲備幹部MA,詮達綠能科技有限公司,雙北,新北市,新北市土城區,經營/人資,資訊科技/軟體網路,45000~9999999 (period=0),月薪,45000,45000,0,0,傳統無AI,無,0,0,0,0,1. 在主管人員指導之下，依據既定政策，從事各項業務之設計，規章之草擬（如：物料管理、成本控制、人員調動）。 2. 協助高階主管規劃生產、行銷計畫制度和中長期策略規畫及年度營運方針落實，以提昇經營績效。 3. 協助公司之組織規劃、制度流程設計，以及經營分析之企劃。 4. 推展公司業務。 5. 分析運務狀況，定期製作運務報告。 6. 負責人員之調度、督導及管理。 
14782831,0220 總經理室特別助理,新巨企業股份有限公司,雙北,新北市,新北市五股區,經營/人資,傳統製造/精密工業,50000~9999999 (period=0),月薪,50000,50000,0,0,傳統無AI,無,0,0,0,0,1. 協助高階主管進行公司內部管理稽核事項（如：整合標準化工作流程、規劃及推動各項管理規章及制度）。 2. 協助高階主管進行跨部門、跨廠間的溝通協調與會議召集。 3. 負責公司經營策略分析、整合規劃、推動與執行。 4. 協助經營團隊執行公司之決議事項及各項專案。 5. 尋找公司未來發展之新事業（如：技術合作、合併、購併、策略聯盟）。 6. 負責企業營運績效分析與改善管理。 7. 負責經營策略擬定與策略品質提昇。 8. 追蹤、監督各部門的工作進度。 9. 負責重要客戶來訪接待及回函處理。   本職位是公司未來發展的重要環節，希望能招募有潛力的人才加入，一起成長，從而為公司的未來發展盡一份力。 歡
15044277,小柑橘(新北土城店)-正職員工$36000~50000,Soba Shinn & 柑橘_張本商事有限公司,雙北,新北市,新北市土城區,經營/人資,其他服務/工商貿易,36000~50000 (period=0),月薪,36000,50000,0,0,傳統無AI,無,0,0,0,0,小柑橘的工作內容 【工作內容】  1.顧客服務與收銀：負責帶位、點餐介紹、跑單送餐、內外場聯繫及結帳工作。  2.餐飲製作與擺盤：協助簡易料理（如煮麵、調飲）、擺盤與品質確認。  3.環境維護與清潔：負責收拾碗盤、清理餐桌及維護環境設備整潔。  4.其他條件：具使命感及責任感，能如期完成交付任務。  【柑橘的未來發展】 打造「台灣拉麵連鎖第一品牌」規劃推出新品牌「小柑橘」主打高CP值拉麵，平均單價約250元，進軍連鎖市場。  【小柑橘受訓與工作地點】 小柑橘新北土城店
15130073,東森 Regal SPA 品牌營運副總(年薪300～400萬元，達標獎金另議),東森購物_電視購物_東森得易購股份有限公司,雙北,新北市,新北市中和區,經營/人資,電子商務/數位零售,面議,面議,,,1,0,傳統無AI,無,0,0,0,0,您有創造業績的本事，我們有讓您發揮的舞台。 您曾經把門市業績做起來，也讓團隊願意跟著您打拚？這一次，邀請您用經營實力，挑戰更高的收入與成就。品牌、門市、客源，我們已有基礎。  Regal SPA 結合東森集團資源與異業合作，持續為各店導入顧客。我們期待您掌握這個機會，讓來客成為業績、讓顧客持續回購，也讓美容師賺得到、留得住。 您的舞台，是整個品牌的經營。 從門市營運、銷售服務到團隊培育與獎勵制度，期待您提出有效做法、帶領團隊落實，讓每一家店都做出成績。 不限制美容背景，只看您做出的成果。 無論來自美容、醫美、健身、連鎖零售或其他服務產業，只要您有提升營收獲利、帶領第一線團隊的成功實績，我們都願
15198832,老闆助理,宏昀營造工程股份有限公司,雙北,新北市,新北市三重區,經營/人資,其他服務/工商貿易,35000~40000 (period=0),月薪,35000,40000,0,0,傳統無AI,無,0,0,0,0,【需提供良民證】 開車載老闆跑行程 完成老闆交辦事  正式上班會每天協調工作時間 
15292885,總經理秘書,宇球國際興業有限公司,雙北,新北市,新北市永和區,經營/人資,傳統製造/精密工業,面議,面議,,,1,0,傳統無AI,無,0,0,0,0,1.總經理行程安排。 2.需會開車。 3.執行力強反應快、細心具責任感。 4.具社團實務經驗者佳。 5.完成業務主管交辦事項。 6.可配合臨時加班。 7.其它主管交辦事項。 
15403947,【HR】HRBP,胡連精密股份有限公司,雙北,新北市,新北市汐止區,經營/人資,傳統製造/精密工業,面議,面議,,,1,0,傳統無AI,無,0,1,0,0,胡連精密正在尋找新事業專案團隊之HRBP，我們期待尋找一位具備成熟招募經驗、對人才市場高度敏銳，並能以英文進行專業溝通的 HRBP。第一階段最重要的任務是與新事業管理團隊一起，建立核心專業人才陣容。 歡迎熟悉科技製造業、汽車產業或車用供應鏈人才市場，並喜歡人才搜尋、產業研究與建立新團隊挑戰的您加入。  1.	人才招募與團隊建置：第一年度工作重心以人才招募為主，負責人才搜尋、履歷篩選、面談、薪資溝通、錄用及報到追蹤。 2.	人才市場與產業情報蒐集：經營 104、LinkedIn、獵頭公司及其他人才招募管道。 3.	人員資料及人力資訊管理：建立及維護新事業人員基本資料、組織編制、到離職及人力異動資
14207243,總經理特助,品岱股份有限公司,雙北,新北市,新北市樹林區,經營/人資,其他服務/工商貿易,面議,面議,,,1,0,傳統無AI,無,0,1,0,0,1. 負責主管工作行程之規劃安排，並隨行陪同。 2. 整理簽核文件及發送，並負責追蹤執行狀況，隨時掌控進度。 3. 負責會議安排與通知，製作會議記錄並追蹤處理決議事項。 4. 負責行政事務流程之溝通、整合及規劃。 5. 協助專案推動與時程控管。 6. 負責報表彙整與呈報。 7. 處理各項跨部門、事業體之行政事務及文案管理。 8. 負責對外及各部門之溝通聯繫事宜。 9. 負責文件追蹤、資料彙整與檔案管理。 10. 接待重要外賓。 11. 協助翻譯文件及即時溝通翻譯。(具備外語能力英文、法語尤佳)。
15086263,【定期契約】行政人資助理,百達醫企業有限公司,雙北,新北市,新北市新莊區,經營/人資,生技/醫療保健,30000~35000 (period=2),月薪,30000,35000,0,0,傳統無AI,無,0,0,0,0,如果你對人力資源領域有興趣，並希望從基礎開始學習完整的人資流程，這將是一個很好的機會。本職務將協助人資主管處理公司日常人資行政作業，並有機會參與公司制度建立與專案推動，逐步累積HR實務經驗。  工作內容： 1.協助執行人才招募相關作業(履歷整理、面試安排、面試通知...等)。 2.協助新進員工報到流程與離職相關行政作業。 3.協助不同據點間的人事資料整理與行政資訊傳達。 4.協助對應外勞仲介公司及外籍員工相關行政事務。 5.協助規劃與執行全公司教育訓練相關行政作業。 6.協助公司KPI績效考核資料整理與行政流程。 7.協助主管推動各項人資與公司活動專案 : ◆ 員工福利制度執行 ◆ 員工旅遊與
15159309,[M1] 供應鏈管理-儲備幹部,虹堡科技股份有限公司,雙北,新北市,新北市新店區,經營/人資,傳統製造/精密工業,38000~60000 (period=0),月薪,38000,60000,0,0,傳統無AI,無,0,0,0,1,我們正在尋找對數據分析有興趣、具邏輯思維的人才，加入本公司供應鏈團隊。 此職務將從數據分析出發，逐步培養供應鏈管理與採購策略能力。  【主要工作內容】 1. 協助供應鏈採購與 sourcing 策略制定。 2. 進行數據分析（價格、供應商績效、成本結構等）。 3. 建立與維護供應商資料庫與評估模型。 4. 支援跨部門（研發／製造／業務）需求分析。 5. 參與供應商開發與管理（入職後提供培訓）。 6. 持續優化採購流程與成本結構。  【我們希望你具備的特質】 主動學習，願意從 0 建立供應鏈知識 喜歡用數據思考，而非憑感覺決策 對流程優化與效率提升有興趣  #歡迎應屆畢業生 #科系不限 #數據分
15219315,日商服飾品牌 UNIQLO教育訓練專員 | 完善公司體系 | 活潑企業文化 |Tm,新加坡商立福人事顧問有限公司台灣分公司,雙北,新北市,新北市板橋區,經營/人資,文教/補教培訓,36000~40000 (period=0),月薪,36000,40000,0,0,傳統無AI,無,0,0,0,0,透過這個職位，你將有機會了解UNIQLO的店鋪人員管理、教育，如何高效率管理龐大的人員組織，提供員工安心的工作保障與完善的教育訓練!!  【工作內容】 - 員工文件建檔與整理(員工學習資料統整與追蹤) - 教育訓練資料(協助資料翻譯、昇格考試及訓練資料準備) - 教育訓練相關工作協助 (學習資源管理、訓練課程支援等) - 其他主管交辦事項(教育研修營運協助)   **本職缺為產假職務代理，預計合作半年，由立福人事代理招募
15303242,(新職務)人資專員 ＃制度整建 ＃人力資源,意藍有限公司,雙北,新北市,新北市中和區,經營/人資,電子商務/數位零售,40000~45000 (period=4),月薪,40000,45000,0,0,傳統無AI,無,0,0,0,0,1.招募與人才任用：負責職缺刊登、履歷篩選、面試邀約、錄取通知及到職安排，協助各部門找到合適人才。 2.人事行政與員工資料管理：辦理員工到職、離職、異動、勞動契約、人事資料維護及相關文件管理。 3.考勤、薪資與勞健保作業：協助出缺勤、請假、加班、薪資資料、勞健保、勞退及相關人事作業。 4.制度流程建立與執行：協助建立與優化各部門人事規章、工作規則、教育訓練、績效考核及人資相關流程。 5.員工關係與管理報表：協助處理員工日常人資問題，招募進度、人員編制、出勤異常、離職率等。 6.上級交辦有關人力資源相關事項。  ＃擅長制度整建尤為加分
14659863,第一化粧品-美容門市銷售(新北區-新店區裕隆城),第一化粧品廠股份有限公司,雙北,新北市,新北市新店區,經營/人資,電子商務/數位零售,32000~35000 (period=0),月薪,32000,35000,0,0,傳統無AI,無,0,0,0,0,"※考核期起新32k-35k(依經驗議薪)，考核後調薪。 ※競賽獎金另計。 ※通過考核~即享3,000產品購物金 & 每月高額銷售加給！  【工作內容】 1. 為客戶提供de產品說明及示範。 2. 注意顧客狀況提供貼心的服務，協助團隊，解決顧客問題。 3. 維護店櫃形象和商品管理；陳列商品、庫存盤點及店務處理。 目前主要產品：de保養品、DIY原料、原液、精油、香精、基底油等。  【加入我們】 de擁有60年化粧品原料的背景，上班學保養、拿薪水，雙倍收穫！ ※完整教育訓練-豐富你的專業知識（沒經驗不用怕～公司培育你） ※考核期滿議薪-努力有價值，升遷有方向（考核不是壓力，而是加薪的起點！） ※獎"
15403698,教育訓練專員,TAIWAN SUZUKI_金鈴汽車股份有限公司,雙北,新北市,新北市板橋區,經營/人資,傳統製造/精密工業,35000~50000 (period=0),月薪,35000,50000,0,0,傳統無AI,無,0,0,0,0,"1.辦理技術相關教育訓練課程及召開技術會議 2.解決經銷商的技術相關問題,收集品質情報及回饋至原廠  3.推進SUZUKI在全球實施的E-learning線上課程及技術員階層化教育 4.協助推進服務部門的各項作業 5.跨部門溝通及協調縮短各項時程 6.其他主管交辦事項 無相關經驗可,但必須具有主動學習的熱忱及積極、負責的工作態度  "
14239427,【新北新莊_棒壘球打擊場】儲備店長 ☆★培訓期保障薪資42K~45K★☆,大魯閣實業股份有限公司,雙北,新北市,新北市新莊區,經營/人資,電子商務/數位零售,42000~45000 (period=4),月薪,42000,45000,0,0,傳統無AI,無,0,0,0,1,【服務業，也可以有生活】 ✔ 符合一例一休、月休 8-10 天 ✔ 每日工時8小時，不以加班當常態 ✔ 國定假日採自由意願排班、出勤依法給加班費 ✔ 排班透明、尊重休假安排  ✦✦大魯閣邀您共同寫下最閃耀的篇章✦✦  ★☆ 挑戰3個月培訓後接店管理★☆ ★☆培訓期後依評核結果核定薪資★☆ ★☆培訓期保障薪資42K~45K★☆  【應徵資格】 1. 具店鋪或區域管理經驗３年以上者∘ 2. 曾帶領團隊或專案管理經驗∘ 3. 連鎖體系、運動休閒產業有興趣者∘ 4. 具連鎖餐飲、零售門市管理經驗者佳∘ 5. 可配合3個月培訓期、專業培訓規劃者∘  【職務能力】 1. 執行力：推動門店各項營運與行銷活動
13697027,管理部主管｜營運整合／系統專案管理,SST&C_天喜國際時尚股份有限公司,雙北,新北市,新北市汐止區,經營/人資,電子商務/數位零售,50000~9999999 (period=6),月薪,50000,50000,0,0,傳統無AI,無,0,0,0,1,1. 管理部團隊管理 ★負責部門人員工作分配、進度追蹤及日常管理。 ★掌握各項工作執行結果及異常事項。 ★協調跨部門問題並追蹤至完成。 2. 部門預算管理 ★負責管理部年度預算編列及每月執行追蹤。 ★掌握預算、實際支出及差異。 ★協助公司各部門預算資料彙整及管理。 3. 商品勻調轉與廣鐸管理 ★管理既有勻調轉專員及工作進度。 ★掌握門市、總倉與廣鐸間的商品調撥、出入庫及退貨狀況。 ★監控異常案件並協調商品部、門市、倉庫等相關單位處理。 4. POS及系統整合專案 ★負責 POS 系統 API 串接專案之需求整理、流程確認、測試、驗收及上線追蹤。 ★協調內部使用單位、POS廠商及其他系統廠商。 
15325452,管理部經理,優織隆企業股份有限公司,雙北,新北市,新北市汐止區,經營/人資,傳統製造/精密工業,50000~60000 (period=4),月薪,50000,60000,0,0,傳統無AI,無,0,0,0,0,1.	推動執行總經理相關公司政策與方針 2.	審核相關管理行政庶務數字報表(非財務報表) 3.	定期更新公司政策與員工守則 4.	協助總經理建立合適的考核機制 5.	優化人才招募與教育訓練制度 6.	協助導入AI技能，提升管理效率 7.	帶領既有團隊: 行政庶務專員，HR助理，資訊專員與外包團隊 8.	有公司行政庶務管理報表審核與採購議價能力 9.	對於公益服務有熱情且有經驗 10.	跨部門溝通能力與協作能力很重要，有助於推動公司相關管理政策    
15218781,執行長特助,侑盈科技有限公司,雙北,新北市,新北市三重區,經營/人資,資訊科技/軟體網路,面議,面議,,,1,0,傳統無AI,無,0,0,0,0,工作內容： 1. 協助執行長進行公司內部管理稽核事項（如：整合標準化工作流程、規劃及推動各項管理規章及制度）。  2. 協助執行長進行跨部門溝通協調工作。  3. 追蹤、監督各部門的工作進度。  4. 具國外採購工作經驗。 5. 執行長交辦事宜。  條件要求：  1. 學習力佳，主動積極，靈活變通，細心具責任感。  2. 配合度高、高穩定及抗壓性佳。 3. 能獨立完成主管交代事項。
15038895,HR-薪酬福利資深管理師,鴻海集團_昇煒科技有限公司,雙北,新北市,新北市土城區,經營/人資,資訊科技/軟體網路,面議,面議,,,1,0,傳統無AI,無,0,0,0,1,一、職務目的 負責公司外幹薪酬、獎金及員工福利相關制度之執行與管理，確保薪酬作業之正確性、即時性、法令遵循及內部公平性；並透過人事成本、薪酬結構及市場薪資資料分析，提供主管薪酬決策所需資訊，持續優化公司整體薪酬福利制度與作業流程。  二、主要工作職責 1. 薪資與獎酬作業管理 •	執行每月薪資計算、資料檢核及薪資發放相關作業。 •	管理固定薪、津貼、加班費、獎金及其他薪酬項目之計算與異動。 •	執行年度調薪、晉升調薪及其他薪資調整作業。 •	協助年度績效獎金、分紅及其他激勵獎酬之試算、彙整與核發。 •	建立薪酬資料覆核及異常檢核機制，確保薪資資料正確性。  2. 薪酬制度與市場分析 •	協助薪
15360178,Yamaha_音樂系統課程教學指導專員,YAMAHA_台灣山葉音樂股份有限公司,雙北,新北市,新北市板橋區,經營/人資,文教/補教培訓,面議,面議,,,1,0,傳統無AI,無,0,1,0,0,1.Yamaha系統課程推廣與教學指導。 2.音樂講師能力提升培訓及研修安排。 3.音樂普及活動企劃與執行。 4.音樂檢定業務推廣。 5.主管交辦事項。 *此職位所需為音樂專才，如具公司認可之專業資格者，專業津貼另計*  有意應徵者，請備中.英文自傳與履歷自104人力銀行投遞履歷。
15319664,宿舍管理服務人員,銓泓國際開發有限公司,雙北,新北市,新北市土城區,經營/人資,其他服務/工商貿易,30000~35000 (period=6),月薪,30000,35000,0,0,傳統無AI,無,0,0,0,0,1 處理一般性事務以及雜事處理 2 協助尋找宿舍 3 統計控管宿舍人數 4 定期檢查宿舍環境整潔 5 基本設備維修、陪同維修人員到場監督 6 監督及參與宿舍設備之清潔、修理及維護 7 設備財產控管回報承辦人員 8 租約到期續約之動作 9 具水電基本概念尤佳 10 主管交辦事項
14317121,人資專員(新莊),裕源紡織股份有限公司,雙北,新北市,新北市新莊區,經營/人資,傳統製造/精密工業,38000~45000 (period=4),月薪,38000,45000,0,0,傳統無AI,無,0,0,0,0,1.招募與人才管理 與營業單位用人主管合作，釐清職務需求並撰寫招募職缺說明（JD） 執行招募流程（履歷篩選、面談安排、錄用通知、報到流程等） 協助規劃與優化新人 onboarding 與試用期追蹤機制 協助處理員工關係相關議題，維持良好組織溝通  2.績效與人才發展 協助營業單位執行年度與季度績效考核流程（KPI制度） 協助人才發展與晉升相關制度推動 彙整績效與人才資料，提供主管決策參考  3.人資資料與制度管理 定期進行人力資料整理與分析 維護 HR 相關制度文件、SOP與作業流程 負責基本人事行政作業與系統資料維護  4.組織與專案支援 協助年度人力盤點與人力預算規劃 參與 HR 制度優化
14886876,總公司-人資助理,台灣新南向留遊學代辦有限公司,雙北,新北市,新北市板橋區,經營/人資,其他服務/工商貿易,34000~38000 (period=0),月薪,34000,38000,0,0,傳統無AI,無,0,0,0,0,【工作內容】 1.文書處理 2.一般會計帳務處理 3.薪酬作業 4.各項報表分析 5.主管交辦事項  【工作條件】 1.有經驗者佳（無經驗願意學習也歡迎）。 2.具備基本的文書處理能力。 3.需細心、耐心與數據分析能力。 4.具團隊合作精神及跨部門溝通協調能力  【福利制度】 1.獎金及禮品：生日禮金、年終獎金、三節禮品 2.餐飲福利：咖啡機、零食櫃 3.娛樂福利：不定期員工聚餐、國內旅遊、國外旅遊、尾牙 4.補助福利：育兒津貼
15236758,人資專員/資深專員,板橋凱撒大飯店_大盟開發股份有限公司新板分公司,雙北,新北市,新北市板橋區,經營/人資,其他服務/工商貿易,34000~9999999 (period=2),月薪,34000,34000,0,0,傳統無AI,無,0,0,0,0,1. 執行招募/任用相關作業。 2.人資行政與檔案管理協助 3.員工溝通、問題處理與即刻回報 4.活動與人資專案策劃執行 5.職場安全與環境維護  6.物資庫存控管 7.主管交辦事項。
14185571,CAFEIN KPLUS林口旗艦店咖啡師/值班/店務,KPLUS SPORTS_楷加有限公司,雙北,新北市,新北市林口區,經營/人資,其他服務/工商貿易,35000~40000 (period=2),月薪,35000,40000,0,0,傳統無AI,無,0,0,0,0,單⾞ x 咖啡跨界聯名 — 林⼝⾸間「單⾞主題咖啡店」 CAFE !N KPLUS實現單車咖啡人的生活理想目標  打造新世代餐飲業文化！重新定義餐飲工作的價值與節奏，建立更穩定的團隊文化。 比起長時間硬撐，我們更重視效率、制度、團隊合作與工作品質。 希望每位夥伴都能在被尊重的環境中穩定成長、長期發展。 ◆ 以更好的條件對待優秀夥伴，提供優於同業的薪資待遇 ◆ 拒絕高工時！每個班次固定工時8小時+1小時休息 ◆ 不鼓勵加班文化，希望夥伴能在工作與生活之間取得平衡 ◆ 提供符合勞基法＆優於勞基法的完整保障 ◆ 夥伴的努力都值得被鼓勵！各種激勵制度：榮譽假、假日津貼、業績達標獎金、五星評論獎金等  
15180164,醫療業務專員,貝殼生技股份有限公司,雙北,新北市,新北市中和區,經營/人資,生技/醫療保健,45000~9999999 (period=0),月薪,45000,45000,0,0,傳統無AI,無,0,0,0,0, 【工作內容】  1. 開發醫院、睡眠中心及相關醫療通路合作機會。 2. 維繫醫師、醫療單位及院內窗口關係。 3. 推動 OSA 睡眠醫療產品於臨床端之導入與使用。 4. 協助規劃醫師教育訓練、產品說明及臨床推廣活動。 5. 參與醫學會、醫療展覽及相關學術活動。 6. 蒐集市場資訊、競品動態與臨床需求回饋。 7. 協助客戶問題處理及跨部門溝通協調。 8. 定期回報市場開發進度及業務銷售狀況。 9. 執行主管交辦事項及專案推動。  ＊公司提供完成市場/產品教育訓練，獎⾦制度及職涯升遷規劃  
13559556,行政主管助理,家族寶貝游學館,雙北,新北市,新北市三重區,經營/人資,其他服務/工商貿易,35000~50000 (period=4),月薪,35000,50000,0,0,傳統無AI,無,0,0,0,0,1.負責管理課程規劃，行政處理 2.主管交辦事項 3.願意學習的上進心，找到自我價值 4.刻苦耐勞 5.需要有自我責任感很強，偶爾六日會需要出差 6.熟悉TTQS佳
14885961,台北捷運保全督導,信實公寓大廈管理維護股份有限公司,雙北,新北市,新北市三重區,經營/人資,其他服務/工商貿易,60800~72960 (period=3),月薪,60800,72960,0,0,傳統無AI,無,0,0,0,0,1. 人員調度與管理 2. 瞭解案場需求、溝通協調 3. 工作態度積極、勇於表達 4. 諳電腦，有基本文書處理能力 5. 緊急狀況支援與處理  ※任職前需取得捷運承商證資格，由人員自行決定是否參訓並自付報名費用。 ※需具有丙種職業安全衛生業務主管證照
14506606,人資專員(台北總公司),力通國際開發股份有限公司,雙北,新北市,新北市林口區,經營/人資,生技/醫療保健,35000~42000 (period=2),月薪,35000,42000,0,0,傳統無AI,無,0,0,0,0,本職務為公司人力資源單位的重要樞紐，負責落實各項人資日常營運。我們正在尋找喜愛與人互動、在變動中展現彈性與韌性，且渴望在穩定發展的企業中展現才華的夥伴。若您樂於學習、勇於挑戰多元的人資領域，歡迎加入我們，與公司一同成長！  【主要職責】 -全方位人才招募：執行人才招募與甄選流程，為公司進用優秀夥伴。 -員工旅程管理：承辦同仁由到職至離職的全週期作業，優化員工體驗。 -同仁關懷與福利：負責員工健康管理（臨場健康服務與年度健檢）、制服管理及各項福利措施之推動。 -專案執行與行政：申請政府補助方案、規劃與執行公司各類活動。 -數據與報表管理：產出人力資源相關紀錄與分析報表，並協助主管交辦之專案任務。
15159776,北區總部運營管理專員,遼寧來碗粥商行,雙北,新北市,新北市新莊區,經營/人資,其他服務/工商貿易,50000~9999999 (period=0),月薪,50000,50000,0,0,傳統無AI,無,0,0,0,0,1.協助北區(台北市、新北市)門市進行安全，品質，清潔各項目現場稽核 2.協助部門內相關事宜及主管交辦事項。 3.完成臨時交辦事項。 4.協助品牌運營 5.有經驗者佳薪水可另洽 
14810142,新北市板橋區 總部人事行政專員(大學畢業、有實際公司人事行政經驗。沒有請勿投履歷),私立大牛津文理技藝短期補習班,雙北,新北市,新北市板橋區,經營/人資,生技/醫療保健,面議,面議,,,1,0,傳統無AI,無,0,0,0,0,一.老闆要求： 1.大學畢業、有實際公司人事行政經驗。沒有請勿投履歷。 2.這個工作範圍：主要是公司所屬新北市板橋區、土城區的幼兒園及補習班。要會騎機車。 3.這個工作要和幼兒、國小孩童接觸，厭童的人不太適合。 4.要有接待能力、親切大方，能確實執行董事長交代的事情。  二.平日工作說明： 1.招募與任用配置 (1)職缺維護： 管理各大求職管道之職缺刊登、下架與更新。 (2)履歷篩選： 進行初步履歷審查、邀約求職者並安排面試行程。 (3)報到作業： 準備新進員工報到資料、設定系統帳號、引導新人訓練。 (4)離職留才： 協助辦理離職手續、收回公司資產，並進行初階離職訪談。  2.薪酬福利與考勤管
15340815,營運管理專員,台灣銀谷有限公司,雙北,新北市,新北市三重區,經營/人資,電子商務/數位零售,38000~45000 (period=6),月薪,38000,45000,0,0,傳統無AI,無,0,0,0,0,這是一個結合「人才招募 × 零售營運支援 × 行政管理」的多元職務，不僅參與人才招募流程，也能深入了解門市營運與品牌管理，適合喜歡與人互動、具協調能力，並希望累積人資與營運實務經驗的人才。  【工作內容】 一、營運部門行政與門市支援 1.協助營運部門與銷售人員之間的溝通、聯繫與事項追蹤。 2.彙整門市排班資料並進行初步檢核。 3.協助門市專櫃盤點資料、報表彙整及營運數據整理。 4.協助各項活動之公告、執行設定及相關行政作業。 5.負責營運備品、Demo品及相關物資準備與管理。 6.展店、移店、關店等專案之人力排班與行政作業。 7.門市／專櫃零用金資料審核及相關行政作業。 8.門市／專櫃軟硬體設
13512179,主管助理,出雲藥局,雙北,新北市,新北市三重區,經營/人資,生技/醫療保健,面議,面議,,,1,0,傳統無AI,無,0,0,0,0,工作內容： 1. 協助安排及規劃主管行程。 2. 協助主管文件整理。 3. 協助主管各項業務進度追蹤、相關人員聯絡與工作分派。 4. 工作地點可彈性，但偶需陪同主管外出開會、督考。 5. 需與醫院、藥局、公會、廠商不同團隊人員接觸，需要良好溝通能力。 需求： 1. 個性細心、負責、善於溝通 2. 具備使用Microsoft Word、Excel、Powerpoint及Google相關功能處理能力。 3. 非必要條件，但具備粗略醫務管理、NGO管理、資訊處理相關知識佳。 4. 非必要條件，但具汽車駕照佳。
15207713,行政人員【訓練組】,LA NEW_老牛皮國際股份有限公司,雙北,新北市,新北市汐止區,經營/人資,電子商務/數位零售,32000~37000 (period=0),月薪,32000,37000,0,0,傳統無AI,無,0,0,0,0,1.產品說明書與教材製作。 2.課程行政作業規劃執行。 3.訓練手冊與書面資料維護。 4.門市店務運作查核及追蹤。 5.其它主管交辦事項。  
4297097,行政後援人員,雲陽科技有限公司,雙北,新北市,新北市中和區,經營/人資,生技/醫療保健,35000~45000 (period=2),月薪,35000,45000,0,0,傳統無AI,無,0,0,0,1,1.負責一般文書資料處理工作。  2.維護、更新、管理各類文件檔案（如：合約、會議記錄、書目資料、活動文件）和資料庫系統。  3.完成工作時程表，管理行事曆，並負責會議協調與安排。  4.準備會議議程，參與會議並撰寫會議記錄。  5.負責費用預估、控管及報表製作。  藥廠原料 食品微生物 安全 檢測儀器 拉曼光譜儀 和銀奈米表面電漿共振晶片 磁珠抗原抗體法  86年1月   經濟部 登記成立  本公司從事開發 分子螢光 拉曼光譜儀、氙氣燈源、 LED、TFT-LCD面板亮度色彩分析和協助客戶開發光學自動化系統，已經20年，客戶市場廣泛，橫向科系聯結技術很多。年營業額 1 億。  94年9月，開
15406458,資深教育訓練專員,居家先生股份有限公司,雙北,新北市,新北市新莊區,經營/人資,電子商務/數位零售,面議,面議,,,1,0,傳統無AI,無,0,0,0,0,1.年度訓練需求調查與訓練計畫規劃（含新人訓練及職能訓練課程設計） 2.訓練成效評估，例如滿意度、學習成果、行為轉換 3.門市儲備幹部或店長培訓的發展路徑規劃 4.政府訓練補助申請（勞動部補助方案如：青年就業旗艦計畫） 5.參與績效考核流程推動
15082061,行政助理,拓創科技股份有限公司,雙北,新北市,新北市土城區,經營/人資,資訊科技/軟體網路,面議,面議,,,1,0,傳統無AI,無,0,0,0,0,1. 負責主管行程安排和庶務處理 2. 辦理核銷事宜 3. 負責會議安排 4. 支援經管部門業務 5.追蹤主管交辦事項進度
15229090,【中和高級社區生活秘書徵才】綜管一處,良福保全股份有限公司,雙北,新北市,新北市中和區,經營/人資,其他服務/工商貿易,41000~9999999 (period=0),月薪,41000,41000,0,0,傳統無AI,無,0,0,0,0,社區秘書的職責包括：協助社區總幹事完成社區管理事務、公設管理、郵件包裹處理、社區行政庶務處理、住戶諮商櫃檯服務、管理費收繳與登記、會議安排及記錄、協助住戶設備報修、財務報表製作、發布公告、公共區域簡易清潔等。  社區秘書是一個重要的職位，負責協助社區管理事務，並維護住戶的生活品質。這個職位有著良好的發展前景，可以學習到豐富的社區管理經驗，並提升自己的行政能力和人際交往能力。 如果您符合以上要求，請盡快投遞您的履歷表，我們期待您的加入！
14415591,董事長 總經理助理,科普科技股份有限公司,雙北,新北市,新北市新莊區,經營/人資,傳統製造/精密工業,面議,面議,,,1,0,傳統無AI,無,0,0,0,0,董事長 總經理交辦事項  尋求高階人才  制定公司管理制度  跟催進度  協助高階主管進行跨部門、跨廠間的溝通協調與會議召集 - 執行公司之決議事項及各項專案 - 負責重要客戶來訪接待及回函處理  本職位是公司高層管理團隊的重要支援角色，負責協助高階主管進行跨部門、跨廠間的溝通協調與會議召集、執行公司之決議事項及各項專案，以及重要客戶來訪接待及回函處理。擁有此職位將有機會參與公司重要決策，並成為公司發展的重要推手。 歡迎符合資格的人士加入我們的團隊，並對此職位表達您的興趣和熱情。
15379410,儲備店長,甘樂文創志業股份有限公司,雙北,新北市,新北市三峽區,經營/人資,電子商務/數位零售,35000~45000 (period=3),月薪,35000,45000,0,0,傳統無AI,無,0,0,0,0,因應未來大台北地區展店規劃，我們正在尋找具門市／餐飲服務經驗，並有意朝店長及營運管理發展的夥伴。 如果你喜歡與人互動、具備現場營運經驗，也希望下一步能累積帶人與門市管理能力，歡迎加入我們的儲備店長培訓行列！  1.	負責門市日常營運、顧客服務及現場管理。 2.	執行商品銷售、陳列、庫存盤點及進銷存管理。 3.	協助人員排班、工作分配、新人帶訓及團隊管理。 4.	處理門市現場狀況、顧客需求及客訴問題。 5.	協助追蹤門市業績、成本及各項營運目標。 6.	落實公司營運流程、服務品質及品牌標準。 7.	配合儲備店長培訓，逐步熟悉門市完整營運及管理工作。 8.	配合未來大台北地區展店計畫，參與新店籌備
15145306,車隊客服調度主管,振生有限公司,雙北,新北市,新北市板橋區,經營/人資,傳統製造/精密工業,46800~9999999 (period=0),月薪,46800,46800,0,0,傳統無AI,無,0,0,0,0,薪資依經驗及經歷，面議  車隊調度主管 需具備能力: 車趟調度邏輯、人員管理能力及解決問題的應變力。 此職位需具備基層作業熟練度（如車趟排程、車輛管理）與未來管理潛力，重點在於溝通與抗壓。  必備技能：  車隊調度（安排車趟）需結合判斷力、溝通能力和系統化思維的工作，不只是排車而已。要把車趟安排順暢。  需要具備以下幾個關鍵條件：  一、基本條件與資訊掌握  * 車輛狀況：每台車是否可用、維修狀態 * 駕駛資訊：司機的班表、工時及能力限制、熟悉路線 * 訂單需求：出發地、目的地、時間要求、服務類型 * 路況與距離：交通狀況、尖峰時段、替代調整   二、核心能力  1. 即時應變能力  * 車輛
14651680,晚班外場組長,錢都日式涮涮鍋新北永和中正店_金棧企業社,雙北,新北市,新北市永和區,經營/人資,文教/補教培訓,50000~50000 (period=4),月薪,50000,50000,0,0,傳統無AI,無,0,0,0,0,工作內容： 1.全方位工作技能-外區服務/內區餐點製作 2.協助主管相關管理工作 3.服務顧客、維護顧客關係、控管餐點品質 4.協助人力調度與配置 5.績效目標達成，超越顧客滿意度。 6.接受公司教育訓練與交辦任務。 7.維護設備及生財器具資源管理，物料盤點、訂貨之控管。 
15384010,(眼科) 視力保健 (Vision Care) 產品PM,科明儀器股份有限公司,雙北,新北市,新北市中和區,經營/人資,生技/醫療保健,面議,面議,,,1,0,傳統無AI,無,0,0,0,0,Detail JD:  - 負責 OK Lens、IPCL、LAL等產品之產品策略、定位及生命週期管理。產品策略、定位、產品生命週期及年度 Business Plan。  - 執行市場／競品／客戶分析，掌握市場趨勢與產品成長機會。  - 負責產品 Launch、GTM strategy、定價及上市後產品管理。  - 與 Sales、Medical、Regulatory、Supply Chain、Finance 及 Global/Regional 團隊跨部門合作，推動產品策略落地。 - 規劃產品行銷、客戶溝通、Sales tools 及相關市場活動。 - 追蹤 Sales、Market Shar
15305760,網拍電商/倉儲管理/儲備幹部（管理職）,奧普拉貿易有限公司,雙北,新北市,新北市樹林區,經營/人資,電子商務/數位零售,35000~45000 (period=0),月薪,35000,45000,0,0,傳統無AI,無,0,0,0,1,※本職位為管理職，需具備執行力與團隊管理能力。 職位：倉管組長（儲備幹部）  【主要工作】 ◆ 電商平台訂單管理、商品整理歸位 ◆ 現場作業流程安排與調度，系統優化能力 ◆ 人員管理與工作分配，現場觀察與回報 ◆ 倉儲空間規劃整理，倉管相關事宜  【適任特質】 ◆ 具備判斷能力，發現問題並調整作業節奏 ◆ 具備基礎管理經驗，能有效分工與督導執行 ◆ 具備基本流程優化與問題分析能力（邏輯） ◆ 有責任感、守時、工作態度積極  【注意事項】 ※工作要求高度自制力，具有責任心 ※具有電商/網拍工作經驗者，將會優先錄用 ※至少須持有「機車」駕駛執照  【公司簡介】 SmartChoice購物中心／司馬
14935902,【總公司】人事薪酬,一条通壽司_誠邦食品股份有限公司,雙北,新北市,新北市新店區,經營/人資,其他服務/工商貿易,面議,面議,,,1,0,傳統無AI,無,0,0,0,0,1. 每月薪資結算，以利薪資準時發放 2. 外籍人士薪資所得申報作業 3. 會計師薪資查帳對接 4. 季獎金、年終獎金計算及發放 
15273834,"儲備幹部- 林口校區 , 僑生歡迎(協辦工作證)",知識樹學苑文理技藝短期補習班_常裕事業股份有限公司,雙北,新北市,新北市林口區,經營/人資,文教/補教培訓,38000~43000 (period=2),月薪,38000,43000,0,0,傳統無AI,無,0,1,0,0,知識樹（K-Tree Academy）是一個快速成長的教育品牌，致力於幫助孩子學得好、也愛上學習。  - 關於這個角色 兩年後，你可能還只是個新人；也可能，已經準備好帶領一間屬於自己的校區。  這是知識樹核心的人才培育計畫。你不會被固定在單一崗位重複兩年，而是先從林口與內湖兩個校區累積經驗，把教學現場、校務營運、招生第一線全部走過一遍——這是知識樹刻意設計的養成路徑，因為真正能獨當一面的管理者，不是靠待得久，是靠看得廣。跨校區的實戰經驗，會讓你比只待過一間校區的人更快建立起完整的判斷力。  兩年期滿、通過考核，你有機會成為知識樹展店計畫中新校區的負責人——親手帶起一間從零開始的校區，而不是接手
14600519,人事總務事務員,大興電線電纜股份有限公司,雙北,新北市,新北市土城區,經營/人資,其他服務/工商貿易,33000~9999999 (period=3),月薪,33000,33000,0,0,傳統無AI,無,0,0,0,0,1. 協助人員招募、任用、離職等人事管理工作； 2. 維護人事系統和相關資料； 3. 協調與支援員工勞健保等福利事宜； 4. 協助行政庶務與文件製作； 5. 完成上級安排的其他相關工作。  
14459987,執行長室專員,峻佳室內裝修設計股份有限公司,雙北,新北市,新北市新莊區,經營/人資,其他服務/工商貿易,45000~9999999 (period=4),月薪,45000,45000,0,0,傳統無AI,無,0,0,0,0,工作內容： 1.設計製作管理報表。 2.整合、協助優化公司管理系統。 3.文書作業資料統整審核與彙整能力。 4.查核專案資料完整性。 5.協助跨部門溝通協調。 6.公司形象、活動照片、文案維護、小編。 7.負責相關會議安排與通知，製作會議記錄並追蹤事項。 8.主管交付事項。
15000275,總經理特助,龍勤實業有限公司,雙北,新北市,新北市新莊區,經營/人資,其他服務/工商貿易,80000~120000 (period=3),月薪,80000,120000,0,0,傳統無AI,無,0,0,0,0,1. 協助總經理制定公司整體策略規劃、年度經營計畫，並進行各階段工作目標之拆解與追蹤。 2. 起草公司各階段之工作總結、正式文件及各項管理制度。 3. 協助總經理對公司日常營運及各職能部門進行管理，並協調各部門之間的合作關係。 4. 追蹤公司經營目標之達成情況，提供分析意見與改善建議。 5. 於公司經營計畫、銷售策略、生產運作、產品研發及品質管理等面向，向總經理提出相關解決方案與建議。 6. 參與並追蹤總經理主持之重要會議、專案研討會與公司營運相關會議之進度與執行情況。 7. 協助總經理推動公司企業文化建設，以及企業中長期策略發展之規劃、佈局與落實。 8. 完成總經理交辦之其他相關事項。
15334838,總管理處副理,Joyfull_台灣珍有福餐飲股份有限公司,雙北,新北市,新北市新莊區,經營/人資,其他服務/工商貿易,55000~65000 (period=0),月薪,55000,65000,0,0,傳統無AI,無,0,0,0,0,【工作內容】  一、制度治理與行政管理 二、文件、公文與印信管理 三、人力資源職務橫跨行政管理、文件治理、ISO、人資及跨部門專案。 
15161612,安全資料簽署人員(新北),一對腳丫有限公司,雙北,新北市,新北市汐止區,經營/人資,電子商務/數位零售,40000~9999999 (period=0),月薪,40000,40000,0,0,傳統無AI,無,0,0,0,0,電商運維 1. 文件整理(市場競品/熱門品項/SOP製作) 2. 產品登錄文件(化妝品登錄/環保局資料登錄/化妝品產品資訊檔案PIF) 3. 工作地點靠近捷運東湖站   【具備特質】 ．工作繁雜，需邏輯思維能力佳 ．有責任感、能獨立作業   工作時間：09:00～18:00（可彈性） 星期一至五，周休二日   公司福利  1.勞健保、勞退提撥 2.團體保險 3.年終獎金 4.公司員工旅遊補貼 5.三節禮品 6.課程福利：在職教育訓練-需要提升的技能可以自己提出申請
15185343,小柑橘(新北新店店)-正職員工$38000~50000,Soba Shinn & 柑橘_張本商事有限公司,雙北,新北市,新北市新店區,經營/人資,其他服務/工商貿易,38000~50000 (period=0),月薪,38000,50000,0,0,傳統無AI,無,0,0,0,0,小柑橘的工作內容 【工作內容】  1.顧客服務與收銀：負責帶位、點餐介紹、跑單送餐、內外場聯繫及結帳工作。  2.餐飲製作與擺盤：協助簡易料理（如煮麵、調飲）、擺盤與品質確認。  3.環境維護與清潔：負責收拾碗盤、清理餐桌及維護環境設備整潔。  4.其他條件：具使命感及責任感，能如期完成交付任務。  【柑橘的未來發展】 打造「台灣拉麵連鎖第一品牌」規劃推出新品牌「小柑橘」主打高CP值拉麵，平均單價約250元，進軍連鎖市場。  【小柑橘受訓與工作地點】 小柑橘新北新店店
14355248,"《月薪43,000元~45,000元》【日商壽司郎】新北板橋新埔店-正職人員★歡迎二度就業、無經驗者★",台灣壽司郎股份有限公司,雙北,新北市,新北市板橋區,經營/人資,文教/補教培訓,41000~43000 (period=0),月薪,41000,43000,0,0,傳統無AI,無,0,0,0,0,"﹌透過美味的壽司，將幸福傳遞下去﹌ うまいすしを、腹一杯。 うまいすしで、心も一杯。  年年調薪、福利最多， 歡迎對餐飲業有熱忱的你！  ⭕獎金福利 【優良表現獎勵】每月最高2,000元，依出勤狀況及個人工作表現綜合判斷，非固定薪資或全勤獎金，公司有權中止或廢除優良勤務津貼 【三節獎金】定額獎金、春酒抽獎活動 【競賽獎金】每月店鋪競賽活動獎金 【介紹獎金】介紹親朋好友入職，期滿可獲得3,000~10,000元獎金 【輪調津貼】配合外縣市輪調者，皆享租屋津貼補助 【其他津貼】結婚生育津貼、喪葬慰問金、生日禮券、生日假、在職進修、年度健檢津貼、員工用餐優惠 【夏、冬季獎金】一年兩次獎金發放（幹部限"
14164121,人事行政專員 | 自動開窗系統,華續科技有限公司,雙北,新北市,新北市土城區,經營/人資,傳統製造/精密工業,35000~38000 (period=3),月薪,35000,38000,0,0,傳統無AI,無,0,0,0,0,1.  維護企業內部人力資源之相關紀錄。 （加退保、員工個人基本資料、工作說明書、出缺勤紀錄與績效評核紀錄等）  2.  規劃與執行人員招募、甄選、任用與教育訓練。  3.  協助設計、管理與執行公司的績效管理系統。 （調薪、獎金、紅利、升遷、調動、留任、資遣或對員工貢獻予以表揚等）  4.  規劃公司的人資發展體系、人力運用的預算，建立與維持公司的薪酬系統與工作規則、管理員工福利制度與方案，並提供人事管理報表。  5. 協助管理並維護更新公司電子以及相關溝通軟體。 (例如Email、Asana、line、Instagram等）  6. 協助庶務性工作，如安排辦公室設備、總務用品、公務車維護依
15385968,董事長袐書,卡爾世達股份有限公司,雙北,新北市,新北市三重區,經營/人資,傳統製造/精密工業,40000~60000 (period=4),月薪,40000,60000,0,0,傳統無AI,無,0,1,1,0,1. 國外採購詢價、訂單處理、廠商聯繫及關係維護。 2. 辦理進出口、報關、船／空運及物流相關作業。 3. 採購成本計算、價格資料整合、ERP作業及付款請款。 4. 中英文商務書信、文件翻譯及跨部門溝通協調。 5. 協助董事長室、董事會／股務及一般日常、行政事務。
15325302,"【月薪50,000-60,000元】 『PRESERVE新莊宏匯門市』 連鎖早午餐品牌｜廚房內場儲備幹部｜月績效＋半年獎金另計(衝刺上市櫃餐飲集團)",Miacucina/Miopane/Dreamers Coffee/Herbivore/PRESERVE_好膳企業股份有限公司,雙北,新北市,新北市新莊區,經營/人資,電子商務/數位零售,50000~60000 (period=4),月薪,50000,60000,0,0,傳統無AI,無,0,0,0,0,   嗨，您好！    很開心有機會向您介紹我們！    我們是一個持續成長、積極拓展的餐飲品牌，穩健耕耘超過十年，與夥伴們一起努力不     懈，事業版圖橫跨餐廳、烘焙、咖啡廳與電商，旗下品牌持續於國內拓點中。    現在的我們，已準備迎接下一個挑戰  「上市櫃」與「海外拓店」的年度目標，正全面啟動！    我們相信，餐飲與人們的生活息息相關，是一個不受景氣影響、穩定且持續成長的產業。    這不只是短期工作，而是一條值得投入、走得長遠的職涯道路。     在這裡，努力一定被看見，成長一定有舞台，   一起把餐飲做到更有趣、更有未來，    把熱愛的工作，變成一輩子的事業！  【具備性格條件
15390235,業務策略夥伴暨經營管理幕僚,杏澤科技股份有限公司,雙北,新北市,新北市三重區,經營/人資,生技/醫療保健,面議,面議,,,1,0,傳統無AI,無,0,1,0,0,【主要工作內容】 --業務策略與市場發展-- 1.市場與產業資訊蒐集 2.商業通路開發維護 3.客戶經營與管理 --總經理室經營管理策略夥伴-- 1.經營決策分析支援 2.組織管理與協作   【職位相關】 需具備良好的英文書信與溝通能力 可接受長時間透過 Email、文字與線上方式與海外客戶聯繫 不需陌生開發電話推銷，但需具備客戶關係維護能力 對國際市場、醫療產品與跨國溝通有興趣者佳  【加入團隊】 在這裡，你將與專業團隊共同合作，參與產品推向國際市場的過程。我們重視每位夥伴的成長與想法，鼓勵主動學習、持續優化流程，以及發揮個人專長。 你不只是協助客戶完成交易，更是協助全球客戶理解產品價值、建
12142893,【人力資源室】人力資源人員(醫師招募),衛生福利部雙和醫院(委託臺北醫學大學興建經營),雙北,新北市,新北市中和區,經營/人資,生技/醫療保健,38700~9999999 (period=0),月薪,38700,38700,0,0,傳統無AI,無,0,0,0,0,(1)  主治醫師/住院醫師招募作業 (2)  外國人聘僱作業 (3)  醫師費系統維護 (4)  每月醫師異動資料管理 (5)  兼任醫師學年度聘任管理 (6)  臨床可執行項目管理 (7)  支援報備資料維護 (8)  授權委員會執行秘書 (9)  協助各類醫院評鑑事宜 (10)其他主管交辦事項  具人力資源或醫療機構相關經驗尤佳、具文書軟體操作能力(Excel、PowerPoint、Word)。  其他條件：個性積極進取、擅長與人溝通、細心負責、抗壓性高、EQ管理良好並可接受工作輪調。
15002841,【正職代招 / 全國前五大集團之關係企業】營運管理師＿201HY,萬寶華企業管理顧問股份有限公司,雙北,新北市,新北市板橋區,經營/人資,生技/醫療保健,50000~75000 (period=6),月薪,50000,75000,0,0,傳統無AI,無,0,1,0,0,【工作內容】  1. 蒐集與回報市場動態資訊，並進行資料彙整與策略分析，以供高階主管制定業務營運計畫。 2. 協助高階主管督導業務部各單位，同時進行改善管理，以確保業務目標之達成。  3. 偕同參與高階會議，紀錄及傳達決議，並追蹤議題進度及執行。 4. 進行跨部門溝通協調，整合各部門資訊並協助執行各項專案，提高公司內部運作效率與部門協作能力。 5. 完成其他相關交辦事項。  【具備條件】 1. 具備組織營運分析及規劃能力、專案管理與時間管理能力、問題解決能力，擅於溝通協調。 2. 熟捻文書處理、資料彙整分析、企劃、報表製作等。 3. 具備高階主管特助經驗或經營管理分析相關工作經驗，工作年資5年
15134418,人資高級專員,三匠科技股份有限公司,雙北,新北市,新北市中和區,經營/人資,傳統製造/精密工業,面議,面議,,,1,0,傳統無AI,無,0,0,0,0,▲招募與任用 -主導人才招募流程，包含人員面談、薪資核定與錄用流程安排 -提高招募曝光率，提升招募效率與精準度 ▲ 績效管理 -執行績效評核制度與年度調薪流程 -優化薪酬與福利制度，提升員工滿意度 ▲  組織管理與人事異動 -負責組織圖維護、人員晉升與異動管理 -協助組織發展與制度調整，支援企業成長需求 ▲ HR系統維護與數據管理 -維護差假、人事、報到與離職等相關系統 -協助出勤管理與報表製作 ▲勞動法規與保險事務 -跟進最新法令，熟悉勞基法 + 團體保險與員工福利相關事務 ▲完成各項主管交辦任務 
13995567,總公司【總裁室】-特別助理,頂呱呱國際股份有限公司,雙北,新北市,新北市五股區,經營/人資,文教/補教培訓,面議,面議,,,1,0,傳統無AI,無,0,0,0,0,一、 專案統籌與推動： 執行並追蹤總裁交辦之各項重要專案，控管專案進度、財務狀態及成效，確保目標如期達成。  二、 跨部門溝通協調： 擔任總裁與各部門間的溝通橋樑，協助跨部門業務協調與資源整合，確保高階決策有效落地。  三、 高階幕僚作業： 參與主管會議並精準記錄決議事項；協助草擬各項營運報告、專案計畫、總結及製作專業商務簡報。  四、 行程與行政管理： 妥善規劃總裁行程與會議，機動配合國內外商務出差；處理專屬行政事務、日常事務提醒與對外聯繫。  五、 前線營運參與： 配合公司發展，不定期進行門市營運查核與前線支援，隨時掌握第一線市場與門市動態。  六、 核心培訓： 為期許特助能深入了解餐飲營
15385511,★日系知名零售品牌|教育訓練專員 (無經驗可、週休二日!)RFS818,藝珂人事顧問股份有限公司,雙北,新北市,新北市板橋區,經營/人資,電子商務/數位零售,36000~40000 (period=0),月薪,36000,40000,0,0,傳統無AI,無,0,0,0,0, 工作內容】 - 公司內部培訓教育部門 - 員工文件建檔與整理(員工學習資料統整與追蹤) - 教育訓練資料(協助資料翻譯、昇格考試及訓練資料準備) - 教育訓練相關工作協助 (學習資源管理、訓練課程支援等) - 其他主管交辦事項(教育研修營運協助) 	 [上班時間] 錄取後至2027/2/26  週一~週五 9:00~18:00  [職位條件] ●具備責任感，謹慎細心 ●學習及溝通能力強，且對人資相關、教育工作有熱情 ●熟EXCEL函數相關操作(vlookup ) ●具備Canva操作技能   	  
13719983,寵物用品門市人員(魚中魚中山店),魚中魚樂活有限公司,雙北,新北市,新北市板橋區,經營/人資,其他服務/工商貿易,33000~50000 (period=0),月薪,33000,50000,0,0,傳統無AI,無,0,0,0,0,1.負責介紹及銷售寵物商品。   2.提供顧客之接待與需求服務。   3.負責商品進貨入庫、銷售管理及庫存管理。   4.負責商品包裝、陳列及促銷品換檔工作。   5.維持店面環境之整潔。   6.有時需要搬運重物。 
14951941,【吾蜂】督核/招商業務 高階主管,吾蜂美味集團(老先覺/潮味決/麵匡匡)_留鮮覺國際股份有限公司,雙北,新北市,新北市三重區,經營/人資,其他服務/工商貿易,80000~9999999 (period=4),月薪,80000,80000,0,0,傳統無AI,無,0,0,0,0,【吾蜂美味餐飲集團】 為國內連鎖餐飲顧問之領導者，旗下擁有： 「老先覺 功夫窯燒鍋」http://www.oldgod.com.tw 「潮味決 湯滷專門店」http://www.ciaowin.com 「麵匡匡 拉麵食堂」https://www.mkkramen.com 於全台各區域皆擁有實體門市，致力於成為國內最專業的連鎖 顧問團隊。  【面試準備】 於面試當天請準備一份過去關於營運業績提升及稽核策略規劃簡報 ＊簡報忌只有文字表達，請附上實際案例佐證 ＊請於面試前一天寄到wbhr@wubegroup.com ，並註明應徵職務＋姓名  【職位概述】 本職位為集團品牌事業處最高主管（BU Hea
8061393,儲備幹部,全港通航業股份有限公司,雙北,新北市,新北市新莊區,經營/人資,其他服務/工商貿易,45000~65000 (period=0),月薪,45000,65000,0,0,傳統無AI,無,0,0,0,0,1. 辦理規畫公司各項管理制度及執行。  2. 推展公司船舶業務。  3. 熟悉公司經營模式及各部門例行事務及運作。 4. 熟悉公司財務及管理報表，預估各專案成本，並擬定預算。 5. 參與接船與造船相關計畫，擬定專案的規劃、執行與追蹤檢討 6. 負責管理營運之船舶及船員人事，與相關行政作業。 7. 熟悉船舶營運管理及辦理船舶法規之蒐集、研議及通報。 8. 完成總經理交辦事項 9. 有志於歷練後從事公司管理階層職務。   
14729328,[行政]人力資源處/助理管理師,醫療財團法人徐元智先生醫藥基金會亞東紀念醫院,雙北,新北市,新北市板橋區,經營/人資,生技/醫療保健,36000~41000 (period=0),月薪,36000,41000,0,0,傳統無AI,無,0,0,0,0,1. 非醫師人員招募及報到作業 2. 證照、執照與醫事憑證管理 3. 人事資料分析與統計 4.人事相關委員會參與及專案執行 5. 其他主管交辦事項  ◆需具能力：熟悉或曾使用Tableau或BI分析工具者尤佳 
11037697,代書助理 或代書儲備幹部【週休二日 享勞健保】,久大地政士聯合事務所,雙北,新北市,新北市新莊區,經營/人資,其他服務/工商貿易,29500~38000 (period=0),月薪,29500,38000,0,0,傳統無AI,無,0,0,0,0,【工作內容】 1. 一般文書Word、Excel、PPT資料處理，協助處理庶務性行政工作。 2. 不動產產權移轉 3. 維護、更新、管理各類文件檔案（如：合約、會議記錄、書目資料）和資料庫系統。 4. 負責電話接聽、收件及寄件。 5. 接待訪客、茶水準備、訂購餐點。 6. 辦公室環境與設備的整潔、維護。 7. 外出洽公(自備機車)。 8. 其他主管交辦事項或部門業務支援。 9. 負責任感、肯學習、個性細心、積極、活潑。  【上班時間】 日班8:30~17:30(午休1小時) 
13830559,圖書資料編目專員-儲備幹部,年豐企業有限公司,雙北,新北市,新北市深坑區,經營/人資,傳統製造/精密工業,32000~35000 (period=0),月薪,32000,35000,0,0,傳統無AI,無,0,1,0,0,// 工作內容 //  本職務主要負責 圖書資料分類、編目建檔與書目資料整理，透過專業的圖書資訊知識，建立完整且高品質的館藏資料。  我們希望找到 細心、邏輯清晰、願意精進專業能力的夥伴。 如果你對圖書資訊產業有熱情，並希望在實務專案中累積經驗、未來朝 專案管理或圖書資訊專業人才 發展，這個職位會非常適合你。  工作內容包含：  圖書分類與書目編目建檔 MARC資料整理與系統建檔 協助各類圖書館專案資料處理 與團隊合作完成圖書館專案任務 本工作需要 高度專注力與細心度，同時也需要良好的時間管理與責任感。  // 條件要求 //  中英文打字速度佳 圖書資訊學系或文學相關科系畢業尤佳 曾在 圖書
14365765,蘆洲三民運動中心(籌備中) - 泳池組長,舞動陽光股份有限公司,雙北,新北市,新北市蘆洲區,經營/人資,其他服務/工商貿易,42000~9999999 (period=0),月薪,42000,42000,0,0,傳統無AI,無,0,0,0,0,1. 水質/水溫掌控、設備操作 2. 現場安全管理 3. 泳池周邊清潔 4. 協助場館年度活動執行與籌備 5. 救生員及游泳教練管理 6. 協助場館招生業務開發 7. 完成主管交辦事項
13810918,高階作業員(儲備幹部),利得創新寵物食品股份有限公司,雙北,新北市,新北市鶯歌區,經營/人資,傳統製造/精密工業,33000~38000 (period=0),月薪,33000,38000,0,0,傳統無AI,無,0,0,0,0,"1.依每日排程,完成既定進度 2.熟悉產品製程及機台操作或學習能力佳可訓練 3.管理責任區內的人事物,若具帶線經驗一年以上者尤佳 4.完成上級交付工作 5. 規劃生產計劃排程、表單製作 6.可配合公司需求加班 7. 配合度高 8.反應迅捷"
15383976,行政專員（會開車優先）,禮頓企業有限公司,雙北,新北市,新北市三峽區,經營/人資,其他服務/工商貿易,37000~45000 (period=0),月薪,37000,45000,0,0,傳統無AI,無,0,0,0,0,1.負責一般文書資料處理 2.辦理核銷事宜 3.業務協商、洽公 4.收發公文並處理會簽文件 5.主要配合停車管理業務、停車場前期設置 6.須配合輪值班（11-21：00）輪待機每周1~2日，每周排休2日 7.主管交辦事項 需會開車（有公務車）自備機車
15401971,通路開發主管,亞博實業股份有限公司,雙北,新北市,新北市三重區,經營/人資,生技/醫療保健,面議,面議,,,1,0,傳統無AI,無,0,0,0,0,1. IVI藥品、醫療器材產品策略規劃與通路行銷活動計畫與執行 2. 市場開發、產品訓練、Seminar及客戶拜訪 3. 原廠與跨部門溝通協調 4. 定期報告與主管交辦事項    
15056465,人事專員(新北),詮達綠能科技有限公司,雙北,新北市,新北市土城區,經營/人資,資訊科技/軟體網路,面議,面議,,,1,0,傳統無AI,無,0,0,0,0,1.維護企業內部人力資源之相關紀錄（如：員工個人基本資料、工作說明書、職務輪調紀錄、出缺勤紀錄與績效評核紀錄等）。 2.規劃與執行人員招募、甄選與任用，以解決公司的人力需求問題。 3.設計、管理與執行公司的績效管理系統，並運用績效評核結果，提供管理上決策之參考（如：調薪、獎金、紅利、升遷、調動、留任、資遣或對員工貢獻予以表揚等）。 4.規劃人力運用的預算，建立與維持公司的薪酬系統與工作規則、管理員工福利制度與退休金方案，並提供人事管理報表（如：工時規劃、出勤管理等）。 5.規劃公司的訓練發展體系，進行訓練與發展之需求分析、規劃、執行與成效評估。
13738901,總經理秘書,榮益科技股份有限公司,雙北,新北市,新北市新店區,經營/人資,資訊科技/軟體網路,面議,面議,,,1,0,傳統無AI,無,0,0,0,0,1. 負責總經理工作行程之規劃安排  2. 整理簽核文件及發送，並負責追蹤執行狀況，隨時掌控進度 3. 總經理差旅安排 4. 總經理費用請款 5. 負責會議安排與通知，製作會議記錄並追蹤處理決議事項 6. 總經理私人行程安排 7. 統整事項報告 8. 接待重要貴賓及文件翻譯 9. 其他總經理交辦事項
