編號,徵才軌道,職缺名稱,企業名稱,工作地點,薪資待遇,最低月薪估算,可點擊核實網址,對應技能標籤,工作內容摘要
1,B2B外銷業務 (中部),國外業務,孚邦企業有限公司,高雄市左營區,"月薪 35,000 至 37,000元",35000,https://www.yes123.com.tw/wk_index/job.asp?p_id=20110211092012_86648914&job_id=20180806095641_35162,英語商務溝通 (流利/精通) / ERP / SAP 企業資源與進銷存 / 海外客戶開發與國際商展參展 / 商務談判、議價與合約審查 / 辦公室高效應用 (Excel/Word/PPT),"徵才說明 職缺更新：星期五  1.國外業務開發2.顧客服務3.訂單報表處理4.產品銷售、推廣5.展覽規劃與執行 薪資待遇： 月薪 35,000 至 37,000元 休假制度： 週休二日 上班日期： 隨 時 上班時段： 08:30~18:00 工作性質： 全職 工作地點： 高雄市左營區富民路321號4"
2,B2B外銷業務 (中部),駐外 國外業務/ 助理,香港商威保運動器材股份有限公司在台辦事處,新北市新莊區,薪資面議(經常性薪資達4萬元含以上),40000,https://www.yes123.com.tw/wk_index/job.asp?p_id=20191030103203_53007734&job_id=20191030105512_20303339,英語商務溝通 (流利/精通) / 海外客戶開發與國際商展參展 / 商務談判、議價與合約審查 / 第二外語 (日文/越語/西語/德語),徵才說明 職缺更新：星期五  1. 負責國外客戶連繫、接待及銷售管理。2. 帶領陸籍業助處理訂單產品的報價、打樣、生產進度追蹤、驗貨、出貨相關事宜。3. 陪同客戶驗貨、驗廠。4. 客訴抱怨及異常處理。5. 參展工作。6. 有運動用品、箱、包之傳產相關經驗者佳 7. 可接受長期外派，地點面議。 薪資待
3,B2B外銷業務 (中部),國貿業務/國外業務/外銷業務(免加班/奬金),瑞利鑽石工業有限公司,新北市五股區,"月薪 35,000元以上",35000,https://www.yes123.com.tw/wk_index/job.asp?p_id=20130313101123_16053782&job_id=20240826173505_47416450,英語商務溝通 (流利/精通) / ERP / SAP 企業資源與進銷存 / 海外客戶開發與國際商展參展 / 商務談判、議價與合約審查 / 第二外語 (日文/越語/西語/德語) / 辦公室高效應用 (Excel/Word/PPT),徵才說明 職缺更新：星期五  *****請先投履歷後等待面試通知，請勿不預約就自行前來面試**********面試請自備履歷*****【條件】1. 願意溝通2. 細心3. 英文能力中等以上【工作及工時資訊】1. 上班時間： 週一至週五 早上8點30至下午5點30分2. 絕不加班3. 每日工時8小時【
4,B2B外銷業務 (中部),國外業務(業務行銷人員)-具美工.電腦相關經驗者佳,和美國際企業有限公司,全台灣,"月薪 29,500元以上",29500,https://www.yes123.com.tw/wk_index/job.asp?p_id=4673839_28288068&job_id=20260223101740_2162742,第二外語 (日文/越語/西語/德語),"徵才說明 職缺更新：星期五  業務開發.行銷人員 (附照片)(兼職人員.工讀生.按件計酬.具經驗)~薪資依個人相關經驗而調整 面試可以詳談~ 薪資待遇： 月薪 29,500元以上 休假制度： 依公司規定 上班時段： 依公司規定 工作性質： 全職 工作地點： 東南亞越南或屏東 職務類別： 國外業務 需"
5,B2B外銷業務 (中部),國外開發業務 英語精通(歡迎來電預約面試：047578399),貿林興業有限公司,彰化縣和美鎮,"月薪 38,000元以上",38000,https://www.yes123.com.tw/wk_index/job.asp?p_id=1628185_25004088&job_id=20220719111906_27409515,英語商務溝通 (流利/精通) / 辦公室高效應用 (Excel/Word/PPT),徵才說明 職缺更新：星期五  1.分析產業、整合市場資訊，開發國外戰略合作夥伴(具市場開發經驗佳)2.商品行銷規劃3.維繫現有客戶關係、客戶拜訪、國際資訊蒐集4.國際新市場與新客戶的開發5.售後服務及售後狀況追蹤6.銷售活動協調及溝通7.定期報告銷售進度及市場佔有率，並有效掌握市場及客戶端訊息8.市
6,B2B外銷業務 (中部),業務主管,之樂實業有限公司,彰化縣和美鎮,"月薪 32,000 至 35,000元",32000,https://www.yes123.com.tw/wk_index/job.asp?p_id=20140730122715_22276380&job_id=20260122142451_43733264,英語商務溝通 (流利/精通) / 海外客戶開發與國際商展參展 / 商務談判、議價與合約審查 / 辦公室高效應用 (Excel/Word/PPT),"徵才說明 職缺更新：今天  1.業績目標分配與工作安排2.處理訂單、報表、出貨事宜3.國際新市場與新客戶的開發4.國際性參展活動的規劃與統籌5.國外市場的情報蒐集，依市場變化調整銷售策略6.帶領國外業務人員達成業績目標 薪資待遇： 月薪 32,000 至 35,000元 休假制度： 週休二日 上班日"
7,B2B外銷業務 (中部),外銷業務人員,(ALEX)亞式股份有限公司,新北市板橋區,"月薪 35,000 至 50,000元",35000,https://www.yes123.com.tw/wk_index/job.asp?p_id=20120510163836_22224200&job_id=20160126100904_4279626,英語商務溝通 (流利/精通) / ERP / SAP 企業資源與進銷存 / 海外客戶開發與國際商展參展 / 第二外語 (日文/越語/西語/德語) / 辦公室高效應用 (Excel/Word/PPT),"徵才說明 職缺更新：今天  1.國外業務開發2.顧客服務3.訂單報表處理4.產品銷售、推廣5.展覽執行6.接待客戶 薪資待遇： 月薪 35,000 至 50,000元 休假制度： 週休二日 上班日期： 隨 時 上班時段： 08:00~17:00 工作性質： 全職 工作地點： 新北市板橋區國慶路49巷"
8,B2B外銷業務 (中部),業務助理,關島美寶達(籌備處),台北市中正區,"月薪 30,000 至 40,000元",40000,https://www.yes123.com.tw/wk_index/job.asp?p_id=20260225151710_00433985&job_id=20260312231457_37792713,英語商務溝通 (流利/精通) / 海外數位行銷與流量投放 (GA4/SEO/Meta) / ERP / SAP 企業資源與進銷存 / 海外客戶開發與國際商展參展 / 商務談判、議價與合約審查 / 辦公室高效應用 (Excel/Word/PPT),"徵才說明 職缺更新：星期五  1.國外業務開發2.顧客服務3.訂單報表處理4.產品銷售、推廣5.短視頻文案 薪資待遇： 月薪 30,000 至 40,000元另有獎金 15,000 至 60,000 元 休假制度： 依公司規定 上班日期： 隨 時 上班時段： 10:00~18:00 工作性質： 全職"
9,B2B外銷業務 (中部),國外業務助理,伸豐工具股份有限公司,台中市大甲區,"月薪 30,000 至 32,000元",30000,https://www.yes123.com.tw/wk_index/job.asp?p_id=20180503155347_23719588&job_id=20260320161543_52152173,英語商務溝通 (流利/精通) / 商務談判、議價與合約審查,"徵才說明 職缺更新：昨天  1.協助國外業務人員處理內部流程。2.處理國外訂單、出貨等事務，並建檔和歸檔。3.整理國外業務部門的相關文件及追蹤進度。4.協助處理國外客戶的詢價與報價。5.執行主管與國外業務交辦的事項。6.處理國外業務應收帳款及應付帳款的帳務。 薪資待遇： 月薪 30,000 至 32"
10,B2B外銷業務 (中部),國外業務人員,政秀企業有限公司,台中市大里區,"月薪 45,000 至 80,000元",45000,https://www.yes123.com.tw/wk_index/job.asp?p_id=20120523112152_96882403&job_id=20210902173422_2291017,英語商務溝通 (流利/精通) / ERP / SAP 企業資源與進銷存 / 進出口關務與海空運單據 (L/C/報關) / 海外客戶開發與國際商展參展 / 商務談判、議價與合約審查 / 第二外語 (日文/越語/西語/德語) / 辦公室高效應用 (Excel/Word/PPT),"徵才說明 職缺更新：昨天  1.國外業務開發2.顧客服務3.客戶訂單報表處理4.市場開發與產品銷售、推廣5.展覽規劃與執行6.報關文件製作 薪資待遇： 月薪 45,000 至 80,000元另有獎金 10,000 至 100,000 元另有津貼 10,000 至 50,000 元 休假制度： 依公司"
11,B2B外銷業務 (中部),國貿助理/國外業務助理/外銷業務助理(免加班/獎金),瑞利鑽石工業有限公司,新北市五股區,"月薪 35,000元以上",35000,https://www.yes123.com.tw/wk_index/job.asp?p_id=20130313101123_16053782&job_id=20230621093200_3023631,英語商務溝通 (流利/精通) / 商務談判、議價與合約審查,徵才說明 職缺更新：昨天  *****請先投履歷後等待面試通知，請勿不預約就自行前來面試**********面試請自備履歷*****【條件】1. 願意溝通2. 細心3. 英文能力中等以上【工作及工時資訊】1. 上班時間： 週一至週五 早上8點30至下午5點30分2. 絕不加班3. 每日工時8小時【工
12,B2B外銷業務 (中部),📢📢業務,新九龍精密科技有限公司,桃園市大園區,"月薪 40,000元以上",40000,https://www.yes123.com.tw/wk_index/job.asp?p_id=20150921170851_16861670&job_id=20250520160541_69699774,英語商務溝通 (流利/精通) / 跨境電商平台營運 (Amazon/Alibaba/Shopee) / 第二外語 (日文/越語/西語/德語) / 辦公室高效應用 (Excel/Word/PPT),"徵才說明 職缺更新：今天  廠務跟客戶間的聯繫開發國外業務具五金模具經驗者佳 薪資待遇： 月薪 40,000元以上 休假制度： 週休二日 上班日期： 隨 時 上班時段： 08:00~17:00、白天班 工作性質： 全職 工作地點： 桃園市大園區桃園市大園區中山北280巷19號 職務類別： 電話客服 "
13,B2B外銷業務 (中部),銷售業務/業務人員,皇賓汽車有限公司,台北市北投區,"月薪 30,000 至 300,000元",30000,https://www.yes123.com.tw/wk_index/job.asp?p_id=20210928103541_83612786&job_id=20221007170051_33794240,,"徵才說明 職缺更新：今天  1.產品銷售2.顧客服務3.商品管理4.開發客戶5.接洽業務6.處理訂單 薪資待遇： 月薪 30,000 至 300,000元 休假制度： 依公司規定月休六天 上班時段： 依公司規定、輪班制需輪班 工作性質： 全職 工作地點： 台北市北投區承德路七段375號 職務類別： "
14,B2B外銷業務 (中部),外貿業務專員,孚邦企業有限公司,高雄市左營區,"月薪 34,000 至 37,000元",34000,https://www.yes123.com.tw/wk_index/job.asp?p_id=20110211092012_86648914&job_id=20180806095641_28732,英語商務溝通 (流利/精通) / ERP / SAP 企業資源與進銷存 / 海外客戶開發與國際商展參展 / 商務談判、議價與合約審查 / 辦公室高效應用 (Excel/Word/PPT),"徵才說明 職缺更新：星期五  1.國外業務開發2.顧客服務3.訂單報表處理4.產品銷售、推廣5.展覽規劃與執行 薪資待遇： 月薪 34,000 至 37,000元 休假制度： 週休二日 上班日期： 隨 時 上班時段： 08:30~18:00 工作性質： 全職 工作地點： 高雄市左營區富民路321號4"
15,B2B外銷業務 (中部),業務部-國外業務人員(太平廠),天工精密股份有限公司,台中市太平區,"月薪 35,000元以上",35000,https://www.yes123.com.tw/wk_index/job.asp?p_id=00427_97524263&job_id=20250829143057_33330116,英語商務溝通 (流利/精通) / ERP / SAP 企業資源與進銷存 / 進出口關務與海空運單據 (L/C/報關) / 商務談判、議價與合約審查 / 辦公室高效應用 (Excel/Word/PPT),徵才說明 職缺更新：今天  1. 定期報告銷售進度及市場佔有率2. 針對客戶提出的合約（交易條件、生產流程、產品要求、售後服務）作初步評估，並在必要時尋求其他部門協助，以即時回應客戶需求3. 提供報價確認訂單，以準時出貨4. 提供完善的客製品需求服務（如：包裝），達成客戶需求5. 定期檢視每個客戶的
16,B2B外銷業務 (中部),業務人員(派駐越南),彰洋材料股份有限公司,全台灣,"月薪 35,000 至 68,000元",35000,https://www.yes123.com.tw/wk_index/job.asp?p_id=20150520102638_54525828&job_id=20260505103443_16412618,英語商務溝通 (流利/精通) / 商務談判、議價與合約審查 / 第二外語 (日文/越語/西語/德語),徵才說明 職缺更新：今天  1.負責國外業務接洽，訂單處理與維持客戶關係。2.負責產品報價及產品展示，並處理帳款回收相關事宜。3.開發潛在客戶，拓展國際市場。4.協助專案處理。5.主管交辦事項。*須先於彰化廠進行培訓*(培訓期間無提供宿舍，須自行租賃)【駐外人員福利】每年提供6次返台休假機票(駐海外
17,B2B外銷業務 (中部),國貿業務助理,玖松鞋業有限公司,台中市豐原區,"月薪 35,000 至 50,000元",35000,https://www.yes123.com.tw/wk_index/job.asp?p_id=92067_86577713&job_id=20121123142137_39366753,英語商務溝通 (流利/精通) / 進出口關務與海空運單據 (L/C/報關) / 海外客戶開發與國際商展參展,"徵才說明 職缺更新：星期五  1.國外業務開發, 書信往返2.三角船務流程3.訂單報表處理4.一般文書作業5.需國外出差參展 接待客戶 薪資待遇： 月薪 35,000 至 50,000元 休假制度： 週休二日 上班日期： 立即上班 上班時段： 08:30~17:30 工作性質： 全職 工作地點： 台"
18,B2B外銷業務 (中部),【業務處】國外銷售產品業務專員(歐美線),中勤實業股份有限公司,桃園市龜山區,薪資面議(經常性薪資達4萬元含以上),40000,https://www.yes123.com.tw/wk_index/job.asp?p_id=20090519095744_14939516&job_id=20230606092302_12450776,英語商務溝通 (流利/精通) / ERP / SAP 企業資源與進銷存 / 海外客戶開發與國際商展參展 / 商務談判、議價與合約審查 / 第二外語 (日文/越語/西語/德語) / 辦公室高效應用 (Excel/Word/PPT),徵才說明 職缺更新：今天  1.著重半導體及光電市場推展與開發2.客戶服務、開發市場、提高市場佔有率及現有客戶產品技術研討、出貨溝通、生產協調及相關業務推廣服務。3.規劃國際商展，參與企劃，協調行銷活動（如：展覽、廣告、會議、專案分析）。4.針對客戶提出的合約（交易條件、生產流程、產品要求、售後服務
19,B2B外銷業務 (中部),業務助理,西拓電子有限公司,新北市中和區,"月薪 36,000元以上",36000,https://www.yes123.com.tw/wk_index/job.asp?p_id=20120528155430_70489361&job_id=20120528182151_3025863,英語商務溝通 (流利/精通) / 商務談判、議價與合約審查 / 辦公室高效應用 (Excel/Word/PPT),徵才說明 職缺更新：今天  工作內容:協助處理訂單、詢價與報價等業務相關作業支援出貨安排與交期追蹤，確保流程順暢負責業務文件整理、系統資料建檔與維護協助業務與內部單位溝通，提升執行效率你將獲得：累積完整業務與訂單流程實務經驗與業務、工廠及物流單位協作，培養跨部門能力穩定學習與成長的職涯發展機會 薪資
20,B2B外銷業務 (中部),業務助理,創瑞科技股份有限公司,新北市汐止區,"月薪 29,500 至 39,999元",29500,https://www.yes123.com.tw/wk_index/job.asp?p_id=20110110162921_28165333&job_id=20160427001415_42348272,英語商務溝通 (流利/精通) / ERP / SAP 企業資源與進銷存 / 辦公室高效應用 (Excel/Word/PPT),"徵才說明 職缺更新：昨天  1.客戶資料建檔及關係維護2.業務文件管理與追蹤3.其他主管交辦事項 薪資待遇： 月薪 29,500 至 39,999元 休假制度： 週休二日 上班日期： 一個月內 上班時段： 08:30~17:30 工作性質： 全職 工作地點： 新北市汐止區新台五路一段79號7樓之8 "
21,B2B外銷業務 (中部),業務助理,海陞光電有限公司,桃園市中壢區,"月薪 34,500 至 42,000元",34500,https://www.yes123.com.tw/wk_index/job.asp?p_id=20140206155736_53147806&job_id=20260820105438_31671994,英語商務溝通 (流利/精通) / ERP / SAP 企業資源與進銷存 / 商務談判、議價與合約審查 / 辦公室高效應用 (Excel/Word/PPT),"徵才說明 職缺更新：昨天  1.協助業務銷售的相關行政流程2.處理貨單、訂單，建檔和歸檔3.整理部門的相關文件及追蹤進度4.協助處理客戶的詢價與報價5.執行主管與業務交辦的事項6.處理應收帳款及追踨 薪資待遇： 月薪 34,500 至 42,000元 休假制度： 週休二日 上班時段： 08:30~1"
22,B2B外銷業務 (中部),業務人員(北部),(格菱威Greenway隔熱紙)明鑫有限公司,台北市士林區,"月薪 34,000 至 75,000元",34000,https://www.yes123.com.tw/wk_index/job.asp?p_id=20250717085844_73150271&job_id=20260918134359_14086985,海外客戶開發與國際商展參展 / 商務談判、議價與合約審查,"徵才說明 職缺更新：星期五  薪資待遇：底薪+獎金(業績獎金透明制，業績 KPI 達標→ 獎金月月發放) 1.需有汽車駕照，會開車。 2. 開發客戶，拓展市場,推廣企業品牌。 3. 定期拜訪客戶，維繫穩定客戶關係。 4. 負責產品報價及產品展示，並處理帳款回收相關事宜。 5. 業務推展，傳達及說明公"
23,B2B外銷業務 (中部),業務部-業務行政專員(太平廠),天工精密股份有限公司,台中市太平區,"月薪 35,000 至 38,000元",35000,https://www.yes123.com.tw/wk_index/job.asp?p_id=00427_97524263&job_id=20250829143056_46984029,英語商務溝通 (流利/精通) / ERP / SAP 企業資源與進銷存 / 進出口關務與海空運單據 (L/C/報關) / 辦公室高效應用 (Excel/Word/PPT),徵才說明 職缺更新：今天  1. 處理並追蹤國內外客戶訂單，確保資料準確並建立備份。2. 維護客戶聯繫，回覆 e-mail 並協助確認交貨期。3. 協助出貨文件製作，參與進出口實務流程。4. 每月彙整銷售報表，提供給業務主管參考。5. 協助內部行政作業與跨部門溝通，加快流程推進。※ 三個月試用期滿後
24,B2B外銷業務 (中部),業務專員(派駐越南),彰洋材料股份有限公司,全台灣,薪資面議(經常性薪資達4萬元含以上),40000,https://www.yes123.com.tw/wk_index/job.asp?p_id=20150520102638_54525828&job_id=20260505103444_55667328,英語商務溝通 (流利/精通) / 商務談判、議價與合約審查 / 第二外語 (日文/越語/西語/德語),徵才說明 職缺更新：星期五  1.國外業務接洽，訂單處理與客戶關係維護。2.產品報價並處理帳款回收相關事宜。3.開發潛在客戶、專案處理。4.主管交辦事項。*須先於彰化廠進行培訓*(培訓期間無提供宿舍，須自行租賃)【駐外人員福利】每年提供6次返台休假機票(駐海外廠工作滿52天休9天)。除基本薪資外，另
25,B2B外銷業務 (中部),業務發展部人員（越南）,臺灣力匯有限公司,新北市林口區,薪資面議(經常性薪資達4萬元含以上),40000,https://www.yes123.com.tw/wk_index/job.asp?p_id=20220510115522_53529092&job_id=20220510120711_10431250,英語商務溝通 (流利/精通) / 商務談判、議價與合約審查 / 第二外語 (日文/越語/西語/德語),徵才說明 職缺更新：今天  1.協助越南業務發展。2.既有、潛在客戶良好關係維持。 薪資待遇： 薪資面議(經常性薪資達4萬元含以上) 休假制度： 依公司規定 上班日期： 隨 時 上班時段： 白天班 工作性質： 全職 工作地點： 新北市林口區八德路466號 職務類別： 國外業務、國外業務主管 需求人數
26,B2B外銷業務 (中部),業務專員（台中）,台灣中國旅行社股份有限公司,台中市西區,"月薪 36,000元以上",36000,https://www.yes123.com.tw/wk_index/job.asp?p_id=20100428141741_11921405&job_id=20251114142225_2586395,英語商務溝通 (流利/精通) / ERP / SAP 企業資源與進銷存 / 辦公室高效應用 (Excel/Word/PPT),"徵才說明 職缺更新：昨天  1.產品銷售2.顧客服務3.商品管理4.開發客戶5.接洽業務6.處理訂單具旅行業相關業務經驗(入境或出境皆可) 薪資待遇： 月薪 36,000元以上 休假制度： 週休二日 上班日期： 一個月內 上班時段： 白天班日班 工作性質： 全職 工作地點： 台中市西區公益路383號"
27,B2B外銷業務 (中部),AI 咖啡智販機 助理工程師 (提供年度國外旅遊補助及免費咖啡吧),立璨股份有限公司,新北市汐止區,"月薪 35,000元以上",35000,https://www.yes123.com.tw/wk_index/job.asp?p_id=20120918154407_96964951&job_id=20230526141327_11530564,英語商務溝通 (流利/精通) / ERP / SAP 企業資源與進銷存 / 辦公室高效應用 (Excel/Word/PPT),"徵才說明 職缺更新：昨天  1. @ aicafe 無人咖啡自販機市場設備維護 2. AI 智能全自動咖啡機販賣機，設備安裝及售後維護 2. 全自動咖啡機售後維護 詳細資料: www.leadsunny.com.tw 薪資待遇： 月薪 35,000元以上另有獎金 3,000 至 5,000 元 休假"
28,B2B外銷業務 (中部),設備銷售業務,富爾特有限公司,高雄市前鎮區,"月薪 40,000 至 55,000元",40000,https://www.yes123.com.tw/wk_index/job.asp?p_id=c20240926135057_1745874&job_id=20260608165133_20734394,ERP / SAP 企業資源與進銷存 / 海外客戶開發與國際商展參展 / 商務談判、議價與合約審查 / 辦公室高效應用 (Excel/Word/PPT),"徵才說明 職缺更新：今天  有同行相關經驗尤佳·獎金另計1,開發潛在客户,拓展市場,以達成業績目標。2.定期拜訪客戶,維繫穩定客戶關係。3.負責國內業務接洽及訂單處理。4.負責產品報價及產品展示,並處理收款相關事宣5.負責業務推展,傳達及說明公司各項業務重大訊息、活動及產品。 薪資待遇： 月薪 40"
29,B2B外銷業務 (中部),業務助理,磊興有限公司,新北市淡水區,"月薪 30,000 至 35,000元",30000,https://www.yes123.com.tw/wk_index/job.asp?p_id=20130201160309_12290216&job_id=20130227154854_27503895,英語商務溝通 (流利/精通) / ERP / SAP 企業資源與進銷存 / 辦公室高效應用 (Excel/Word/PPT),"徵才說明 職缺更新：今天  1. 協助業務人員打單、跟單、點收。2. 安排貨運或快遞、協助訂艙及準備出貨文件。3. 處理業務相關之內部行政作業列印及文件歸檔。4. 其他行政及内勤事務。 薪資待遇： 月薪 30,000 至 35,000元 休假制度： 週休二日 上班日期： 隨 時 上班時段： 08:3"
30,B2B外銷業務 (中部),外銷業務助理,(ALEX)亞式股份有限公司,新北市板橋區,"月薪 32,000 至 42,000元",32000,https://www.yes123.com.tw/wk_index/job.asp?p_id=20120510163836_22224200&job_id=20160119161443_10242847,英語商務溝通 (流利/精通) / 商務談判、議價與合約審查,"徵才說明 職缺更新：昨天  1.協助內部業務銷售的相關行政流程2.處理貨單、訂單，建檔和歸檔3.整理部門的相關文件及追蹤進度4.協助處理客戶的詢價與報價5.執行主管與業務交辦的事項6.處理應收帳款及應付帳款的帳務 薪資待遇： 月薪 32,000 至 42,000元 休假制度： 週休二日 上班日期： "
31,B2B外銷業務 (中部),業務助理,昌茂企業股份有限公司,新北市汐止區,"月薪 32,000元以上",32000,https://www.yes123.com.tw/wk_index/job.asp?p_id=20120229171659_04786713&job_id=20120510181236_186635,英語商務溝通 (流利/精通) / ERP / SAP 企業資源與進銷存 / 商務談判、議價與合約審查 / 辦公室高效應用 (Excel/Word/PPT),"徵才說明 職缺更新：昨天  1.協助內部業務銷售的相關行政流程2.處理貨單、訂單，建檔和歸檔3.整理部門的相關文件及追蹤進度4.協助處理客戶的詢價與報價5.執行主管與業務交辦的事項6.處理應收帳款及應付帳款的帳務 薪資待遇： 月薪 32,000元以上 休假制度： 週休二日 上班日期： 隨 時 上班時"
32,B2B外銷業務 (中部),業務助理,彰洋材料股份有限公司,彰化縣彰化市,"月薪 30,000 至 38,000元",30000,https://www.yes123.com.tw/wk_index/job.asp?p_id=20150520102638_54525828&job_id=20260818160738_31498042,英語商務溝通 (流利/精通) / ERP / SAP 企業資源與進銷存 / 辦公室高效應用 (Excel/Word/PPT),"徵才說明 職缺更新：今天  1.負責接洽國內外客⼾之業務.2.樣品型體之開發.3.資料整理與維護.4.主管交辦事項.*年資滿六個月,視公司獲利狀況及個人工作表現,另發放績效獎金.* 薪資待遇： 月薪 30,000 至 38,000元 休假制度： 週休二日 上班時段： 白天班 工作性質： 全職 工作地"
33,B2B外銷業務 (中部),業務專員,海陞光電有限公司,桃園市中壢區,"月薪 35,000 至 55,000元",35000,https://www.yes123.com.tw/wk_index/job.asp?p_id=20140206155736_53147806&job_id=20260820114131_24468549,英語商務溝通 (流利/精通) / 商務談判、議價與合約審查,"徵才說明 職缺更新：昨天  1. 市場開發與開發新客戶2. 客戶關係維護經營3. 技術溝通橋樑4. 客訴協調品質部門處理5. 銷售與訂單管理:報價與談判/業績達標/帳款回收6. 主管交辦事項 薪資待遇： 月薪 35,000 至 55,000元 休假制度： 週休二日 上班時段： 08:30~17:30"
34,B2B外銷業務 (中部),【業務處】國外銷售產品業務專員(日本/東北亞線),中勤實業股份有限公司,桃園市龜山區,薪資面議(經常性薪資達4萬元含以上),40000,https://www.yes123.com.tw/wk_index/job.asp?p_id=20090519095744_14939516&job_id=20230606092303_13081814,英語商務溝通 (流利/精通) / ERP / SAP 企業資源與進銷存 / 進出口關務與海空運單據 (L/C/報關) / 海外客戶開發與國際商展參展 / 商務談判、議價與合約審查 / 第二外語 (日文/越語/西語/德語) / 辦公室高效應用 (Excel/Word/PPT),徵才說明 職缺更新：今天  1.日文翻譯專員，了解產品特色，協助產品推廣計畫擬訂。(In-side sales) 2.銷售的相關行政流程，處理並追蹤客戶訂單、詢價、報價與追蹤應收帳款，並將訂單、詢價、報價與出貨收款時間資料存檔備份。 3.國內外光電、半導體外在市場需求收集及競爭趨勢分析，客戶開發推廣
35,B2B外銷業務 (中部),歐洲業務主管(部級),榮剛材料科技股份有限公司,台南市柳營區,薪資面議(經常性薪資達4萬元含以上),40000,https://www.yes123.com.tw/wk_index/job.asp?p_id=20100914180408_84252697&job_id=20241111091508_45396608,英語商務溝通 (流利/精通) / 跨境電商平台營運 (Amazon/Alibaba/Shopee) / 海外客戶開發與國際商展參展 / 第二外語 (日文/越語/西語/德語),徵才說明 職缺更新：星期三  1. 公司產能擴大之銷售目標達成2. 帶領國外業務人員達到預訂之業績目標，負責客戶維護及開發新客戶3. 持續擴大歐洲市場市佔率，尋找國外策略合作夥伴4. 持續巿場資訊調查收集分析，並做及時之銷售調整5. 國外拜訪客戶，參加國際性展覽並規劃各項事項6. 服務客戶並掌握客戶
36,B2B外銷業務 (中部),業務人員,新九龍精密科技有限公司,桃園市大園區,薪資面議(經常性薪資達4萬元含以上),40000,https://www.yes123.com.tw/wk_index/job.asp?p_id=20150921170851_16861670&job_id=20200417082051_25382599,英語商務溝通 (流利/精通) / 辦公室高效應用 (Excel/Word/PPT),徵才說明 職缺更新：今天  1.蒐集市場情報，訂定並執行產品銷售策略2.定期回報銷售進度、顧客滿意度調查及市場佔有率3.協調參加各類型的行銷活動4.研究分析客戶購買行為，並進行客戶關係管理5.支援客戶服務6.參與新品開發專案7.相關五金模具沖模行業為優 薪資待遇： 薪資面議(經常性薪資達4萬元含以上
37,B2B外銷業務 (中部),業務人員,鉅揚工業股份有限公司,彰化縣芳苑鄉,"月薪 30,000 至 36,000元",30000,https://www.yes123.com.tw/wk_index/job.asp?p_id=20121129141236_86372943&job_id=20260701105102_37284404,英語商務溝通 (流利/精通) / 商務談判、議價與合約審查,"徵才說明 職缺更新：今天  1.開發客戶2.客戶交期回覆3.客戶服務4.處理訂單5.客戶合約及圖面管理6.客訴處理7.客戶滿意度調查 薪資待遇： 月薪 30,000 至 36,000元 休假制度： 週休二日 上班日期： 立即上班 上班時段： 依公司規定 工作性質： 全職 工作地點： 彰化縣芳苑鄉後寮"
38,B2B外銷業務 (中部),國外業務專員(TPU膜),彰洋材料股份有限公司,彰化縣彰化市,"月薪 35,000 至 55,000元",35000,https://www.yes123.com.tw/wk_index/job.asp?p_id=20150520102638_54525828&job_id=20260505103442_10310954,英語商務溝通 (流利/精通) / 海外客戶開發與國際商展參展 / 商務談判、議價與合約審查,"徵才說明 職缺更新：今天  1.負責接洽國外客戶之業務及訂單處理2.確認客戶所需產品規格、並提供報價3.主管交辦事項*年資滿六個月,視公司獲利狀況及個人工作表現,另發放績效獎金***需視主管安排配合至國外出差拜訪客戶，可磨練英文能力與提升視野國外出差可依公司規定申請差旅費津貼** 薪資待遇： 月薪 "
39,B2B外銷業務 (中部),國外業務人員,金合發鋼鐵股份有限公司,台北市萬華區,"月薪 33,000元",33000,https://www.yes123.com.tw/wk_index/job.asp?p_id=20120425112740_15176809&job_id=20250815162004_60784967,進出口關務與海空運單據 (L/C/報關) / 海外客戶開發與國際商展參展 / 商務談判、議價與合約審查,"徵才說明 職缺更新：昨天  1.協助業務主管開發國外廠商及現有客戶之連絡維繫、查核訂單、核對國外客戶商業文件內的請購數量 2.海外客戶電話連絡及書信往來處理，及處理及審查進出口文件內容 3.協助確認產品規格、訪價、安排打樣、供樣、處理詢價、報價等事宜 薪資待遇： 月薪 33,000元 休假制度： 週"
40,B2B外銷業務 (中部),國外部業務助理,昇通國際有限公司,台北市中山區,"月薪 30,000 至 45,000元",30000,https://www.yes123.com.tw/wk_index/job.asp?p_id=20130507152639_89590556&job_id=20160421164226_43647967,英語商務溝通 (流利/精通) / 海外客戶開發與國際商展參展 / 商務談判、議價與合約審查 / 辦公室高效應用 (Excel/Word/PPT),"徵才說明 職缺更新：昨天  1.具備英文聽,說,讀,寫 佳. (有經驗優先錄用)2. 協助主管處李進/出貨事宜3.協助業務人員處理進/出貨事宜。4.協助處理國內/外客戶詢價與報價。 薪資待遇： 月薪 30,000 至 45,000元 休假制度： 週休二日 上班日期： 兩週內 上班時段： 08:45~"
41,B2B外銷業務 (中部),培訓部業務助理（日本）,臺灣力匯有限公司,全台灣,"年薪 400,000 至 500,000元",400000,https://www.yes123.com.tw/wk_index/job.asp?p_id=20220510115522_53529092&job_id=20220510120712_32321018,英語商務溝通 (流利/精通) / 第二外語 (日文/越語/西語/德語) / 辦公室高效應用 (Excel/Word/PPT),徵才說明 職缺更新：今天  培訓配業務助理1.課程與活動規劃安排、執行(活動、課程、招商會、餐會等)\u20282.課程及教育資源統整\u20283.主管交代事項\u20284.無經驗可 / 無需銷售產品\u20285.熟悉 Adobe Premiere 影音剪輯軟體 優先入取\u20286.會使用
42,B2B外銷業務 (中部),【業務助理】,鉅升橡膠有限公司,新北市五股區,"月薪 32,000元",32000,https://www.yes123.com.tw/wk_index/job.asp?p_id=1937786_97361802&job_id=20240604150105_12877023,海外數位行銷與流量投放 (GA4/SEO/Meta) / 海外客戶開發與國際商展參展,"徵才說明 職缺更新：星期五  1. 協助業務人員完成事前文案文件準備與事後業務之行政後勤工作及客戶端之溝通事宜。2. 針對企業、團體或個人，從事商品或服務之國內銷售、業務推廣、產品行銷、客戶維繫、客戶開發等工作。 薪資待遇： 月薪 32,000元 休假制度： 週休二日 上班時段： 依公司規定 工作性"
43,B2B外銷業務 (中部),業務人員,三芳科技有限公司,新北市汐止區,"月薪 40,000元以上",40000,https://www.yes123.com.tw/wk_index/job.asp?p_id=20140430133841_28898028&job_id=20140430183403_16712055,英語商務溝通 (流利/精通) / ERP / SAP 企業資源與進銷存 / 商務談判、議價與合約審查 / 辦公室高效應用 (Excel/Word/PPT),"徵才說明 職缺更新：昨天  1. 既有客戶關係維護，提供報價，協調交期與出貨事宜2. 開發國內外潛在客戶並拓展海外市場3. 定期報告銷售進度及市場佔有率4. 達成公司業績目標 薪資待遇： 月薪 40,000元以上 休假制度： 週休二日 上班日期： 隨 時 上班時段： 09:00~18:00、依公司規"
44,B2B外銷業務 (中部),業務行銷,晶浩國際資產管理股份有限公司(籌備處),台北市中正區,"月薪 33,000元",33000,https://www.yes123.com.tw/wk_index/job.asp?p_id=20221213093659_Y202212012&job_id=20180109155852_34779240,,"徵才說明 職缺更新：昨天  1.諮詢服務2.提供客戶理財規劃諮詢3.開發暨服務現有客戶族群4.銷售金融商品 5.分析投資績效及報表薪優，獎金更優，可面議需會國內外股票、期貨、選擇權、外匯經驗者佳正職/兼職亦可具備實際績效表者佳 薪資待遇： 月薪 33,000元 休假制度： 依公司規定 上班時段： 依"
45,B2B外銷業務 (中部),業務人員~擴大召募~,智偉織造股份有限公司,桃園市中壢區,"月薪 40,000 至 50,000元",40000,https://www.yes123.com.tw/wk_index/job.asp?p_id=8821026_43837747&job_id=20260722094031_72544534,英語商務溝通 (流利/精通) / ERP / SAP 企業資源與進銷存 / 海外客戶開發與國際商展參展 / 辦公室高效應用 (Excel/Word/PPT),"徵才說明 職缺更新：昨天  1.國內外客戶聯繫、拜訪。 2.客戶訂單處理及追蹤。 3.國外參展及展務事宜。 4.開發(國內外)新客戶。 5.業務專案事宜。※另加發業績達標獎金※ 薪資待遇： 月薪 40,000 至 50,000元 休假制度： 週休二日 上班日期： 隨 時 上班時段： 08:00~17"
46,B2B外銷業務 (中部),業務培訓,泉溢電機工廠股份有限公司,台中市南區,"月薪 32,000 至 35,000元",32000,https://www.yes123.com.tw/wk_index/job.asp?p_id=01095_52657203&job_id=20260520092513_16173432,英語商務溝通 (流利/精通) / ERP / SAP 企業資源與進銷存 / 商務談判、議價與合約審查 / 辦公室高效應用 (Excel/Word/PPT),徵才說明 職缺更新：星期五  1. 進行報價、訂單、出貨及追蹤管理。3. 處理相關營業行政業務，包括費用驗收等。4. 年度銷售計劃與修正銷售計劃之彙整提報。5. 進行網路整合行銷策劃、製作節目和文字腳本。6. 客戶關係經營。7. 協調與其他部門之間的相關作業流程。8. 需配合公司業務出勤及過夜。業務
47,B2B外銷業務 (中部),培訓部業務（馬來西亞）,臺灣力匯有限公司,新北市林口區,"年薪 500,000元",500000,https://www.yes123.com.tw/wk_index/job.asp?p_id=20220510115522_53529092&job_id=20220510120712_77609994,英語商務溝通 (流利/精通) / 第二外語 (日文/越語/西語/德語) / 辦公室高效應用 (Excel/Word/PPT),"徵才說明 職缺更新：今天  1.協助馬來西亞業務市場發展2.課程與活動規劃安排、執行(活動、課程、招商會、餐會等)3.培訓課程老師4.其他主管交辦事項5.無經驗可 / 無需銷售產品 / 提供員工宿舍 / 旅遊機會 薪資待遇： 年薪 500,000元 休假制度： 依公司規定 上班日期： 隨 時 上班時"
48,B2B外銷業務 (中部),業務人員,永旭保險經紀人：千萬營業處‧汪春禧,屏東縣萬丹鄉,"薪資按件計酬 0 至 1,000,000元",1000000,https://www.yes123.com.tw/wk_index/job.asp?p_id=c20260601102917_1053583&job_id=20260601122959_9613414,ERP / SAP 企業資源與進銷存 / 辦公室高效應用 (Excel/Word/PPT),徵才說明 職缺更新：星期五  1.針對企業或個人可能面臨的風險，設計、解說及銷售各種不同類型的保險（如：汽機車險、產險、壽險、醫療險、意外險、投資型保險）。3.協助客戶辦理保險理賠、契約變更、地址契約等業務。4.提供各項社會保險諮詢服務。5.指導、協調各項商品的銷售與服務活動。6.開發潛在客戶，拓展
49,B2B外銷業務 (中部),業務助理,廖張行科技有限公司,新北市三重區,"月薪 30,000元以上",30000,https://www.yes123.com.tw/wk_index/job.asp?p_id=20110830103249_09439426&job_id=20140328101905_756971,英語商務溝通 (流利/精通) / ERP / SAP 企業資源與進銷存 / 商務談判、議價與合約審查 / 辦公室高效應用 (Excel/Word/PPT),"徵才說明 職缺更新：星期五  1.協助內部業務銷售的相關行政流程2.處理貨單、訂單，建檔和歸檔3.整理部門的相關文件及追蹤進度4.協助處理客戶的詢價與報價5.執行主管與業務交辦的事項6.處理應收帳款及應付帳款的帳務 薪資待遇： 月薪 30,000元以上 休假制度： 依公司規定 上班日期： 兩週內 上"
50,B2B外銷業務 (中部),業務專員,大僑當舖,台南市永康區,"月薪 29,500 至 70,000元",29500,https://www.yes123.com.tw/wk_index/job.asp?p_id=20161227142321_73624756&job_id=20161227183221_3003046,,徵才說明 職缺更新：星期五  1.積極樂觀、樂於挑戰高額業績獎金2.開發潛在客戶，拓展市場，以達成業績目標。3.定期拜訪經銷客戶，維繫穩定客戶關係。4.處理帳款回收相關事宜。5.負責業務推展，傳達及說明公司各項業務重大訊息、活動及產品。6.提供完整之教育訓練，屬於正職人員編制，非委外或外包或約聘，保
51,B2B外銷業務 (中部),日本培訓部業務人員,臺灣力匯有限公司,全台灣,"年薪 500,000元",500000,https://www.yes123.com.tw/wk_index/job.asp?p_id=20220510115522_53529092&job_id=20220510120712_66807250,英語商務溝通 (流利/精通) / 第二外語 (日文/越語/西語/德語),"徵才說明 職缺更新：今天  1.協助日本業務市場發展2.課程與活動規劃安排、執行(活動、課程、招商會、餐會等)3.培訓課程老師4.其他主管交辦事項5.無經驗可 / 無需銷售產品 / 提供員工宿舍 / 旅遊機會(6.具備日語溝通能力) 薪資待遇： 年薪 500,000元 休假制度： 依公司規定 上班日"
52,B2B外銷業務 (中部),業務人員/業務專員(無經驗可),六順塑膠有限公司,新北市中和區,"月薪 33,000 至 80,000元",33000,https://www.yes123.com.tw/wk_index/job.asp?p_id=20171017102708_23186936&job_id=20260908155415_17129958,ERP / SAP 企業資源與進銷存 / 商務談判、議價與合約審查 / 辦公室高效應用 (Excel/Word/PPT),"徵才說明 職缺更新：今天  1.維護現有客戶與開發潛在客戶，拓展市場，達成公司業績目標2.業務或通路開發, 產品介紹及解說銷售3.業績與管理報表撰寫,業績目標分配與績效達成4.部門內溝通協調，以達成最大效益5.發展策略計畫擬定, 達成年度業績目標【職務條件】 1.職務經驗：無經驗者可2.加分經驗：行"
53,B2B外銷業務 (中部),業務銷售專員,車偉佳有限公司,新北市中和區,"月薪 33,000元以上",33000,https://www.yes123.com.tw/wk_index/job.asp?p_id=20230309113145_90063639&job_id=20230309113612_434411,英語商務溝通 (流利/精通),"徵才說明 職缺更新：昨天  1.公司產品(汽機車診斷儀器)業務推廣、客戶的維繫與產品售後服務2.汽修科畢業者及具有汽修經驗者尤佳3.維修汽機車有興趣者4.協助提供客戶諮詢維修線路圖5.自備車輛6.評估績效另提供獎金津貼 薪資待遇： 月薪 33,000元以上 休假制度： 週休二日 上班日期： 隨 時 "
54,B2B外銷業務 (中部),【Workstation/ Desktop】資深業務專員,英業達股份有限公司,台北市士林區,薪資面議(經常性薪資達4萬元含以上),40000,https://www.yes123.com.tw/wk_index/job.asp?p_id=83151_04322046&job_id=20260220033116_1879200,英語商務溝通 (流利/精通) / 海外客戶開發與國際商展參展 / 商務談判、議價與合約審查,徵才說明 職缺更新：星期五  1. Workstation or traditional desktop產品設計/成本優化及追蹤。2. 跨部門協調： 領導並協調內部團隊（如研發、品保、生產、物流等）進行問題根因分析 (Root Cause Analysis)，確保問題在時效內獲得解決。3. RFQ 
55,B2B外銷業務 (中部),國外業務主管(苗栗竹南-供宿),冠軍建材股份有限公司,苗栗縣竹南鎮,薪資面議(經常性薪資達4萬元含以上),40000,https://www.yes123.com.tw/wk_index/job.asp?p_id=82668_49701774&job_id=20260518120830_2718262,英語商務溝通 (流利/精通) / ERP / SAP 企業資源與進銷存 / 辦公室高效應用 (Excel/Word/PPT),徵才說明 職缺更新：昨天  1. 具開拓各分區(東南亞、東北亞及澳洲)國際市場經驗與參加國際商展等2. 可獨立作業經營區域銷售目標3. 熟悉海外大型零售商開發與陌生拜訪拓展 薪資待遇： 薪資面議(經常性薪資達4萬元含以上) 休假制度： 週休二日 上班日期： 隨 時 上班時段： 白天班 工作性質： 全
56,B2B外銷業務 (中部),儲備業務(派駐越南),彰洋材料股份有限公司,全台灣,薪資面議(經常性薪資達4萬元含以上),40000,https://www.yes123.com.tw/wk_index/job.asp?p_id=20150520102638_54525828&job_id=20260505103443_21385800,英語商務溝通 (流利/精通) / 商務談判、議價與合約審查 / 第二外語 (日文/越語/西語/德語),徵才說明 職缺更新：今天  1.品牌與鞋廠之開發型體掌握與客服2.塑膠/模具與外加工的產業關聯性作業與討論3.溝通協調部門之間的進度與完成主管交付任務*須先於彰化廠進行業務培訓，後續進行出差與外派*(培訓期間無提供宿舍，須自行租賃)【駐外人員福利】每年提供6次返台休假機票(駐海外廠工作滿52天休9天
57,B2B外銷業務 (中部),業務人員(台北),喨堤印刷有限公司,新北市中和區,"月薪 35,000元以上",35000,https://www.yes123.com.tw/wk_index/job.asp?p_id=2164074_27375368&job_id=20130927112539_8544356,英語商務溝通 (流利/精通) / 辦公室高效應用 (Excel/Word/PPT),"徵才說明 職缺更新：星期五  1.熟悉各項熱轉印或者各項印刷2.客戶服務、開發及維持 薪資待遇： 月薪 35,000元以上 休假制度： 週休二日 上班日期： 隨 時 上班時段： 08:30~17:30 工作性質： 全職 工作地點： 新北市中和區員山路502號6樓之7 職務類別： 國內業務、國外業務 "
58,B2B外銷業務 (中部),業務人員(彰化),喨堤印刷有限公司,彰化縣二林鎮,"月薪 35,000元以上",35000,https://www.yes123.com.tw/wk_index/job.asp?p_id=2164074_27375368&job_id=20160509232848_57213,英語商務溝通 (流利/精通) / 辦公室高效應用 (Excel/Word/PPT),"徵才說明 職缺更新：星期五  1.熟悉各項熱轉印或者各項印刷2.客戶服務、開發及維持 薪資待遇： 月薪 35,000元以上 休假制度： 週休二日 上班日期： 隨 時 上班時段： 08:30~17:30、依公司規定、白天班 工作性質： 全職 工作地點： 彰化縣二林鎮萬合里萬原路2-2號 職務類別： 國"
59,B2B外銷業務 (中部),國外業務人員 (AIoT與Ebadge),振邦科技股份有限公司,台北市內湖區,薪資面議(經常性薪資達4萬元含以上),40000,https://www.yes123.com.tw/wk_index/job.asp?p_id=20110216152146_27882081&job_id=20251210085439_55346092,英語商務溝通 (流利/精通) / 海外客戶開發與國際商展參展,徵才說明 職缺更新：昨天  1.國產AI物聯網開發套件推廣與銷售2.佈局國外通路或ODM客戶3.顧客服務與訂單處理4.展覽規劃與執行5.此產品與資策會國產IC計劃合作，有外銷競爭優勢6.AIoT智慧AI Camera產品(https://winstec.com.tw/Page/87)7.E-Badg
60,B2B外銷業務 (中部),業務助理,正康食品有限公司,桃園市新屋區,"月薪 32,000 至 40,000元",40000,https://www.yes123.com.tw/wk_index/job.asp?p_id=20130401165651_22217448&job_id=20260323112539_955146,海外客戶開發與國際商展參展 / 商務談判、議價與合約審查,"徵才說明 職缺更新：星期五  1.現有客戶的接單交期出貨聯繫2.協助新客戶開發報價樣品追蹤3.客戶定期維繫售後問題處理4.參加國內食品展開發新客源5.銷售資料建檔彙整有食品業相關工作經驗薪資可議 薪資待遇： 月薪 32,000 至 40,000元 休假制度： 週休二日 上班日期： 隨 時 上班時段："
61,B2B外銷業務 (中部),業務儲備幹部(派駐越南),彰洋材料股份有限公司,全台灣,薪資面議(經常性薪資達4萬元含以上),40000,https://www.yes123.com.tw/wk_index/job.asp?p_id=20150520102638_54525828&job_id=20260505103444_13087230,英語商務溝通 (流利/精通) / 商務談判、議價與合約審查 / 第二外語 (日文/越語/西語/德語),徵才說明 職缺更新：今天  1.國外市場開發及客戶拜訪。2.模具開發專案之業務及客戶關係維護。3.產品開發及產品報價。4.主管交辦事項*須先於彰化廠進行培訓*(培訓期間無提供宿舍，須自行租賃)【駐外人員福利】每年提供6次返台休假機票(駐海外廠工作滿52天休9天)。視公司營運獲利及個人工作表現發放績效
62,B2B外銷業務 (中部),電競事業部 業務副理,英業達股份有限公司,台北市士林區,薪資面議(經常性薪資達4萬元含以上),40000,https://www.yes123.com.tw/wk_index/job.asp?p_id=83151_04322046&job_id=20260123033119_1470859,英語商務溝通 (流利/精通) / 商務談判、議價與合約審查,徵才說明 職缺更新：星期五  1 客戶問題排解與危機管理 (Trouble Shooting & Communication)第一線溝通窗口： 擔任客戶遭遇產品或服務問題時的主要升級窗口 (Escalation Point)，即時回應並安撫客戶情緒。2. 跨部門協調： 領導並協調內部團隊（如研發、品
63,B2B外銷業務 (中部),國際貿易業務＆行銷人員※意者請直接來電冾,京琳有限公司,桃園市觀音區,薪資面議(經常性薪資達4萬元含以上),40000,https://www.yes123.com.tw/wk_index/job.asp?p_id=9248577_16517066&job_id=20260907162851_6674671,英語商務溝通 (流利/精通) / ERP / SAP 企業資源與進銷存 / 進出口關務與海空運單據 (L/C/報關) / 海外客戶開發與國際商展參展 / 商務談判、議價與合約審查 / 辦公室高效應用 (Excel/Word/PPT),徵才說明 職缺更新：昨天  1.與國外客戶email連絡( 詢價/報價/開發/追朔)2.可開發國外客戶，需國外參展3.具碳鋼鋼材產業業務工作經驗佳4.專科以上學歷，英文能力佳5.3年以上業務或銷售相關經驗。⭕️會依能力調整薪資（另有獎金分紅） 📌 論件/遠端工作亦可 詳電冾📞聯絡人：0935-778
64,B2B外銷業務 (中部),日本當地業務發展部人員,臺灣力匯有限公司,台北市中正區,"年薪 700,000 至 1,000,000元",700000,https://www.yes123.com.tw/wk_index/job.asp?p_id=20220510115522_53529092&job_id=20220510120712_30690732,海外客戶開發與國際商展參展,"徵才說明 職缺更新：今天  ******無需推銷產品******1.協助公司業務發展及客戶關係維持2.發展公司事務相關3.活動規劃安排、執行(活動、課程、招商會、餐會等)4.輔導經銷商組織發展及運作5.其他主管交辦事項<公司協助申請日本就勞工作簽證><提供宿舍> 薪資待遇： 年薪 700,000 至"
65,B2B外銷業務 (中部),業務,紅點工業股份有限公司,桃園市中壢區,"月薪 40,000 至 70,000元",40000,https://www.yes123.com.tw/wk_index/job.asp?p_id=c20260902103332_8309900&job_id=20260902133929_3001932,商務談判、議價與合約審查,"徵才說明 職缺更新：昨天  1. 負責國內業務接洽及訂單處理。2. 負責產品報價，並處理帳款收回相關事宜。3. 提供售後服務，處理客戶端之問題，給予完善的處理。4. 估算所需工料量價。5. 協助主管交辦事項處理等 薪資待遇： 月薪 40,000 至 70,000元 休假制度： 週休二日 上班日期： "
66,B2B外銷業務 (中部),業務部 - 業務專員 Sales Coordinator,台北君悅酒店/凱悅/GRAND HYATT TAIPEI_豐隆大飯店股份有限公司,台北市信義區,"月薪 36,000元以上",36000,https://www.yes123.com.tw/wk_index/job.asp?p_id=32161_12464047&job_id=20221101043503_42531967,英語商務溝通 (流利/精通) / ERP / SAP 企業資源與進銷存 / 辦公室高效應用 (Excel/Word/PPT),徵才說明 職缺更新：2026.09.15  1. Assist both operation and administration in the achievement of department's pre-determined sales and revenue targets.2. Ensur
67,B2B外銷業務 (中部),業務,翊發商行,台中市大里區,"月薪 30,000 至 35,000元",30000,https://www.yes123.com.tw/wk_index/job.asp?p_id=9904094_84002312&job_id=20260507144012_71061777,,"徵才說明 職缺更新：昨天  業務店家抄貨收款 薪資待遇： 月薪 30,000 至 35,000元 休假制度： 週休二日 上班日期： 立即上班 上班時段： 依公司規定 工作性質： 全職 工作地點： 台中市大里區西湖路281號 職務類別： 國內業務 需求人數： 1人 管理人數： 未填寫 徵才特色 ＃獨家"
68,B2B外銷業務 (中部),國外業務專員( Overseas sales specialist),希華晶體科技股份有限公司,台中市潭子區,"月薪 35,000 至 55,000元",35000,https://www.yes123.com.tw/wk_index/job.asp?p_id=20170913174605_22771229&job_id=20250612034506_24927671,英語商務溝通 (流利/精通) / 海外客戶開發與國際商展參展 / 商務談判、議價與合約審查 / 第二外語 (日文/越語/西語/德語),徵才說明 職缺更新：星期四  1. 負責公司產品(例如:石英振盪器等相關電子零組件)的業務推廣。 2. 與現行客戶維持密切業務聯繫，並管理客戶訂單、負責庫存管理，業績報表製作.3. 定期拜訪客戶送樣，開發潛在客戶，拓展市場，以達成業績目標。4. 負責產品報價及產品展示，並處理帳款回收相關事宜。5.負
69,B2B外銷業務 (中部),業務經理~有業務經驗者,威茗科技徵信有限公司,高雄市左營區,"月薪 30,000元以上",30000,https://www.yes123.com.tw/wk_index/job.asp?p_id=20180914152758_50930780&job_id=20200110102136_16871554,辦公室高效應用 (Excel/Word/PPT),"徵才說明 職缺更新：昨天  具有專業徵信能力.解決客戶問題並且有效率指導下屬提升工作效能有冒險的精神較佳,偵探邏輯之推理的態度，敏感度機動性佳,兼具策劃與執行能力提升公司品質🔸 業務銷售 有經驗者佳 🔸獎金另計 薪資待遇： 月薪 30,000元以上 休假制度： 依公司規定 上班時段： 09:00~1"
70,B2B外銷業務 (中部),【業務處】日文業務助理,中勤實業股份有限公司,桃園市龜山區,"月薪 33,000 至 38,000元",33000,https://www.yes123.com.tw/wk_index/job.asp?p_id=20090519095744_14939516&job_id=20230606092304_25856840,英語商務溝通 (流利/精通) / ERP / SAP 企業資源與進銷存 / 進出口關務與海空運單據 (L/C/報關) / 海外客戶開發與國際商展參展 / 商務談判、議價與合約審查 / 第二外語 (日文/越語/西語/德語) / 辦公室高效應用 (Excel/Word/PPT),徵才說明 職缺更新：今天  一、工作內容1.銷售行政支援：處理訂單、報價、應收帳款等流程。2.專案管理：協助產品專案管控與製程分析。3.展會支援：參與規劃與執行日本市場展覽活動。4.對日業務窗口：負責與日本客戶的溝通與聯繫。5.翻譯與口譯：擔任日籍主管隨行助理，協助技術文件與會議翻譯。6.文件處理：
71,B2B外銷業務 (中部),📢國外部_英文業務助理,聯宇電子股份有限公司,新北市土城區,"月薪 36,000元以上",36000,https://www.yes123.com.tw/wk_index/job.asp?p_id=20140325163649_34499766&job_id=20260706092503_14492828,英語商務溝通 (流利/精通),"徵才說明 職缺更新：今天  1.處理並追蹤客戶訂單，將訂單資料存檔備份。2.協助業務人員處理銷售業務相關之公司內部行政作業。3.能獨立作業。 薪資待遇： 月薪 36,000元以上 休假制度： 週休二日 上班時段： 08:00~17:00 工作性質： 全職 工作地點： 新北市土城區永豐路187號 職務"
72,B2B外銷業務 (中部),外銷業務人員(意者電洽📞04-8896106),三永電熱機械股份有限公司,彰化縣溪州鄉,"月薪 30,000元以上",30000,https://www.yes123.com.tw/wk_index/job.asp?p_id=56221_59127314&job_id=20220427162744_26134490,英語商務溝通 (流利/精通) / 商務談判、議價與合約審查,徵才說明 職缺更新：今天  1.熟悉欲銷售之產品、公司規章作業流程2.以顧客熟悉之語言做顧客市場開發並推銷產品3.市場訊息的蒐集與分析、客戶銷售方案的策劃與執行4.依顧客需求報價及簽約、客戶關係的維護與需求服務的滿足5.顧客售後滿意度維持 (如: 顧客抱怨及問題反應處理、維持顧客對公司及業務員信賴度
73,B2B外銷業務 (中部),業務,家速彩色印刷有限公司,新北市中和區,"月薪 30,000元以上",30000,https://www.yes123.com.tw/wk_index/job.asp?p_id=20250711165513_74329055&job_id=20120924171834_38547787,,"徵才說明 職缺更新：今天  1.具製版或印刷公司實務經驗佳2.設計類科相關佳3.底薪+業績抽成(抽成面議) 薪資待遇： 月薪 30,000元以上 休假制度： 週休二日 上班日期： 隨 時 上班時段： 白天班 工作性質： 全職 工作地點： 新北市中和區建一路179號4樓 職務類別： 國內業務、印前製作"
74,B2B外銷業務 (中部),業務人員(塑膠射出),彰洋材料股份有限公司,彰化縣彰化市,"月薪 35,000 至 50,000元",35000,https://www.yes123.com.tw/wk_index/job.asp?p_id=20150520102638_54525828&job_id=20260820105834_59231379,英語商務溝通 (流利/精通) / ERP / SAP 企業資源與進銷存 / 海外客戶開發與國際商展參展 / 商務談判、議價與合約審查 / 辦公室高效應用 (Excel/Word/PPT),"徵才說明 職缺更新：昨天  1.潛在客戶開發2.國內外客戶拜訪與關係維護3.確認客戶所需產品規格並提供報價4.市場分析研究5.主管交辦事項*年資滿六個月,視公司獲利狀況及個人工作表現,另發放績效獎金* 薪資待遇： 月薪 35,000 至 50,000元 休假制度： 週休二日 上班時段： 白天班 工作"
75,B2B外銷業務 (中部),★業務,元新榮科技股份有限公司,台中市烏日區,"月薪 32,000 至 60,000元",32000,https://www.yes123.com.tw/wk_index/job.asp?p_id=20260814093757_54917544&job_id=20260814112545_46564105,,"徵才說明 職缺更新：今天  1.對客戶提出的技術問題及時回應並給予解決方案 2.客戶電話接聽與一般性客戶服務與接待事宜 、其他與客服業務相關的諮詢服務 薪資待遇： 月薪 32,000 至 60,000元 休假制度： 週休二日 上班日期： 隨 時 上班時段： 依公司規定 工作性質： 全職 工作地點： "
76,B2B外銷業務 (中部),業務推廣人員(業務獎金另計),百鴻電機有限公司,高雄市前鎮區,"月薪 32,000 至 60,000元",32000,https://www.yes123.com.tw/wk_index/job.asp?p_id=20180320144436_53908087&job_id=20201013162137_14833965,海外客戶開發與國際商展參展 / 商務談判、議價與合約審查,徵才說明 職缺更新：今天  本公司為發電機產業，徵求高雄、屏東、台南業務駐區代表歡迎對發電機、引擎、消防有興趣的人員工作需求：1.負責產品報價推廣，售後服務 2.提供專業職前 / 在職業務及管理培訓 3.定期拜訪客戶，維繫穩定客戶關係4.處理帳款回收相關事宜5.底薪加獎金公司網站：https://w
77,B2B外銷業務 (中部),國貿業務人員,孚邦企業有限公司,高雄市左營區,"月薪 35,000 至 37,000元",35000,https://www.yes123.com.tw/wk_index/job.asp?p_id=20110211092012_86648914&job_id=20230519091217_31242701,英語商務溝通 (流利/精通) / 進出口關務與海空運單據 (L/C/報關) / 商務談判、議價與合約審查 / 辦公室高效應用 (Excel/Word/PPT),"徵才說明 職缺更新：今天  1.開發市場、推廣業務2.報價、議價3.建立良好客戶關係4.蒐集業界情報、市場資訊5.訂單處理6.產品售後服務與解說7.出貨內容與船期確認8.帳務整理請款 薪資待遇： 月薪 35,000 至 37,000元 休假制度： 週休二日 上班日期： 隨 時 上班時段： 08:30"
78,B2B外銷業務 (中部),業務人員及業務助理,好伯林樂器有限公司,屏東縣屏東市,"月薪 30,000 至 38,000元",30000,https://www.yes123.com.tw/wk_index/job.asp?p_id=20110818180125_22113598&job_id=20260910142234_24504569,,"徵才說明 職缺更新：今天  我們的這項職務負責的工作內容有：．從事各方面商品介紹、客戶服務等專業工作．顧客問題解決．提供售後服務．基本門市銷售及整理．協助處理主管交派事項【無相關經驗可】【需有汽車駕照】 薪資待遇： 月薪 30,000 至 38,000元 休假制度： 週休二日 上班日期： 隨 時 上"
79,B2B外銷業務 (中部),【業務員】,日行科技有限公司,新北市中和區,"月薪 36,000 至 40,000元",40000,https://www.yes123.com.tw/wk_index/job.asp?p_id=20120530105051_16426410&job_id=20211025155947_14620161,英語商務溝通 (流利/精通) / ERP / SAP 企業資源與進銷存 / 辦公室高效應用 (Excel/Word/PPT),"徵才說明 職缺更新：昨天  商品銷售,業務開發, 售後服務等 薪資待遇： 月薪 36,000 至 40,000元 休假制度： 週休二日 上班日期： 立即上班 上班時段： 08:30~05:30、白天班 工作性質： 全職 工作地點： 新北市中和區平河里 中正路７１６號８樓之２(遠東世紀廣場科學園區) "
80,B2B外銷業務 (中部),兼職業務專員,威振貿易有限公司,台中市西區,"薪資按件計酬 2,500 至 5,000元",2500,https://www.yes123.com.tw/wk_index/job.asp?p_id=20260820165333_33209975&job_id=20260820170855_64161778,海外客戶開發與國際商展參展 / 商務談判、議價與合約審查,徵才說明 職缺更新：今天  1.開發潛在客戶，拓展國內汽車零件通路及市場。2.外勤拜訪汽車材料行、汽車維修廠、經銷商及相關業者，介紹公司產品與合作方案。3.維繫既有客戶關係，了解客戶需求並提供適切的產品建議與售後服務。4.蒐集市場資訊及客戶回饋，作為公司產品與市場策略規劃參考。5.協助產品報價、訂單
81,B2B外銷業務 (中部),開發業務人員(派駐越南),彰洋材料股份有限公司,全台灣,薪資面議(經常性薪資達4萬元含以上),40000,https://www.yes123.com.tw/wk_index/job.asp?p_id=20150520102638_54525828&job_id=20260505103443_85463,英語商務溝通 (流利/精通) / 商務談判、議價與合約審查 / 第二外語 (日文/越語/西語/德語),徵才說明 職缺更新：今天  1.樣品開發2.模具開製對應3.報價4.主管交辦事項*須先於彰化廠進行培訓*(培訓期間無提供宿舍，須自行租賃)【駐外人員福利】每年提供6次返台休假機票(駐海外廠工作滿52天休9天)。視公司營運獲利及個人工作表現發放績效獎金。享生日禮金／三節禮金／旅遊代金／結婚賀金。享勞健
82,B2B外銷業務 (中部),業務助理(無經驗可),六順塑膠有限公司,新北市中和區,"月薪 30,000 至 50,000元",30000,https://www.yes123.com.tw/wk_index/job.asp?p_id=20171017102708_23186936&job_id=20260914101654_7575020,ERP / SAP 企業資源與進銷存 / 商務談判、議價與合約審查 / 辦公室高效應用 (Excel/Word/PPT),"徵才說明 職缺更新：今天  1.協助內部業務銷售的相關行政流程2.處理貨單、訂單，建檔和歸檔3.整理部門的相關文件及追蹤進度4.協助處理客戶的詢價與報價5.執行主管與業務交辦的事項6.處理應收帳款及應付帳款的帳務 薪資待遇： 月薪 30,000 至 50,000元 休假制度： 依公司規定 上班日期："
83,B2B外銷業務 (中部),業務助理~擴大召募~,智偉織造股份有限公司,桃園市中壢區,"月薪 30,000 至 36,000元",30000,https://www.yes123.com.tw/wk_index/job.asp?p_id=8821026_43837747&job_id=20260722094031_33294231,英語商務溝通 (流利/精通) / ERP / SAP 企業資源與進銷存 / 辦公室高效應用 (Excel/Word/PPT),徵才說明 職缺更新：昨天  針織布及紡織品外銷訂單開發及跟單1. 訂單進度跟催 2. 客戶信件回覆(英文書信)3. 各項表單及記錄維護4. 協助異常處理5. 快遞和船樣樣卡寄送6. 出貨單及發票製作7. 業務交辦事項※公司致力於提供員工良好的工作環境及福利，例如：升降辦公桌，專案套組健康檢查等。※注
84,B2B外銷業務 (中部),業務,碩嘉企業有限公司,新北市三重區,"月薪 33,000 至 50,000元",33000,https://www.yes123.com.tw/wk_index/job.asp?p_id=5559154_97402064&job_id=20240719113639_362174,海外客戶開發與國際商展參展 / 商務談判、議價與合約審查,"徵才說明 職缺更新：今天  1. 開拓國內通路。2. 定期拜訪客戶，維繫客戶關係，強化客戶滿意度。3. 負責產品報價及產品展示。 薪資待遇： 月薪 33,000 至 50,000元 休假制度： 週休二日 上班時段： 白天班 工作性質： 全職 工作地點： 新北市三重區中興北街295號 職務類別： 國內"
85,B2B外銷業務 (中部),行政業務助理 (夜校生可),益揚有限公司,新北市蘆洲區,"月薪 30,000 至 32,000元",30000,https://www.yes123.com.tw/wk_index/job.asp?p_id=20221207114813_90193865&job_id=20221215125109_20902124,跨境電商平台營運 (Amazon/Alibaba/Shopee) / 商務談判、議價與合約審查 / 辦公室高效應用 (Excel/Word/PPT),"徵才說明 職缺更新：今天  接電話、進出貨、應收應付帳款整理、文書處理、行銷業務相關事宜、簡易環境衛生清潔。 薪資待遇： 月薪 30,000 至 32,000元 休假制度： 週休二日 上班日期： 隨 時 上班時段： 08:00~17:00、白天班 工作性質： 全職 工作地點： 新北市蘆洲區仁愛街13"
86,B2B外銷業務 (中部),業務,福佳建材有限公司,桃園市桃園區,"月薪 35,000 至 80,000元",35000,https://www.yes123.com.tw/wk_index/job.asp?p_id=1668621_86946250&job_id=20260601170830_1934251,,"徵才說明 職缺更新：今天  1、開發新客戶2、維繫現有客戶群3、瞭解市場現況 薪資待遇： 月薪 35,000 至 80,000元 休假制度： 依公司規定 上班時段： 08:00~17:00 工作性質： 全職 工作地點： 桃園市桃園區富國路229巷50號 職務類別： 國內業務 需求人數： 1至2人 管"
87,B2B外銷業務 (中部),[電競事業部] 業務經理 (士林),英業達股份有限公司,台北市士林區,薪資面議(經常性薪資達4萬元含以上),40000,https://www.yes123.com.tw/wk_index/job.asp?p_id=83151_04322046&job_id=20240219040558_55386037,英語商務溝通 (流利/精通),徵才說明 職缺更新：星期五  1.ODM/EMS業務開發、客戶關係管理2.帶領業務團隊開發及維護客戶訂單，達成公司營業目標3.根據國內外市場變化制定銷售策略並適時調整銷售策略4.團隊管理，督導業務人員掌握出貨狀況，追蹤產品交期5.客戶需求之處理，確保客戶滿意度6.市場分析、彙整與分析報告 薪資待遇：
88,B2B外銷業務 (中部),[NB] 業務專員 (士林),英業達股份有限公司,台北市士林區,薪資面議(經常性薪資達4萬元含以上),40000,https://www.yes123.com.tw/wk_index/job.asp?p_id=83151_04322046&job_id=20240219040555_1656659,英語商務溝通 (流利/精通) / ERP / SAP 企業資源與進銷存 / 海外客戶開發與國際商展參展 / 商務談判、議價與合約審查 / 辦公室高效應用 (Excel/Word/PPT),徵才說明 職缺更新：星期五  1. RFQ/NPI報價2. 專案相關報價3. 客訴處理 薪資待遇： 薪資面議(經常性薪資達4萬元含以上) 休假制度： 週休二日 上班日期： 一個月內 工作性質： 全職 工作地點： 台北市士林區(依公司規定) 職務類別： 國外業務、國內業務 需求人數： 1至2人 管理人
89,B2B外銷業務 (中部),業務經理,(惠双房屋草屯形象加盟店)形象不動產有限公司,南投縣草屯鎮,"月薪 29,500 至 200,000元",29500,https://www.yes123.com.tw/wk_index/job.asp?p_id=20221116145736_90426386&job_id=20230114170711_42340037,,徵才說明 職缺更新：今天  【選擇比努力重要】我們有專人帶領培訓、密集教育訓練、讓你快速上手、想要高收入由你自己決定。我們是一群非常有熱忱、活力、有愛的團隊！勇敢追夢✪勇於挑戰團隊理念：圓夢專家‧完美服務【優渥高專】委託獎金、業績獎金、成交獎金、等多項高額獎勵【彈性工作】彈性排班制工作與生活均衡。【
90,B2B外銷業務 (中部),【業務處】國內銷售產品業務專員,中勤實業股份有限公司,桃園市龜山區,薪資面議(經常性薪資達4萬元含以上),40000,https://www.yes123.com.tw/wk_index/job.asp?p_id=20090519095744_14939516&job_id=20230606092302_20946888,英語商務溝通 (流利/精通) / ERP / SAP 企業資源與進銷存 / 海外客戶開發與國際商展參展 / 商務談判、議價與合約審查 / 辦公室高效應用 (Excel/Word/PPT),徵才說明 職缺更新：今天  1. 碳纖維製品國際推廣與開發2. 客戶服務、新市場評估與開發、提高市佔率及現有客戶產品技術研討、出貨溝通、生產協調及相關業務推廣服務。3. 規劃國際商展，參與企劃，協調行銷活動（如：展覽、廣告、會議、專案分析）。4. 針對國外客戶提出的合約（交易條件、生產流程、產品要求
91,B2B外銷業務 (中部),業務員,美和實業股份有限公司,高雄市永安區,"月薪 36,000 至 37,000元",36000,https://www.yes123.com.tw/wk_index/job.asp?p_id=5457836_83707191&job_id=20210521171202_2701801,商務談判、議價與合約審查,徵才說明 職缺更新：昨天  1.熟悉欲銷售之產品、公司規章作業流程2.依顧客需求做報價及簽約3.客戶拜訪開發並推銷產品4.顧客售後滿意度維持 (如: 顧客抱怨及問題反應處理、維持顧客對公司及業務員信賴度)5.定期與主管做業績、績效檢討，回報進度※銷售獎金另計，每月有固定儲值油單 薪資待遇： 月薪 3
92,B2B外銷業務 (中部),業務助理,仰勛企業有限公司,桃園市新屋區,"月薪 30,000 至 37,000元",30000,https://www.yes123.com.tw/wk_index/job.asp?p_id=20220602144823_12980211&job_id=20230217152355_2193945,商務談判、議價與合約審查 / 辦公室高效應用 (Excel/Word/PPT),"徵才說明 職缺更新：今天  1.熟悉電腦excel 協助表單報價及客戶歸檔及相關文件整理2.接聽電話及回覆郵件3.陪同業務至客戶拜訪4.協助業務開發維護客戶5.良好的溝通協調能力7.協助處理客戶詢問與售後服務 薪資待遇： 月薪 30,000 至 37,000元 休假制度： 週休二日 上班日期： 隨 "
93,B2B外銷業務 (中部),當舖業務,龍億當舖,台中市北區,"月薪 30,000元以上",30000,https://www.yes123.com.tw/wk_index/job.asp?p_id=20260319235334_97509452&job_id=20260713173550_16437379,,徵才說明 職缺更新：今天  我們是專注於提供創新的金融諮詢與融資服務的公司，致力於滿足不同客層的資金需求。我們的主要服務對象包括個人投資者、小型企業業主以及追求財務規劃的客戶，為客戶提供量身訂製的財務解決方案，是我們的核心目標。1. 接待客戶，為其提供專業的融資與投資諮詢服務，協助其做出最佳財務決策
94,B2B外銷業務 (中部),業務人員,政秀企業有限公司,台中市大里區,"月薪 35,000 至 45,000元",35000,https://www.yes123.com.tw/wk_index/job.asp?p_id=20120523112152_96882403&job_id=20240717171729_11030315,ERP / SAP 企業資源與進銷存 / 辦公室高效應用 (Excel/Word/PPT),"徵才說明 職缺更新：昨天  1.管理國內業務部門2.審查銷售紀錄與報告，協助業務同仁達成業績目標3.統籌各項商品的服務活動與銷售活動、宣傳活動4.進行市場調查並擬定業務銷售計劃5.審查業務預算及費用 薪資待遇： 月薪 35,000 至 45,000元另有獎金 50,000元另有津貼 50,000元 "
95,B2B外銷業務 (中部),業務助理,金祥源有限公司,台南市山上區,"月薪 29,500元以上",29500,https://www.yes123.com.tw/wk_index/job.asp?p_id=20200709180458_28738368&job_id=20241122105648_23538873,ERP / SAP 企業資源與進銷存 / 進出口關務與海空運單據 (L/C/報關) / 辦公室高效應用 (Excel/Word/PPT),"徵才說明 職缺更新：昨天  1.輸入、處理並追蹤客戶訂單,並將訂單資料存檔備份。2.保持與客戶間之聯繫,回覆,並確認交貨期。3.提供出貨文件,協助業務人員控管出貨,並處理進出口事宜。4.主管交辦事宜或部門後勤支援 薪資待遇： 月薪 29,500元以上 休假制度： 週休二日 上班日期： 隨 時 上班時"
96,B2B外銷業務 (中部),業務 助理,茂燊興業有限公司,台南市仁德區,"月薪 31,000元以上",31000,https://www.yes123.com.tw/wk_index/job.asp?p_id=20130207153404_28087597&job_id=20210430131840_15025941,商務談判、議價與合約審查,"徵才說明 職缺更新：昨天  1.協助內部業務銷售的相關行政流程2.處理貨單、訂單，建檔和歸檔3.整理部門的相關文件及追蹤進度4.協助處理客戶的詢價與報價5.美工繪圖6.執行主管與業務交辦的事項 薪資待遇： 月薪 31,000元以上 休假制度： 週休二日 上班日期： 隨 時 上班時段： 08:00~1"
97,B2B外銷業務 (中部),業務人員,奕佑有限公司,高雄市大寮區,"月薪 29,500元以上",29500,https://www.yes123.com.tw/wk_index/job.asp?p_id=65257_12608614&job_id=20260330095106_36647192,,"徵才說明 職缺更新：今天  1.產品銷售2.顧客服務3.商品管理4.開發客戶5.接洽業務6.處理訂單加獎金 薪資待遇： 月薪 29,500元以上 休假制度： 依公司規定 上班時段： 08:30~18:00 工作性質： 全職 工作地點： 高雄市大寮區萬丹路471巷170弄82之1號 職務類別： 國內業"
98,B2B外銷業務 (中部),業務助理,太業科技股份有限公司,桃園市楊梅區,"月薪 30,000 至 42,000元",30000,https://www.yes123.com.tw/wk_index/job.asp?p_id=20100406143832_45911340&job_id=20260909141751_11595020,英語商務溝通 (流利/精通) / ERP / SAP 企業資源與進銷存 / 進出口關務與海空運單據 (L/C/報關) / 辦公室高效應用 (Excel/Word/PPT),"徵才說明 職缺更新：昨天  1.英文中等2.可培養行銷人員潛力3.保持與客戶間之聯繫，回覆e-mail，並確認交貨期。4.提供出貨文件，協助業務人員控管出貨，並處理進出口事宜。5.輸入、處理並追蹤客戶訂單，並將訂單資料存檔備份。 薪資待遇： 月薪 30,000 至 42,000元 休假制度： 依公司"
99,B2B外銷業務 (中部),業務專員,千萬里企業有限公司,新北市萬里區,薪資面議(經常性薪資達4萬元含以上),40000,https://www.yes123.com.tw/wk_index/job.asp?p_id=20190801173451_53271305&job_id=20260707180911_18095102,ERP / SAP 企業資源與進銷存 / 辦公室高效應用 (Excel/Word/PPT),徵才說明 職缺更新：今天  1.產品銷售2.顧客服務3.商品管理4.開發客戶5.接洽業務6.處理訂單 薪資待遇： 薪資面議(經常性薪資達4萬元含以上) 休假制度： 週休二日 上班日期： 隨 時 上班時段： 08:00~17:00、白天班 工作性質： 全職 工作地點： 新北市萬里區中福路105之1號 
100,B2B外銷業務 (中部),業務經理,(胡記花生糖)胡記食品企業社,桃園市中壢區,"薪資按件計酬 5,000 至 100,000元",5000,https://www.yes123.com.tw/wk_index/job.asp?p_id=20230417145437_34810417&job_id=20260803150536_1797,,"徵才說明 職缺更新：今天  1.產品銷售2.顧客服務3.商品管理4.開發客戶5.接洽業務6.處理訂單 薪資待遇： 薪資按件計酬 5,000 至 100,000元 休假制度： 依公司規定 上班時段： 依公司規定 工作性質： 全職 工作地點： 桃園市中壢區自強六路40號1樓(中壢工業區) 職務類別： 國"
101,B2B外銷業務 (中部),業務人員,永達保險經紀人股份有限公司：北一之二緯誠處‧林緯誠,台北市大同區,"薪資按件計酬 0 至 100,000元",100000,https://www.yes123.com.tw/wk_index/job.asp?p_id=20251215105737_504702&job_id=20260107151810_61192724,,徵才說明 職缺更新：昨天  財務管理及退休規劃1、針對企業或個人可能面臨的風險，設計、解說及銷售各種不同類型的保險（如：汽機車險、產險、壽險、醫療險、意外險、投資型保險）。 2、提供客戶保險規劃服務（如：退休規劃、保險法服務）。 3、協助客戶辦理保險理賠、契約變更等業務。 4、提供各項社會保險諮詢服
102,B2B外銷業務 (中部),國外業務管理師 *優渥業務獎金,榮剛材料科技股份有限公司,台南市柳營區,薪資面議(經常性薪資達4萬元含以上),40000,https://www.yes123.com.tw/wk_index/job.asp?p_id=20100914180408_84252697&job_id=20240610031003_20243114,英語商務溝通 (流利/精通) / 跨境電商平台營運 (Amazon/Alibaba/Shopee) / ERP / SAP 企業資源與進銷存 / 海外客戶開發與國際商展參展 / 第二外語 (日文/越語/西語/德語) / 辦公室高效應用 (Excel/Word/PPT),徵才說明 職缺更新：星期三  【經營利潤共享】● 2022年全員調薪5%● 2023年全員調薪3%● 2024年全員調薪4%1. 既有客戶維護，若有專案經驗，則將優先考量專案型業務屬性2. 負責市場開發及維護3. 新客戶開發4. 精通英文※有經驗者薪資另議※歡迎跨產業人員加入※享優渥月業務獎金、年終
103,B2B外銷業務 (中部),業務專員,上富當舖,高雄市三民區,"月薪 29,500 至 100,000元",29500,https://www.yes123.com.tw/wk_index/job.asp?p_id=20200506102625_85487046&job_id=20260904111440_54505888,商務談判、議價與合約審查,徵才說明 職缺更新：昨天  1. 指導並且協調業務人員銷售技巧2. 規劃部門預算、部門管理和決定預算支出3. 瞭解客戶喜好、客戶拜訪與關係維繫、包裝組合主要銷售商品4. 行銷專案規劃、執行與管理，決定銷售商品的價目表跟議價的空間5. 劃分業務區域，立定目標，並幫業務人員建立訓練課程6. 協助部屬解決
104,B2B外銷業務 (中部),業務專員,悠麗國際股份有限公司,新北市樹林區,"月薪 32,000 至 50,000元",32000,https://www.yes123.com.tw/wk_index/job.asp?p_id=20230215114958_12897614&job_id=20230530135820_6048137,海外客戶開發與國際商展參展 / 商務談判、議價與合約審查,"徵才說明 職缺更新：今天  (陞達)悠麗國際股份有限公司1.射出與建材配件客戶開發與服務2.制定業務目標與開發計畫3.處理客戶報價與訂單與追蹤4.業務報表紀錄與回報5.完成主管交付任務 薪資待遇： 月薪 32,000 至 50,000元 休假制度： 週休二日 上班日期： 一個月內 上班時段： 08:"
105,B2B外銷業務 (中部),業務人員,億新精機廠股份有限公司,台中市西屯區,"月薪 40,000 至 48,000元",40000,https://www.yes123.com.tw/wk_index/job.asp?p_id=20140213120536_52458318&job_id=20140410142238_19604789,英語商務溝通 (流利/精通) / ERP / SAP 企業資源與進銷存 / 辦公室高效應用 (Excel/Word/PPT),"徵才說明 職缺更新：昨天  1.產品銷售2.顧客服務3.商品管理4.開發客戶5.接洽業務6.處理訂單 薪資待遇： 月薪 40,000 至 48,000元 休假制度： 週休二日 上班日期： 兩週內 上班時段： 08:00~17:00 工作性質： 全職 工作地點： 台中市西屯區廣福路398號 職務類別："
106,B2B外銷業務 (中部),業務助理,大王租賃有限公司,新北市新莊區,"月薪 30,000 至 35,000元",30000,https://www.yes123.com.tw/wk_index/job.asp?p_id=20240115181801_31643050&job_id=20240117165703_15121058,,"徵才說明 職缺更新：昨天  業務助理 司機簽約協助，中古車買賣會開車 薪資待遇： 月薪 30,000 至 35,000元 休假制度： 週休二日見紅休 上班時段： 09:00~18:00、依公司規定 工作性質： 全職 工作地點： 新北市新莊區新知二路七號 職務類別： 業務助理 需求人數： 1至2人 職"
107,B2B外銷業務 (中部),AS業務主任,台灣人壽：宇悅通訊處‧蔡淑禎,台北市中正區,"薪資按件計酬 0 至 200,000元",200000,https://www.yes123.com.tw/wk_index/job.asp?p_id=20220916123044_03557017&job_id=20220916165721_7473282,,"徵才說明 職缺更新：今天  工作內容為業務招攬、組織及培育業務團隊,實際報酬係依招攬業績(實收保費)的約定比例計算。至於本網頁所顯示待遇部份,因欄位選項受限,故為簡要記載 薪資待遇： 薪資按件計酬 0 至 200,000元 休假制度： 依公司規定 上班時段： 依公司規定 工作性質： 全職 工作地點："
108,B2B外銷業務 (中部),業務助理,俞氏電器股份有限公司,台北市中山區,"月薪 32,000元以上",32000,https://www.yes123.com.tw/wk_index/job.asp?p_id=20120315151829_35269306&job_id=20260803092805_8650236,英語商務溝通 (流利/精通) / 商務談判、議價與合約審查 / 辦公室高效應用 (Excel/Word/PPT),"徵才說明 職缺更新：今天  1.協助內部業務銷售的相關行政流程2.整理部門的相關文件及追蹤進度3.協助處理客戶的詢價與報價4.執行主管與業務交辦的事項5.處理應收帳款及應付帳款的帳務6.接聽電話,獎金計算,製作報表 薪資待遇： 月薪 32,000元以上 休假制度： 依公司規定 上班時段： 08:30"
109,B2B外銷業務 (中部),業務助理,威菘興業有限公司,新北市三重區,"月薪 30,000 至 32,000元",30000,https://www.yes123.com.tw/wk_index/job.asp?p_id=20120321160548_28698957&job_id=20260102165452_31017484,辦公室高效應用 (Excel/Word/PPT),"徵才說明 職缺更新：今天  1. 協助業務處理日常行政工作，包括資料建檔與文書處理。2. 負責產品出貨安排，確保流程順暢且準確。3. 與客戶保持聯繫，協助解答問題並維持良好關係。4. 協助整理銷售報表，分析業務數據並提供建議。 薪資待遇： 月薪 30,000 至 32,000元 休假制度： 週休二日"
110,B2B外銷業務 (中部),業務助理,翔懋實業股份有限公司,新北市樹林區,"月薪 35,000 至 42,000元",35000,https://www.yes123.com.tw/wk_index/job.asp?p_id=2495800_16386613&job_id=20250430105900_52894097,英語商務溝通 (流利/精通) / 商務談判、議價與合約審查 / 辦公室高效應用 (Excel/Word/PPT),"徵才說明 職缺更新：昨天  1.檔案處理,報價及歸檔,訂單進度跟催2.具業務助理經驗者佳3.熟office4.做出口文件-invoice.packing list 薪資待遇： 月薪 35,000 至 42,000元 休假制度： 週休二日 上班日期： 隨 時 上班時段： 08:30~17:30、白天班"
111,B2B外銷業務 (中部),業務助理,大揚電裝股份有限公司,新北市土城區,"月薪 34,000 至 40,000元",40000,https://www.yes123.com.tw/wk_index/job.asp?p_id=20200414142102_80253126&job_id=20260901095736_54563765,英語商務溝通 (流利/精通) / 進出口關務與海空運單據 (L/C/報關) / 辦公室高效應用 (Excel/Word/PPT),徵才說明 職缺更新：星期五  1. 處理並追蹤客戶訂單，並將訂單資料存檔備份。2. 保持與客戶間之聯繫，回覆e-mail，並確認交貨期。3. 提供出貨文件，協助業務人員控管出貨，並處理進出口事宜，與國外客戶聯繫。4. 定期提供業務銷售狀況報表，以供業務人員或主管參考。5. 協助業務人員處理銷售業務相
112,B2B外銷業務 (中部),業務人員,賓志保全股份有限公司,高雄市岡山區,"月薪 32,600元以上",32600,https://www.yes123.com.tw/wk_index/job.asp?p_id=20140220172506_84445196&job_id=20150106112023_25431037,,"徵才說明 職缺更新：今天  業務行銷及售服工作 薪資待遇： 月薪 32,600元以上 休假制度： 依公司規定 上班日期： 隨 時 上班時段： 08:30~17:30、白天班 工作性質： 全職 工作地點： 高雄市岡山區中山北路140號5樓之2 職務類別： 國內業務、產品行銷人員 需求人數： 1人 管理"
113,B2B外銷業務 (中部),業務人員,賓志保全股份有限公司,高雄市鼓山區,"月薪 32,600元以上",32600,https://www.yes123.com.tw/wk_index/job.asp?p_id=20140220172506_84445196&job_id=20140221153950_27527995,,"徵才說明 職缺更新：昨天  業務行銷及售服工作 薪資待遇： 月薪 32,600元以上 休假制度： 依公司規定 上班日期： 隨 時 上班時段： 08:30~17:30、白天班 工作性質： 全職 工作地點： 高雄市鼓山區明華路２５１號１2樓 職務類別： 國內業務、產品行銷人員 需求人數： 不拘 管理人數"
114,B2B外銷業務 (中部),業務助理,順懋企業有限公司,新北市五股區,"月薪 31,000 至 32,000元",31000,https://www.yes123.com.tw/wk_index/job.asp?p_id=20140303144720_16406842&job_id=20260326112123_56035728,商務談判、議價與合約審查 / 辦公室高效應用 (Excel/Word/PPT),徵才說明 職缺更新：昨天  1.協助報價及處理訂單與出貨單2.負責相關文書處理.出貨單、訂單之處理包裝及整理3.整理客戶資料，維護聯絡記錄與更新數據4.會使用excel製作5.協調內外部資源，支援包裝全檢執行和調度6.需具開朗、謹慎、耐心、細心、學習心特質7.能掌握出貨排程並有獨立作業的能力8.完成
115,B2B外銷業務 (中部),國內外業務人員,協原科技有限公司,新北市土城區,"月薪 30,000 至 100,000元",30000,https://www.yes123.com.tw/wk_index/job.asp?p_id=20200701162241_54289922&job_id=20260319140459_20248653,英語商務溝通 (流利/精通),"徵才說明 職缺更新：星期五  1.管理國內業務部門2.審查銷售紀錄與報告，協助業務同仁達成業績目標3.統籌各項商品的服務活動與銷售活動、宣傳活動4.進行市場調查並擬定業務銷售計劃5.審查業務預算及費用 薪資待遇： 月薪 30,000 至 100,000元另有獎金 20,000 至 100,000 元"
116,B2B外銷業務 (中部),業務經理,磐石保險：高雄A據點‧林廣鴻,高雄市鼓山區,"薪資按件計酬 24,000 至 50,000元",24000,https://www.yes123.com.tw/wk_index/job.asp?p_id=20191002120844_80205080&job_id=20191002125059_115059,海外客戶開發與國際商展參展,徵才說明 職缺更新：今天  1.依客戶個別情況及經濟景氣的變化，評估可能遇到的風險，行銷販售適合客戶需求的保險商品。2.保險相關業務諮詢，並提供最新的保險資訊，給客戶選擇並購買。3.契約內容變更、保單貸款辦理等相關業務。4.協助客戶申請理賠。5.定期拜訪客戶，維繫與客戶間良好關係。6.待遇的部分會依
117,B2B外銷業務 (中部),業務專員,(JET、CAVOY)詮智實業有限公司,高雄市仁武區,"月薪 31,000元以上",31000,https://www.yes123.com.tw/wk_index/job.asp?p_id=20120814163100_27209832&job_id=20161102143334_18178873,ERP / SAP 企業資源與進銷存 / 辦公室高效應用 (Excel/Word/PPT),徵才說明 職缺更新：昨天  有經驗者--薪資待遇佳業務:1.學校實驗室:實驗室相關儀器、試劑、耗材 2.醫院實驗室:實驗室相關儀器、試劑、耗材1.聯繫固定拜訪的基本客戶.固定區域 (高雄區)或非固定地區醫院、大專院校客戶，以開發或 維護客戶關係。 2.銷售及推廣公司產品，例如醫療研究用儀器或醫藥耗材
118,B2B外銷業務 (中部),業務人員/儲備業務人員,金大阪國際有限公司,桃園市桃園區,"月薪 30,000元以上",30000,https://www.yes123.com.tw/wk_index/job.asp?p_id=20110209140551_13079774&job_id=20220728153255_9617754,商務談判、議價與合約審查,徵才說明 職缺更新：今天  ．熟悉欲銷售之產品．市場訊息的蒐集與分析．客戶銷售方案的策劃與執行．依顧客需求報價及簽約．客戶關係的維護與需求服務的滿足．顧客抱怨及問題反應處理．意見回饋以供公司改善參考依據．定期與主管做業績、績效檢討，回報進度．定期開發顧客．維持顧客對公司及業務員信賴度．更新客戶資料庫
119,B2B外銷業務 (中部),業務,台翊企業社,彰化縣竹塘鄉,"月薪 35,000 至 80,000元",35000,https://www.yes123.com.tw/wk_index/job.asp?p_id=20220819182938_88596032&job_id=20260827223753_19779731,,"徵才說明 職缺更新：星期五  1.產品銷售2.顧客服務3.商品管理4.開發客戶5.接洽業務6.處理訂單 薪資待遇： 月薪 35,000 至 80,000元 休假制度： 依公司規定 上班時段： 依公司規定 工作性質： 全職 工作地點： 彰化縣竹塘鄉竹林路二段47之6號 職務類別： 國內業務 需求人數："
120,B2B外銷業務 (中部),業務人員,銳達室內裝修設計開發有限公司,新北市中和區,"月薪 29,500元以上",29500,https://www.yes123.com.tw/wk_index/job.asp?p_id=20100111163758_70580473&job_id=20100111171429_49317095,ERP / SAP 企業資源與進銷存 / 辦公室高效應用 (Excel/Word/PPT),"徵才說明 職缺更新：今天  1.產品銷售2.顧客服務3.商品管理4.開發客戶5.接洽業務6.處理訂單 薪資待遇： 月薪 29,500元以上 休假制度： 依公司規定 上班時段： 09:00~18:00 工作性質： 全職 工作地點： 新北市中和區建八路197號6樓 職務類別： 國內業務、電話行銷、產品行"
121,B2B外銷業務 (中部),業務助理,擎毅股份有限公司,新北市泰山區,"月薪 32,000元以上",32000,https://www.yes123.com.tw/wk_index/job.asp?p_id=3100353_24239051&job_id=20140818164450_51679228,商務談判、議價與合約審查 / 辦公室高效應用 (Excel/Word/PPT),"徵才說明 職缺更新：今天  1.協助內部業務銷售的相關行政流程2.處理貨單、訂單，建檔和歸檔3.整理部門的相關文件及追蹤進度4.協助處理客戶的詢價與報價5.執行主管與業務交辦的事項 薪資待遇： 月薪 32,000元以上 休假制度： 週休二日 上班日期： 隨 時 上班時段： 08:00~17:00 工"
122,B2B外銷業務 (中部),業務助理,傳安國際股份有限公司,新北市新店區,"月薪 29,500元",29500,https://www.yes123.com.tw/wk_index/job.asp?p_id=20140320170409_28002802&job_id=20260323135912_18360031,ERP / SAP 企業資源與進銷存 / 商務談判、議價與合約審查 / 辦公室高效應用 (Excel/Word/PPT),"徵才說明 職缺更新：今天  1.協助內部業務銷售的相關行政流程2.處理貨單、訂單，建檔和歸檔3.整理部門的相關文件及追蹤進度4.協助處理客戶的詢價與報價5.業務會議記錄6.潛在客戶搜尋、電話聯絡、寄DM7.執行主管與業務交辦的事項 薪資待遇： 月薪 29,500元 休假制度： 週休二日 上班日期： "
123,B2B外銷業務 (中部),國外業務代表(飛宏科技),飛宏科技股份有限公司,桃園市龜山區,薪資面議(經常性薪資達4萬元含以上),40000,https://www.yes123.com.tw/wk_index/job.asp?p_id=75646_30435973&job_id=20240910141353_63262449,英語商務溝通 (流利/精通) / 海外客戶開發與國際商展參展 / 商務談判、議價與合約審查,徵才說明 職缺更新：星期三  飛宏科技深耕電源產品50多年，為全球十大頂尖的電源供應器供應商之一我們目前正在招募1位優秀的國外業務，歡迎加入我們的團隊，一同追求卓越‼️【職務說明】1.新客戶開發：透過市場調查與業務拓展策略，主動接觸潛在客戶並建立合作機會2.維繫舊有客戶，培養長期關係：定期聯繫與追蹤
124,B2B外銷業務 (中部),業務助理,磬鴻有限公司,台北市北投區,"月薪 30,000元",30000,https://www.yes123.com.tw/wk_index/job.asp?p_id=20150511151016_70386766&job_id=20190425180552_19661336,商務談判、議價與合約審查 / 辦公室高效應用 (Excel/Word/PPT),"徵才說明 職缺更新：今天  1.協助業務相關行政流程2.處理建檔和歸檔3.整理部門的相關文件及追蹤進度4.協助處理客戶的詢價與報價5.執行主管與業務交辦的事項 薪資待遇： 月薪 30,000元 休假制度： 依公司規定 上班日期： 隨 時 上班時段： 08:00~17:00、白天班 工作性質： 全職 "
125,B2B外銷業務 (中部),業務總監,磐石保險：高雄A據點‧林廣鴻,高雄市鼓山區,"薪資按件計酬 50,000 至 100,000元",50000,https://www.yes123.com.tw/wk_index/job.asp?p_id=20191002120844_80205080&job_id=20191002125352_16501914,海外客戶開發與國際商展參展,徵才說明 職缺更新：今天  1.依客戶個別情況及經濟景氣的變化，評估可能遇到的風險，行銷販售適合客戶需求的保險商品。2.保險相關業務諮詢，並提供最新的保險資訊，給客戶選擇並購買。3.契約內容變更、保單貸款辦理等相關業務。4.協助客戶申請理賠。5.定期拜訪客戶，維繫與客戶間良好關係。6.待遇的部分會依
126,B2B外銷業務 (中部),業務人員,聚悅國際管理顧問有限公司,苗栗縣苗栗市,"月薪 32,000元",32000,https://www.yes123.com.tw/wk_index/job.asp?p_id=20260128152843_19371322&job_id=20260128164747_68507690,,"徵才說明 職缺更新：今天  1.承攬外勞求職業務2.勞資雙方協調3.外勞專業諮詢4.外勞相關代辦事項的服務5.定期追蹤外勞工作情形 薪資待遇： 月薪 32,000元 休假制度： 週休二日 上班時段： 08:30~17:30中午休息一小時 工作性質： 全職 工作地點： 苗栗縣苗栗市水源里２０鄰陽明７號"
127,B2B外銷業務 (中部),業務專員,瑞新企業股份有限公司,台中市大里區,薪資面議(經常性薪資達4萬元含以上),40000,https://www.yes123.com.tw/wk_index/job.asp?p_id=20210220134151_23390901&job_id=20230204113205_5267702,,徵才說明 職缺更新：今天  [工作職責]1.有凹版印刷業務經驗並能獨立作業。2.開發潛在客戶，拓展市場，以達成業績目標。3.負責接收訂單，進行訂單製作、跟單，並和相關部門確定交期回覆給客戶。 薪資待遇： 薪資面議(經常性薪資達4萬元含以上) 休假制度： 週休二日 上班時段： 08:00~17:00、
128,B2B外銷業務 (中部),業務專員,柏斯林實業有限公司,彰化縣和美鎮,"月薪 30,000元",30000,https://www.yes123.com.tw/wk_index/job.asp?p_id=20160923162709_10957609&job_id=20170328145000_2710,ERP / SAP 企業資源與進銷存 / 商務談判、議價與合約審查 / 辦公室高效應用 (Excel/Word/PPT),徵才說明 職缺更新：昨天  1.開發新客戶、維繫既有客戶關係。2.了解客戶需求，提供適當產品／服務方案。3.協助報價、簽約、訂單處理。 4.追蹤交期與售後服務。 5.配合公司業務目標執行相關專案與行銷活動。6.其他主管交辦事務 7.歡迎對運動產業有興趣的同好加入※薪資依能力調整※ 薪資待遇： 月薪 
129,B2B外銷業務 (中部),業務助理,樂卡汽車有限公司,桃園市八德區,"月薪 29,500元以上",29500,https://www.yes123.com.tw/wk_index/job.asp?p_id=20191218120752_50958626&job_id=20240416134233_60250321,商務談判、議價與合約審查,"徵才說明 職缺更新：昨天  1.協助內部業務銷售的相關行政流程2.處理貨單、訂單，建檔和歸檔3.整理部門的相關文件及追蹤進度4.協助處理客戶的詢價與報價5.執行主管與業務交辦的事項6.處理應收帳款及應付帳款的帳務 薪資待遇： 月薪 29,500元以上 休假制度： 排班制 上班時段： 09:30~18"
130,B2B外銷業務 (中部),業務人員,茂燊興業有限公司,台南市仁德區,"月薪 30,000 至 60,000元",30000,https://www.yes123.com.tw/wk_index/job.asp?p_id=20130207153404_28087597&job_id=20130521110648_8190194,辦公室高效應用 (Excel/Word/PPT),"徵才說明 職缺更新：昨天  1.開發客戶，拓展市場，以達成業績目標。 2.經營客戶關係。 3.負責國內業務接洽及訂單處理。 4.負責產品介紹，並處理帳款回收相關事宜。 5.負責業務推展。 6.男女皆可，公司備有業務車輛。7.月薪3萬 ~ 6萬+獎金 薪資待遇： 月薪 30,000 至 60,000元"
131,B2B外銷業務 (中部),業務人員,堡華工業股份有限公司,新北市板橋區,"月薪 35,000 至 40,000元",40000,https://www.yes123.com.tw/wk_index/job.asp?p_id=20120511111038_33957927&job_id=20170828115504_416435,辦公室高效應用 (Excel/Word/PPT),"徵才說明 職缺更新：昨天  1.產品銷售2.顧客服務3.商品管理4.開發客戶5.接洽業務 薪資待遇： 月薪 35,000 至 40,000元 休假制度： 依公司規定 上班日期： 隨 時 上班時段： 08:30~17:30 工作性質： 全職 工作地點： 新北市板橋區板新路158號 職務類別： 國內業務"
132,B2B外銷業務 (中部),國貿業務分析師 (Business Analyst),裕鐵企業股份有限公司,高雄市燕巢區,"月薪 36,000 至 46,000元",36000,https://www.yes123.com.tw/wk_index/job.asp?p_id=7015911_85978401&job_id=20240229145157_3562225,英語商務溝通 (流利/精通) / ERP / SAP 企業資源與進銷存 / 辦公室高效應用 (Excel/Word/PPT) / 商務數據分析與自動化 (Python/PowerBI),"徵才說明 職缺更新：星期四  1.開發國外市場與外銷業務之推動。 2.熟悉國貿作業流程，能獨立作業者佳。 3.銷售大數據分析。 薪資待遇： 月薪 36,000 至 46,000元 休假制度： 週休二日 上班日期： 隨 時 上班時段： 08:00~17:00 工作性質： 全職 工作地點： 高雄市燕巢區"
133,B2B外銷業務 (中部),業務協理,永達保險經紀人股份有限公司：北四之八通訊處‧嚴富民,台北市大同區,"薪資按件計酬 0 至 1,000,000元",1000000,https://www.yes123.com.tw/wk_index/job.asp?p_id=c20250515092853_7698480&job_id=20250630140552_1283192,,"徵才說明 職缺更新：今天  1.針對企業或個人可能面臨的風險，設計、解說及提供適當的保險工具。 2.協助激勵、輔導、銷售等相關訓練。3.發展組織，成為優秀的保險企業家。 薪資待遇： 薪資按件計酬 0 至 1,000,000元 休假制度： 依公司規定 上班時段： 依公司規定 工作性質： 全職 工作地點"
134,B2B外銷業務 (中部),業務專員,群義全球股份有限公司,新竹縣竹北市,"月薪 35,000 至 45,000元",35000,https://www.yes123.com.tw/wk_index/job.asp?p_id=20250827091015_16755312&job_id=20250829102824_74137953,商務談判、議價與合約審查,"徵才說明 職缺更新：今天  1. 熟悉公司產品 2. 定期拜訪既有客戶，維繫客戶關係 3. 開發潛在客戶，拓展市場 4. 負責業務接洽、產品報價及訂單處理 5. 控管專案進度及跨部門溝通與合作 6. 產品推廣及技術諮詢 7. 提供售後服務及處理客戶端之問題 薪資待遇： 月薪 35,000 至 45,"
135,B2B外銷業務 (中部),業務助理,富爾特有限公司,高雄市前鎮區,"月薪 30,000 至 40,000元",40000,https://www.yes123.com.tw/wk_index/job.asp?p_id=c20240926135057_1745874&job_id=20260608164648_19349856,英語商務溝通 (流利/精通) / ERP / SAP 企業資源與進銷存 / 進出口關務與海空運單據 (L/C/報關) / 辦公室高效應用 (Excel/Word/PPT),"徵才說明 職缺更新：今天  1.輸入、處理並追蹤客戶訂單,並將訂單資料存檔備份。2,保持與客戶間之聯繫,回覆e-mail,並確認交貨期。3.提供出貨文件,協助業務人員控管出貨,並處理進出口事宜。4.定期提供業務銷售狀況報表,以供業務人員或主管參考5.協助業務人員處理銷售業務相關之公司内部行政作業。6"
136,B2B外銷業務 (中部),業務專員,順益汽車股份有限公司濱江分公司,台北市中山區,"月薪 29,500 至 60,000元",29500,https://www.yes123.com.tw/wk_index/job.asp?p_id=20120913120844_70807838&job_id=20230207094601_2994584,,"徵才說明 職缺更新：今天  1.汽車和週邊產品的銷售2.中古汽車的買賣服務3.汽車性能狀況鑑定4.開發客戶5.訂單處理6.顧客服務 薪資待遇： 月薪 29,500 至 60,000元 休假制度： 週休二日 上班日期： 隨 時 上班時段： 08:30~17:30 工作性質： 全職 工作地點： 台北市中"
137,B2B外銷業務 (中部),業務推展主任,名流寢飾家居館,台中市豐原區,"月薪 45,000 至 60,000元",45000,https://www.yes123.com.tw/wk_index/job.asp?p_id=20110131144119_45461668&job_id=20180304142934_10746918,辦公室高效應用 (Excel/Word/PPT),"徵才說明 職缺更新：今天  1.管理國內業務部門2.審查銷售紀錄與報告，協助業務同仁達成業績目標3.統籌各項商品的服務活動與銷售活動、宣傳活動4.進行市場調查並擬定業務銷售計劃5.審查業務預算及費用 薪資待遇： 月薪 45,000 至 60,000元 休假制度： 依公司規定 上班日期： 立即上班 上"
138,B2B外銷業務 (中部),業務經理,永達保險經紀人股份有限公司：北四之八通訊處‧嚴富民,台北市大同區,"薪資按件計酬 0 至 1,000,000元",1000000,https://www.yes123.com.tw/wk_index/job.asp?p_id=c20250515092853_7698480&job_id=20250630140609_15286482,,"徵才說明 職缺更新：今天  1.針對企業或個人可能面臨的風險，設計、解說及銷售各種不同類型的保險（如：汽 機車險、產險、壽險、醫療險、意外險、投資型保險）。 2.提供客戶保險規劃服務（如：退休規劃、保險法服務）。 3.協助客戶辦理保險理賠、契約變更等業務。 薪資待遇： 薪資按件計酬 0 至 1,00"
139,B2B外銷業務 (中部),業務助理,布魯歐信廣告有限公司,新北市三重區,"月薪 29,500元以上",29500,https://www.yes123.com.tw/wk_index/job.asp?p_id=20100521112632_24339930&job_id=20250203120244_184876,商務談判、議價與合約審查,"徵才說明 職缺更新：今天  1.協助內部業務銷售的相關行政流程2.處理貨單、訂單，建檔和歸檔3.整理部門的生產發包及追蹤進度4.協助處理客戶的詢價與報價5.執行主管與業務交辦的事項6.略懂繪圖軟體更佳 薪資待遇： 月薪 29,500元以上 休假制度： 週休二日 上班時段： 09:00~18:00 工"
140,B2B外銷業務 (中部),業務專員,旌旗人力資源管理顧問有限公司,高雄市左營區,"月薪 30,000 至 35,000元",30000,https://www.yes123.com.tw/wk_index/job.asp?p_id=5220562_54831122&job_id=20250819221200_50978792,辦公室高效應用 (Excel/Word/PPT),徵才說明 職缺更新：今天  加入我們，讓業務拓展之路充滿挑戰與成就！你是否熱愛與人互動，對於業務發展充滿熱情？ 這裡是實現你潛力的最佳舞台！📋 你的每日挑戰將包括：1. 主動聯繫潛在客戶，打造廣泛而深厚的客戶基礎 2. 為客戶提供完整人力規劃方案，滿足他們的需求 3. 熟悉並運用勞動法規及人力資源知
141,B2B外銷業務 (中部),業務人員,神探科技有限公司,新北市新莊區,"月薪 30,000 至 56,000元",30000,https://www.yes123.com.tw/wk_index/job.asp?p_id=20120329120611_24487967&job_id=20170427152122_69124236,ERP / SAP 企業資源與進銷存 / 海外客戶開發與國際商展參展,徵才說明 職缺更新：今天  業務人員如果你喜歡和人交流，也對車輛、科技與實際應用有興趣，歡迎加入神探科技有限公司！我們專注於 GPS 車隊管理系統，協助企業掌握車輛動態、提升管理效率，讓每一次出勤與運輸都更安全、更有條理。🚗📡🛠️主要工作內容1. 開發企業、團體及個人客戶，推廣 GPS 車隊管理系統
142,B2B外銷業務 (中部),國內業務人員(底薪高+內勤),(kronyo、kuan yo)炫豪企業有限公司,台北市士林區,"月薪 35,000 至 60,000元",35000,https://www.yes123.com.tw/wk_index/job.asp?p_id=2849804_97260086&job_id=20250214165941_48405824,英語商務溝通 (流利/精通) / ERP / SAP 企業資源與進銷存 / 進出口關務與海空運單據 (L/C/報關) / 海外客戶開發與國際商展參展 / 辦公室高效應用 (Excel/Word/PPT),徵才說明 職缺更新：昨天  【保障底薪，為生活打好穩定的基礎】1.到職即享保障底薪35000元2.依表現穩定調薪【各式定期及不定期獎金】1.每年：年終紅包或獎金2.不定期：端午/中秋紅包或獎金，滿年生日禮金【健全的福利制度，為您的生活品質加分】1.法令規定的勞健保及退休金2.點心日，不定時有工作日常
143,B2B外銷業務 (中部),業務人員,及豐國際股份有限公司,桃園市桃園區,"月薪 35,000 至 40,000元",40000,https://www.yes123.com.tw/wk_index/job.asp?p_id=20201126120458_42784834&job_id=20240411225437_16730279,ERP / SAP 企業資源與進銷存 / 商務談判、議價與合約審查 / 辦公室高效應用 (Excel/Word/PPT),徵才說明 職缺更新：今天  國內業務人員1. 開發潛在客戶，拓展市場，以達成業績目標。2. 定期拜訪經銷客戶，維繫穩定客戶關係。3. 負責國內業務接洽及訂單處理。4. 負責產品報價及產品展示，並處理帳款回收相關事宜。5. 負責業務推展，傳達及說明公司各項業務重大訊息、活動及產品。6. 進行商品行銷，
144,B2B外銷業務 (中部),業務助理,及豐國際股份有限公司,桃園市桃園區,"月薪 29,500 至 32,000元",29500,https://www.yes123.com.tw/wk_index/job.asp?p_id=20201126120458_42784834&job_id=20201130172031_9020723,ERP / SAP 企業資源與進銷存 / 辦公室高效應用 (Excel/Word/PPT),徵才說明 職缺更新：今天  1. 輸入、處理並追蹤客戶訂單，並將訂單資料存檔備份。2. 保持與客戶間之聯繫，回覆line訊息，並確認交貨期。3. 提供出貨文件，協助業務人員控管出貨。4. 定期提供業務銷售狀況報表，以供業務人員或主管參考。5. 協助業務人員處理銷售業務相關之公司內部行政作業。6. 協
145,B2B外銷業務 (中部),業務助理,旺德福生物科技有限公司,台中市烏日區,"月薪 30,000元以上",30000,https://www.yes123.com.tw/wk_index/job.asp?p_id=20260302140045_7030929&job_id=20260330130011_3871215,,"徵才說明 職缺更新：今天  1.協助主管處理業務2.擅長與人溝通3.協助行政各項庶務4.完成主管交辦事項有意願者請週一至週五早上八點至下午五點直接電洽:李主任:0915-170777蘇小姐:0952-088055 薪資待遇： 月薪 30,000元以上 休假制度： 依公司規定 上班時段： 依公司規定 "
146,B2B外銷業務 (中部),國貿業務專員,裕鐵企業股份有限公司,高雄市燕巢區,"月薪 36,000 至 45,000元",36000,https://www.yes123.com.tw/wk_index/job.asp?p_id=7015911_85978401&job_id=20240229145158_63257681,英語商務溝通 (流利/精通) / ERP / SAP 企業資源與進銷存 / 辦公室高效應用 (Excel/Word/PPT),"徵才說明 職缺更新：星期四  1.開發國外市場與外銷業務之推動。 2.熟悉國貿作業流程，能獨立作業者佳。 薪資待遇： 月薪 36,000 至 45,000元 休假制度： 週休二日 上班日期： 隨 時 上班時段： 白天班 工作性質： 全職 工作地點： 高雄市燕巢區安招里安招路639號 職務類別： 國際"
147,B2B外銷業務 (中部),業務專員,金品食品企業有限公司,新竹市東區,"月薪 29,500元以上",29500,https://www.yes123.com.tw/wk_index/job.asp?p_id=20101021155044_24395876&job_id=20160728145049_6482366,,"徵才說明 職缺更新：今天  1.產品銷售2.業務開發3.顧客服務3.商品管理4.接洽業務5.訂單處理 薪資待遇： 月薪 29,500元以上 休假制度： 週休二日月休八天 上班日期： 隨 時 上班時段： 依公司規定 工作性質： 全職 工作地點： 新竹市東區千甲路5號 職務類別： 國內業務、產品行銷人員"
148,B2B外銷業務 (中部),業務人員,雲水集,高雄市鳳山區,"月薪 35,000元以上",35000,https://www.yes123.com.tw/wk_index/job.asp?p_id=20180907175133_41347152&job_id=20260914131853_10399564,,"徵才說明 職缺更新：今天  1.管理國內業務部門2.審查銷售紀錄與報告，協助業務同仁達成業績目標3.統籌各項商品的服務活動與銷售活動、宣傳活動4.進行市場調查並擬定業務銷售計劃5.審查業務預算及費用 薪資待遇： 月薪 35,000元以上 休假制度： 依公司規定 上班日期： 一個月內 上班時段： 09"
149,B2B外銷業務 (全台),國貿業務人員,優必勝包裝機材有限公司,高雄市仁武區,"月薪 29,500元以上",29500,https://www.yes123.com.tw/wk_index/job.asp?p_id=51808_86445143&job_id=20121004142238_40530,英語商務溝通 (流利/精通) / 進出口關務與海空運單據 (L/C/報關) / 海外客戶開發與國際商展參展 / 商務談判、議價與合約審查 / 第二外語 (日文/越語/西語/德語) / 辦公室高效應用 (Excel/Word/PPT),"徵才說明 職缺更新：昨天  1.開發市場、推廣本公司產品2.報價、議價、訂單處理3.產品售後服務與解說4.進出口作業5.參加公司參展活動(國內展覽，依展覽地點需短期出差)6.參加國外原廠舉辦之業務訓練課程 薪資待遇： 月薪 29,500元以上 休假制度： 依公司規定 上班日期： 立即上班 上班時段："
150,B2B外銷業務 (全台),國外業務專員,松珍生物科技股份有限公司,桃園市龜山區,"月薪 35,000 至 55,000元",35000,https://www.yes123.com.tw/wk_index/job.asp?p_id=20101230141230_12959239&job_id=20260529095228_11908081,英語商務溝通 (流利/精通) / ERP / SAP 企業資源與進銷存 / 進出口關務與海空運單據 (L/C/報關) / 海外客戶開發與國際商展參展 / 辦公室高效應用 (Excel/Word/PPT),徵才說明 職缺更新：昨天  (1) 負責開拓海外市場，尋找國外戰略合作夥伴。(2) 根據國際市場變化適時調整銷售策略，以提高公司產品市場佔有率。(3) 達到預訂之業績目標，負責原有客戶維護及開發新客戶之經驗。(4) 參加國際性展覽並規劃各項事宜(歐美、日本、泰國等....)。(5) 掌握出貨狀況，並
151,跨境電商與海外營運 (全台),行政人員 ／行政助理,聚能跨境電商有限公司,台中市烏日區,"月薪 30,000 至 32,000元",30000,https://www.yes123.com.tw/wk_index/job.asp?p_id=20260223174545_60358225&job_id=20260225190701_8105423,跨境電商平台營運 (Amazon/Alibaba/Shopee),
152,跨境電商與海外營運 (全台),市場開發專員,日新開發有限公司,桃園市平鎮區,薪資面議(經常性薪資達4萬元含以上),40000,https://www.yes123.com.tw/wk_index/job.asp?p_id=c20230817121310_9478113&job_id=20251031153542_23205054,,
153,跨境電商與海外營運 (全台),"A8000 跨境電商平台-營運專案經理(Operations Program Manager, Cross-border Platform)",富邦媒體科技股份有限公司,台北市內湖區,薪資面議(經常性薪資達4萬元含以上),40000,https://www.yes123.com.tw/wk_index/job.asp?p_id=20140103100924_27365925&job_id=20260521094556_8423349,跨境電商平台營運 (Amazon/Alibaba/Shopee),
154,跨境電商與海外營運 (全台),D4000 Senior Java Software Engineer（營銷增長）,富邦媒體科技股份有限公司,台北市內湖區,薪資面議(經常性薪資達4萬元含以上),40000,https://www.yes123.com.tw/wk_index/job.asp?p_id=20140103100924_27365925&job_id=20260521094556_3526139,,
155,跨境電商與海外營運 (全台),D4000 資深前端工程師,富邦媒體科技股份有限公司,台北市內湖區,薪資面議(經常性薪資達4萬元含以上),40000,https://www.yes123.com.tw/wk_index/job.asp?p_id=20140103100924_27365925&job_id=20260604031552_23136577,,
156,跨境電商與海外營運 (全台),又庭實業台灣企業總部 網路電商 業務主管,又庭實業有限公司,台北市大安區,"月薪 42,000 至 52,000元",42000,https://www.yes123.com.tw/wk_index/job.asp?p_id=20240531115310_94238528&job_id=20240601112232_5730884,跨境電商平台營運 (Amazon/Alibaba/Shopee),
157,電商運營與數位貿易 (中部),電商助理,聯豐樂器有限公司,桃園市桃園區,時薪 250元,35000,https://www.yes123.com.tw/wk_index/job.asp?p_id=20150618164832_43767664&job_id=20260330170509_42726599,跨境電商平台營運 (Amazon/Alibaba/Shopee),
158,電商運營與數位貿易 (中部),電商上架專員 / 電商營運助理（蝦皮MOMO）,我們愛他流行商品行,高雄市楠梓區,"月薪 35,000 至 50,000元",35000,https://www.yes123.com.tw/wk_index/job.asp?p_id=20221129220135_91940283&job_id=20250205123052_15991024,跨境電商平台營運 (Amazon/Alibaba/Shopee),
159,電商運營與數位貿易 (中部),電商物流士,誠達通運有限公司,彰化縣彰化市,"月薪 40,000 至 60,000元",40000,https://www.yes123.com.tw/wk_index/job.asp?p_id=20150616174234_42564395&job_id=20220715091221_5204412,跨境電商平台營運 (Amazon/Alibaba/Shopee),
160,電商運營與數位貿易 (中部),社群電商小編,(六姐行車記錄器專家)慶達商行,新北市新莊區,"月薪 35,000 至 40,000元",40000,https://www.yes123.com.tw/wk_index/job.asp?p_id=c20250827135642_4844171&job_id=20260827120553_9075971,跨境電商平台營運 (Amazon/Alibaba/Shopee),
161,電商運營與數位貿易 (中部),電商門市小編,(六姐行車記錄器專家)慶達商行,新北市新莊區,"月薪 35,000 至 40,000元",40000,https://www.yes123.com.tw/wk_index/job.asp?p_id=c20250827135642_4844171&job_id=20260827120552_6975936,跨境電商平台營運 (Amazon/Alibaba/Shopee),
162,電商運營與數位貿易 (中部),電商經營專員,協乘企業有限公司,高雄市前鎮區,"月薪 32,000 至 33,000元",32000,https://www.yes123.com.tw/wk_index/job.asp?p_id=20101213101530_86063572&job_id=20250206170444_18765286,跨境電商平台營運 (Amazon/Alibaba/Shopee),
163,電商運營與數位貿易 (中部),電商平台人員,金大阪國際有限公司,桃園市桃園區,"月薪 32,000元",32000,https://www.yes123.com.tw/wk_index/job.asp?p_id=20110209140551_13079774&job_id=20260421170123_1749073,跨境電商平台營運 (Amazon/Alibaba/Shopee),
164,電商運營與數位貿易 (中部),電商美編人員,樂禾寢具開發有限公司,台南市南區,"月薪 32,000 至 48,000元",32000,https://www.yes123.com.tw/wk_index/job.asp?p_id=20230609111031_80377028&job_id=20260413121457_33723061,跨境電商平台營運 (Amazon/Alibaba/Shopee),
165,電商運營與數位貿易 (中部),電商宅配機車員 承攬制,泳定倉儲物流有限公司,新北市永和區,薪資按件計酬 18 至 25元,35000,https://www.yes123.com.tw/wk_index/job.asp?p_id=c20240117090824_6871606&job_id=20260907113248_9439619,跨境電商平台營運 (Amazon/Alibaba/Shopee),
166,電商運營與數位貿易 (中部),電商宅配機車員 承攬制,滙仕物流有限公司,新北市永和區,薪資按件計酬 18 至 25元,35000,https://www.yes123.com.tw/wk_index/job.asp?p_id=c20240411174129_749780&job_id=20260907103436_4640851,跨境電商平台營運 (Amazon/Alibaba/Shopee),
167,電商運營與數位貿易 (中部),電商宅配機車員 承攬制,泳定倉儲物流有限公司,新北市中和區,薪資按件計酬 18 至 25元,35000,https://www.yes123.com.tw/wk_index/job.asp?p_id=c20240117090824_6871606&job_id=20260907113224_14031275,跨境電商平台營運 (Amazon/Alibaba/Shopee),
168,電商運營與數位貿易 (中部),電商宅配機車員 承攬制,滙仕物流有限公司,台北市大同區,薪資按件計酬 18 至 25元,35000,https://www.yes123.com.tw/wk_index/job.asp?p_id=c20240411174129_749780&job_id=20260907103519_59817941,跨境電商平台營運 (Amazon/Alibaba/Shopee),
169,電商運營與數位貿易 (中部),電商宅配機車員 承攬制,泳定倉儲物流有限公司,台北市大同區,薪資按件計酬 18 至 25元,35000,https://www.yes123.com.tw/wk_index/job.asp?p_id=c20240117090824_6871606&job_id=20260907113313_30251052,跨境電商平台營運 (Amazon/Alibaba/Shopee),
170,電商運營與數位貿易 (中部),電商宅配機車員 承攬制,泳定倉儲物流有限公司,台北市大同區,薪資按件計酬 18 至 25元,35000,https://www.yes123.com.tw/wk_index/job.asp?p_id=c20240117090824_6871606&job_id=20260907113322_6433268,跨境電商平台營運 (Amazon/Alibaba/Shopee),
171,電商運營與數位貿易 (中部),電商宅配機車員 承攬制,滙仕物流有限公司,基隆市仁愛區,薪資按件計酬 18 至 25元,35000,https://www.yes123.com.tw/wk_index/job.asp?p_id=c20240411174129_749780&job_id=20260907100926_1608753,跨境電商平台營運 (Amazon/Alibaba/Shopee),
172,電商運營與數位貿易 (中部),電商宅配機車員 承攬制,滙仕物流有限公司,宜蘭縣宜蘭市,薪資按件計酬 18 至 25元,35000,https://www.yes123.com.tw/wk_index/job.asp?p_id=c20240411174129_749780&job_id=20260907103257_39781634,跨境電商平台營運 (Amazon/Alibaba/Shopee),
173,電商運營與數位貿易 (中部),電商宅配機車員 承攬制,泳定倉儲物流有限公司,新北市土城區,薪資按件計酬 18 至 25元,35000,https://www.yes123.com.tw/wk_index/job.asp?p_id=c20240117090824_6871606&job_id=20260916142651_79199263,跨境電商平台營運 (Amazon/Alibaba/Shopee),
174,電商運營與數位貿易 (中部),電商宅配機車員 承攬制,滙仕物流有限公司,新北市中和區,薪資按件計酬 18 至 25元,35000,https://www.yes123.com.tw/wk_index/job.asp?p_id=c20240411174129_749780&job_id=20260907103357_59717506,跨境電商平台營運 (Amazon/Alibaba/Shopee),
175,電商運營與數位貿易 (中部),電商商品上架專員（蝦皮 / MOMO）,我們愛他流行商品行,高雄市楠梓區,"月薪 35,000 至 50,000元",35000,https://www.yes123.com.tw/wk_index/job.asp?p_id=20221129220135_91940283&job_id=20260312205932_15938387,跨境電商平台營運 (Amazon/Alibaba/Shopee),
176,電商運營與數位貿易 (中部),內勤助理 ✔熟悉電商上架,鈦榮股份有限公司,桃園市桃園區,"月薪 31,000 至 35,000元",31000,https://www.yes123.com.tw/wk_index/job.asp?p_id=20230315134538_54797975&job_id=20230315135201_57127322,跨境電商平台營運 (Amazon/Alibaba/Shopee),
177,電商運營與數位貿易 (中部),電商宅配機車員 承攬制,泳定倉儲物流有限公司,新北市中和區,薪資按件計酬 18 至 25元,35000,https://www.yes123.com.tw/wk_index/job.asp?p_id=c20240117090824_6871606&job_id=20260907113232_5115595,跨境電商平台營運 (Amazon/Alibaba/Shopee),
178,電商運營與數位貿易 (中部),電商宅配機車員 承攬制,滙仕物流有限公司,宜蘭縣宜蘭市,薪資按件計酬 18 至 25元,35000,https://www.yes123.com.tw/wk_index/job.asp?p_id=c20240411174129_749780&job_id=20260907103306_39028804,跨境電商平台營運 (Amazon/Alibaba/Shopee),
179,電商運營與數位貿易 (中部),電商宅配機車員 承攬制,滙仕物流有限公司,基隆市仁愛區,薪資按件計酬 18 至 25元,35000,https://www.yes123.com.tw/wk_index/job.asp?p_id=c20240411174129_749780&job_id=20260907102211_883399,跨境電商平台營運 (Amazon/Alibaba/Shopee),
180,電商運營與數位貿易 (中部),電商宅配機車員 承攬制,滙仕物流有限公司,新北市土城區,薪資按件計酬 18 至 25元,35000,https://www.yes123.com.tw/wk_index/job.asp?p_id=c20240411174129_749780&job_id=20260916142759_5732533,跨境電商平台營運 (Amazon/Alibaba/Shopee),
181,電商運營與數位貿易 (中部),電商宅配機車員 承攬制,滙仕物流有限公司,台北市大同區,薪資按件計酬 18 至 25元,35000,https://www.yes123.com.tw/wk_index/job.asp?p_id=c20240411174129_749780&job_id=20260907103506_36794588,跨境電商平台營運 (Amazon/Alibaba/Shopee),
182,電商運營與數位貿易 (中部),電商宅配機車員 承攬制,泳定倉儲物流有限公司,宜蘭縣宜蘭市,薪資按件計酬 18 至 25元,35000,https://www.yes123.com.tw/wk_index/job.asp?p_id=c20240117090824_6871606&job_id=20260907113440_26912375,跨境電商平台營運 (Amazon/Alibaba/Shopee),
183,電商運營與數位貿易 (中部),電商包裹配送物流士- 日 班 夜班,立程物流有限公司,新北市淡水區,"月薪 29,500 至 50,000元",29500,https://www.yes123.com.tw/wk_index/job.asp?p_id=20240817231453_53177364&job_id=20250527184150_17120353,跨境電商平台營運 (Amazon/Alibaba/Shopee),
184,電商運營與數位貿易 (中部),電商宅配機車員 承攬制,滙仕物流有限公司,新北市永和區,薪資按件計酬 18 至 25元,35000,https://www.yes123.com.tw/wk_index/job.asp?p_id=c20240411174129_749780&job_id=20260907103428_20588410,跨境電商平台營運 (Amazon/Alibaba/Shopee),
185,電商運營與數位貿易 (中部),電商宅配機車員 承攬制,泳定倉儲物流有限公司,新北市永和區,薪資按件計酬 18 至 25元,35000,https://www.yes123.com.tw/wk_index/job.asp?p_id=c20240117090824_6871606&job_id=20260907113257_22627626,跨境電商平台營運 (Amazon/Alibaba/Shopee),
186,電商運營與數位貿易 (中部),電商宅配機車員 承攬制,泳定倉儲物流有限公司,宜蘭縣宜蘭市,薪資按件計酬 18 至 25元,35000,https://www.yes123.com.tw/wk_index/job.asp?p_id=c20240117090824_6871606&job_id=20260907113459_3101459,跨境電商平台營運 (Amazon/Alibaba/Shopee),
187,電商運營與數位貿易 (中部),電商宅配機車員 承攬制,滙仕物流有限公司,新北市中和區,薪資按件計酬 18 至 25元,35000,https://www.yes123.com.tw/wk_index/job.asp?p_id=c20240411174129_749780&job_id=20260907103345_23218182,跨境電商平台營運 (Amazon/Alibaba/Shopee),
188,電商運營與數位貿易 (中部),電商宅配機車員 承攬制,泳定倉儲物流有限公司,基隆市仁愛區,薪資按件計酬 18 至 25元,35000,https://www.yes123.com.tw/wk_index/job.asp?p_id=c20240117090824_6871606&job_id=20260907112917_90098700,跨境電商平台營運 (Amazon/Alibaba/Shopee),
189,電商運營與數位貿易 (中部),電商宅配機車員 承攬制,泳定倉儲物流有限公司,基隆市仁愛區,薪資按件計酬 18 至 25元,35000,https://www.yes123.com.tw/wk_index/job.asp?p_id=c20240117090824_6871606&job_id=20260907112926_48414678,跨境電商平台營運 (Amazon/Alibaba/Shopee),
190,電商運營與數位貿易 (中部),電商助理-網拍小幫手,佳瑩電器_佳瑩科技有限公司,桃園市桃園區,"月薪 32,000元以上",32000,https://www.yes123.com.tw/wk_index/job.asp?p_id=20150506161235_53282350&job_id=20210809143010_16900172,跨境電商平台營運 (Amazon/Alibaba/Shopee),
191,電商運營與數位貿易 (中部),📢電商直播業務 (承纜契約),(冬芝梅系列美妝保養品)希望美利國際有限公司,高雄市岡山區,薪資面議(經常性薪資達4萬元含以上),40000,https://www.yes123.com.tw/wk_index/job.asp?p_id=20110805155833_53237454&job_id=20260716122802_33422822,跨境電商平台營運 (Amazon/Alibaba/Shopee),
192,電商運營與數位貿易 (中部),電商出貨撿貨人員,栯潤企業社(李慶成製香工廠),台中市大里區,"月薪 29,500 至 35,000元",29500,https://www.yes123.com.tw/wk_index/job.asp?p_id=20220526114343_88507828&job_id=20260326102337_42802239,跨境電商平台營運 (Amazon/Alibaba/Shopee),
193,電商運營與數位貿易 (中部),電商美編設計人員,卡帛有限公司,台北市大安區,"月薪 30,000元以上",30000,https://www.yes123.com.tw/wk_index/job.asp?p_id=20130503113705_70396379&job_id=20220412135702_15876035,跨境電商平台營運 (Amazon/Alibaba/Shopee),
194,電商運營與數位貿易 (中部),【電商營運專員｜平台上架】,KABO佳麗寶家電批發,新北市永和區,"月薪 38,000 至 45,000元",38000,https://www.yes123.com.tw/wk_index/job.asp?p_id=2282482_04897247&job_id=20131028154132_17364,跨境電商平台營運 (Amazon/Alibaba/Shopee),
195,電商運營與數位貿易 (中部),AI電商美編 / 商品設計（蝦皮MOMO）,我們愛他流行商品行,高雄市楠梓區,"月薪 34,000 至 40,000元",40000,https://www.yes123.com.tw/wk_index/job.asp?p_id=20221129220135_91940283&job_id=20250122162105_32338602,跨境電商平台營運 (Amazon/Alibaba/Shopee),
196,電商運營與數位貿易 (中部),AI電商美編 / 商品主圖設計（蝦皮MOMO）,我們愛他流行商品行,高雄市楠梓區,"月薪 34,000 至 40,000元",40000,https://www.yes123.com.tw/wk_index/job.asp?p_id=20221129220135_91940283&job_id=20260312205951_45425788,跨境電商平台營運 (Amazon/Alibaba/Shopee),
197,電商運營與數位貿易 (中部),電商倉管包裝出貨人員,大象噴水有限公司,台中市北屯區,"月薪 30,000 至 36,000元",30000,https://www.yes123.com.tw/wk_index/job.asp?p_id=20240104091058_59069045&job_id=20240308103808_89247462,跨境電商平台營運 (Amazon/Alibaba/Shopee),
198,電商運營與數位貿易 (中部),電商小幫手/行銷美編助理,育膳有限公司,彰化縣埔鹽鄉,"月薪 29,500 至 38,000元",29500,https://www.yes123.com.tw/wk_index/job.asp?p_id=1212993_83605379&job_id=20230222221407_49428047,跨境電商平台營運 (Amazon/Alibaba/Shopee),
199,電商運營與數位貿易 (中部),電商助理人員,聯豐樂器有限公司,桃園市桃園區,"月薪 32,000 至 35,000元",32000,https://www.yes123.com.tw/wk_index/job.asp?p_id=20150618164832_43767664&job_id=20260327202821_1879200,跨境電商平台營運 (Amazon/Alibaba/Shopee),
200,電商運營與數位貿易 (中部),J1000 電商企劃(圖書),富邦媒體科技股份有限公司,台北市內湖區,"月薪 35,000元以上",35000,https://www.yes123.com.tw/wk_index/job.asp?p_id=20140103100924_27365925&job_id=20240307032602_6128841,跨境電商平台營運 (Amazon/Alibaba/Shopee),
201,電商運營與數位貿易 (中部),公司擴展 電商小編/行政助理/需協助包貨,宏家廣有限公司,高雄市岡山區,"月薪 30,000 至 38,000元",30000,https://www.yes123.com.tw/wk_index/job.asp?p_id=20260707142654_61399520&job_id=20260812154205_28187285,跨境電商平台營運 (Amazon/Alibaba/Shopee),
202,電商運營與數位貿易 (中部),電商online與實體整合行銷,新光三越百貨股份有限公司,台北市信義區,"月薪 34,400 至 42,000元",34400,https://www.yes123.com.tw/wk_index/job.asp?p_id=20090112160759_23525871&job_id=20260916032033_19690002,跨境電商平台營運 (Amazon/Alibaba/Shopee),
203,電商運營與數位貿易 (中部),電商助理（蝦皮後台＋商品上架＋彈性支援）,唐祐汽車美容商行,嘉義縣水上鄉,"月薪 30,000元以上",30000,https://www.yes123.com.tw/wk_index/job.asp?p_id=20190118173535_47394477&job_id=20260910091744_27393612,跨境電商平台營運 (Amazon/Alibaba/Shopee),
204,電商運營與數位貿易 (中部),電商上架專員 / 商品上架助理（蝦皮MOMO）,我們愛他流行商品行,高雄市楠梓區,"月薪 35,000 至 50,000元",35000,https://www.yes123.com.tw/wk_index/job.asp?p_id=20221129220135_91940283&job_id=20260312205920_714425,跨境電商平台營運 (Amazon/Alibaba/Shopee),
205,電商運營與數位貿易 (中部),倉管 / 電商包裝出貨人員,大象噴水有限公司,台中市北屯區,"月薪 30,000 至 36,000元",30000,https://www.yes123.com.tw/wk_index/job.asp?p_id=20240104091058_59069045&job_id=20240306111201_3734284,跨境電商平台營運 (Amazon/Alibaba/Shopee),
206,電商運營與數位貿易 (中部),電商beautySTAGE營運區督導(總公司),新光三越百貨股份有限公司,台北市信義區,薪資面議(經常性薪資達4萬元含以上),40000,https://www.yes123.com.tw/wk_index/job.asp?p_id=20090112160759_23525871&job_id=20260902032030_21995296,跨境電商平台營運 (Amazon/Alibaba/Shopee),
207,電商運營與數位貿易 (中部),📦大林電商倉儲理貨｜學生兼職可✨可週領 法扣可,富而達企業有限公司,嘉義縣大林鎮,時薪 196 至 250元,35000,https://www.yes123.com.tw/wk_index/job.asp?p_id=c20260415090445_148431&job_id=20260525140326_37653519,跨境電商平台營運 (Amazon/Alibaba/Shopee),
208,電商運營與數位貿易 (中部),彰濱線西電商物流 堆高機手 大夜班,富而達企業有限公司,彰化縣鹿港鎮,時薪 220 至 270元,35000,https://www.yes123.com.tw/wk_index/job.asp?p_id=c20260415090445_148431&job_id=20260528135940_79683921,跨境電商平台營運 (Amazon/Alibaba/Shopee),
209,電商運營與數位貿易 (中部),【正職】電商／作業人員 (週休二日／見紅字休),桀昇機車精品,桃園市八德區,"月薪 29,500 至 32,000元",29500,https://www.yes123.com.tw/wk_index/job.asp?p_id=20210118141343_82052217&job_id=20221214214435_11226889,跨境電商平台營運 (Amazon/Alibaba/Shopee),
210,電商運營與數位貿易 (中部),大林 電商平台理貨員 晚八 (可周領 法扣可),富而達企業有限公司,嘉義縣大林鎮,時薪 200 至 240元,35000,https://www.yes123.com.tw/wk_index/job.asp?p_id=c20260415090445_148431&job_id=20260507013300_37697802,跨境電商平台營運 (Amazon/Alibaba/Shopee),
211,電商運營與數位貿易 (中部),業務助理 電商網拍 保障底薪 績效分潤另計,宏泰林有限公司,新竹市北區,"月薪 32,000元以上",32000,https://www.yes123.com.tw/wk_index/job.asp?p_id=20120625113818_53604084&job_id=20260709104938_21947521,跨境電商平台營運 (Amazon/Alibaba/Shopee),
212,電商運營與數位貿易 (中部),電商平台助理/會計人員【工時彈性】,唐祐汽車美容商行,嘉義縣水上鄉,"部分工時(月薪) 15,000元以上",15000,https://www.yes123.com.tw/wk_index/job.asp?p_id=20190118173535_47394477&job_id=20260911123740_9313834,跨境電商平台營運 (Amazon/Alibaba/Shopee),
213,電商運營與數位貿易 (中部),店配人員及電商包裹收送籠車作業司機(職業5噸/8.5T),耀洋企業社,台南市永康區,"月薪 35,000 至 70,000元",35000,https://www.yes123.com.tw/wk_index/job.asp?p_id=20230601144347_40897397&job_id=20230601185527_33875103,跨境電商平台營運 (Amazon/Alibaba/Shopee),
214,電商運營與數位貿易 (中部),嘉義大林 電商物流理貨員 晚班(可周領 法扣可),富而達企業有限公司,嘉義縣大林鎮,時薪 200 至 220元,35000,https://www.yes123.com.tw/wk_index/job.asp?p_id=c20260415090445_148431&job_id=20260507020135_29182194,跨境電商平台營運 (Amazon/Alibaba/Shopee),
215,電商運營與數位貿易 (中部),大林 知名電商平台 理貨員 早班 (可周領 法扣可),富而達企業有限公司,嘉義縣大林鎮,時薪 200 至 220元,35000,https://www.yes123.com.tw/wk_index/job.asp?p_id=c20260415090445_148431&job_id=20260507013528_34557777,跨境電商平台營運 (Amazon/Alibaba/Shopee),
216,電商運營與數位貿易 (中部),嘉義大林 電商物流理貨員 早班 (可周領 法扣可),富而達企業有限公司,嘉義縣大林鎮,時薪 196 至 201元,35000,https://www.yes123.com.tw/wk_index/job.asp?p_id=c20260415090445_148431&job_id=20260507015744_3486622,跨境電商平台營運 (Amazon/Alibaba/Shopee),
217,電商運營與數位貿易 (中部),大林 電商物流理貨員 早班短 (可周領 法扣可),富而達企業有限公司,嘉義縣大林鎮,時薪 196 至 201元,35000,https://www.yes123.com.tw/wk_index/job.asp?p_id=c20260415090445_148431&job_id=20260507015946_825614,跨境電商平台營運 (Amazon/Alibaba/Shopee),
218,電商運營與數位貿易 (中部),J1000 電商企劃(3C/保健/家居),富邦媒體科技股份有限公司,台北市內湖區,"月薪 36,000元以上",36000,https://www.yes123.com.tw/wk_index/job.asp?p_id=20140103100924_27365925&job_id=20250109033101_27104307,跨境電商平台營運 (Amazon/Alibaba/Shopee),
219,電商運營與數位貿易 (中部),嘉義大林 知名電商 理貨人員 晚班 可週領 法扣可,富而達企業有限公司,嘉義縣大林鎮,時薪 205 至 260元,35000,https://www.yes123.com.tw/wk_index/job.asp?p_id=c20260415090445_148431&job_id=20260427231743_46073488,跨境電商平台營運 (Amazon/Alibaba/Shopee),
220,電商運營與數位貿易 (中部),公司擴展 電商全職助理/業務助理/須協助包貨,宏家廣有限公司,高雄市岡山區,"月薪 30,000 至 38,000元",30000,https://www.yes123.com.tw/wk_index/job.asp?p_id=20260707142654_61399520&job_id=20260812153142_49949830,跨境電商平台營運 (Amazon/Alibaba/Shopee),
221,電商運營與數位貿易 (中部),大林電商倉儲 臨時派遣人員 可法扣 可周領,富而達企業有限公司,嘉義縣大林鎮,時薪 196 至 260元,35000,https://www.yes123.com.tw/wk_index/job.asp?p_id=c20260415090445_148431&job_id=20260512170306_5919654,跨境電商平台營運 (Amazon/Alibaba/Shopee),
222,電商運營與數位貿易 (中部),J24000【數據發展】產品經理/Product Manager(搜推、數據、電商),富邦媒體科技股份有限公司,台北市內湖區,薪資面議(經常性薪資達4萬元含以上),40000,https://www.yes123.com.tw/wk_index/job.asp?p_id=20140103100924_27365925&job_id=20231016095054_65303667,跨境電商平台營運 (Amazon/Alibaba/Shopee),
223,電商運營與數位貿易 (中部),知名電商💎日領 週領⭐薪資210 240⭕️-RJ22,優質人資有限公司,桃園市觀音區,時薪 210 至 300元,35000,https://www.yes123.com.tw/wk_index/job.asp?p_id=20101008173252_53029245&job_id=20250409161922_28433898,跨境電商平台營運 (Amazon/Alibaba/Shopee),
224,電商運營與數位貿易 (中部),D4000 電商營運系統 JAVA技術主管 Software Engineering Manager（Java）,富邦媒體科技股份有限公司,台北市內湖區,薪資面議(經常性薪資達4萬元含以上),40000,https://www.yes123.com.tw/wk_index/job.asp?p_id=20140103100924_27365925&job_id=20260402032044_7101097,跨境電商平台營運 (Amazon/Alibaba/Shopee),
225,電商運營與數位貿易 (中部),✅⭐電商撿貨✅210 240 ⭕日領1600週領9000⭐RJ22,優質人資有限公司,桃園市大園區,時薪 210 至 300元,35000,https://www.yes123.com.tw/wk_index/job.asp?p_id=20101008173252_53029245&job_id=20250319150216_6139127,跨境電商平台營運 (Amazon/Alibaba/Shopee),
226,電商運營與數位貿易 (中部),高時薪285【知名電商安定】物流人員,吉陞人力資源有限公司,台南市安定區,時薪 200 至 285元,35000,https://www.yes123.com.tw/wk_index/job.asp?p_id=20160509122857_24891241&job_id=20260330114400_28305189,跨境電商平台營運 (Amazon/Alibaba/Shopee),
227,電商運營與數位貿易 (中部),【中和】資深行銷企劃專員（社群／短影音／電商） 福利佳,自然美生物科技股份有限公司,新北市中和區,"月薪 40,000 至 55,000元",40000,https://www.yes123.com.tw/wk_index/job.asp?p_id=20260320181359_13738082&job_id=20260324111341_37888837,跨境電商平台營運 (Amazon/Alibaba/Shopee),
228,電商運營與數位貿易 (中部),彰濱工業線西區 知名電商平台 理貨人員 大夜班(可周領 法扣可),富而達企業有限公司,彰化縣鹿港鎮,時薪 210 至 260元,35000,https://www.yes123.com.tw/wk_index/job.asp?p_id=c20260415090445_148431&job_id=20260415122758_20692875,跨境電商平台營運 (Amazon/Alibaba/Shopee),
229,電商運營與數位貿易 (中部),J1000【EC行銷部】電商 資深/廣告優化師,富邦媒體科技股份有限公司,台北市內湖區,薪資面議(經常性薪資達4萬元含以上),40000,https://www.yes123.com.tw/wk_index/job.asp?p_id=20140103100924_27365925&job_id=20231016095035_16669303,跨境電商平台營運 (Amazon/Alibaba/Shopee),
230,電商運營與數位貿易 (中部),【總公司】電商服務部_客服專員,新竹物流股份有限公司,台北市士林區,"月薪 42,000 至 46,000元",42000,https://www.yes123.com.tw/wk_index/job.asp?p_id=4030529_46480100&job_id=20241030041134_44193591,跨境電商平台營運 (Amazon/Alibaba/Shopee),
231,電商運營與數位貿易 (中部),【正職】電商／倉管幹部／作業人員／ (週休二日／見紅字休),桀昇機車精品,桃園市八德區,"月薪 29,500 至 36,000元",29500,https://www.yes123.com.tw/wk_index/job.asp?p_id=20210118141343_82052217&job_id=20220318133058_51245696,跨境電商平台營運 (Amazon/Alibaba/Shopee),
232,電商運營與數位貿易 (中部),長期兼職-日班/晚班 網拍電商直播主 直播人員 服飾銷售 台灣/越南,宏尚磁磚加工股份有限公司,台南市仁德區,時薪 200 至 500元,35000,https://www.yes123.com.tw/wk_index/job.asp?p_id=c20230526104313_5455591&job_id=20250817214129_5177979,跨境電商平台營運 (Amazon/Alibaba/Shopee) / 第二外語 (日文/越語/西語/德語),
233,電商運營與數位貿易 (中部),嘉義大林知名電商平台 理貨人員 早班（可週領，法扣可）,富而達企業有限公司,嘉義縣大林鎮,時薪 200元,35000,https://www.yes123.com.tw/wk_index/job.asp?p_id=c20260415090445_148431&job_id=20260415122758_3912591,跨境電商平台營運 (Amazon/Alibaba/Shopee),
234,電商運營與數位貿易 (中部),嘉義大林 電商物流理貨員 小夜班 (可周領 法扣可),富而達企業有限公司,嘉義縣大林鎮,時薪 200 至 230元,35000,https://www.yes123.com.tw/wk_index/job.asp?p_id=c20260415090445_148431&job_id=20260507015338_31342511,跨境電商平台營運 (Amazon/Alibaba/Shopee),
235,電商運營與數位貿易 (中部),嘉義大林 知名電商 理貨人員 大夜班 可週領 法扣可,富而達企業有限公司,嘉義縣大林鎮,時薪 200元以上,35000,https://www.yes123.com.tw/wk_index/job.asp?p_id=c20260415090445_148431&job_id=20260415122758_36307607,跨境電商平台營運 (Amazon/Alibaba/Shopee),
236,電商運營與數位貿易 (中部),嘉義大林 知名電商平台 理貨人員 晚班（可週領，法扣可）,富而達企業有限公司,嘉義縣大林鎮,時薪 200元,35000,https://www.yes123.com.tw/wk_index/job.asp?p_id=c20260415090445_148431&job_id=20260415122758_9668124,跨境電商平台營運 (Amazon/Alibaba/Shopee),
237,電商運營與數位貿易 (中部),嘉義大林 電商物流理貨員 早五班 (可周領 法扣可),富而達企業有限公司,嘉義縣大林鎮,時薪 200 至 250元,35000,https://www.yes123.com.tw/wk_index/job.asp?p_id=c20260415090445_148431&job_id=20260507015556_78743242,跨境電商平台營運 (Amazon/Alibaba/Shopee),
238,電商運營與數位貿易 (中部),【總公司】營業開發處_電商開發 專案課長,新竹物流股份有限公司,台北市士林區,"月薪 50,000 至 60,000元",50000,https://www.yes123.com.tw/wk_index/job.asp?p_id=4030529_46480100&job_id=20250428035639_63656803,跨境電商平台營運 (Amazon/Alibaba/Shopee),
239,電商運營與數位貿易 (中部),嘉義大林 電商物流理貨員 晚八班 (可周領 法扣可),富而達企業有限公司,嘉義縣大林鎮,時薪 200 至 205元,35000,https://www.yes123.com.tw/wk_index/job.asp?p_id=c20260415090445_148431&job_id=20260507020325_8714532,跨境電商平台營運 (Amazon/Alibaba/Shopee),
240,電商運營與數位貿易 (中部),韓國電商理貨(臨時工)(日班、午晚班)-(代招正職)隔日領 週領,康特國際商務有限公司,桃園市大園區,時薪 260 至 401元,35000,https://www.yes123.com.tw/wk_index/job.asp?p_id=20211202122454_50909365&job_id=20231101165756_16188340,跨境電商平台營運 (Amazon/Alibaba/Shopee),
241,電商運營與數位貿易 (中部),嘉義大林 電商物流理貨員 大夜班 (可周領 法扣可),富而達企業有限公司,嘉義縣大林鎮,時薪 210 至 260元,35000,https://www.yes123.com.tw/wk_index/job.asp?p_id=c20260415090445_148431&job_id=20260507015045_38776264,跨境電商平台營運 (Amazon/Alibaba/Shopee),
242,電商運營與數位貿易 (中部),【總公司】營業開發處_電商服務部 專案課長,新竹物流股份有限公司,台北市士林區,"月薪 50,000 至 60,000元",50000,https://www.yes123.com.tw/wk_index/job.asp?p_id=4030529_46480100&job_id=20260518033139_2032302,跨境電商平台營運 (Amazon/Alibaba/Shopee),
243,電商運營與數位貿易 (中部),D4000 電商營運系統JAVA軟體開發工程師.,富邦媒體科技股份有限公司,台北市內湖區,薪資面議(經常性薪資達4萬元含以上),40000,https://www.yes123.com.tw/wk_index/job.asp?p_id=20140103100924_27365925&job_id=20190719102433_6849137,跨境電商平台營運 (Amazon/Alibaba/Shopee),
244,電商運營與數位貿易 (中部),彰濱工業線西區 知名電商平台 理貨人員 晚班(可周領 法扣可),富而達企業有限公司,彰化縣鹿港鎮,時薪 200 至 245元,35000,https://www.yes123.com.tw/wk_index/job.asp?p_id=c20260415090445_148431&job_id=20260415122758_45491471,跨境電商平台營運 (Amazon/Alibaba/Shopee),
245,電商運營與數位貿易 (中部),彰濱工業線西區 知名電商平台 理貨人員 早班 (可周領 法扣可),富而達企業有限公司,彰化縣鹿港鎮,時薪 196 至 215元,35000,https://www.yes123.com.tw/wk_index/job.asp?p_id=c20260415090445_148431&job_id=20260415122758_12444105,跨境電商平台營運 (Amazon/Alibaba/Shopee),
246,電商運營與數位貿易 (中部),D4000 電商營運系統JAVA軟體開發工程師B,富邦媒體科技股份有限公司,台北市內湖區,薪資面議(經常性薪資達4萬元含以上),40000,https://www.yes123.com.tw/wk_index/job.asp?p_id=20140103100924_27365925&job_id=20250206033051_41136295,跨境電商平台營運 (Amazon/Alibaba/Shopee),
247,電商運營與數位貿易 (中部),嘉義大林 知名電商平台 理貨人員 日班 需有堆高機證照,富而達企業有限公司,嘉義縣大林鎮,時薪 200元,35000,https://www.yes123.com.tw/wk_index/job.asp?p_id=c20260415090445_148431&job_id=20260427232712_6244098,跨境電商平台營運 (Amazon/Alibaba/Shopee),
248,電商運營與數位貿易 (中部),嘉義大林 知名電商平台 理貨人員 早班 (可周領 法扣可),富而達企業有限公司,嘉義縣大林鎮,時薪 200 至 225元,35000,https://www.yes123.com.tw/wk_index/job.asp?p_id=c20260415090445_148431&job_id=20260427204452_65090011,跨境電商平台營運 (Amazon/Alibaba/Shopee),
249,電商運營與數位貿易 (中部),嘉義大林 知名電商平台 理貨人員 大夜班 可週領 法扣可,富而達企業有限公司,嘉義縣大林鎮,時薪 210 至 285元,35000,https://www.yes123.com.tw/wk_index/job.asp?p_id=c20260415090445_148431&job_id=20260427232145_32090345,跨境電商平台營運 (Amazon/Alibaba/Shopee),
250,電商運營與數位貿易 (中部),【總公司】電商服務部_管理師(台中市大雅區),新竹物流股份有限公司,台中市大雅區,"月薪 32,000 至 39,000元",32000,https://www.yes123.com.tw/wk_index/job.asp?p_id=4030529_46480100&job_id=20230601114056_47908236,跨境電商平台營運 (Amazon/Alibaba/Shopee),
251,電商運營與數位貿易 (中部),【總公司】營業開發處_電商開發 專員,新竹物流股份有限公司,台北市士林區,"月薪 37,000 至 45,000元",37000,https://www.yes123.com.tw/wk_index/job.asp?p_id=4030529_46480100&job_id=20240607041610_532294,跨境電商平台營運 (Amazon/Alibaba/Shopee),
252,電商運營與數位貿易 (中部),D4000 電商優惠券管理後台前端開發工程師【台中】,富邦媒體科技股份有限公司,台中市北屯區,薪資面議(經常性薪資達4萬元含以上),40000,https://www.yes123.com.tw/wk_index/job.asp?p_id=20140103100924_27365925&job_id=20260806031557_8762522,跨境電商平台營運 (Amazon/Alibaba/Shopee),
253,電商運營與數位貿易 (中部),D4000 電商營運系統 資深軟體工程師（Java）,富邦媒體科技股份有限公司,台北市內湖區,薪資面議(經常性薪資達4萬元含以上),40000,https://www.yes123.com.tw/wk_index/job.asp?p_id=20140103100924_27365925&job_id=20260402032044_13450641,跨境電商平台營運 (Amazon/Alibaba/Shopee),
254,電商運營與數位貿易 (中部),【派駐全球保健領導品牌｜Haleon】電商Key Account 主要客戶副理/經理,新竹物流股份有限公司,台北市中正區,薪資面議(經常性薪資達4萬元含以上),40000,https://www.yes123.com.tw/wk_index/job.asp?p_id=4030529_46480100&job_id=20260706032132_10673198,跨境電商平台營運 (Amazon/Alibaba/Shopee),
255,電商運營與數位貿易 (中部),PN💖電商㊣職🔥晚班270/H+16000獎金✔️周領全薪✔️免費供餐✔️免費交通✔️不加班,匯林企業有限公司,桃園市觀音區,時薪 270 至 540元,35000,https://www.yes123.com.tw/wk_index/job.asp?p_id=20140407161910_53782165&job_id=20250411233424_2254969,跨境電商平台營運 (Amazon/Alibaba/Shopee),
256,電商運營與數位貿易 (中部),PN🔥電商㊣職🔥晚班270/H+15000獎金✔️周領全薪✔️免費供餐✔️免費交通✔️不加班,匯林企業有限公司,桃園市中壢區,時薪 270 至 640元,35000,https://www.yes123.com.tw/wk_index/job.asp?p_id=20140407161910_53782165&job_id=20250411233951_84838673,跨境電商平台營運 (Amazon/Alibaba/Shopee),
257,電商運營與數位貿易 (中部),彰化/誠徵5噸職業小貨車司機/電商物流箱配送/尾門車作業/月收入平均5萬5千元以上,品安冷鏈物流有限公司,彰化縣鹿港鎮,"薪資按件計酬 55,000元",55000,https://www.yes123.com.tw/wk_index/job.asp?p_id=20260504095604_80495132&job_id=20260903152733_9516878,跨境電商平台營運 (Amazon/Alibaba/Shopee),
258,電商運營與數位貿易 (中部),YU❄️🚚長派🏖️月賺68K🍍可日領📣大園➕觀音📦電商理貨員🍛免費供餐🚌交通車,匯林企業有限公司,桃園市大園區,時薪 210 至 401元,35000,https://www.yes123.com.tw/wk_index/job.asp?p_id=20140407161910_53782165&job_id=20251229222458_17454495,跨境電商平台營運 (Amazon/Alibaba/Shopee),
259,電商運營與數位貿易 (中部),電商助理【無經驗可，29500 加獎金分紅】二度就業上班時間可彈性調整,(全方位運動戶外館)漾星商行,高雄市苓雅區,"月薪 29,500 至 32,000元",29500,https://www.yes123.com.tw/wk_index/job.asp?p_id=c20260303112348_7335779&job_id=20260304110737_11110210,跨境電商平台營運 (Amazon/Alibaba/Shopee),
260,電商運營與數位貿易 (中部),AM- 韓國知名電商物流中心【正式人員招募中】高時薪270💰獎金最高16000,匯林企業有限公司,桃園市龜山區,時薪 270 至 300元,35000,https://www.yes123.com.tw/wk_index/job.asp?p_id=20140407161910_53782165&job_id=20260630161908_29856758,跨境電商平台營運 (Amazon/Alibaba/Shopee),
261,電商運營與數位貿易 (中部),英語直播主,影拾文創股份有限公司,台北市北投區,時薪 500元以上,35000,https://www.yes123.com.tw/wk_index/job.asp?p_id=20160303151344_42641169&job_id=20260522114738_34807370,英語商務溝通 (流利/精通),
262,電商運營與數位貿易 (中部),印尼語直播主,影拾文創股份有限公司,台北市北投區,時薪 500元以上,35000,https://www.yes123.com.tw/wk_index/job.asp?p_id=20160303151344_42641169&job_id=20260522114923_954002,,
263,電商運營與數位貿易 (中部),✅龜山280/H🔥電商龍頭理貨小幫手🔥高錄取立即卡位報名#CK,匯林企業有限公司,桃園市龜山區,時薪 280元,35000,https://www.yes123.com.tw/wk_index/job.asp?p_id=20140407161910_53782165&job_id=20221023114448_60192046,跨境電商平台營運 (Amazon/Alibaba/Shopee),
264,電商運營與數位貿易 (中部),(光華商場) 電腦門市銷售人員,歆宇科技股份有限公司,台北市中正區,"月薪 30,000 至 35,000元",30000,https://www.yes123.com.tw/wk_index/job.asp?p_id=20090811153922_16773121&job_id=20121214140707_18722376,,
265,電商運營與數位貿易 (中部),PN💖電商㊣職🔥晚班270/H+16000獎金✔️周領全薪✔️免費供餐✔️免費交通✔️線上書審,匯林企業有限公司,桃園市平鎮區,時薪 270 至 540元,35000,https://www.yes123.com.tw/wk_index/job.asp?p_id=20140407161910_53782165&job_id=20250411234404_10810800,跨境電商平台營運 (Amazon/Alibaba/Shopee),
266,電商運營與數位貿易 (中部),直播主,影拾文創股份有限公司,台北市北投區,時薪 300元以上,35000,https://www.yes123.com.tw/wk_index/job.asp?p_id=20160303151344_42641169&job_id=20260522114439_9193452,,
267,電商運營與數位貿易 (中部),進出貨倉儲管理人員,歆宇科技股份有限公司,新北市五股區,"月薪 30,000 至 35,000元",30000,https://www.yes123.com.tw/wk_index/job.asp?p_id=20090811153922_16773121&job_id=20110316162028_4223667,,
268,電商運營與數位貿易 (中部),客服部 電腦工程師,歆宇科技股份有限公司,新北市五股區,"月薪 30,000 至 42,000元",30000,https://www.yes123.com.tw/wk_index/job.asp?p_id=20090811153922_16773121&job_id=20180202160950_38134931,,
269,電商運營與數位貿易 (中部),電子商務 商品文案上架專員,歆宇科技股份有限公司,新北市新莊區,"月薪 30,000 至 35,000元",30000,https://www.yes123.com.tw/wk_index/job.asp?p_id=20090811153922_16773121&job_id=20240715160804_6801694,海外數位行銷與流量投放 (GA4/SEO/Meta),
270,電商運營與數位貿易 (中部),直播小幫手,影拾文創股份有限公司,台北市北投區,"月薪 32,000元以上",32000,https://www.yes123.com.tw/wk_index/job.asp?p_id=20160303151344_42641169&job_id=20260522115353_3538247,,
271,電商運營與數位貿易 (中部),長期工讀生(P.T),影拾文創股份有限公司,新北市三重區,時薪 196元,35000,https://www.yes123.com.tw/wk_index/job.asp?p_id=20160303151344_42641169&job_id=20190308114817_18376142,,
272,電商運營與數位貿易 (中部),(光華商場)電腦工程師,歆宇科技股份有限公司,台北市中正區,"月薪 30,000 至 42,000元",30000,https://www.yes123.com.tw/wk_index/job.asp?p_id=20090811153922_16773121&job_id=20150417201233_87702056,,
273,電商運營與數位貿易 (中部),【電商】電商通路運營主管,神腦國際企業股份有限公司,新北市新店區,薪資面議(經常性薪資達4萬元含以上),40000,https://www.yes123.com.tw/wk_index/job.asp?p_id=7042309_12228473&job_id=20240827035540_48725340,跨境電商平台營運 (Amazon/Alibaba/Shopee),
274,電商運營與數位貿易 (中部),【電商】電商平台助理,神腦國際企業股份有限公司,新北市新店區,"月薪 32,000 至 38,000元",32000,https://www.yes123.com.tw/wk_index/job.asp?p_id=7042309_12228473&job_id=20211208180147_11789134,跨境電商平台營運 (Amazon/Alibaba/Shopee),
275,國際貿易與進出口 (中部),財務人員｜國際貿易 × 財務管理專業,裕鐵企業股份有限公司,高雄市燕巢區,"月薪 33,000 至 38,000元",33000,https://www.yes123.com.tw/wk_index/job.asp?p_id=7015911_85978401&job_id=20190920134051_9892694,,
276,國際貿易與進出口 (中部),國際貿易營運行政專員（歐洲市場｜竹北高鐵特區）,李記德實業有限公司,新竹縣竹北市,"月薪 40,000 至 48,000元",40000,https://www.yes123.com.tw/wk_index/job.asp?p_id=20180827121509_53375174&job_id=20260821155349_30019042,,
277,國際貿易與進出口 (中部),國際貿易B2B營運行政專員（全球市場｜竹南鎮）,李記德實業有限公司,苗栗縣竹南鎮,"月薪 38,000 至 45,000元",38000,https://www.yes123.com.tw/wk_index/job.asp?p_id=20180827121509_53375174&job_id=20260821155348_73266132,,
278,國際貿易與進出口 (中部),船務人員,鼎銓國際貿易股份有限公司,彰化縣永靖鄉,"月薪 30,000元以上",30000,https://www.yes123.com.tw/wk_index/job.asp?p_id=20260616102047_46981338&job_id=20260616111101_41633928,進出口關務與海空運單據 (L/C/報關),
279,國際貿易與進出口 (中部),國際貿易B2B行銷企劃專員 ( 全球市場｜竹南鎮）,李記德實業有限公司,苗栗縣竹南鎮,"月薪 38,000 至 60,000元",38000,https://www.yes123.com.tw/wk_index/job.asp?p_id=20180827121509_53375174&job_id=20260821155348_2315111,,
280,國際貿易與進出口 (中部),採購人員(有鞋廠經驗者佳),鼎銓國際貿易股份有限公司,彰化縣永靖鄉,"月薪 30,000元以上",30000,https://www.yes123.com.tw/wk_index/job.asp?p_id=20260616102047_46981338&job_id=20260722172814_943290,,
281,國際貿易與進出口 (中部),生管人員,鼎銓國際貿易股份有限公司,彰化縣永靖鄉,"月薪 30,000元以上",30000,https://www.yes123.com.tw/wk_index/job.asp?p_id=20260616102047_46981338&job_id=20260616113606_9485022,,
282,國際貿易與進出口 (中部),【機車送貨/理貨員】備駕照★請親洽,御富國際貿易有限公司,新北市萬里區,"月薪 37,000 至 42,000元",37000,https://www.yes123.com.tw/wk_index/job.asp?p_id=20160704134548_24254670&job_id=20260715145848_23102903,,
283,國際貿易與進出口 (中部),【機車送貨/理貨員】備駕照★請親洽,御富國際貿易有限公司,新北市金山區,"月薪 37,000 至 42,000元",37000,https://www.yes123.com.tw/wk_index/job.asp?p_id=20160704134548_24254670&job_id=20260715145824_2919698,,
284,國際貿易與進出口 (中部),【機車送貨/理貨員】備駕照★請親洽,御富國際貿易有限公司,新北市瑞芳區,"月薪 37,000 至 42,000元",37000,https://www.yes123.com.tw/wk_index/job.asp?p_id=20160704134548_24254670&job_id=20260715145715_867565,,
285,國際貿易與進出口 (中部),基隆全區【機車送貨/理貨員】備機車駕照★請親洽,御富國際貿易有限公司,基隆市中正區,"月薪 37,000 至 42,000元",37000,https://www.yes123.com.tw/wk_index/job.asp?p_id=20160704134548_24254670&job_id=20260715145507_57385825,,
286,國際貿易與進出口 (中部),業務人員,環光國際貿易有限公司,新北市五股區,"月薪 32,000 至 100,000元",32000,https://www.yes123.com.tw/wk_index/job.asp?p_id=8791729_80274620&job_id=20110325112457_8035319,,
287,國際貿易與進出口 (中部),網路行銷專員(具經驗),環光國際貿易有限公司,新北市五股區,"月薪 30,000 至 50,000元",30000,https://www.yes123.com.tw/wk_index/job.asp?p_id=8791729_80274620&job_id=20240222091832_52982340,海外數位行銷與流量投放 (GA4/SEO/Meta),
288,國際貿易與進出口 (中部),平面設計/美編人員(具經驗),環光國際貿易有限公司,新北市五股區,"月薪 30,000 至 50,000元",30000,https://www.yes123.com.tw/wk_index/job.asp?p_id=8791729_80274620&job_id=20240222092000_1786815,,
289,國際貿易與進出口 (中部),出退貨人員,環光國際貿易有限公司,新北市五股區,"月薪 30,000 至 45,000元",30000,https://www.yes123.com.tw/wk_index/job.asp?p_id=8791729_80274620&job_id=20260623080956_23121226,,
290,國際貿易與進出口 (中部),海運OP人員,永騰國際貿易有限公司,台北市萬華區,"月薪 32,000元以上",32000,https://www.yes123.com.tw/wk_index/job.asp?p_id=20130503115420_29163811&job_id=20211124100123_40414417,,
291,國際貿易與進出口 (中部),機車維修技師、半技師,成御國際貿易股份有限公司,高雄市鼓山區,"月薪 32,000 至 38,000元",32000,https://www.yes123.com.tw/wk_index/job.asp?p_id=20260708160119_49802077&job_id=20260715135011_29252752,,
292,國際貿易與進出口 (中部),國際貿易業務人員,佳值貿易有限公司,台北市中山區,"月薪 38,000 至 55,000元",38000,https://www.yes123.com.tw/wk_index/job.asp?p_id=c20260311121506_1266443&job_id=20260316120117_19298458,,
293,國際貿易與進出口 (中部),☑︎工作穩定的理貨人員~不輪班/全白班,多福國際貿易有限公司,高雄市岡山區,"月薪 33,000 至 38,000元",33000,https://www.yes123.com.tw/wk_index/job.asp?p_id=20220301145438_24684995&job_id=20260914155921_16292069,,
294,國際貿易與進出口 (中部),中古車銷售業務(按件計酬/高獎金),群詠國際貿易有限公司,台中市南屯區,薪資按件計酬,35000,https://www.yes123.com.tw/wk_index/job.asp?p_id=c20251223162257_5756189&job_id=20260210111112_96796004,,
295,國際貿易與進出口 (中部),【銷售業務】(月薪29500元以上+抽成~依能力經驗調薪) ※廣告商勿擾,(弋果車業)弋果國際貿易有限公司,新竹縣竹北市,"月薪 29,500元以上",29500,https://www.yes123.com.tw/wk_index/job.asp?p_id=c20251030090038_5421258&job_id=20260302153648_7654927,,
296,國際貿易與進出口 (中部),工讀生/兼職人員,(正俗賣)萬三國際貿易有限公司,台中市太平區,時薪 196元以上,35000,https://www.yes123.com.tw/wk_index/job.asp?p_id=20260313170907_73725527&job_id=20260902052030_17421143,,
297,國際貿易與進出口 (中部),【汽美美容鍍膜】學徒/工讀生. ※廣告商勿擾,(弋果車業)弋果國際貿易有限公司,新竹縣竹北市,"月薪 29,500元以上",29500,https://www.yes123.com.tw/wk_index/job.asp?p_id=c20251030090038_5421258&job_id=20260302153639_52718911,,
298,國際貿易與進出口 (中部),社群行銷與客服專員,里約生技國際貿易有限公司,高雄市仁武區,"月薪 40,000 至 80,000元",40000,https://www.yes123.com.tw/wk_index/job.asp?p_id=n20260630144213_2511560&job_id=20260812090959_74530845,海外數位行銷與流量投放 (GA4/SEO/Meta),
299,國際貿易與進出口 (中部),行銷開發與物流專員,里約生技國際貿易有限公司,高雄市仁武區,"月薪 50,000 至 80,000元",50000,https://www.yes123.com.tw/wk_index/job.asp?p_id=n20260630144213_2511560&job_id=20260812090958_43964723,,
300,國際貿易與進出口 (中部),【汽美美容鍍膜】正職 ※廣告商勿擾,(弋果車業)弋果國際貿易有限公司,新竹縣竹北市,"月薪 29,500元以上",29500,https://www.yes123.com.tw/wk_index/job.asp?p_id=c20251030090038_5421258&job_id=20260313192918_1094489,,
301,國際貿易與進出口 (中部),★【賣場門市人員】(薪資:29500元~34000元)(歡迎電洽預約面試:施先生0936345168,(正俗賣)萬三國際貿易有限公司,台中市太平區,"月薪 29,500 至 34,000元",29500,https://www.yes123.com.tw/wk_index/job.asp?p_id=20260313170907_73725527&job_id=20260316095958_8362324,,
302,國際貿易與進出口 (中部),設計助理,思寧家居國際貿易有限公司,新北市中和區,"月薪 32,000 至 40,000元",40000,https://www.yes123.com.tw/wk_index/job.asp?p_id=20260106150433_13537234&job_id=20260225151239_5309273,,
303,國際貿易與進出口 (中部),網頁美編.網管人員,思寧家居國際貿易有限公司,新北市中和區,"月薪 35,000 至 45,000元",35000,https://www.yes123.com.tw/wk_index/job.asp?p_id=20260106150433_13537234&job_id=20260225201253_24102038,,
304,國際貿易與進出口 (中部),木工學徒,思寧家居國際貿易有限公司,新北市中和區,"日薪 1,650 至 2,000元",1650,https://www.yes123.com.tw/wk_index/job.asp?p_id=20260106150433_13537234&job_id=20260225161415_49694819,,
305,國際貿易與進出口 (中部),木工半技,思寧家居國際貿易有限公司,新北市中和區,"日薪 2,200 至 2,500元",2200,https://www.yes123.com.tw/wk_index/job.asp?p_id=20260106150433_13537234&job_id=20260225200338_20094118,,
306,國際貿易與進出口 (中部),國際物流業務專員-台北,昇通國際有限公司,台北市中山區,"月薪 30,000元以上",30000,https://www.yes123.com.tw/wk_index/job.asp?p_id=20130507152639_89590556&job_id=20130507162303_9952110,,
307,國際貿易與進出口 (中部),"國際貿易部人員--薪資面義, 意者請洽 / 陳先生 0918-353911",葳蕎有限公司,彰化縣和美鎮,"年薪 500,000 至 700,000元",500000,https://www.yes123.com.tw/wk_index/job.asp?p_id=20251128144359_38552077&job_id=20251203135222_73410313,,
308,國際貿易與進出口 (中部),國際貿易人員,磊興有限公司,新北市淡水區,"年薪 400,000 至 500,000元",400000,https://www.yes123.com.tw/wk_index/job.asp?p_id=20130201160309_12290216&job_id=20130201161930_12340665,,
309,國際貿易與進出口 (中部),國際物流業務助理,立祥宜泰企業股份有限公司,台中市烏日區,"部分工時(月薪) 29,500 至 50,000元",29500,https://www.yes123.com.tw/wk_index/job.asp?p_id=20180713102210_53624856&job_id=20180917094948_26386046,,
310,國際貿易與進出口 (中部),國貿人員,力創國際科技有限公司,台中市西屯區,薪資面議(經常性薪資達4萬元含以上),40000,https://www.yes123.com.tw/wk_index/job.asp?p_id=20260903145349_85599654&job_id=20260907150212_50435175,,
311,國際貿易與進出口 (中部),國際暨兩岸事務處-專案約聘助理,南開科技大學：國際處,南投縣草屯鎮,"月薪 30,020元",30020,https://www.yes123.com.tw/wk_index/job.asp?p_id=20260720111004_13052810&job_id=20260720125656_37751520,,
312,國際貿易與進出口 (中部),國際業務開發／健康照明應用顧問,南靖資產管理有限公司,桃園市桃園區,"月薪 45,000 至 80,000元",45000,https://www.yes123.com.tw/wk_index/job.asp?p_id=20260813080720_83579870&job_id=20260814101507_84335649,,
313,國際貿易與進出口 (中部),【南紡國際】資訊工讀生(需長期配合),萬通世界人力,台南市東區,時薪 196元,35000,https://www.yes123.com.tw/wk_index/job.asp?p_id=5494915_28031525&job_id=20241005194330_64172431,,
314,國際貿易與進出口 (中部),學學國際文化【業務部】兼職業務助理,學學國際文化創意事業股份有限公司,台北市內湖區,時薪 196元,35000,https://www.yes123.com.tw/wk_index/job.asp?p_id=20240308100121_27771542&job_id=20260116133916_14164315,,
315,國際貿易與進出口 (中部),E3000 國際物流帳務專員(進出口課),富邦媒體科技股份有限公司,台北市內湖區,"月薪 38,000元以上",38000,https://www.yes123.com.tw/wk_index/job.asp?p_id=20140103100924_27365925&job_id=20250821032602_54985824,進出口關務與海空運單據 (L/C/報關),
316,國際貿易與進出口 (中部),執行製作(新聞部國際中心),臺灣電視事業股份有限公司,台北市松山區,"月薪 30,000 至 33,000元",30000,https://www.yes123.com.tw/wk_index/job.asp?p_id=20181225101122_20685000&job_id=20250729033007_37212152,,
317,國際貿易與進出口 (中部),【雲雀國際】勞工健康服務護理人員,雲雀國際股份有限公司,台北市南港區,"月薪 40,000 至 45,000元",40000,https://www.yes123.com.tw/wk_index/job.asp?p_id=5272747_27766105&job_id=20250520092833_19269491,,
318,國際貿易與進出口 (中部),新聞編譯(新聞部國際中心)(英文),臺灣電視事業股份有限公司,台北市松山區,"月薪 33,000元以上",33000,https://www.yes123.com.tw/wk_index/job.asp?p_id=20181225101122_20685000&job_id=20250729033002_14896111,英語商務溝通 (流利/精通),
319,國際貿易與進出口 (中部),文山國際【租賃車駕駛】,(大文山衛星派遣車隊)中園計程汽車股份有限公司,桃園市桃園區,"時薪 2,000 至 6,000元",2000,https://www.yes123.com.tw/wk_index/job.asp?p_id=20120224180936_43031524&job_id=20240723110826_10366189,,
320,國際貿易與進出口 (中部),兼職國際英文檢定教師,嘉義市私立文翰文理短期補習班,嘉義市東區,"時薪 400 至 2,000元",2000,https://www.yes123.com.tw/wk_index/job.asp?p_id=20090527162842_17956648&job_id=20210311163707_60489659,英語商務溝通 (流利/精通),
321,國際貿易與進出口 (中部),餐飲服務專員(國際組)【高雄店】,鼎泰豐小吃店股份有限公司,高雄市左營區,"月薪 51,000 至 54,000元",51000,https://www.yes123.com.tw/wk_index/job.asp?p_id=42940_86125275&job_id=20190708100746_3006000,,
322,國際貿易與進出口 (中部),餐飲服務專員(國際組)【新竹店】,鼎泰豐小吃店股份有限公司,新竹市東區,"月薪 51,000 至 54,000元",51000,https://www.yes123.com.tw/wk_index/job.asp?p_id=42940_86125275&job_id=20190729093810_8562891,,
323,國際貿易與進出口 (中部),餐飲服務專員(國際組)【台中店】,鼎泰豐小吃店股份有限公司,台中市西屯區,"月薪 51,000 至 54,000元",51000,https://www.yes123.com.tw/wk_index/job.asp?p_id=42940_86125275&job_id=20190708100500_2654343,,
324,國際貿易與進出口 (中部),國貿人員,西拓電子有限公司,新北市中和區,"月薪 36,000元以上",36000,https://www.yes123.com.tw/wk_index/job.asp?p_id=20120528155430_70489361&job_id=20260519174651_8723,,
325,國際貿易與進出口 (中部),金合發鋼鐵-國貿人員,金合發鋼鐵股份有限公司,台北市萬華區,"月薪 33,000元以上",33000,https://www.yes123.com.tw/wk_index/job.asp?p_id=20120425112740_15176809&job_id=20250815162004_5045473,,
326,國際貿易與進出口 (中部),金合發鋼鐵─國貿人員,金合發鋼鐵股份有限公司,高雄市小港區,"月薪 33,000元以上",33000,https://www.yes123.com.tw/wk_index/job.asp?p_id=20120425112740_15176809&job_id=20250815162003_62995444,,
327,國際貿易與進出口 (中部),餐飲服務專員(國際組)【台北地區】,鼎泰豐小吃店股份有限公司,台北市大安區,"月薪 51,000 至 54,000元",51000,https://www.yes123.com.tw/wk_index/job.asp?p_id=42940_86125275&job_id=20190708100904_7871530,,
328,國際貿易與進出口 (中部),E3000 鑑定師(珠寶/國際精品),富邦媒體科技股份有限公司,台北市內湖區,薪資面議(經常性薪資達4萬元含以上),40000,https://www.yes123.com.tw/wk_index/job.asp?p_id=20140103100924_27365925&job_id=20241107033114_23925951,,
329,國際貿易與進出口 (中部),【急徵】 中油桃園-大園國際二加油站(全職/兼職),寶成企業有限公司,桃園市大園區,時薪 216元,35000,https://www.yes123.com.tw/wk_index/job.asp?p_id=c20240423105137_2936365&job_id=20251203085153_49797388,,
330,國際貿易與進出口 (中部),外銷助理人員,臻紘有限公司,台南市仁德區,"月薪 29,500 至 35,000元",29500,https://www.yes123.com.tw/wk_index/job.asp?p_id=c20240315171233_9024164&job_id=20250826140509_17897169,英語商務溝通 (流利/精通),
331,國際貿易與進出口 (中部),國際處華語文中心兼任華語文教師,輔英科技大學,高雄市大寮區,時薪 575元,35000,https://www.yes123.com.tw/wk_index/job.asp?p_id=100017_85500287&job_id=20240326162551_20560874,,
332,國際貿易與進出口 (中部),雲林縣斗六市香港加和國際大門管制哨,誼光保全股份有限公司,雲林縣斗六市,"月薪 29,500 至 31,000元",29500,https://www.yes123.com.tw/wk_index/job.asp?p_id=48018_89441178&job_id=20250923085259_57862172,,
333,國際貿易與進出口 (中部),外銷業務人員,桂盟國際股份有限公司,台南市永康區,"月薪 42,000元以上",42000,https://www.yes123.com.tw/wk_index/job.asp?p_id=20170728112226_22099483&job_id=20260512032503_16585559,英語商務溝通 (流利/精通),
334,國際貿易與進出口 (中部),【高雄市小港區】物料管理師 享年終獎金-23(H810),汎亞國際人事顧問股份有限公司,高雄市小港區,"月薪 39,600 至 46,200元",39600,https://www.yes123.com.tw/wk_index/job.asp?p_id=06114_28180236&job_id=20200715162004_623813,,
335,國際貿易與進出口 (中部),報關人員,海富長和國際有限公司,台北市中山區,"月薪 35,000元",35000,https://www.yes123.com.tw/wk_index/job.asp?p_id=20260806154845_71545394&job_id=20260909102344_24334845,進出口關務與海空運單據 (L/C/報關),
336,國際貿易與進出口 (中部),【內湖德商】近民權大橋 報關行政人員 職代專案 40K起 -24 H816,汎亞國際人事顧問股份有限公司,台北市內湖區,"月薪 40,000 至 45,000元",40000,https://www.yes123.com.tw/wk_index/job.asp?p_id=06114_28180236&job_id=20260810170214_42142620,進出口關務與海空運單據 (L/C/報關),
337,國際貿易與進出口 (中部),💓台南【假日兼職】💓國際知名家電品牌｜台南賣場駐點PT ‼️時薪200‼️，歡迎在校生/社會新鮮人/兼職達人/二度就業-EC,展燁國際人事顧問有限公司,台南市北區,時薪 200元,35000,https://www.yes123.com.tw/wk_index/job.asp?p_id=20171020180754_59219952&job_id=20260514110149_1235868,,
338,國際貿易與進出口 (中部),💎(龜山250H)💎AI國際散熱器💎免費供餐💎週休六日💎樂招財,立達行銷顧問有限公司,新北市林口區,時薪 250元,35000,https://www.yes123.com.tw/wk_index/job.asp?p_id=20181005141607_54921475&job_id=20260715165716_3313001,,
339,國際貿易與進出口 (中部),國際貿易行銷企劃專員（歐洲市場｜竹北高鐵特區）,李記德實業有限公司,新竹縣竹北市,"月薪 45,000 至 52,000元",45000,https://www.yes123.com.tw/wk_index/job.asp?p_id=20180827121509_53375174&job_id=20260821155348_9345796,,
340,國際貿易與進出口 (中部),【高雄市小港區】國貿管理師 (派遣至台船綜合課) 享年終獎金-23(H810),汎亞國際人事顧問股份有限公司,高雄市小港區,"月薪 39,600元",39600,https://www.yes123.com.tw/wk_index/job.asp?p_id=06114_28180236&job_id=20200214155214_2139479,,
341,國際貿易與進出口 (中部),八里國際轉運中心_物流管理師(日班),新竹物流股份有限公司,新北市八里區,"月薪 37,000 至 41,000元",37000,https://www.yes123.com.tw/wk_index/job.asp?p_id=4030529_46480100&job_id=20240823042626_11988030,,
342,國際貿易與進出口 (中部),國貿專員,環視實業有限公司,桃園市觀音區,"月薪 50,000 至 60,000元",50000,https://www.yes123.com.tw/wk_index/job.asp?p_id=20180619172852_28873321&job_id=20260806135419_28138502,,
343,國際貿易與進出口 (中部),內勤報關業務,偉宏報關股份有限公司,基隆市仁愛區,"月薪 29,500元以上",29500,https://www.yes123.com.tw/wk_index/job.asp?p_id=c20260727160034_7051813&job_id=20260811160502_6238760,進出口關務與海空運單據 (L/C/報關),
344,國際貿易與進出口 (中部),八里國際轉運中心_物流管理師(午班),新竹物流股份有限公司,新北市八里區,"月薪 41,000 至 45,000元",41000,https://www.yes123.com.tw/wk_index/job.asp?p_id=4030529_46480100&job_id=20250428035638_41374606,,
345,國際貿易與進出口 (中部),八里國際轉運中心_物流管理師(大夜班),新竹物流股份有限公司,新北市八里區,"月薪 50,000 至 55,000元",50000,https://www.yes123.com.tw/wk_index/job.asp?p_id=4030529_46480100&job_id=20250428035639_38356486,,
346,國際貿易與進出口 (中部),業務人員（工作區域：台南以南）,峰群國際包裝科技股份有限公司,屏東縣屏東市,"月薪 36,000 至 50,000元",36000,https://www.yes123.com.tw/wk_index/job.asp?p_id=20260727163216_56687592&job_id=20260727170117_22143135,,
347,國際貿易與進出口 (中部),【松山區】業務部行政人員 230/h-B712,汎亞國際人事顧問股份有限公司,台北市松山區,時薪 230元,35000,https://www.yes123.com.tw/wk_index/job.asp?p_id=06114_28180236&job_id=20200824145754_15612776,,
348,國際貿易與進出口 (中部),國外業務助理,同興大業有限公司,台北市文山區,"月薪 29,500 至 38,000元",29500,https://www.yes123.com.tw/wk_index/job.asp?p_id=20171226085815_53535593&job_id=20260225220627_11427786,,
349,國際貿易與進出口 (中部),【高雄市小港區】國貿管理師 享年終獎金及每月激勵獎金-23(H810),汎亞國際人事顧問股份有限公司,高雄市小港區,"月薪 35,200 至 45,000元",35200,https://www.yes123.com.tw/wk_index/job.asp?p_id=06114_28180236&job_id=20200723110344_16628864,,
350,國際貿易與進出口 (中部),【高雄市小港區】國貿管理師(派遣至台船採購課) 享年終獎金-23(H810),汎亞國際人事顧問股份有限公司,高雄市小港區,"月薪 39,600元",39600,https://www.yes123.com.tw/wk_index/job.asp?p_id=06114_28180236&job_id=20210713113229_964551,,
351,國際貿易與進出口 (中部),【松山區】外商海運進口人員 35K UP -24 B712,汎亞國際人事顧問股份有限公司,台北市松山區,"月薪 35,000 至 38,000元",35000,https://www.yes123.com.tw/wk_index/job.asp?p_id=06114_28180236&job_id=20260603111737_34819698,,
352,國際貿易與進出口 (中部),產線組長,仕商達貿易有限公司,高雄市大寮區,"月薪 37,000元以上",37000,https://www.yes123.com.tw/wk_index/job.asp?p_id=20140107140453_13155033&job_id=20190916193047_36624198,,
353,國際貿易與進出口 (中部),3.5噸小貨車司機 請直接電洽：0939993363 李先生,年福貿易有限公司,新北市三峽區,"月薪 55,000元以上",55000,https://www.yes123.com.tw/wk_index/job.asp?p_id=20170925170208_54736788&job_id=20251007092641_11002186,,
354,國際貿易與進出口 (中部),倉管人員 請直接電洽：0939993363 李先生,年福貿易有限公司,新北市三峽區,"月薪 40,000元以上",40000,https://www.yes123.com.tw/wk_index/job.asp?p_id=20170925170208_54736788&job_id=20251007093245_1969104,,
355,國際貿易與進出口 (中部),作業員,世捷貿易股份有限公司,高雄市小港區,"月薪 29,500元以上",29500,https://www.yes123.com.tw/wk_index/job.asp?p_id=20220606145509_70719309&job_id=20220606155911_20625211,,
356,國際貿易與進出口 (中部),國內業務人員,六寶貿易股份有限公司,桃園市桃園區,"月薪 36,000 至 42,000元",36000,https://www.yes123.com.tw/wk_index/job.asp?p_id=20230131165817_20795082&job_id=20260410095456_16132032,,
357,國際貿易與進出口 (中部),倉儲行政人員,君的貿易有限公司,新北市三重區,"月薪 30,000 至 36,000元",30000,https://www.yes123.com.tw/wk_index/job.asp?p_id=20230119161411_42706394&job_id=20260819135018_3522831,,
358,國際貿易與進出口 (中部),出口報廢機車 廠務行政人員,東權貿易有限公司,新北市樹林區,"月薪 29,500元",29500,https://www.yes123.com.tw/wk_index/job.asp?p_id=2504040_50846860&job_id=20240614110424_26180840,,
359,國際貿易與進出口 (中部),行政/會計內勤人員,君的貿易有限公司,新北市三重區,"月薪 30,000 至 36,000元",30000,https://www.yes123.com.tw/wk_index/job.asp?p_id=20230119161411_42706394&job_id=20260812125148_50128250,,
360,國際貿易與進出口 (中部),舊衣廠 誠徵作業員,東權貿易有限公司,新北市樹林區,"月薪 40,000元",40000,https://www.yes123.com.tw/wk_index/job.asp?p_id=2504040_50846860&job_id=20260317135821_44488804,,
361,國際貿易與進出口 (中部),台北松山區 報關部下午班工讀生 250/h-B712,汎亞國際人事顧問股份有限公司,台北市松山區,時薪 250元,35000,https://www.yes123.com.tw/wk_index/job.asp?p_id=06114_28180236&job_id=20260427171604_27156093,進出口關務與海空運單據 (L/C/報關),
362,國際貿易與進出口 (中部),社群行銷專員,威振貿易有限公司,台中市西區,"薪資按件計酬 500 至 1,999元",1999,https://www.yes123.com.tw/wk_index/job.asp?p_id=20260820165333_33209975&job_id=20260820170855_4595766,海外數位行銷與流量投放 (GA4/SEO/Meta),
363,國際貿易與進出口 (中部),出口報廢機車 誠徵司機,東權貿易有限公司,新北市樹林區,"月薪 45,000元以上",45000,https://www.yes123.com.tw/wk_index/job.asp?p_id=2504040_50846860&job_id=20250212101014_20327115,,
364,國際貿易與進出口 (中部),隨車人員,橙豐貿易有限公司,新竹縣湖口鄉,"月薪 36,000元以上",36000,https://www.yes123.com.tw/wk_index/job.asp?p_id=20220804171230_53155827&job_id=20250227104346_11874990,,
365,國際貿易與進出口 (中部),訂單處理人員,強巨貿易有限公司,新北市中和區,時薪 200 至 220元,35000,https://www.yes123.com.tw/wk_index/job.asp?p_id=20260616132124_82983866&job_id=20260913032249_15063168,,
366,國際貿易與進出口 (中部),生產管理人員,山葉貿易有限公司,高雄市左營區,"月薪 29,500 至 32,000元",29500,https://www.yes123.com.tw/wk_index/job.asp?p_id=20190807164516_86446017&job_id=20260309090316_4916077,,
367,國際貿易與進出口 (中部),送貨人員,強巨貿易有限公司,台北市萬華區,"月薪 52,000 至 55,000元",52000,https://www.yes123.com.tw/wk_index/job.asp?p_id=20260616132124_82983866&job_id=20260616140303_35749739,,
368,國際貿易與進出口 (中部),台北/花東銷售業務,瑞通行貿易有限公司,台北市大同區,"月薪 35,000 至 43,000元",35000,https://www.yes123.com.tw/wk_index/job.asp?p_id=20170411160527_12192073&job_id=20260316201134_28095428,,
369,國際貿易與進出口 (中部),3.5噸靠行司機 請直接電洽：0939993363 李先生,年福貿易有限公司,新北市三峽區,"月薪 100,000元以上",100000,https://www.yes123.com.tw/wk_index/job.asp?p_id=20170925170208_54736788&job_id=20260311152008_24670769,,
370,國際貿易與進出口 (中部),1.5噸小貨車司機 請直接電洽：0939993363 李先生,年福貿易有限公司,新北市三峽區,"月薪 40,000元以上",40000,https://www.yes123.com.tw/wk_index/job.asp?p_id=20170925170208_54736788&job_id=20260311151305_70025648,,
371,國際貿易與進出口 (中部),行銷行政人員,金龍電機器貿易有限公司,台北市中山區,"月薪 35,000 至 38,000元",35000,https://www.yes123.com.tw/wk_index/job.asp?p_id=20110314153844_11448007&job_id=20120524170044_68732716,,
372,國際貿易與進出口 (中部),日語營業擔當,榮大貿易股份有限公司,新北市新莊區,薪資面議(經常性薪資達4萬元含以上),40000,https://www.yes123.com.tw/wk_index/job.asp?p_id=20110518142849_80487243&job_id=20260811125001_2110235,第二外語 (日文/越語/西語/德語),
373,國際貿易與進出口 (中部),國內業務專員,威振貿易有限公司,台中市西區,"月薪 32,500元以上",32500,https://www.yes123.com.tw/wk_index/job.asp?p_id=20260820165333_33209975&job_id=20260820170855_48168406,,
374,國際貿易與進出口 (中部),會計行政助理,東權貿易有限公司,新北市樹林區,"月薪 30,000元",30000,https://www.yes123.com.tw/wk_index/job.asp?p_id=2504040_50846860&job_id=20260616163524_9226123,,
375,國際貿易與進出口 (中部),舊衣廠 誠徵~作業員,東權貿易有限公司,新北市樹林區,"月薪 29,500元",29500,https://www.yes123.com.tw/wk_index/job.asp?p_id=2504040_50846860&job_id=20260317135639_50844539,,
376,國際貿易與進出口 (中部),出口報廢機車 修理技師,東權貿易有限公司,新北市樹林區,"月薪 60,000 至 80,000元",60000,https://www.yes123.com.tw/wk_index/job.asp?p_id=2504040_50846860&job_id=20260317134939_28603,,
377,國際貿易與進出口 (中部),舊衣回收 誠徵司機,東權貿易有限公司,新北市樹林區,"月薪 30,000 至 40,000元",40000,https://www.yes123.com.tw/wk_index/job.asp?p_id=2504040_50846860&job_id=20260317135329_14329869,,
378,國際貿易與進出口 (中部),出口報廢機車 修理半技師,東權貿易有限公司,新北市樹林區,"月薪 35,000元以上",35000,https://www.yes123.com.tw/wk_index/job.asp?p_id=2504040_50846860&job_id=20250212093252_11928610,,
379,國際貿易與進出口 (中部),業務人員(意者電洽:0955-562882鄭先生),森揚汽車零件貿易有限公司,高雄市三民區,"薪資按件計酬 100 至 1,000元",1000,https://www.yes123.com.tw/wk_index/job.asp?p_id=20260429094152_57570785&job_id=20260429142641_5360805,,
380,國際貿易與進出口 (中部),海帶加工人員,強巨貿易有限公司,新北市中和區,"月薪 42,000 至 45,000元",42000,https://www.yes123.com.tw/wk_index/job.asp?p_id=20260616132124_82983866&job_id=20260629154839_3509385,,
381,國際貿易與進出口 (中部),竹北台元街16:00～22:00理貨人員,榮庭國際行銷,新竹縣竹北市,時薪 196元以上,35000,https://www.yes123.com.tw/wk_index/job.asp?p_id=20220308175907_82582969&job_id=20220601002645_71163507,,
382,國際貿易與進出口 (中部),送貨員(意者請電洽0936596006蔡先生),力誌-金岱貿易有限公司,台北市大同區,"月薪 35,000元以上",35000,https://www.yes123.com.tw/wk_index/job.asp?p_id=c20260904143049_4237634&job_id=20260904154248_29992144,,
383,國際貿易與進出口 (中部),會計人員,宜修貿易有限公司,台北市松山區,"月薪 32,000元以上",32000,https://www.yes123.com.tw/wk_index/job.asp?p_id=20260625171004_36526473&job_id=20260804091408_5805876,,
384,國際貿易與進出口 (中部),兼職產品美編助理,威振貿易有限公司,台中市西區,"薪資按件計酬 500 至 2,000元",2000,https://www.yes123.com.tw/wk_index/job.asp?p_id=20260820165333_33209975&job_id=20260820170855_51779568,,
385,國際貿易與進出口 (中部),國貿人員,雄美企業有限公司,新北市淡水區,"月薪 35,000 至 40,000元",40000,https://www.yes123.com.tw/wk_index/job.asp?p_id=20090901110457_23157073&job_id=20090925181139_15879935,,
386,國際貿易與進出口 (中部),小後苑Backyard Jr. 斜槓兼職外場服務員＆斜槓兼職侍酒師（信義店）歡迎新鮮人,後院貿易有限公司,台北市信義區,時薪 196 至 230元,35000,https://www.yes123.com.tw/wk_index/job.asp?p_id=20220530140158_52672154&job_id=20251210085509_7404566,,
387,國際貿易與進出口 (中部),"小後苑Backyard Jr. 〔師傅、西餐廚師Commis、餐廚助手〕早班或晚班（大直店）歡迎新鮮人＄36,000~＄42,000",後院貿易有限公司,台北市中山區,"月薪 36,000 至 42,000元",36000,https://www.yes123.com.tw/wk_index/job.asp?p_id=20220530140158_52672154&job_id=20251210085509_36619431,,
388,國際貿易與進出口 (中部),小後苑Backyard Jr. 〔長期兼職西餐廚師Commis餐廚助手〕早班或晚班（大直店）歡迎新鮮人,後院貿易有限公司,台北市中山區,時薪 200元,35000,https://www.yes123.com.tw/wk_index/job.asp?p_id=20220530140158_52672154&job_id=20251210085509_9531606,,
389,國際貿易與進出口 (中部),品檢作業員,世捷貿易股份有限公司,高雄市小港區,"月薪 29,500 至 42,000元",29500,https://www.yes123.com.tw/wk_index/job.asp?p_id=20220606145509_70719309&job_id=20230223210535_25604215,,
390,國際貿易與進出口 (中部),貨運司機-晚班全職/大園區(意者請直接電洽0972026271李小姐),中泰貿易有限公司,桃園市大園區,"月薪 45,000元以上",45000,https://www.yes123.com.tw/wk_index/job.asp?p_id=20260612175020_90749225&job_id=20260612182534_7682436,,
391,海外數位行銷與商務 (全台),[Server]海外Talent--Manufacturing Project Manager,英業達股份有限公司,桃園市桃園區,薪資面議(經常性薪資達4萬元含以上),40000,https://www.yes123.com.tw/wk_index/job.asp?p_id=83151_04322046&job_id=20240219040546_26760168,,
392,海外數位行銷與商務 (全台),內勤電話行銷人員,齊鑫聯合行銷有限公司,高雄市前鎮區,"月薪 29,500 至 100,000元",29500,https://www.yes123.com.tw/wk_index/job.asp?p_id=20170719162009_59260641&job_id=20180424112229_1379,,
393,海外數位行銷與商務 (全台),門市儲備幹部(海外職缺),意順食品有限公司,高雄市三民區,"月薪 40,000元以上",40000,https://www.yes123.com.tw/wk_index/job.asp?p_id=20220408235407_50802785&job_id=20220411235407_21801340,,
394,海外數位行銷與商務 (全台),電話行銷人員,齊鑫聯合行銷有限公司,高雄市前鎮區,"月薪 31,000 至 200,000元",31000,https://www.yes123.com.tw/wk_index/job.asp?p_id=20170719162009_59260641&job_id=20200323154626_6918799,,
395,海外數位行銷與商務 (全台),[Server]海外招募HR(大溪),英業達股份有限公司,桃園市大溪區,薪資面議(經常性薪資達4萬元含以上),40000,https://www.yes123.com.tw/wk_index/job.asp?p_id=83151_04322046&job_id=20260515034131_49575758,,
396,海外數位行銷與商務 (全台),[Server]海外Talent--Material Buyer/Planner(休士頓),英業達股份有限公司,美中地區德克薩,薪資面議(經常性薪資達4萬元含以上),40000,https://www.yes123.com.tw/wk_index/job.asp?p_id=83151_04322046&job_id=20250912035604_5157547,,
397,海外數位行銷與商務 (全台),貸款電話行銷高手（三重蘆洲）(已滿),微點子電話行銷有限公司(籌備處),新北市三重區,"月薪 30,000 至 50,000元",30000,https://www.yes123.com.tw/wk_index/job.asp?p_id=20240411105900_00369199&job_id=20240510140322_1050359,,
398,海外數位行銷與商務 (全台),儲備幹部-業務專員(海外職缺),意順食品有限公司,高雄市三民區,"月薪 45,000元以上",45000,https://www.yes123.com.tw/wk_index/job.asp?p_id=20220408235407_50802785&job_id=20220412014351_70916143,,
399,海外數位行銷與商務 (全台),儲備幹部-財務會計（海外）,意順食品有限公司,高雄市三民區,"月薪 45,000元以上",45000,https://www.yes123.com.tw/wk_index/job.asp?p_id=20220408235407_50802785&job_id=20230714201528_4059892,,
400,海外數位行銷與商務 (全台),[Server]海外Talent--Sr. Buyer(墨西哥),英業達股份有限公司,全台灣,薪資面議(經常性薪資達4萬元含以上),40000,https://www.yes123.com.tw/wk_index/job.asp?p_id=83151_04322046&job_id=20250627041618_46045312,,
401,海外數位行銷與商務 (全台),[Server]海外Talent--Manager of Material Management(休士頓),英業達股份有限公司,美中地區德克薩,薪資面議(經常性薪資達4萬元含以上),40000,https://www.yes123.com.tw/wk_index/job.asp?p_id=83151_04322046&job_id=20250912035604_34800434,,
402,海外數位行銷與商務 (全台),"海外股票產品經理 Equity/ ETF Product Manager, IP&A, CBG",星展(台灣)商業銀行股份有限公司,台北市內湖區,薪資面議(經常性薪資達4萬元含以上),40000,https://www.yes123.com.tw/wk_index/job.asp?p_id=20191023170408_53017509&job_id=20250519032535_37943867,,
403,海外數位行銷與商務 (全台),[Server]海外Talent--IME MFG TS Manager (墨西哥),英業達股份有限公司,全台灣,薪資面議(經常性薪資達4萬元含以上),40000,https://www.yes123.com.tw/wk_index/job.asp?p_id=83151_04322046&job_id=20251121034113_3924029,,
404,海外數位行銷與商務 (全台),前端電話行銷（保障底薪+案件獎金）(已滿),微點子電話行銷有限公司(籌備處),台北市大同區,"月薪 30,000 至 50,000元",30000,https://www.yes123.com.tw/wk_index/job.asp?p_id=20240411105900_00369199&job_id=20240415153225_4415602,,
405,海外數位行銷與商務 (全台),[Server]海外Talent--IE主管(墨西哥),英業達股份有限公司,全台灣,薪資面議(經常性薪資達4萬元含以上),40000,https://www.yes123.com.tw/wk_index/job.asp?p_id=83151_04322046&job_id=20260116033119_10995191,,
406,海外數位行銷與商務 (全台),[Server]海外Talent--IME MFG ME Manager (墨西哥),英業達股份有限公司,全台灣,薪資面議(經常性薪資達4萬元含以上),40000,https://www.yes123.com.tw/wk_index/job.asp?p_id=83151_04322046&job_id=20250509042616_1813608,,
407,海外數位行銷與商務 (全台),海外總務行政主管,東治實業股份有限公司,全台灣,薪資面議(經常性薪資達4萬元含以上),40000,https://www.yes123.com.tw/wk_index/job.asp?p_id=20260520142742_48455446&job_id=20260626143349_465897,,
408,海外數位行銷與商務 (全台),[Server]海外Talent--Material Buyer/Planner(墨西哥),英業達股份有限公司,全台灣,薪資面議(經常性薪資達4萬元含以上),40000,https://www.yes123.com.tw/wk_index/job.asp?p_id=83151_04322046&job_id=20250303042616_28726883,,
409,海外數位行銷與商務 (全台),儲備幹部-財務會計(海外職缺),意順食品有限公司,高雄市三民區,"月薪 45,000元以上",45000,https://www.yes123.com.tw/wk_index/job.asp?p_id=20220408235407_50802785&job_id=20220412015832_83957963,,
410,海外數位行銷與商務 (全台),行銷特助,(元亨汽車)元亨國際有限公司,台北市中山區,"月薪 36,000元以上",36000,https://www.yes123.com.tw/wk_index/job.asp?p_id=c20260813165113_2862&job_id=20260820161216_10745666,,
411,海外數位行銷與商務 (全台),行銷工讀生《行銷企劃部》,台灣宅配通股份有限公司,新北市三重區,時薪 196元,35000,https://www.yes123.com.tw/wk_index/job.asp?p_id=2383342_70624227&job_id=20230904180109_1951971,,
412,海外數位行銷與商務 (全台),行銷資深PM,千陽號旅行社有限公司,台北市中山區,"月薪 38,000 至 55,000元",38000,https://www.yes123.com.tw/wk_index/job.asp?p_id=c20250828165840_7341729&job_id=20250829112828_11769600,,
413,海外數位行銷與商務 (全台),[Server]海外Talent--採購專員(墨西哥),英業達股份有限公司,全台灣,薪資面議(經常性薪資達4萬元含以上),40000,https://www.yes123.com.tw/wk_index/job.asp?p_id=83151_04322046&job_id=20250303042616_69574508,,
414,海外數位行銷與商務 (全台),行銷人員,景賀診所,台北市松山區,薪資面議(經常性薪資達4萬元含以上),40000,https://www.yes123.com.tw/wk_index/job.asp?p_id=20110407120650_25637274&job_id=20251230162829_5948467,,
415,海外數位行銷與商務 (全台),電話行銷人員(無經驗可 週休二日 純內勤),昱融行銷有限公司,高雄市前鎮區,"月薪 29,500 至 50,000元",29500,https://www.yes123.com.tw/wk_index/job.asp?p_id=20210506155725_82866311&job_id=20230804111740_84544771,,
416,海外數位行銷與商務 (全台),高獎金電話行銷人員(有經驗佳 週休二日 純內勤),昱融行銷有限公司,高雄市前鎮區,"薪資按件計酬 1 至 100,000元",100000,https://www.yes123.com.tw/wk_index/job.asp?p_id=20210506155725_82866311&job_id=20230804111741_56204715,,
417,海外數位行銷與商務 (全台),高獎金車貸行銷人員(有經驗佳 週休二日 純內勤 時間彈性),昱融行銷有限公司,高雄市前鎮區,"薪資按件計酬 1 至 100,000元",100000,https://www.yes123.com.tw/wk_index/job.asp?p_id=20210506155725_82866311&job_id=20230804111740_12918226,,
418,海外數位行銷與商務 (全台),行銷小編,湧心生活科技有限公司,新北市中和區,"月薪 32,000元以上",32000,https://www.yes123.com.tw/wk_index/job.asp?p_id=n20260723104639_8344385&job_id=20260727121126_899652,,
419,海外數位行銷與商務 (全台),行銷企劃,瑪雅時尚有限公司,新竹市東區,"月薪 32,000 至 45,000元",32000,https://www.yes123.com.tw/wk_index/job.asp?p_id=20220615152722_53784924&job_id=20220718151028_32868125,,
420,海外數位行銷與商務 (全台),[Server]海外Talent--AME / Server Operation direct (墨西哥),英業達股份有限公司,全台灣,薪資面議(經常性薪資達4萬元含以上),40000,https://www.yes123.com.tw/wk_index/job.asp?p_id=83151_04322046&job_id=20250509042615_8916816,,
421,海外數位行銷與商務 (全台),[Server]海外Talent--Supervisor of Material Management(墨西哥),英業達股份有限公司,全台灣,薪資面議(經常性薪資達4萬元含以上),40000,https://www.yes123.com.tw/wk_index/job.asp?p_id=83151_04322046&job_id=20250627041618_8524917,,
422,海外數位行銷與商務 (全台),高獎金電話行銷人員(有經驗佳 週休二日 純內勤 時間彈性),昱融行銷有限公司,高雄市前鎮區,"薪資按件計酬 1 至 100,000元",100000,https://www.yes123.com.tw/wk_index/job.asp?p_id=20210506155725_82866311&job_id=20250722141228_29237122,,
423,海外數位行銷與商務 (全台),高獎金車貸行銷人員(有經驗佳 週休二日 純內勤),昱融行銷有限公司,高雄市前鎮區,"薪資按件計酬 1 至 100,000元",100000,https://www.yes123.com.tw/wk_index/job.asp?p_id=20210506155725_82866311&job_id=20250722141228_601917,,
424,海外數位行銷與商務 (全台),[車用電子]海外倉庫主管（墨西哥）,英業達股份有限公司,全台灣,薪資面議(經常性薪資達4萬元含以上),40000,https://www.yes123.com.tw/wk_index/job.asp?p_id=83151_04322046&job_id=20260424033132_2024384,,
425,海外數位行銷與商務 (全台),行銷主任,台灣人壽保險股份有限公司_業務一部-旭峰通訊處‧林霈涵,台中市西區,"薪資按件計酬 0 至 200,000元",200000,https://www.yes123.com.tw/wk_index/job.asp?p_id=20111103154137_86120124&job_id=20140120121148_29696,,
426,海外數位行銷與商務 (全台),行銷業務,關島美寶達(籌備處),台北市中正區,"月薪 30,000 至 60,000元",30000,https://www.yes123.com.tw/wk_index/job.asp?p_id=20260225151710_00433985&job_id=20260227113430_85906531,,
427,海外數位行銷與商務 (全台),行銷主任,台灣人壽保險股份有限公司：高雄直轄一通訊處‧曾資閔,高雄市新興區,"薪資按件計酬 0 至 200,000元",200000,https://www.yes123.com.tw/wk_index/job.asp?p_id=c20251128112500_811731&job_id=20251128131511_58386538,,
428,海外數位行銷與商務 (全台),行銷主任,五行星企業社,高雄市前金區,"月薪 30,000 至 40,000元",40000,https://www.yes123.com.tw/wk_index/job.asp?p_id=c20230518163623_9963647&job_id=20230519000102_19191538,,
429,海外數位行銷與商務 (全台),電話行銷,得比速國際有限公司,桃園市大園區,"月薪 30,000 至 60,000元",30000,https://www.yes123.com.tw/wk_index/job.asp?p_id=3493114_80149166&job_id=20260305101120_29828468,,
430,海外數位行銷與商務 (全台),電話行銷,守康生技有限公司,新北市新莊區,"月薪 30,000 至 35,000元",30000,https://www.yes123.com.tw/wk_index/job.asp?p_id=20180331151233_42586877&job_id=20180423135017_24694,,
431,海外數位行銷與商務 (全台),行銷專員,國泰世華商業銀行股份有限公司,台北市中山區,"月薪 29,500元",29500,https://www.yes123.com.tw/wk_index/job.asp?p_id=41649_04231910&job_id=20130103170139_77404458,,
432,海外數位行銷與商務 (全台),行銷主任,台灣人壽：宏宇通訊處‧朱芸彤,桃園市中壢區,"薪資按件計酬 0 至 200,000元",200000,https://www.yes123.com.tw/wk_index/job.asp?p_id=20180828105924_03557017&job_id=20180828151840_7398,,
433,海外數位行銷與商務 (全台),數位行銷高專,得廣鉅股份有限公司,台中市大里區,"月薪 32,000 至 60,000元",32000,https://www.yes123.com.tw/wk_index/job.asp?p_id=20230119152611_83692916&job_id=20260107151946_2090552,海外數位行銷與流量投放 (GA4/SEO/Meta),
434,海外數位行銷與商務 (全台),行銷、美編專員,(城市漢堡)屹澧股份有限公司,桃園市蘆竹區,"月薪 32,000 至 45,000元",32000,https://www.yes123.com.tw/wk_index/job.asp?p_id=20210205155135_54938525&job_id=20260508165554_12754604,,
435,海外數位行銷與商務 (全台),行銷美編,永慶不動產藝文團隊_東居不動產仲介經紀有限公司,桃園市桃園區,"月薪 34,000 至 38,000元",34000,https://www.yes123.com.tw/wk_index/job.asp?p_id=c20250909121324_1818811&job_id=20250915100855_11371674,,
436,海外數位行銷與商務 (全台),📣網站行銷小編📣,千鴻興業國際有限公司,台北市中正區,"月薪 30,000 至 60,000元",30000,https://www.yes123.com.tw/wk_index/job.asp?p_id=20250716155155_76842177&job_id=20260414152126_14014218,,
437,海外數位行銷與商務 (全台),儲備幹部-食品研發人員(海外職缺),意順食品有限公司,高雄市三民區,"月薪 45,000元以上",45000,https://www.yes123.com.tw/wk_index/job.asp?p_id=20220408235407_50802785&job_id=20220409125208_27861007,,
438,海外數位行銷與商務 (全台),行銷專員,台灣人壽保險股份有限公司_業務一部-旭峰通訊處‧林霈涵,台中市西區,"薪資按件計酬 0 至 200,000元",200000,https://www.yes123.com.tw/wk_index/job.asp?p_id=20111103154137_86120124&job_id=20111104145507_2518757,,
439,海外數位行銷與商務 (全台),電話行銷秘書,台灣鐵道廣告有限公司,台北市大安區,"月薪 30,000 至 35,000元",30000,https://www.yes123.com.tw/wk_index/job.asp?p_id=20120516105943_27558227&job_id=20120904124624_65756,,
440,海外數位行銷與商務 (全台),行政出納(高雄),吉達富海外投資有限公司,高雄市前金區,"月薪 32,000元以上",32000,https://www.yes123.com.tw/wk_index/job.asp?p_id=20230602144509_51841414&job_id=20241022185523_4844870,,
441,海外數位行銷與商務 (全台),廣告行銷AE,台灣鐵道廣告有限公司,台北市大安區,"月薪 30,000 至 35,000元",30000,https://www.yes123.com.tw/wk_index/job.asp?p_id=20120516105943_27558227&job_id=20120516142607_15598359,,
442,海外數位行銷與商務 (全台),📣 兼職行銷人員,(21世紀不動產中壢信義加盟店：業5部)元亨國際開發有限公司,桃園市中壢區,"薪資按件計酬 50,000 至 888,000元",50000,https://www.yes123.com.tw/wk_index/job.asp?p_id=20221207134402_24650382&job_id=20221207153702_352974,,
443,海外數位行銷與商務 (全台),行銷推廣人員,守康生技有限公司,新北市新莊區,"月薪 35,000 至 45,000元",35000,https://www.yes123.com.tw/wk_index/job.asp?p_id=20180331151233_42586877&job_id=20180402151705_13201,,
444,海外數位行銷與商務 (全台),SS行銷主任,台灣人壽：宇悅通訊處‧蔡淑禎,台北市中正區,"薪資按件計酬 0 至 200,000元",200000,https://www.yes123.com.tw/wk_index/job.asp?p_id=20220916123044_03557017&job_id=20220916165643_18983316,,
445,海外數位行銷與商務 (全台),數位行銷文案編輯,千陽號旅行社有限公司,台北市中山區,"月薪 36,000 至 55,000元",36000,https://www.yes123.com.tw/wk_index/job.asp?p_id=c20250828165840_7341729&job_id=20250829112827_68275212,海外數位行銷與流量投放 (GA4/SEO/Meta),
446,海外數位行銷與商務 (全台),行銷企劃(高雄),自由時報企業股份有限公司,高雄市鼓山區,"月薪 30,000元",30000,https://www.yes123.com.tw/wk_index/job.asp?p_id=5000225_52570683&job_id=20210802182500_23238635,,
447,海外數位行銷與商務 (全台),行銷企劃(台北),自由時報企業股份有限公司,台北市內湖區,"月薪 30,000 至 50,000元",30000,https://www.yes123.com.tw/wk_index/job.asp?p_id=5000225_52570683&job_id=20210802182338_51643597,,
448,海外數位行銷與商務 (全台),融資行銷業務、電話行銷人員,(凱旋融資)凱旋企業社,台中市北區,"月薪 35,000元以上",35000,https://www.yes123.com.tw/wk_index/job.asp?p_id=c20251222140711_3091394&job_id=20251229141138_2594378,,
449,海外數位行銷與商務 (全台),行銷專員,台灣人壽：宏宇通訊處‧朱芸彤,桃園市中壢區,"薪資按件計酬 0 至 200,000元",200000,https://www.yes123.com.tw/wk_index/job.asp?p_id=20180828105924_03557017&job_id=20180828151840_6977,,
450,海外數位行銷與商務 (全台),行銷處-數位行銷副理 / 主任 (寒舍集團),台北喜來登飯店_寒舍艾美酒店_礁溪寒沐酒店_寒舍餐旅管理顧問股份有限公司,台北市中正區,薪資面議(經常性薪資達4萬元含以上),40000,https://www.yes123.com.tw/wk_index/job.asp?p_id=20180730123023_70471881&job_id=20251104033015_2325244,海外數位行銷與流量投放 (GA4/SEO/Meta),
451,海外數位行銷與商務 (全台),行銷業務專員,曜品軒有限公司,台中市西屯區,"月薪 35,000 至 38,000元",35000,https://www.yes123.com.tw/wk_index/job.asp?p_id=20260414114855_62187584&job_id=20260624203344_49494199,,
452,海外數位行銷與商務 (全台),行銷企劃(數位金融部),華南永昌綜合證券股份有限公司,台北市松山區,薪資面議(經常性薪資達4萬元含以上),40000,https://www.yes123.com.tw/wk_index/job.asp?p_id=22955774000&job_id=20251215103551_691116,,
453,海外數位行銷與商務 (全台),業務 / 行銷 專員,南商企業有限公司,台南市永康區,"月薪 29,500元以上",29500,https://www.yes123.com.tw/wk_index/job.asp?p_id=20130118101151_89793709&job_id=20140711134342_18519,,
454,海外數位行銷與商務 (全台),行銷企劃專員,(向禾休閒漁場)向禾漁樂休閒有限公司,嘉義縣東石鄉,"月薪 35,000 至 45,000元",35000,https://www.yes123.com.tw/wk_index/job.asp?p_id=20240809153538_87665084&job_id=20240821141809_68117049,,
455,海外數位行銷與商務 (全台),行銷專員,台灣人壽保險股份有限公司：高雄直轄一通訊處‧曾資閔,高雄市新興區,"薪資按件計酬 0 至 200,000元",200000,https://www.yes123.com.tw/wk_index/job.asp?p_id=c20251128112500_811731&job_id=20251128131444_23477378,,
456,海外數位行銷與商務 (全台),J1000 電商數位媒體行銷/聯盟行銷,富邦媒體科技股份有限公司,台北市內湖區,薪資面議(經常性薪資達4萬元含以上),40000,https://www.yes123.com.tw/wk_index/job.asp?p_id=20140103100924_27365925&job_id=20251120032055_1191980,跨境電商平台營運 (Amazon/Alibaba/Shopee),
457,海外數位行銷與商務 (全台),[Server]海外Talent--自動化系統整合主管（墨西哥）,英業達股份有限公司,全台灣,薪資面議(經常性薪資達4萬元含以上),40000,https://www.yes123.com.tw/wk_index/job.asp?p_id=83151_04322046&job_id=20260828033115_61496174,,
458,海外數位行銷與商務 (全台),行銷企劃人員,惟楷印刷有限公司,新北市中和區,"月薪 33,000 至 37,000元",33000,https://www.yes123.com.tw/wk_index/job.asp?p_id=20121207122746_80194289&job_id=20190414183002_31053165,,
459,海外數位行銷與商務 (全台),網路行銷企劃,名流寢飾家居館,台中市豐原區,"月薪 30,000 至 35,000元",30000,https://www.yes123.com.tw/wk_index/job.asp?p_id=20110131144119_45461668&job_id=20160606224038_10542216,海外數位行銷與流量投放 (GA4/SEO/Meta),
460,海外數位行銷與商務 (全台),電訪行銷人員,和峯有限公司,高雄市三民區,"月薪 29,500 至 50,000元",29500,https://www.yes123.com.tw/wk_index/job.asp?p_id=20211215113739_83391931&job_id=20251126125327_26631643,,
461,海外數位行銷與商務 (全台),行銷企劃專員,樂禾寢具開發有限公司,台南市南區,"月薪 33,000 至 65,000元",33000,https://www.yes123.com.tw/wk_index/job.asp?p_id=20230609111031_80377028&job_id=20260413121457_65533044,,
462,海外數位行銷與商務 (全台),行銷企劃人員,守康生技有限公司,新北市新莊區,"月薪 35,000 至 120,000元",35000,https://www.yes123.com.tw/wk_index/job.asp?p_id=20180331151233_42586877&job_id=20180521143236_49598569,,
463,海外數位行銷與商務 (全台),禮聘新竹苗栗區~線上開發.網路行銷(行銷經理)與(線上開發專員),新東海國際科技有限公司,新竹市東區,"月薪 30,000 至 35,000元",30000,https://www.yes123.com.tw/wk_index/job.asp?p_id=20150409172553_27354151&job_id=20241101175557_37274471,海外數位行銷與流量投放 (GA4/SEO/Meta),
464,海外數位行銷與商務 (全台),禮聘嘉義區~線上開發.網路行銷(行銷經理)與(線上開發專員),新東海國際科技有限公司,嘉義市西區,"月薪 30,000 至 35,000元",30000,https://www.yes123.com.tw/wk_index/job.asp?p_id=20150409172553_27354151&job_id=20241101180330_66207799,海外數位行銷與流量投放 (GA4/SEO/Meta),
465,海外數位行銷與商務 (全台),網路行銷企劃,禾順監視數位科技有限公司,台中市潭子區,"月薪 35,000 至 45,000元",35000,https://www.yes123.com.tw/wk_index/job.asp?p_id=c20241224172420_8684656&job_id=20251105094424_74847015,海外數位行銷與流量投放 (GA4/SEO/Meta),
466,海外數位行銷與商務 (全台),社群媒體行銷講師-兼職,上益資訊管理顧問有限公司,台中市豐原區,"時薪 300 至 1,000元",1000,https://www.yes123.com.tw/wk_index/job.asp?p_id=20110323180531_86809755&job_id=20230830114138_26407595,,
467,海外數位行銷與商務 (全台),社群行銷企劃,曜品軒有限公司,台中市西屯區,"月薪 35,000 至 38,000元",35000,https://www.yes123.com.tw/wk_index/job.asp?p_id=20260414114855_62187584&job_id=20260624204357_3790902,海外數位行銷與流量投放 (GA4/SEO/Meta),
468,海外數位行銷與商務 (全台),電話行銷專員,丹楓印刷事業有限公司,苗栗縣苗栗市,時薪 196元,35000,https://www.yes123.com.tw/wk_index/job.asp?p_id=20120315174144_49761651&job_id=20251016200055_66929259,,
469,海外數位行銷與商務 (全台),行銷專案管理人員（總,亞瑟環境清潔股份有限公司,高雄市新興區,"月薪 32,000 至 35,000元",32000,https://www.yes123.com.tw/wk_index/job.asp?p_id=4964519_89268584&job_id=20260902085051_20691324,,
470,海外數位行銷與商務 (全台),數位行銷專員,千陽號旅行社有限公司,台北市中山區,"月薪 36,000 至 55,000元",36000,https://www.yes123.com.tw/wk_index/job.asp?p_id=c20250828165840_7341729&job_id=20250829112826_20370454,海外數位行銷與流量投放 (GA4/SEO/Meta),
471,海外數位行銷與商務 (全台),禮聘桃園區~線上開發.網路行銷(行銷經理)與(線上開發專員),新東海國際科技有限公司,桃園市中壢區,"月薪 30,000 至 35,000元",30000,https://www.yes123.com.tw/wk_index/job.asp?p_id=20150409172553_27354151&job_id=20241101175437_7652553,海外數位行銷與流量投放 (GA4/SEO/Meta),
472,海外數位行銷與商務 (全台),禮聘台南區~線上開發.網路行銷(行銷經理)與(線上開發專員),新東海國際科技有限公司,台南市中西區,"月薪 30,000 至 35,000元",30000,https://www.yes123.com.tw/wk_index/job.asp?p_id=20150409172553_27354151&job_id=20241101180212_11821482,海外數位行銷與流量投放 (GA4/SEO/Meta),
473,海外數位行銷與商務 (全台),CA行銷專員,台灣人壽：宇悅通訊處‧蔡淑禎,台北市中正區,"薪資按件計酬 0 至 200,000元",200000,https://www.yes123.com.tw/wk_index/job.asp?p_id=20220916123044_03557017&job_id=20220916165254_15842338,,
474,海外數位行銷與商務 (全台),媒體與廣告行銷企劃,茸茸樂援股份有限公司,台北市大安區,"月薪 34,000 至 36,000元",34000,https://www.yes123.com.tw/wk_index/job.asp?p_id=20220224142825_91046434&job_id=20250624155618_947203,,
475,海外數位行銷與商務 (全台),行銷企劃小編,豫興企業有限公司,南投縣竹山鎮,"月薪 29,500 至 32,000元",29500,https://www.yes123.com.tw/wk_index/job.asp?p_id=20231122164357_829146&job_id=20260530152112_12885013,,
476,海外數位行銷與商務 (全台),市場行銷企劃專員,守康生技有限公司,新北市新莊區,"月薪 50,000 至 120,000元",50000,https://www.yes123.com.tw/wk_index/job.asp?p_id=20180331151233_42586877&job_id=20180521143236_50071,,
477,海外數位行銷與商務 (全台),社群行銷企劃,茸茸樂援股份有限公司,台北市大安區,"月薪 32,000 至 36,000元",32000,https://www.yes123.com.tw/wk_index/job.asp?p_id=20220224142825_91046434&job_id=20250624155618_27663980,海外數位行銷與流量投放 (GA4/SEO/Meta),
478,海外數位行銷與商務 (全台),行銷處-數位行銷專員(寒舍集團),台北喜來登飯店_寒舍艾美酒店_礁溪寒沐酒店_寒舍餐旅管理顧問股份有限公司,台北市中正區,"月薪 32,000 至 40,000元",40000,https://www.yes123.com.tw/wk_index/job.asp?p_id=20180730123023_70471881&job_id=20260714032005_35400735,海外數位行銷與流量投放 (GA4/SEO/Meta),
479,海外數位行銷與商務 (全台),TAKODA機能衣品牌行銷主管,智偉織造股份有限公司,桃園市中壢區,"月薪 50,000元以上",50000,https://www.yes123.com.tw/wk_index/job.asp?p_id=8821026_43837747&job_id=20260722094031_36451709,,
480,海外數位行銷與商務 (全台),網路行銷推廣專員,軒昆企業有限公司,台中市西屯區,"薪資按件計酬 32,000元以上",32000,https://www.yes123.com.tw/wk_index/job.asp?p_id=20100409102956_80010629&job_id=20120516015046_7536378,海外數位行銷與流量投放 (GA4/SEO/Meta),
481,海外數位行銷與商務 (全台),高薪禮聘南區~實體店面(現場行銷經理)或(櫃檯行銷專員),新東海國際科技有限公司,高雄市三民區,"月薪 30,000 至 35,000元",30000,https://www.yes123.com.tw/wk_index/job.asp?p_id=20150409172553_27354151&job_id=20241029205647_5891480,,
482,海外數位行銷與商務 (全台),高薪禮聘台北區~實體店面(現場行銷經理)或(櫃檯行銷專員),新東海國際科技有限公司,台北市中山區,"月薪 30,000 至 35,000元",30000,https://www.yes123.com.tw/wk_index/job.asp?p_id=20150409172553_27354151&job_id=20241029204948_71587695,,
483,海外數位行銷與商務 (全台),產品行銷管理師(Product Marketing),海陞光電有限公司,桃園市中壢區,薪資面議(經常性薪資達4萬元含以上),40000,https://www.yes123.com.tw/wk_index/job.asp?p_id=20140206155736_53147806&job_id=20140624104121_8909462,,
484,海外數位行銷與商務 (全台),產品開發與行銷企劃,茸茸樂援股份有限公司,台北市大安區,"月薪 38,000 至 40,000元",40000,https://www.yes123.com.tw/wk_index/job.asp?p_id=20220224142825_91046434&job_id=20250624155619_7308205,,
485,海外數位行銷與商務 (全台),禮聘南投草屯區~線上開發.網路行銷(行銷經理)與(線上開發專員),新東海國際科技有限公司,南投縣草屯鎮,"月薪 30,000 至 35,000元",30000,https://www.yes123.com.tw/wk_index/job.asp?p_id=20150409172553_27354151&job_id=20241213200307_14534945,海外數位行銷與流量投放 (GA4/SEO/Meta),
486,海外數位行銷與商務 (全台),企劃(行銷企劃室),臺灣電視事業股份有限公司,台北市松山區,"月薪 35,000元以上",35000,https://www.yes123.com.tw/wk_index/job.asp?p_id=20181225101122_20685000&job_id=20251223041001_8500379,,
487,海外數位行銷與商務 (全台),電話行銷專員,曜品軒有限公司,台中市西屯區,"月薪 35,000 至 38,000元",35000,https://www.yes123.com.tw/wk_index/job.asp?p_id=20260414114855_62187584&job_id=20260624202711_8512214,,
488,海外數位行銷與商務 (全台),高薪禮聘中區~實體店面(現場行銷經理)或(櫃檯行銷專員),新東海國際科技有限公司,台中市中區,"月薪 30,000 至 35,000元",30000,https://www.yes123.com.tw/wk_index/job.asp?p_id=20150409172553_27354151&job_id=20241029203822_2160851,,
489,海外數位行銷與商務 (全台),行銷部_工讀生,富合企業股份有限公司,台南市永康區,"月薪 29,500元以上",29500,https://www.yes123.com.tw/wk_index/job.asp?p_id=20100402164130_22488785&job_id=20260828164659_3601074,,
490,海外數位行銷與商務 (全台),PT兼職（電話行銷人員）,鼎旺農產行,基隆市七堵區,時薪 200 至 230元,35000,https://www.yes123.com.tw/wk_index/job.asp?p_id=c20220504092456_1941186&job_id=20260402132053_630127,,
491,海外數位行銷與商務 (全台),媒體行銷特約業務,第六星空傳媒科技有限公司,台北市士林區,"薪資按件計酬 10,000 至 30,000元",10000,https://www.yes123.com.tw/wk_index/job.asp?p_id=20250421083114_37708681&job_id=20250425153812_66513958,,
492,海外數位行銷與商務 (全台),社群行銷/社群小編,千陽號旅行社有限公司,台北市中山區,"月薪 35,000 至 50,000元",35000,https://www.yes123.com.tw/wk_index/job.asp?p_id=c20250828165840_7341729&job_id=20250829112827_2005463,海外數位行銷與流量投放 (GA4/SEO/Meta),
493,海外數位行銷與商務 (全台),行銷專員（兼課務與客服協力）,(洳意禪舞)浩莉企業有限公司,台中市西屯區,"月薪 30,000 至 45,000元",30000,https://www.yes123.com.tw/wk_index/job.asp?p_id=20250407214842_00146254&job_id=20250821214859_13514137,,
494,海外數位行銷與商務 (全台),電話行銷人員,全國數位有線電視股份有限公司,台北市中山區,"月薪 29,500 至 60,000元",29500,https://www.yes123.com.tw/wk_index/job.asp?p_id=20150306093718_54279620&job_id=20230718110018_32016171,,
495,海外數位行銷與商務 (全台),TAKODA 行銷業務人員,智偉織造股份有限公司,桃園市中壢區,薪資面議(經常性薪資達4萬元含以上),40000,https://www.yes123.com.tw/wk_index/job.asp?p_id=8821026_43837747&job_id=20260722094030_14411750,,
496,海外數位行銷與商務 (全台),業務行銷部觀眾服務組,朱銘美術館_財團法人朱銘文教基金會,新北市金山區,"月薪 33,000元以上",33000,https://www.yes123.com.tw/wk_index/job.asp?p_id=20260327090430_55862063&job_id=20260327174620_16287303,,
497,海外數位行銷與商務 (全台),數位金融產品行銷專員(行銷企劃部),聯邦商業銀行股份有限公司,台北市中山區,"月薪 38,000 至 43,000元",38000,https://www.yes123.com.tw/wk_index/job.asp?p_id=6480938_86380802&job_id=20250317040033_29391952,,
498,海外數位行銷與商務 (全台),行銷業務專員,吉維愛國際有限公司,新北市板橋區,"月薪 30,000 至 45,000元",30000,https://www.yes123.com.tw/wk_index/job.asp?p_id=20200722172030_53175773&job_id=20200824175101_57565341,,
499,海外數位行銷與商務 (全台),整合行銷企劃人員(行銷企劃部),聯邦商業銀行股份有限公司,台北市中山區,"月薪 38,000 至 43,000元",38000,https://www.yes123.com.tw/wk_index/job.asp?p_id=6480938_86380802&job_id=20240819040013_7317226,,
500,海外數位行銷與商務 (全台),行銷處-數位行銷暨顧客忠誠計畫副理(寒舍集團),台北喜來登飯店_寒舍艾美酒店_礁溪寒沐酒店_寒舍餐旅管理顧問股份有限公司,台北市中正區,薪資面議(經常性薪資達4萬元含以上),40000,https://www.yes123.com.tw/wk_index/job.asp?p_id=20180730123023_70471881&job_id=20250124093802_70670583,海外數位行銷與流量投放 (GA4/SEO/Meta),
