編號,104職缺代碼,徵才軌道,職缺名稱,企業名稱,產業類別,工作地點,薪資待遇,最低月薪估算,104官方核實網址,命中技能標籤,工作內容摘要
1,14021229,B2B外銷業務與海外市場,國外業務人員,安遠實業有限公司,化學原料及其製品批發業,台北市松山區,待遇面議(4萬以上或面議),38000,https://www.104.com.tw/job/8ciul,海外客戶開發與國際商展拓銷 / 商務談判、報價議價與合約簽訂,1. 開拓海外市場，客戶維護及開發新客戶。 2. 向國外客戶報價，確認訂單，貨物裝運之方法，並處理帳款回收相關事宜。。 3. 掌握出貨狀況，並追蹤產品交期。 4. 服務客戶並掌握客戶需求，建立長期夥伴關係。 5. 進行巿場分析調查，並提出策
2,13789953,B2B外銷業務與海外市場,北區客服助理,Tokuyo_督洋生技股份有限公司,百貨相關業,桃園市龜山區,"月薪 30,000~35,000元",30000,https://www.104.com.tw/job/87ke9,,1.接聽客服專線，幫助顧客解決問題 2.網路信件報修及處理 3.客服相關報表製作及客服相關工作 4.各類報表、單據維護及整理，庶務類行政申請作業 5.協助客服人員完成並執行客服售後服務相關任務的行政、後勤工作 6.主管交辦事宜、部門後勤支援
3,15139452,B2B外銷業務與海外市場,國外業務,連達國際股份有限公司,其他電子零組件相關業,東南亞,"月薪 85,714~100,000元",85714,https://www.104.com.tw/job/90hoc,商務談判、報價議價與合約簽訂,"1.PCB業界設備及其他材料之銷售。 2.協助公司的技術支援人員，為客戶處理產品相關事宜。 3.負責產品報價及產品展示，並處理帳款回收相關事宜。 4.負責業務推展，傳達及說明公司各項業務重大訊息、活動及產品。 5.熟悉PCB業界, 並具相關"
4,15397945,B2B外銷業務與海外市場,國外業務,欣徠企業有限公司,綜合商品批發代理業,台北市中正區,"月薪 42,000~9,999,999元",42000,https://www.104.com.tw/job/9614p,英語商務溝通與信件書信 (精通/流利/多益) / 海外客戶開發與國際商展拓銷 / 商務談判、報價議價與合約簽訂 / 第二外語能力 (日語/西班牙語/越南語/德語),1. 使用英語或西班牙語商用書信與國外客戶溝通與報價 2. 不定期進行國外客戶拜訪、提供國外客戶產品推薦 3. 不定期陪同國外客戶參展或拜訪供應商 4. 處理國外客戶訂單與提供售後客訴服務 5. 與內部團隊協調，掌控出貨時程及海空運物流安排
5,12804608,B2B外銷業務與海外市場,國外業務,靜廬企業股份有限公司,其他商品批發業,台北市內湖區,待遇面議(4萬以上或面議),38000,https://www.104.com.tw/job/7mg3k,海外客戶開發與國際商展拓銷,我們正在尋找具備國際商務開發能力與市場敏銳度的國外業務專員／經理，負責公司在歐美區域的家用香氛產品業務拓展。 【主要職責】 1. 歐美市場開發與客戶維護：負責美國與歐洲市場之 B2B 客戶開發、品牌商與通路商關係維護及潛在訂單爭取。 2.
6,14678358,B2B外銷業務與海外市場,國外業務,克司康耐有限公司,其他商品批發業,桃園市蘆竹區,"月薪 43,000~9,999,999元",43000,https://www.104.com.tw/job/8qlw6,英語商務溝通與信件書信 (精通/流利/多益),你是否渴望提升語言能力、拓展國際人脈、參與海外展會並累積專業實戰經驗？ 加入克司康耐，讓你站上國際舞台，打造屬於自己的全球視野！ 加入我們，你將獲得： 語言與溝通力提升：透過與來自全球的客戶溝通，快速增強英文實力與專業應對能力。 人脈拓展與
7,12895686,B2B外銷業務與海外市場,國外業務,普達系統股份有限公司,電腦及其週邊設備製造業,台北市內湖區,待遇面議(4萬以上或面議),38000,https://www.104.com.tw/job/7oedi,商務談判、報價議價與合約簽訂,1.1~5年國外電腦產品銷售經驗。 2.具POS相關銷售經驗尤佳。 3.擅於溝通及談判協調能力。 4.維繫客戶與公司的業務往來及發展，並且提供解決方案。
8,14770831,B2B外銷業務與海外市場,國外業務專員,蓋德科技股份有限公司,電腦系統整合服務業,台北市南港區,待遇面議(4萬以上或面議),38000,https://www.104.com.tw/job/8sl8v,商務談判、報價議價與合約簽訂,1. 開發潛在客戶，拓展市場，以達成業績目標。 3. 負責國外業務接洽及訂單處理。 3. 規劃國際商展，參與企劃，協調行銷活動（如：展覽、廣告、會議）。 4. 負責產品報價及產品展示，並處理帳款回收相關事宜。 5. 負責業務推展，傳達及說明
9,14818787,B2B外銷業務與海外市場,國外業務專員,瑞菖國際股份有限公司,紡織成衣業,台中市南屯區,"月薪 38,000~40,000元",38000,https://www.104.com.tw/job/8tm8z,海外客戶開發與國際商展拓銷,國外業務專員 (內勤維護 / 免開發新客戶：無業績壓力) 工作內容 1. 現有客戶深耕：負責長期合作客戶之訂單管理與關係維護。本職位「不需」開發新客戶、不需承擔業績目標。 2. 訂單與技術對接：精準輸入訂單、追蹤生產進度，確保產品規格（規格
10,14263228,B2B外銷業務與海外市場,國外業務人員,哲軒企業有限公司,綜合商品批發代理業,台北市大同區,"月薪 40,000~42,000元",40000,https://www.104.com.tw/job/8hpks,英語商務溝通與信件書信 (精通/流利/多益) / 辦公室高效應用軟體 (Excel樞紐/PPT/Word),1. 國外業務開發維持，銷售統計報表製作。 2. 業績目標制訂與達成。 3. 製作產品簡報，針對客戶需求進行產品介紹。 4. 英文能力應用於書信撰寫及即時口譯溝通。 5. 配合公司安排商務出差、參與展會及洽談合作，出差地點以歐洲、中
11,13102607,B2B外銷業務與海外市場,國外業務專員,智惠創富股份有限公司,其他金屬相關製造業,新北市新莊區,"月薪 38,000~55,000元",38000,https://www.104.com.tw/job/7su1b,商務談判、報價議價與合約簽訂,1. 國外客戶維護 2. 執行年度銷售計劃，新專案開案與報價、進度、交期追蹤等事宜 3. 訂單異常、不良品處理 4. 提供售後服務，處理客戶端之問題，給予完善的處理 5. 各部門協調溝通以達成專案量能之目標 6. 其他主管交辦事項
12,13715345,B2B外銷業務與海外市場,國外業務人員,長溢貿易有限公司,鞋類／布類／服飾品批發業,台北市大安區,"月薪 35,000~42,000元",35000,https://www.104.com.tw/job/85ytt,海外客戶開發與國際商展拓銷,1. 處理並追蹤客戶尋樣、訂單、打色、打樣、確認交貨期、應收貨款、庫存等紡織業務流程。 2. 需配合國外出差及參展，且負責國外客戶及成衣廠聯繫接洽及郵件往來、產品銷售與接單，享有獎金。 3. 開發新通路並維護原有客戶關係，提供卓越的客戶服務
13,9091981,B2B外銷業務與海外市場,國外業務,大陸商深圳科士達新能源有限公司台灣分公司,電腦及其週邊設備製造業,新北市新店區,待遇面議(4萬以上或面議),38000,https://www.104.com.tw/job/5evf1,商務談判、報價議價與合約簽訂,1. 定期報告銷售進度及市場佔有率。 2. 掌握產品設計時程及產量狀況。 3. 規劃國際商展，參與企劃，協調行銷活動（如：展覽、廣告、會議）。 4. 針對客戶提出的合約（交易條件、生產流程、產品要求、售後服務）作初步評估，並在必要時尋求其他
14,12436951,B2B外銷業務與海外市場,國外業務,禾羿科技有限公司,塑膠製品製造業,新北市新莊區,"月薪 40,000~9,999,999元",40000,https://www.104.com.tw/job/7ekev,進出口關務與海空運單據 (L/C/信用狀/報關),1. 輸入、處理並追蹤客戶訂單，並將訂單資料存檔備份。 2. 處理日常郵件往來，維護良好客戶關係。 3. 提供出貨文件，處理進出口事宜。 4. 客戶拜訪時陪同，協助溝通與需求確認 5. 完成主管交辦事項 6. 空閒時間支援其他部門，協助跨部
15,14687327,B2B外銷業務與海外市場,國外業務 International Sales Representative,冠淳科技股份有限公司,塑膠製品製造業,台北市內湖區,待遇面議(4萬以上或面議),38000,https://www.104.com.tw/job/8qstb,英語商務溝通與信件書信 (精通/流利/多益) / 海外客戶開發與國際商展拓銷 / 商務談判、報價議價與合約簽訂,想在國際業務領域拓展職涯嗎？ 我們正在招募一位 國際業務代表，協助我們將設計用心、品質優良的產品推向全球更多市場。 在這個職位中，你將參與海外銷售流程，包含開發新客戶、準備報價與提案、洽談合作條件、追蹤訂單進度，以及維繫長期客戶關係。你也將
16,14087723,B2B外銷業務與海外市場,國外業務,韋福電子有限公司,其他電信及通訊相關業,新北市新莊區,"月薪 48,000~56,000元",48000,https://www.104.com.tw/job/8dy5n,海外客戶開發與國際商展拓銷 / 商務談判、報價議價與合約簽訂,1.國外新客戶開發與聯繫. 2.客戶圖面規格討論與報價及送樣流程、訂單處理、客戶售後服務、帳款跟催、客戶授信評等。 3.針對客戶的合約（交易條件、生產流程、產品要求、售後服務）作初步評估，並在必要時尋求其他部門協助，以即時回應客戶需求。專案
17,12101046,B2B外銷業務與海外市場,國外業務專員,元泰發實業有限公司,光電產業,新北市板橋區,待遇面議(4萬以上或面議),38000,https://www.104.com.tw/job/77d86,海外客戶開發與國際商展拓銷 / 商務談判、報價議價與合約簽訂,1.負責歐美地區客戶，制訂銷售計畫及追蹤執行 2.新客戶開發及現有客戶維繫及售後服務，報價/訂單/帳款回收之處理 3.專案管理產品開發進度、確認規格需求與確保交期符合客戶期待 4.量產前專案各階段進度推進、時程控管、成本控制與專案文件彙整及
18,1183204,B2B外銷業務與海外市場,國外業務,恒耀工業股份有限公司,其他金屬相關製造業,台南市仁德區,"月薪 33,000~45,000元",33000,https://www.104.com.tw/job/pcys,英語商務溝通與信件書信 (精通/流利/多益) / 第二外語能力 (日語/西班牙語/越南語/德語),1.國外業務開發。 2.客戶維護及訂單處理。 3.公司營運區域遍及歐美國家，所需語言有：英語、日語、德語、法語、西班牙語等。 4.理工背景者，至少須具備一種外語能力。 5.其他國貿背景者，最好除英語外有其他第二語言能力。
19,4620324,B2B外銷業務與海外市場,國外業務,寬仕工業股份有限公司,金屬結構及建築組件製造業,台南市關廟區,"月薪 33,000~41,000元",33000,https://www.104.com.tw/job/2r12c,海外客戶開發與國際商展拓銷,1.客戶服務。 2.訂單處理。 3.出國參展、拜訪客戶(每年5次以下)。 4.表現優秀者，年資滿1年以上，年薪可達15個月。 須能配合公司教育及加班，遠途可提供宿舍 本公司地理位置：1.往台南市區約25分鐘 2.由南二高往高雄約40分鐘。
20,15199768,B2B外銷業務與海外市場,國外業務代表,柏域斯浩航物流股份有限公司,海運,台北市松山區,"月薪 40,000~45,000元",40000,https://www.104.com.tw/job/91s7s,英語商務溝通與信件書信 (精通/流利/多益),【徵才重點提示】 本職位專注於全球海外代理（Oversea Agents）之開發與合作維繫。 需具備流利的英文書信與口語溝通能力，誠摯歡迎熟悉國外代理開發的業務菁英加入！ 【關於我們】 我們是快速成長中的海空運物流團隊。我們相信「人才」是
21,13990528,B2B外銷業務與海外市場,國外業務助理,興科股份有限公司,精密儀器相關製造業,新北市三重區,"月薪 38,000~48,000元",38000,https://www.104.com.tw/job/8bv5s,英語商務溝通與信件書信 (精通/流利/多益) / ERP / SAP 企業資源與進銷存管理 / 商務談判、報價議價與合約簽訂,1.協助國外業務處理報價單（Quotation）、訂單（PO）及相關文件。 2.協助與國外客戶、海外代理商及海外辦事處進行英文 Email 往來。 3.追蹤訂單、生產及出貨進度。 4.維護客戶資料及 ERP 系統資料。 5.協助處理出口相關
22,9932949,B2B外銷業務與海外市場,國外業務,耿鼎企業股份有限公司,汽車及其零件製造業,桃園市蘆竹區,"月薪 30,400~39,400元",30400,https://www.104.com.tw/job/5wwb9,英語商務溝通與信件書信 (精通/流利/多益) / ERP / SAP 企業資源與進銷存管理,1.具第二外語能力佳 2.具國貿相關經驗佳 3.ERP系統 ※具相關經驗者另議
23,13545562,B2B外銷業務與海外市場,國外業務人員,鼎貞企業有限公司,塑膠製品製造業,新北市汐止區,待遇面議(4萬以上或面議),38000,https://www.104.com.tw/job/82btm,商務談判、報價議價與合約簽訂,"1. 處理客戶要求 (詢價, 報價, 樣品, 訂單, 出貨, 包裝). 迅速確實傳遞給生產部門與後續其他配合流程. 2. 提供客戶新產品及市場資訊，及早送樣取得認可，並定期檢視借料狀況，以免造成掛帳問題。 3. 反應及蒐集市場訊息。 4. "
24,4677189,B2B外銷業務與海外市場,國外業務,普慧企業股份有限公司,其他相關製造業,台南市仁德區,待遇面議(4萬以上或面議),38000,https://www.104.com.tw/job/2s8xx,,負責開拓海外市場，尋找國外戰略合作夥伴。 * 參加國際性展覽並規劃各項事宜。 * 掌握出貨狀況，並追蹤產品交期。 * 服務客戶並掌握客戶需求，建立長期夥伴關係。 * 聯絡接待國外客戶。
25,13892556,B2B外銷業務與海外市場,國外業務主管,頂富實業有限公司,消費性電子產品製造業,新北市新店區,"月薪 45,000~70,000元",45000,https://www.104.com.tw/job/89rkc,海外客戶開發與國際商展拓銷,2. 產品銷售、潛在客戶開發、客戶拜訪、客情維護 3. 海外客戶產品及技術問題回覆
26,13227186,B2B外銷業務與海外市場,國外業務,誠泰航空貨運承攬股份有限公司,儲配／運輸物流業,台北市松山區,"月薪 33,000~50,000元",33000,https://www.104.com.tw/job/7vi5u,進出口關務與海空運單據 (L/C/信用狀/報關),1.規劃專案 企劃/管理. 2.檔案管理、行政事務處理、報表彙整與管理、電話接聽與人員接待事項. 3.文件或資料輸入建檔處理、文件檔案資料處理、轉換及整合工作、協助進出口貨物報關、進出口價格核算、進出口作業流程控管. 4.客戶資料更新維護、
27,7680685,B2B外銷業務與海外市場,國外業務專員,力勝企業有限公司,消費性電子產品製造業,台北市北投區,"月薪 50,000~9,999,999元",50000,https://www.104.com.tw/job/4kmgd,,relationships to ensure long-term partnerships and satisfaction. 2. 市場拓展與業務開發：開發潛在新客戶，拓展海外市場版圖。 Business development: Id
28,14111739,B2B外銷業務與海外市場,國外業務(EMEA),同德股份有限公司,電腦系統整合服務業,台北市中正區,待遇面議(4萬以上或面議),38000,https://www.104.com.tw/job/8egor,,1. Being Responsible for the business management/ product planning/ branding strategy in belonging country. 2. Expanding
29,5143647,B2B外銷業務與海外市場,國外業務,世堡紡織股份有限公司,紡織成衣業,台北市中山區,待遇面議(4萬以上或面議),38000,https://www.104.com.tw/job/328v3,海外客戶開發與國際商展拓銷,1.具有開發新客戶能力。 2.掌握產品設計時程及產量狀況。 3.可獨立參展，參與企劃，協調行銷活動（如：展覽、網路、廣告）。 4.能獨立作業、有抗壓性、穩定性高，不斷學習及自我成長
30,13447219,B2B外銷業務與海外市場,國外業務,振順實業股份有限公司,紡織成衣業,台北市大同區,"月薪 45,000~60,000元",45000,https://www.104.com.tw/job/807xv,商務談判、報價議價與合約簽訂,"1.客戶拜訪開發並推銷產品,依顧客需求做報價及簽約 2.顧客售後滿意度維持 (如: 顧客抱怨及問題反應處理、維持顧客對公司及業務員信賴度) 3.顧客意見回饋以供公司改善參考 4.定期與主管做業績、績效檢討，回報進度 5.熟悉欲銷售之產品、公"
31,13634341,B2B外銷業務與海外市場,國外業務主管,弘如企業有限公司,塑膠製品製造業,新北市樹林區,待遇面議(4萬以上或面議),38000,https://www.104.com.tw/job/848bp,,運績效控管及提升。 此職務需帶領技術及業務能力兼具之業務團隊， 著重於海外市場及通路開發，擴大公司的在真空成型模具的海外業務版圖。 弘如企業在業界資歷深厚，擁有豐富的發展前景和晉升空間。 歡迎您加入我們一同共創美好願景!!!
32,14599754,B2B外銷業務與海外市場,國外業務拓展專員 Sales Executive,樂峰科技有限公司,電腦軟體服務業,台中市西屯區,待遇面議(4萬以上或面議),38000,https://www.104.com.tw/job/8ox8q,英語商務溝通與信件書信 (精通/流利/多益),【職務內容】 ＊＊英文聽說能力佳，具備 TOEIC 800分以上 或同等程度之語言能力＊＊ ◆國外銷售、業務推廣、國外訂單處理、國外市場開發及客戶拜訪等工作◆ 1、商務合作洽談、業務推廣及開發 - 具備良好社交能力，能獨立開發客
33,15050023,B2B外銷業務與海外市場,財務專員(台中),豐邑建設股份有限公司,建築工程業,台中市西區,待遇面議(4萬以上或面議),38000,https://www.104.com.tw/job/8yko7,,1. 應收應付票據兌現及銀行轉帳作業 2. 日報表簽收等出納作業 3. 銀行往來調節表編製作業 4. 取條開立及付款等出納作業 5. 基金交易帳務處理作業 6. 出納管理報表編製 7. 銀行授信案件申辦處理作業 8. 融資利息費用核算作業
34,6400699,B2B外銷業務與海外市場,【保障6萬x12個月】，最快1年3個月升店長！國外旅遊競賽_年度旅遊競賽,永慶房產集團_永慶房屋仲介股份有限公司,不動產經營業,台北市大安區,"月薪 40,000~75,000元",40000,https://www.104.com.tw/job/3t6t7,,"品牌理念《先誠實再成交》 讓誠實從一個人的習慣,到一群人的信仰。 永慶堅持不炒房、不與投機客配合，保障消費者的每一次交易。 在房市信用管制、交易量下滑，永慶逆勢成長、成績一支獨秀， AI技術與數據決策的結合，讓購售屋過程更加便捷、透明、智慧"
35,5628136,B2B外銷業務與海外市場,國外業務(薪優),欣大園藝噴水工具股份有限公司,塑膠製品製造業,彰化縣鹿港鎮,"月薪 50,000~80,000元",50000,https://www.104.com.tw/job/3cmp4,英語商務溝通與信件書信 (精通/流利/多益) / 商務談判、報價議價與合約簽訂,1.需熟悉國外業務推廣，具銷售及良好外文溝通技巧。 2.需英文聽說讀寫流利，且能獨立作業。 3.需具成本計算及報價能力。 4.需具與國外客戶書信往來、翻譯email、客戶服務、確認訂單等應對能力。 5. 需配合出差，每次國外出差約一至二週
36,8287902,B2B外銷業務與海外市場,國外業務,振罡科技有限公司,其他電子零組件相關業,新北市汐止區,"月薪 50,000~70,000元",50000,https://www.104.com.tw/job/4xmzi,商務談判、報價議價與合約簽訂,1.定期報告銷售進度及市場佔有率。（歐洲or日本） 2.掌握產品設計時程及產量狀況。 3.規劃國際商展，參與企劃，協調行銷活動（如：展覽、廣告、會議）。 4.針對客戶提出的合約（交易條件、生產流程、產品要求、售後服務）作初步評估，並在必要時
37,14027033,B2B外銷業務與海外市場,《行銷部》國外業務專員,記銘工業股份有限公司,汽車及其零件製造業,彰化縣埔心鄉,"月薪 42,000~54,000元",42000,https://www.104.com.tw/job/8cnbt,英語商務溝通與信件書信 (精通/流利/多益),"期追蹤並協調出貨事宜。 【加分條件】 1.善於交際，資料解析 2.英語聽/說/讀/寫能力中等以上（多益700分以上） 3.有汽車相關產業經歷者佳 4.有國外業務經驗者佳 【薪資待遇】 1.固定薪資: 42,000~48,000元/月 (依經"
38,15366594,B2B外銷業務與海外市場,國外業務,百波科技股份有限公司,光電產業,桃園市桃園區,"月薪 40,000~45,000元",40000,https://www.104.com.tw/job/95cxu,,1. 反應及蒐集市場訊息，配合客戶規劃行銷活動，或是以銷售競賽、佣金或折扣的方式鼓勵 客戶進行銷售，以提昇品牌市佔率。 2. 定期檢視每個客戶的下單及業績狀況，製作週報表，報告最新狀況。 3. 協助客戶業績成長，維持通路價格秩序，訂定客戶業
39,6506700,B2B外銷業務與海外市場,國外業務,科為工業股份有限公司,其他金屬相關製造業,台中市西屯區,"月薪 40,000~48,000元",40000,https://www.104.com.tw/job/3vglo,商務談判、報價議價與合約簽訂 / 進出口關務與海空運單據 (L/C/信用狀/報關),"1.客戶訂單/銷產協調 2.客戶聯繫/銷售前後服務 3.處理出貨文件/進出口安排,需有船務經驗 4.寄樣,包材打樣等工作 5.報價,處理訂單"
40,14104739,B2B外銷業務與海外市場,國外業務,凱美電機股份有限公司,被動電子元件製造業,新北市汐止區,待遇面議(4萬以上或面議),38000,https://www.104.com.tw/job/8ebab,商務談判、報價議價與合約簽訂,1.開發潛在客戶，拓展市場，以達成業績目標。 2.定期拜訪經銷客戶，維繫穩定客戶關係。 3.負責業務接洽及訂單處理。 4.負責產品報價及產品展示，並處理帳款回收相關事宜。 5.負責業務推展，傳達及說明公司各項業務重大訊息、活動及產品。 6.
41,14258578,B2B外銷業務與海外市場,國外業務,天二科技股份有限公司,被動電子元件製造業,新北市新莊區,"月薪 40,000~45,000元",40000,https://www.104.com.tw/job/8hlzm,海外客戶開發與國際商展拓銷 / 商務談判、報價議價與合約簽訂,1. 溝通能力佳，具團隊合作精神，可獨立作業。 2. 有電子零組件銷售相關經驗。 3. 客戶開發拜訪及產品推銷。 4. 依客戶需求進行送樣、報價、簽約、接單、出貨、收款⋯等，E-mail往返相關工作。 5. 售後滿意度維持 (如：客戶抱怨及
42,13088508,B2B外銷業務與海外市場,國外業務人員,倍騰國際股份有限公司,紡織成衣業,台北市內湖區,"月薪 40,000~9,999,999元",40000,https://www.104.com.tw/job/7sj5o,商務談判、報價議價與合約簽訂,※負責客戶為：NIKE、Adidas、Columbia、TNF、UA、Converse...等等。 1.開發潛在客戶，拓展市場。 2.負責業務推展，傳達及說明公司各項業務重大訊息、活動及產品。 3.定期拜訪品牌客戶，維繫穩定客戶關係。 4.
43,14712701,B2B外銷業務與海外市場,越南區國外業務,鴻泰國際物流有限公司,儲配／運輸物流業,東南亞,待遇面議(4萬以上或面議),38000,https://www.104.com.tw/job/8rce5,海外客戶開發與國際商展拓銷 / 商務談判、報價議價與合約簽訂 / 第二外語能力 (日語/西班牙語/越南語/德語),1.完成公司制定的銷售目標，有計劃地開展本行業銷售工作。 2.開發新客戶，建立完善的客戶資料，完成相關銷售報表 。 3.維護現有客戶，促進客戶與公司保持長期穩定合作關係。 4.在公司規定的帳期內，負責客戶的應收帳款追討。 5.參加公司召開的
44,9930042,B2B外銷業務與海外市場,國外業務專員,思特材料股份有限公司,化學原料製造業,台北市內湖區,"月薪 50,000~60,000元",50000,https://www.104.com.tw/job/5wu2i,商務談判、報價議價與合約簽訂,1.開發潛在客戶，拓展市場，以達成業績目標。 2.定期拜訪經銷客戶，維繫穩定客戶關係。 3.負責產品報價及產品展示，並處理帳款回收相關事宜。 4.負責業務推展，傳達及說明公司各項業務重大訊息、活動及產品。 5.有噴墨相關經驗者佳。
45,14002384,B2B外銷業務與海外市場,國外業務｜外銷業務,大舜照明科技股份有限公司,其他相關製造業,台南市永康區,"月薪 40,000~9,999,999元",40000,https://www.104.com.tw/job/8c4b4,英語商務溝通與信件書信 (精通/流利/多益) / 海外客戶開發與國際商展拓銷 / 商務談判、報價議價與合約簽訂,工作內容 1.負責國外客戶聯繫、需求確認及客戶關係維護與深化 2.參與海外市場及潛力客戶開發，推進相關業務機會 3.負責客戶報價、訂單、出貨及相關進度追蹤 4.掌握客戶需求，與工廠及內部相關單位進行產品、交期及異常事項之溝通協調 5.參
46,15187508,B2B外銷業務與海外市場,國外業務,銡聖機械有限公司,機械器具批發業,台中市西屯區,待遇面議(4萬以上或面議),38000,https://www.104.com.tw/job/91ir8,商務談判、報價議價與合約簽訂,1. 負責國外客戶詢價、報價、訂單處理以及國內供應商詢報價、產品訂單追蹤出貨。 2. 協調客戶與廠商間的往來溝通及客訴。 3. 有效與團隊合作，即時回應客戶需求。 4. 完成公司及主管交辦事項，掌握訂單核可進度並能自我掌控工作進度與效率。 
47,14531835,B2B外銷業務與海外市場,國外業務,立偉精密科技有限公司,金屬加工用機械製造修配業,新北市三重區,"月薪 50,000~9,999,999元",50000,https://www.104.com.tw/job/8ngu3,,1.開發方向:產品零組件精密製造 2.客戶類別:醫療 航太 半導體 3.蒐集市場資訊
48,13930604,B2B外銷業務與海外市場,國外業務(USA),超恩股份有限公司,電腦及其週邊設備製造業,新北市中和區,待遇面議(4萬以上或面議),38000,https://www.104.com.tw/job/8akx8,海外客戶開發與國際商展拓銷,"1. 海外市場、新客戶的開發，以美國市場優先。 2. 既有USA區客戶的支持與服務, 通路管理。 3. 主要客戶型態：海外經銷通路商、系統集成商。 4. 需配合國外出差，包括客戶拜訪及參展。 5. 其他主管交辦事項。"
49,6651248,B2B外銷業務與海外市場,國外業務人員,昌勇實業股份有限公司,金屬加工用機械製造修配業,台中市沙鹿區,"月薪 38,000~45,000元",38000,https://www.104.com.tw/job/3yk4w,海外客戶開發與國際商展拓銷,1. 公司車床產品之國外業務推廣與銷售。 2. 負責區域業績目標，績效討論，進度追蹤。 3. 市場訊息的蒐集與分析、客戶銷售方案的策劃與執行。 4. 國內/外參展，開發客戶。 5. 協助公司產品之售後服務(如：顧客抱怨及問題反應處理等) 6
50,14492825,B2B外銷業務與海外市場,國外業務,洞見未來科技股份有限公司,電腦及其週邊設備製造業,台北市松山區,待遇面議(4萬以上或面議),38000,https://www.104.com.tw/job/8mmqh,,本公司主力為 AI解決方案開發及成品設計，已開發聽力裝置及影像辨識設備。 職責為向海外品牌、通路商或ODM客戶，進行成品或技術解決方案推廣銷售。 工作內容： 1. 市場開發與商機挖掘：透過市場分析，識別新興商機及目標客戶，擴展潛在合作對象。
51,14331330,B2B外銷業務與海外市場,國外業務儲備幹部,艾笛森光電股份有限公司,光電產業,新北市中和區,待遇面議(4萬以上或面議),38000,https://www.104.com.tw/job/8j64i,,在全球市場持續變化與競爭加速的環境中，企業的成長，不只來自產品本身，更來自能深入市場、建立長期客戶關係的人才。 我們正在尋找一位具備企圖心與國際視野的國外業務儲備幹部。 你不只是業務執行者，而是能從市場需求、客戶經營與商業機會出發，逐步成為
52,13997390,B2B外銷業務與海外市場,國外業務專員/ 助理,旭程國際實業股份有限公司,金屬家具及裝設品製造業,彰化縣員林市,"月薪 32,000~9,999,999元",32000,https://www.104.com.tw/job/8c0ge,商務談判、報價議價與合約簽訂,1. 外貿相關詢價、報價、訂單製作及後續交期追蹤並協調出貨事宜。 2. 需有業務、外貿實務業務相關工作經驗。 3. 須略看懂結構圖紙。 並依據個人能力、工作表現提供具競爭力且持續成長的薪資調整機制 （依能力可議）
53,6039609,B2B外銷業務與海外市場,國外業務,川富科技開發股份有限公司,金屬容器製造業,新北市林口區,待遇面議(4萬以上或面議),38000,https://www.104.com.tw/job/3lg6x,,"1.開發國外市場 , 挖掘新客戶 , 提高市場佔有率 2.既有客戶的服務與擴大 3.獨立進行國外客戶拜訪 4.主管交辦任務之執行 5.達成公司設定之業績目標 , 維護公司權益"
54,13069582,B2B外銷業務與海外市場,國外業務,滙歐科技開發股份有限公司,其他相關製造業,台中市南屯區,待遇面議(4萬以上或面議),38000,https://www.104.com.tw/job/7s4jy,,"1. Drive new customer development and new project onboarding, including product proposals, sampling, pricing, price nego"
55,14069018,B2B外銷業務與海外市場,國外業務專員,匯芳股份有限公司,鞋類製造業,越南,待遇面議(4萬以上或面議),38000,https://www.104.com.tw/job/8djq2,,1. 管控生產訂單及產品開發進度。 2. 瞭解客戶需求，協助其問題解決與分析。 3. 維繫穩定客戶關係，建立良好互動。 4. 跨部門溝通、協調與團隊合作。 5. 管理部門人員之工作內容、流程及效率。 6. 主管交辦事務。
56,14615081,B2B外銷業務與海外市場,國外業務/國外業務助理,立豐達實業有限公司,其他機械製造修配業,苗栗縣通霄鎮,"月薪 33,000~50,000元",33000,https://www.104.com.tw/job/8p92h,海外客戶開發與國際商展拓銷,拓展市場，以線上(如拍賣平台、FB等社群、YT等影音、EMAIL等各種線上方式)或線下方式招覽國外訂單，國外業務視需求出差國外拜訪客戶爭取訂單。 1. 定期報告銷售進度及市場佔有率。 2. 掌握產品設計時程及產量狀況。 3. 規劃國際商展，
57,14076000,B2B外銷業務與海外市場,國外業務,豪展醫療科技股份有限公司,醫療器材製造業,新北市三重區,待遇面議(4萬以上或面議),38000,https://www.104.com.tw/job/8dp40,,1.開發負責區域的新客戶及維護既有客戶，已達成年度銷售目標。 2.推廣新產品，負責市場產品相關訊息與資訊蒐集。 3.客戶來訪接待及參加國內外醫療器材展覽。 4.出貨包材以及客訴處理。 5.內部出貨流程管控及交期溝通。 6.定期提供業務銷售狀
58,15239640,B2B外銷業務與海外市場,國外業務,耀騰股份有限公司,印刷電路板製造業(PCB),桃園市龜山區,"月薪 34,000~42,000元",34000,https://www.104.com.tw/job/92mzc,海外客戶開發與國際商展拓銷,1.維護現有客戶 2.開發新客戶(另設有開發獎金) 3.客戶下單後的橫向聯繫溝通 4.主管交辦事項.
59,11926308,B2B外銷業務與海外市場,國外業務,立兆股份有限公司,紡織成衣業,新北市五股區,"月薪 42,000~56,000元",42000,https://www.104.com.tw/job/73mec,商務談判、報價議價與合約簽訂,"要時尋求其他部門協助，以即時回應客戶需求。 5. 報價&接單,客戶關係維護,滿足客戶需求。 6. 公司內部人員溝通協調。 7. 可以出差國外 本公司目前正在拓展新產品，相關鏈結如下，敬供參考: https://www.sealvax.com"
60,13640577,B2B外銷業務與海外市場,國外業務助理(可居家辦公),和聯生醫股份有限公司,藥品／化妝品及清潔用品批發業,台北市松山區,"月薪 30,000~40,000元",30000,https://www.104.com.tw/job/84d4x,海外客戶開發與國際商展拓銷,1. 洞悉市場趨勢，開發國際市場原料 以及 成品。 2. 國外醫藥客戶開發、評鑑、導入。 3. 客戶關係維護。 4. 收集文獻並評估原料特性， 彙整數據及資料，供業務推廣使用 5. 跨部門協調溝通、改善，異常狀況處理 6. 其他專案執行
61,13874288,B2B外銷業務與海外市場,國外業務,勝胤企業有限公司,塑膠製品製造業,高雄市新興區,"月薪 38,000~50,000元",38000,https://www.104.com.tw/job/89dgw,英語商務溝通與信件書信 (精通/流利/多益) / 商務談判、報價議價與合約簽訂,【主要任務】 1、推廣產品、外國客戶接洽報價、客戶到廠拜訪、稽核等。 2、處理主管交辦業務安排聯繫、跟催執行、溝通協調。 3、英文精通，於隨行主管國外出差。 4、辦公地點:美麗島站附近 【其他條件】 1、
62,13735805,B2B外銷業務與海外市場,國外業務,綠源科技股份有限公司,通用機械設備製造修配業,新北市汐止區,待遇面議(4萬以上或面議),38000,https://www.104.com.tw/job/86em5,商務談判、報價議價與合約簽訂,1.業務接洽，提供報價與訂單處理，出口貨運安排 2.專案管理與跨部門運作 3.掌握產品開發時程及產量狀況 4.開發潛在新客戶，拓展國內外市場 5.客戶關係經營與維護、客訴處理
63,3740506,B2B外銷業務與海外市場,業務部 國外業務專員,喬聯科技股份有限公司,醫療器材製造業,桃園市蘆竹區,"月薪 35,000~45,000元",35000,https://www.104.com.tw/job/2866y,進出口關務與海空運單據 (L/C/信用狀/報關),1.訂單出貨及進出口流程管理作業。 2.銷售預估作業。 3.廠內外溝通協調。 4.國際業務管理及開發 5.參加國際醫療展覽。 6.其他事務性業務工作。
64,14178239,B2B外銷業務與海外市場,國外業務,車力屋有限公司,汽機車及其零配件／用品零售業,新北市新莊區,"月薪 35,000~100,000元",35000,https://www.104.com.tw/job/8fvzz,英語商務溝通與信件書信 (精通/流利/多益),✔良好的口頭與書面溝通能力，能夠與客戶建立良好的關係，解決問題並滿足客戶需求。 ✔具有拓展新客戶和維持現有客戶的經驗。 ✔熟悉公司產品及其應用，能夠向客戶清晰解釋產品優勢和特點。 ✔能夠與公司內部其他部門協作，確保客戶需求得到滿足。 ✔以客
65,1315654,B2B外銷業務與海外市場,艾瑪文創(高雄)-工作夥伴 薪資38000+獎金,台灣艾瑪文化事業股份有限公司,有聲出版業,高雄市苓雅區,"月薪 38,000~80,000元",38000,https://www.104.com.tw/job/s75y,海外客戶開發與國際商展拓銷,有心投入業務工作者~優先錄取 工作內容： 1、要販售商品，故事極為關鍵，成為會說故事的超級業務。 2、開發新客戶，提供商品介紹解說與銷售。 3、客戶範圍涵蓋全台灣(西半部為主)，有時會到外縣市出差。 4、服務客戶，建立良好客戶關係。 5、其
66,11726075,B2B外銷業務與海外市場,我幫你跟死薪水說Get out!!想賺錢我來帶你一飛沖天!!!中古車銷售業務超高保底50K/超牛抽成 /勞健保/海外員工旅遊,古意汽車有限公司,汽機車及其零配件用品／批發業,桃園市中壢區,"月薪 50,000~1,000,000元",50000,https://www.104.com.tw/job/6zbwb,,分鐘 定期團康活動 烤肉、唱歌、聚餐 ⭕️員工福利 勞健保、尾牙超級萬元大紅包、生日禮金、每年國外旅遊 榮譽假、每月聚餐、公司提供下午茶、員工福利購車 ⭕️工作內容 沒經驗沒關係有課程教育 1. 介紹銷售車輛買賣 2. 處理客人貸款車子過戶
67,14766943,B2B外銷業務與海外市場,國外業務專員,奇賓機械有限公司,其他金屬相關製造業,高雄市大社區,"月薪 50,000~68,000元",50000,https://www.104.com.tw/job/8si8v,商務談判、報價議價與合約簽訂,☆奇賓已是全球知名半導體大廠的關鍵供應商 ☆憑藉著頂尖的技術與穩健的市場策略，我們正加速全球佈局 1.客戶關係維繫與專案管理：提供專業的售前及售後支持服務，提升客戶售後滿意度 2.訂單管理及維護：報價、送樣、進度追蹤 3.開拓國際市場、訂定
68,15111757,B2B外銷業務與海外市場,國外業務（AI Cybersecurity）,一安智能股份有限公司,其它軟體及網路相關業,新北市林口區,待遇面議(4萬以上或面議),38000,https://www.104.com.tw/job/8zwb1,,我們正在拓展國際市場（日本／全球），尋找能夠開發市場並創造營收的業務人才。 主要工作內容包含： 1. 開發國外市場（日本、東南亞、歐美） 2. 經營海外合作夥伴（代理商 / 系統整合商） 3. 客戶需求分析與解決方案銷售 4. 規劃與執行國
69,7454662,B2B外銷業務與海外市場,國際業務開發經理 / 國外業務 (Global Sales Manager / BDM),"ADAM elements International Co., Ltd._亞果元素國際股份有限公司",其他電信及通訊相關業,台北市大安區,待遇面議(4萬以上或面議),38000,https://www.104.com.tw/job/4fs1y,商務談判、報價議價與合約簽訂,既有海外客戶關係，推動新品上架，達成年度與季度的營收目標（KPI）。 • 處理跨國商務條件談判、合約簽署、報價與訂單預測（Forecast），並精準掌握客戶的採購週期與交期需求。 3. 跨部門營運協調 (Cross-Functional
70,15387190,B2B外銷業務與海外市場,國外業務助理,成宥國際股份有限公司,其他化學相關製造業,新北市新店區,待遇面議(4萬以上或面議),38000,https://www.104.com.tw/job/95sty,辦公室高效應用軟體 (Excel樞紐/PPT/Word),1、協辦國外業務工作。 2、資料及簡報等文書處理。 3、董事長、業務部交辦事項。
71,11081088,B2B外銷業務與海外市場,國外業務代表,漢唐科技股份有限公司,其他電子零組件相關業,新竹縣湖口鄉,待遇面議(4萬以上或面議),38000,https://www.104.com.tw/job/6li80,英語商務溝通與信件書信 (精通/流利/多益) / 海外客戶開發與國際商展拓銷,我們正在尋找國外業務，如果您具備以下條件，歡迎加入我們的團隊： 1.具有開拓外銷市場的經驗，對市場趨勢和商機有敏銳的洞察力，能夠開展國際業務並拓展客戶網絡。 2.具有參加展會的經驗，能夠獨立規劃並有效地參展，展現公司的產品和品牌形象，為公司
72,14534575,B2B外銷業務與海外市場,外銷業務,大協生化科技股份有限公司,醫療器材製造業,新竹市,"月薪 80,000~100,000元",80000,https://www.104.com.tw/job/8niy7,英語商務溝通與信件書信 (精通/流利/多益) / 海外客戶開發與國際商展拓銷 / 商務談判、報價議價與合約簽訂,"1. 負責國外客戶開發、聯繫、報價與訂單追蹤 / Develop overseas customers, contact, quote and track orders. 2. 處理海外客戶文件、業務報表與銷售資料 / Handle"
73,14929844,B2B外銷業務與海外市場,國外業務祕書,天瑞企業股份有限公司,其他電子零組件相關業,桃園市蘆竹區,待遇面議(4萬以上或面議),38000,https://www.104.com.tw/job/8vzxw,英語商務溝通與信件書信 (精通/流利/多益),Quotation / Price Sheet） • 提供產品規格、照片、認證等資料 (本職務為支援服務國外之業務代表) 【我們希望您是這樣的夥伴】 1.具國外業務貨業助相關工作經驗 2.具責任感、溝通協調能力 3.良好的英文商用書信應用能
74,13348508,B2B外銷業務與海外市場,國外業務,山健包裝股份有限公司,紙容器製造業,新竹縣芎林鄉,"月薪 50,000~70,000元",50000,https://www.104.com.tw/job/7y3rw,海外客戶開發與國際商展拓銷 / 商務談判、報價議價與合約簽訂,1. 掌握出貨時程及產量狀況。 2. 客戶開發與客戶訂單處理。 3. 針對客戶提出的合約（交易條件、生產流程、產品要求、售後服務）作初步評估，並在必要時尋求其他部門協助，以即時回應客戶需求。 4. 提供報價確認訂單，以準時出貨。 5. 提供
75,14281492,B2B外銷業務與海外市場,國外業務助理,橋牧科技股份有限公司,其他電子零組件相關業,台中市南屯區,"月薪 30,000~35,000元",30000,https://www.104.com.tw/job/8i3o4,海外客戶開發與國際商展拓銷,1、負責國外客戶訂單處理並追蹤客戶訂單，出貨安排、應收帳款核對。 2、處理客訴問題，回覆email與售後服務 3、歐美國外參展相關事宜處理並配合出差 4、處理業務相關之公司內部行政作業 5、一般行政事務及主管交辦事務
76,15072085,B2B外銷業務與海外市場,國外業務(駐泰國),萬泰科技股份有限公司,通訊機械器材相關業,泰國,待遇面議(4萬以上或面議),38000,https://www.104.com.tw/job/8z1p1,第二外語能力 (日語/西班牙語/越南語/德語),1.當地日系客戶業務連絡/服務，東南亞日系客戶業務連絡/服務 2.當地業務擴展 3.須會日文(N2)
77,13578104,B2B外銷業務與海外市場,國際業務,鴻翔兄弟股份有限公司,育樂用品製造業,新北市汐止區,"月薪 50,000~9,999,999元",50000,https://www.104.com.tw/job/830xk,跨境電商平台營運 (Amazon/Alibaba/Shopee/Shopify) / 海外客戶開發與國際商展拓銷,1. 負責國外業務市場開發、接洽及訂單處理； 2. 參加國際展覽； 3. B2B跨境電商客戶開發與追蹤； 4. 處理客戶需求保修產品與出貨等事務； 5. 訂定營業目標及執行並定期與主管做業績彙報與檢討； 6. 業績獎金制。 本職位負責開拓海
78,14674679,B2B外銷業務與海外市場,國外業務專員,金晶國際股份有限公司,其他投資理財相關業,台北市中山區,"月薪 50,000~9,999,999元",50000,https://www.104.com.tw/job/8qj1z,海外客戶開發與國際商展拓銷 / 商務談判、報價議價與合約簽訂 / 進出口關務與海空運單據 (L/C/信用狀/報關),"1‧ 國際市場開發與銷售。 2. 資料收集、統計與分析。 3. 代理商搜尋與經銷網路建立,新材料開發與專案管理。 4. 海外出差、參訪及展會。 5. 客戶關係維繫與業務跟進,售後服務與技術支援。 6. 客戶/工廠聯繫與溝通，報價、訂單、出貨"
79,3762696,B2B外銷業務與海外市場,國外業務專員,昌鴻興業有限公司,紡織成衣業,新北市土城區,"月薪 40,000~9,999,999元",40000,https://www.104.com.tw/job/28nbc,英語商務溝通與信件書信 (精通/流利/多益) / 商務談判、報價議價與合約簽訂,我們正在尋找對國際業務與紡織產業有興趣的夥伴，一同與國際品牌客戶合作，參與產品開發與訂單作業。 ｜工作內容｜ - 協助訂單流程與交期追蹤 - 客戶英文信件往來與溝通 - 協助報價、訂單及相關資料整理 - 與公司內部部門進行協調作業 - 協助
80,13480955,B2B外銷業務與海外市場,國外業務 International Sales,巨興醫學科技股份有限公司,醫療器材製造業,新北市新莊區,待遇面議(4萬以上或面議),38000,https://www.104.com.tw/job/80xyz,海外客戶開發與國際商展拓銷 / 商務談判、報價議價與合約簽訂,1. 開發及維護海外客戶、代理商與經銷商 2. 蒐集海外市場、競爭品牌及產品法規資訊 3. CRM、客戶資料系統及業務進度管理 4. 協助國際展覽、產品行銷與文件之翻譯 5. 協助處理客戶 RMA 及跨部門溝通 6. 主管交辨事項、協助部門
81,13821948,B2B外銷業務與海外市場,國外業務專員／資深國外業務,巨凌實業有限公司,其他電子零組件相關業,新北市新莊區,待遇面議(4萬以上或面議),38000,https://www.104.com.tw/job/88930,商務談判、報價議價與合約簽訂,場快速成長，我們誠摯邀請具備企圖心、國際視野及市場開發能力的人才加入團隊，共同拓展海外市場版圖。 【工作內容】 1. 負責海外市場開發與客戶維護 2. 開發 AI伺服器、資料中心、工業控制及電子產業客戶 3. 協助產品推廣、報價、樣品追蹤及
82,9406621,B2B外銷業務與海外市場,國外業務(無經驗可),長聲工業股份有限公司,自動控制相關業,桃園市大園區,"月薪 35,000~9,999,999元",35000,https://www.104.com.tw/job/5lm71,,我們正在尋找一位具備企圖心、不怕挑戰的「國外業務員」，負責將我們優質的設備產品推廣至世界。 【職務內容】 1. 負責既有客戶關係維護，並積極開發潛在客戶及市場。 2. 蒐集市場資訊、產業動態及競爭情報，並進行分析與回饋。 3. 規劃及執行業
83,5401993,B2B外銷業務與海外市場,國外業務專員,松珍生物科技股份有限公司,其他食品製造業,桃園市龜山區,待遇面議(4萬以上或面議),38000,https://www.104.com.tw/job/37s7d,海外客戶開發與國際商展拓銷,(1) 負責開拓海外市場，尋找國外戰略合作夥伴。 (2) 根據國際市場變化適時調整銷售策略，以提高公司產品市場佔有率。 (3) 達到預訂之業績目標，負責原有客戶維護及開發新客戶之經驗。 (4) 參加國際性展覽並規劃各項事宜(歐美、日本、泰國
84,14823553,B2B外銷業務與海外市場,國外業務,台灣鮮活果汁股份有限公司,飲料製造業,屏東縣長治鄉,待遇面議(4萬以上或面議),38000,https://www.104.com.tw/job/8tpxd,商務談判、報價議價與合約簽訂,1.開發海外市場潛在客戶，擬定並執行銷售計劃與策略，定期檢討業績並達成銷售目標。 2.負責客戶產品需求確認、報價試算、議價、訂單處理及帳款管理。 3.維護既有客戶關係，提供售前與售後服務。 4.跨部門協調與溝通，確保業務流程順暢。 5.協
85,11267417,B2B外銷業務與海外市場,【Sales 國外業務】,虎山實業股份有限公司,汽車及其零件製造業,台北市信義區,待遇面議(4萬以上或面議),38000,https://www.104.com.tw/job/6phzt,英語商務溝通與信件書信 (精通/流利/多益) / 商務談判、報價議價與合約簽訂,"**Fluent in English** - 負責歐美市場 - 報價並確認訂單 - 維持良好客戶關係，定期更新產品資訊，積極擴展業績 - 解決客訴問題, 提供專業優質的客戶服務 - 掌握產品開發時程及產量狀況 - 規劃國際商展, 不定期拜"
86,11470402,B2B外銷業務與海外市場,國外業務專員_歐洲區,晶達光電股份有限公司,光電產業,新北市新店區,"月薪 40,000~56,000元",40000,https://www.104.com.tw/job/6tuma,,1.負責歐洲區管理及開發(有分負責區域) 2.客戶關係維持、掌握銷售進度、達成業績目標。 3.客戶來訪接洽、拓展歐洲業務、處理客戶抱怨與反饋。 4.出貨、帳款管理。 5.有面板、板卡等相關經驗佳。 6.其他主管交辦事項。 此職務依照學經歷及
87,13583047,B2B外銷業務與海外市場,國外業務專員,先勤科技股份有限公司,電腦及其週邊設備製造業,新北市中和區,"月薪 50,000~60,000元",50000,https://www.104.com.tw/job/834qv,商務談判、報價議價與合約簽訂,1. 處理海外客戶訂單、報價及詢價等業務 2. 負責與工廠溝通，確保生產進度與交期的準確性 3. 擔任國際性展覽相關事宜規劃 4. 聯繫海外客戶，處理相關業務文件及信函 5. 協助業務主管完成其他相關工作 該職位是公司開拓海外市場的關鍵職位
88,15385643,B2B外銷業務與海外市場,國外業務,東雷多企業股份有限公司,汽車及其零件製造業,桃園市桃園區,"月薪 33,000~33,000元",33000,https://www.104.com.tw/job/95rmz,,1.即時反應客戶抱怨及協助客戶解決產品、出貨流程、退貨重工等相關的問題，並提出解決 之道，以提高客戶滿意度。 2.充當客戶與各部門間的橋樑，達成溝通協調目的。
89,13974184,B2B外銷業務與海外市場,W_國外業務助理,瑞軒科技股份有限公司,消費性電子產品製造業,新北市中和區,"月薪 38,000~55,000元",38000,https://www.104.com.tw/job/8bijs,第二外語能力 (日語/西班牙語/越南語/德語),"1. 協助業務管理和追蹤客戶訂單，確保訂單及時處理和準確交付 2. 公司內部與工廠系統訂單的操作 3. 每月帳款管理與財務對帳 4. 日常郵件處理與回覆 6. 聯繫生管單位與物流單位確認貨物排程與安排出貨 5. 必要時安排出差至中國, 越南"
90,13171271,B2B外銷業務與海外市場,國外業務助理,源甡股份有限公司,紡織成衣業,台北市南港區,"月薪 38,000~45,000元",38000,https://www.104.com.tw/job/7ub0n,海外客戶開發與國際商展拓銷 / 第二外語能力 (日語/西班牙語/越南語/德語),-現有客戶的服務與訂單跟進 -工作內容包含:成衣開發(含原物料)、接單、完整管控完整訂單流程 -業務日常工作內容需對應:品牌客戶、成衣廠、原物料供應商、公司內部各部門的支援 -需短期國外出差(不定期):陪同客戶供應商驗貨(越南)，公司參展(
91,7849323,B2B外銷業務與海外市場,國外業務人員,橙品工業股份有限公司,其他金屬相關製造業,高雄市岡山區,"月薪 45,000~64,991元",45000,https://www.104.com.tw/job/4o8kr,海外客戶開發與國際商展拓銷 / 商務談判、報價議價與合約簽訂,處理客戶詢報價與訂單 開發歐美洲新客戶 有螺絲.螺帽產業更佳 協助國外參展與國外出差 預計2027上半前遷廠仁德區，搬遷位置:台南市仁德區二仁路，有意者再投遞履歷
92,15226490,B2B外銷業務與海外市場,國外業務人員(英文),安固橡膠工業股份有限公司,橡膠製品製造業,台北市信義區,"月薪 40,000~9,999,999元",40000,https://www.104.com.tw/job/92cu2,英語商務溝通與信件書信 (精通/流利/多益),出口業務(從訂單至出貨事宜) 1 ~2 年以上國貿業務經驗
93,7160734,B2B外銷業務與海外市場,國外業務,力麗企業股份有限公司,其他紡織製品製造業,台北市中山區,"月薪 35,000~50,000元",35000,https://www.104.com.tw/job/49h9a,海外客戶開發與國際商展拓銷,1.銷售與業務推廣。 2.開發潛在客戶，拓展市場，以達成業績目標。 3.定期拜訪客戶，維繫穩定客戶關係。 4.負責訂單處理。 5.負責業務推展，出差拜訪客戶、處理客訴。
94,14273741,B2B外銷業務與海外市場,國外業務,弗穆樂科技有限公司,電腦及其週邊設備製造業,基隆市安樂區,待遇面議(4萬以上或面議),38000,https://www.104.com.tw/job/8hxot,英語商務溝通與信件書信 (精通/流利/多益) / 辦公室高效應用軟體 (Excel樞紐/PPT/Word),The oversea sales rep. is a driven professional responsible for leading sales operations in designated countries. This r
95,15380244,B2B外銷業務與海外市場,國外業務助理,力代電子股份有限公司,其他電子零組件相關業,台南市永康區,"月薪 35,000~40,000元",35000,https://www.104.com.tw/job/95nh0,英語商務溝通與信件書信 (精通/流利/多益) / 第二外語能力 (日語/西班牙語/越南語/德語),1.有國外業務經驗者尤佳 2.精通英文或日文均可
96,15067317,B2B外銷業務與海外市場,全台【社會住宅包租代管業務】政府專案｜底薪4萬+獎金被動式收入｜培訓完整,五泰房屋_五泰房屋仲介有限公司,不動產經營業,高雄市前金區,"月薪 40,000~50,000元",40000,https://www.104.com.tw/job/8yy0l,海外數位行銷與流量投放 (GA4/SEO/Meta/Ads),社會住宅包租代管－業務專員 招募中_______ ▶ 台北市｜新北市｜桃園市｜台中市｜苗栗縣｜台南市｜高雄市 無經驗可｜穩定案件｜完整培訓｜保障底薪＋獎金 在 五泰房屋 我們不只是做租賃服務， 而是深耕社會住宅與資產管理超過 30 年的專業
97,15206497,B2B外銷業務與海外市場,早市銷售人員『單｜雙人皆可』,拾貳商行,鞋類／布類／服飾品零售業,台中市中區,待遇面議(4萬以上或面議),38000,https://www.104.com.tw/job/91xep,,【零成本、零囤貨 ｜ 打造你的高薪事業】 你出實力，我出本錢！ 車輛、設備、熱銷服飾公司全包 無痛開啟高收入模式！ 告別死薪水！ 別家不敢給的高額抽成，YUNI 直接開給你！ 我們用最強的「流行商品力」與「完善支援」 挺你無後顧之憂、翻轉收
98,12645084,B2B外銷業務與海外市場,國外業務人員,歐盛珠寶國際股份有限公司,首飾及貴金屬批發業,宜蘭縣蘇澳鎮,"月薪 35,000~50,000元",35000,https://www.104.com.tw/job/7j10c,英語商務溝通與信件書信 (精通/流利/多益) / 商務談判、報價議價與合約簽訂,1.具備良好的英文書面與口語溝通能力，能與海外客戶有效交流。 2.開發海外新客戶並維繫長期合作關係，擴展國際市場。 3.監控銷售進度與市場動向，提供決策依據。 4.管理產品開發與生產流程，協調跨部門資源以即時滿足客戶需求。 5.處理報價、樣
99,15299281,B2B外銷業務與海外市場,外銷業務,金泰工業有限公司,其他金屬相關製造業,新北市泰山區,"月薪 46,000~52,000元",46000,https://www.104.com.tw/job/93x01,英語商務溝通與信件書信 (精通/流利/多益) / 海外客戶開發與國際商展拓銷,我們正在尋找一位具備國際市場開拓熱情、溝通協調能力強的外銷業務夥伴！您將負責維護既有國外客戶關係、積極拓展新市場與潛在客戶，並主導國外展覽與來訪客戶的接待工作。若您熱衷於跨國商務溝通、具備獨立作業能力，歡迎加入我們的團隊！ 工作內容 1. 
100,11220731,B2B外銷業務與海外市場,國外業務助理,廣鴻電機廠股份有限公司,專用生產機械製造修配業,新北市五股區,"月薪 30,000~36,000元",30000,https://www.104.com.tw/job/6ohyz,商務談判、報價議價與合約簽訂,1.負責國外業務接洽及訂單處理。 2.負責產品報價及產品展示，並處理帳款回收相關事宜。 3.負責業務推展，傳達及說明公司各項業務重大訊息、活動及產品。 4.協助產品出貨至海外。 4.主管交辦事項。
101,14867231,B2B外銷業務與海外市場,歐洲區國外業務_310,撼訊科技股份有限公司,電腦及其週邊設備製造業,新北市汐止區,待遇面議(4萬以上或面議),38000,https://www.104.com.tw/job/8unmn,辦公室高效應用軟體 (Excel樞紐/PPT/Word),1. 國外市場產品銷售及新業務開發 2. 國外客戶關係維護，提供售前／售後服務 3. 規劃並執行銷售目標與策略 4. 與行銷部門合作推動專案與促銷活動 5. 協助總部與國外業務團隊溝通並提供業務支援 6. 處理訂單、製作業務簡報，並協調跨部
102,14807872,B2B外銷業務與海外市場,國外業務專員,允恒國際有限公司,專門設計相關業,台中市南屯區,"月薪 38,000~40,000元",38000,https://www.104.com.tw/job/8tdts,英語商務溝通與信件書信 (精通/流利/多益) / 進出口關務與海空運單據 (L/C/信用狀/報關),【人才招募｜國外業務專員】 我們正在尋找一位具備英文溝通能力、細心負責的國外業務夥伴！ 你將負責與海外供應商聯繫，協助處理採購、進出口及國際物流相關作業。若你對國際貿易工作有興趣，擅長溝通協調，並希望累積完整的國貿實務經驗，歡迎加入我們！
103,14931005,B2B外銷業務與海外市場,外銷業務,黑木股份有限公司,橡膠製品製造業,新北市土城區,待遇面議(4萬以上或面議),38000,https://www.104.com.tw/job/8w0u5,英語商務溝通與信件書信 (精通/流利/多益) / 海外客戶開發與國際商展拓銷 / 商務談判、報價議價與合約簽訂 / 進出口關務與海空運單據 (L/C/信用狀/報關),★業務開發與市場拓展 ： 1.開發新客戶，並維護既有客戶關係。 2.分析國際市場趨勢，制定銷售策略。 3.參加國內外展覽會及商務活動，推廣產品。 4.蒐集市場資訊，了解競爭對手動態。 ★訂單處理與報價： 1.根據客戶需求提供報價並簽約。 2
104,12114437,B2B外銷業務與海外市場,國內/國外業務（韓國）,艾司特科技有限公司,電腦軟體服務業,新竹市,"月薪 45,000~80,000元",45000,https://www.104.com.tw/job/77nk5,商務談判、報價議價與合約簽訂,1. 開發潛在客戶，拓展市場，以達成業績目標。 2. 定期拜訪經銷客戶，維繫穩定客戶關係。 3. 負責國內業務接洽及訂單處理。 4. 負責產品報價及產品展示，並處理帳款回收相關事宜。 5. 負責業務推展，傳達及說明公司各項業務重大訊息、活動
105,14985875,B2B外銷業務與海外市場,國外業務開發專員（韓國）,三久股份有限公司,電力機械器材製造修配業,台中市大里區,待遇面議(4萬以上或面議),38000,https://www.104.com.tw/job/8x76b,,1.開拓韓國市場，開發潛在客戶與推廣產品 2.維繫既有客戶、建立長期良好夥伴關係 3.調查與分析市場需求、制定與執行銷售計劃 4.協助客戶解決問題、維持客戶滿意度 5.規劃並參加國內外展覽，提升品牌形象與知名度
106,13225704,B2B外銷業務與海外市場,國外業務人員,松誼實業股份有限公司,金屬家具及裝設品製造業,台中市豐原區,"月薪 35,000~40,000元",35000,https://www.104.com.tw/job/7vh0o,英語商務溝通與信件書信 (精通/流利/多益) / 商務談判、報價議價與合約簽訂,"1. 具備主動性,良好的團隊溝通與維繫客戶能力 2. 協助回覆現有客戶郵件以及報價查詢 3. 處理客戶所需訂單，合同，出貨文件等事宜 4. 聯繫工廠，協調出貨，滿足客戶需求與期待 5. 協助控管各項收款流程與催收客戶應付帳款 6. 具有良好"
107,8270134,B2B外銷業務與海外市場,國外業務經理,台騑聯運股份有限公司,貨運承攬業,台北市松山區,待遇面議(4萬以上或面議),38000,https://www.104.com.tw/job/4x99y,英語商務溝通與信件書信 (精通/流利/多益) / 進出口關務與海空運單據 (L/C/信用狀/報關),1. 英文說、 寫佳。 2. 需有二年以上業務經驗。 3. 可配合國內外出差。 4. 處理往來英文書信。 5. 能獨立拓展國外業務。 6. 報詢價處理/進出口事務。 7. 具航空貨運及運輸相關行業工作經驗者佳。
108,13237345,B2B外銷業務與海外市場,國外業務助理,宇漢科技有限公司,其他半導體相關業,桃園市中壢區,"月薪 38,000~9,999,999元",38000,https://www.104.com.tw/job/7vq01,英語商務溝通與信件書信 (精通/流利/多益) / 辦公室高效應用軟體 (Excel樞紐/PPT/Word) / 進出口關務與海空運單據 (L/C/信用狀/報關),1.客戶訂單處理、追縱進度、交期 2.安排貨物與樣品寄送、製作出口報關文件，確保交易文件的準確性和符合國際貿易規範 3.文件/PPT會議文件製作與定期歸檔、客戶名單蒐集。 4.協助業務處理銷售業務相關之公司內部行政作業。 5.協助業務部門整
109,11020117,B2B外銷業務與海外市場,國外業務助理,游城實業股份有限公司,綜合商品批發代理業,新北市三重區,"月薪 38,000~42,000元",38000,https://www.104.com.tw/job/6k76d,辦公室高效應用軟體 (Excel樞紐/PPT/Word) / ERP / SAP 企業資源與進銷存管理,職務要求: 1、 細心度與邏輯：需具備高度細心，確保報告、編號、規格資料正確無誤。 2. 工具應用： 會使用 ERP 系統，及 運用Excel 的庫存及樣品進度控管 3. 行政相關的助理工作經驗即可 工作內容 : 1. 樣品開發追蹤: 追蹤
110,15084962,B2B外銷業務與海外市場,儲備國外業務,宏毅科技工業股份有限公司,金屬結構及建築組件製造業,台北市內湖區,"月薪 40,000~46,000元",40000,https://www.104.com.tw/job/8zbmq,,本職務將由基層業務秘書工作開始培訓，並依個人能力與表現逐步培養為國外業務人員，未來將參與客戶專案開發、客戶服務及品質異常處理等相關工作。 • 輸入、處理並追蹤客戶訂單，確保訂單資料正確並妥善存檔備查 • 維持與國外客戶之聯繫，回覆 e-ma
111,13063541,B2B外銷業務與海外市場,國外業務,目濬泰精密機械有限公司,塑膠製品製造業,台中市北屯區,待遇面議(4萬以上或面議),38000,https://www.104.com.tw/job/7rzw5,海外客戶開發與國際商展拓銷 / 商務談判、報價議價與合約簽訂,月薪+業績獎金 1. 客戶開發與維護：搜尋開發海外潛在客戶、 維繫既有客戶關係、 參與國際商展 2. 訂單與報價處理 : 對客戶提供專業產品報價、處理國外訂單與客製化需求、簽約、掌握生產進度與出貨 3. 溝通協調： 國外客戶與內部部門（工廠
112,9790893,B2B外銷業務與海外市場,國外業務專員,飛碩有限公司,專門設計相關業,新北市新莊區,"月薪 50,000~9,999,999元",50000,https://www.104.com.tw/job/5tup9,英語商務溝通與信件書信 (精通/流利/多益) / 辦公室高效應用軟體 (Excel樞紐/PPT/Word),1.追蹤訂單、出貨時間與異常管理等。 2.國內外業務文件輸入彙整。 3.處理出口事宜。 4.國內/外業務專案翻譯和處理。 5.完成主管交辦事項。 6.聯絡客戶，維繫穩定客戶關係。 6.英文優、配合度高、勤勞積極、做事細心、個性活潑。 7.熟
113,6845929,B2B外銷業務與海外市場,國外業務人員,寶麗馨國際股份有限公司,藥品／化妝品及清潔用品批發業,新北市新莊區,"月薪 42,000~58,000元",42000,https://www.104.com.tw/job/42qcp,英語商務溝通與信件書信 (精通/流利/多益) / 海外客戶開發與國際商展拓銷 / 進出口關務與海空運單據 (L/C/信用狀/報關),1.處理國際貿易事務，如進出口作業、市場開發、接單、訂單、報關、參展等工作 2.從事商品或服務的國外銷售、業務推廣等工作
114,13515645,B2B外銷業務與海外市場,國外業務人員,隆門股份有限公司,其他金屬相關製造業,新竹縣新豐鄉,待遇面議(4萬以上或面議),38000,https://www.104.com.tw/job/81oql,,"1.Finding new business opportunities, closing new business with new customers and maintaining customer relationship 2.De"
115,14467526,B2B外銷業務與海外市場,國外事業部 國外業務*有同行經驗者佳,格林國際物流有限公司,其他陸上運輸業,台北市中山區,"月薪 40,000~100,000元",40000,https://www.104.com.tw/job/8m37q,英語商務溝通與信件書信 (精通/流利/多益) / 進出口關務與海空運單據 (L/C/信用狀/報關),1. 國外客戶關係維護、代理開發與連繫。 2. 具同行經驗佳。 3. 熟悉進出口業務、略懂國際貿易流程。 4. 英文聽、說、讀、寫流暢。 5. 抗壓性高、個性積極、細心、態度良好、具備責任感。
116,15037650,B2B外銷業務與海外市場,國際業務專員,翊創國際企業股份有限公司,其他金屬相關製造業,高雄市岡山區,待遇面議(4萬以上或面議),38000,https://www.104.com.tw/job/8yb4i,,1.開發海外市場及樣品寄送 2.客戶聯繫與關係維護 3.訂單處理(滿足交期)與內部協調(進度追蹤) 4.參與國內外展覽，專案推進與業績目標 5.了解價格、產品並配合行銷策略 6主管或公司臨時交派任務
117,15386627,B2B外銷業務與海外市場,國外業務(日本-Osaka base),東擎科技股份有限公司,電腦及其週邊設備製造業,日本,待遇面議(4萬以上或面議),38000,https://www.104.com.tw/job/95seb,,"1. 工業電腦主機板與系統產品線銷售 2. 主要負責日本關西市場 3. 分析市場訊息, 根據當地特性, 規劃與執行通路與產品策略, 達成業務預定目標 4. 籌備區域內之國際商展以提升知名度 5. 規劃與執行當地品牌行銷活動與通路零售促銷事宜"
118,3328592,B2B外銷業務與海外市場,國外業務人員,弘技化學股份有限公司,化學原料及其製品批發業,台北市中山區,"月薪 35,000~75,000元",35000,https://www.104.com.tw/job/1zccw,商務談判、報價議價與合約簽訂,1.開發潛在客戶，拓展市場; 2.維繫既有之客戶; 3.關注市場資訊，負責產品報價，並處理國內/外業務接洽及訂單處理: 業務內容依產品不同，遍及亞洲，非洲，歐洲，及南美洲。 薪資制度: 每月固定薪資+季獎金+年終獎金 福利制度: 享勞健保，
119,15345610,B2B外銷業務與海外市場,歐洲區國外業務,技宸股份有限公司_技嘉集團,電腦及其週邊設備製造業,新北市新店區,待遇面議(4萬以上或面議),38000,https://www.104.com.tw/job/94wqy,海外客戶開發與國際商展拓銷 / 商務談判、報價議價與合約簽訂,- 熟悉PC硬體及相關週邊產品，具IPC經驗者尤佳。 - 與現有客戶和合作夥伴制定及執行銷售計劃，達成業績目標。 - 處理德國客戶及專案之提案/產品諮詢、報價、產品交期及售後服務。 - 不定期出差參展、拜訪客戶，以拓展業務。
120,11810620,B2B外銷業務與海外市場,國外業務人員(英文),櫻花電梯股份有限公司,通用機械設備製造修配業,桃園市觀音區,待遇面議(4萬以上或面議),38000,https://www.104.com.tw/job/7154s,英語商務溝通與信件書信 (精通/流利/多益) / 商務談判、報價議價與合約簽訂,1. 國外客戶接洽、產品詢報價處理。 2. 處理國外訂單、安排出貨及後續事宜。 3.具業務開發經驗、能獨立作業。 4. 另有業績獎金。
121,14828664,B2B外銷業務與海外市場,外銷業務,禮銳企業股份有限公司,電力機械器材製造修配業,桃園市楊梅區,"月薪 42,000~9,999,999元",42000,https://www.104.com.tw/job/8ttvc,英語商務溝通與信件書信 (精通/流利/多益) / 海外客戶開發與國際商展拓銷 / 商務談判、報價議價與合約簽訂,"1.商品詢價及報價 2.開發市場拓展客源 3.參觀展覽、客戶拜訪 4.負責相關文件之整理，建檔以及追蹤，於有效時間內回覆顧客信件 5.出貨單、訂單之處理及整理 6.完成業務主管其他交辦事項 7.出差頻率依參展次數而定,一年約2-3次,一次約"
122,14132183,B2B外銷業務與海外市場,國外業務 Merchandiser,宏叡有限公司,其他零售業,台北市松山區,待遇面議(4萬以上或面議),38000,https://www.104.com.tw/job/8ewgn,英語商務溝通與信件書信 (精通/流利/多益) / 辦公室高效應用軟體 (Excel樞紐/PPT/Word),3年以上國貿及相關經驗 英文溝通能力佳 工作內容: To lead the team to cover supply chain management including supplier identification and evalua
123,10563829,B2B外銷業務與海外市場,國外業務專員,誠毅股份有限公司,綜合商品批發代理業,新北市深坑區,"月薪 40,000~52,000元",40000,https://www.104.com.tw/job/6af3p,海外客戶開發與國際商展拓銷 / 商務談判、報價議價與合約簽訂,1. 開發新客戶、定期拜訪客戶，維繫穩定客戶關係。 2. 業務接洽、訂單、樣品及出貨處理。 3. 報價，並處理帳款回收相關事宜。 4. 業務推展，傳達及說明公司各項業務重大訊息。 5. 提供售後服務，處理客戶端之問題，給予完善的處理。 6.
124,10599287,B2B外銷業務與海外市場,國外業務助理,連宜股份有限公司,綜合商品批發代理業,高雄市前鎮區,"月薪 35,000~40,000元",35000,https://www.104.com.tw/job/6b6gn,海外客戶開發與國際商展拓銷 / ERP / SAP 企業資源與進銷存管理 / 商務談判、報價議價與合約簽訂,1.協助國外客戶接洽、產品詢報價及訂單合約處理。 2.協助業務ERP Key單。 3.協助國內外參展的規劃與執行。 4.客戶來訪接待。
125,11891579,B2B外銷業務與海外市場,【增補人力】國外業務,佳欣光電科技股份有限公司,汽車及其零件製造業,新北市板橋區,待遇面議(4萬以上或面議),38000,https://www.104.com.tw/job/72vln,英語商務溝通與信件書信 (精通/流利/多益) / 海外客戶開發與國際商展拓銷,1.負責客戶維護，國外市場業務拓展及客戶開發，以達預訂之業績目標 2.掌握出貨狀況，追蹤產品交期，帳款維護及催收 3.掌握客戶需求，以建立長期之夥伴關係 4.參加國際性展覽並協助規劃各項事宜 5.精通英文並能獨立出差到海外 6.積極有企圖心
126,14777579,B2B外銷業務與海外市場,國外業務專員,立德電子股份有限公司,其他電子零組件相關業,新北市新店區,待遇面議(4萬以上或面議),38000,https://www.104.com.tw/job/8sqgb,商務談判、報價議價與合約簽訂,1.​ 負責服務海外客戶(電話會議、問題處理、陪同客戶參觀工廠)。 2.​ 海外客戶客製產品安排與報價（配合研發及採購）。 3.​ 客戶與工廠製程的溝通橋樑。 4.​ 其他主管交辦事項 本職缺需先派駐菲律賓至少六個月（外派期間海外期間另計，
127,13478446,B2B外銷業務與海外市場,國外業務人員,東培工業股份有限公司,其他金屬相關製造業,台北市大安區,"月薪 41,000~9,999,999元",41000,https://www.104.com.tw/job/80w1a,商務談判、報價議價與合約簽訂,1. 處理國外客戶產品規格、樣品詢價與報價 2. 客戶訂單處理、交期、出貨狀況及跟催收款等業務相關活動 3. 潛在客戶及市場開發 4. 定期拜訪經銷客戶，維繫穩定客戶關係，蒐集市場資訊及客戶狀況 5. 客戶關係維護及客訴處理 6. 有國外業
128,13921885,跨境電商平台營運 (Amazon/Alibaba),【TOYSELECT】桃園│中壢SOGO│百貨門市銷售顧問,TOYSELECT＿紐萊賜有限公司,網際網路相關業,桃園市中壢區,"月薪 35,000~45,000元",35000,https://www.104.com.tw/job/8ae71,,☀歡迎加入TOYSELECT｜你就是我們要找的人！ 你喜歡手機配件、設計小物、藝人及IP聯名嗎？ TOYSELECT 是來自台灣的 3C 品牌，與多位藝人、知名IP聯名合作，會員數突破 50萬人，多項品牌支線蓬勃發展中。 我們不只賣3C，更
129,14681137,跨境電商平台營運 (Amazon/Alibaba),【海運】客服專員,台灣航空貨運承攬股份有限公司,貨運承攬業,台北市中山區,"月薪 35,000~45,000元",35000,https://www.104.com.tw/job/8qo1d,,出口單證&帳務 製作標案型客戶一條龍服務 完成主管交辦事務
130,15361162,跨境電商平台營運 (Amazon/Alibaba),【黑沃咖啡】電商專員｜國內電商 × 跨境電商,黑沃餐飲股份有限公司,餐館業,台中市霧峰區,"月薪 36,000~40,000元",36000,https://www.104.com.tw/job/958qy,跨境電商平台營運 (Amazon/Alibaba/Shopee/Shopify) / 商業數據分析與自動化 (Python/PowerBI/SQL),如果你熟悉電商平台營運，也對品牌成長、數據分析及海外市場有興趣，歡迎加入黑沃咖啡。 黑沃咖啡目前持續拓展國內外市場，我們正在尋找一位具備電商實務經驗的【電商專員】，除了負責台灣電商通路日常營運，也希望透過你的專業，進一步探索跨境電商與海外市
131,15017192,跨境電商平台營運 (Amazon/Alibaba),國外業務開發與品牌營運專員 (BD / 跨境電商 / 品牌社群),榕建科技有限公司,醫療器材製造業,彰化縣福興鄉,"月薪 37,000~60,000元",37000,https://www.104.com.tw/job/8xvc8,跨境電商平台營運 (Amazon/Alibaba/Shopee/Shopify),【工作內容】 我們正在尋找具備開拓精神、對時尚穿搭有想法的國際商務人才。本職位專注於「全球市場拓展」與「品牌價值傳遞」，歡迎渴望在國際舞台證明開發實力的你加入。 一、 全球客戶拓展 BD (Business Development) 與跨境
132,6371540,跨境電商平台營運 (Amazon/Alibaba),業務員-跨境電商(Amazon)(台北),文筆網路科技有限公司,網際網路相關業,台北市松山區,"月薪 29,500~90,000元",29500,https://www.104.com.tw/job/3skb8,跨境電商平台營運 (Amazon/Alibaba/Shopee/Shopify) / 海外數位行銷與流量投放 (GA4/SEO/Meta/Ads),1.Amazon跨境電商代運營-招商 2.RWD企業官網、金流店鋪建置-招商 3.企業官網內容代運營+互動式行銷-招商 4.B2B 電商巿集(TTnet.net、Made-in-China))-會員廣告-招商 5.網路整合行銷: 關鍵字、S
133,14800507,跨境電商平台營運 (Amazon/Alibaba),跨境電商專員,匠拌麵_大拙匠人食品有限公司,食品什貨零售業,台北市大安區,"月薪 40,000~9,999,999元",40000,https://www.104.com.tw/job/8t857,跨境電商平台營運 (Amazon/Alibaba/Shopee/Shopify),1. 管理並營運跨境電商，並達成業績目標 2. 設計並運營年度/季度/月度各品牌檔期活動 3. 電商營運流程優化/成本控管/跨部門品牌活動/產品推廣策略 4. 海外客戶連系及開發維護 5. 競品研究 6. 其他主管交辦事項
134,15303785,跨境電商平台營運 (Amazon/Alibaba),跨境電商專員E-commerce sales sales representative,杏輝藥品工業股份有限公司,藥品製造業,台北市信義區,待遇面議(4萬以上或面議),38000,https://www.104.com.tw/job/940h5,跨境電商平台營運 (Amazon/Alibaba/Shopee/Shopify) / 海外數位行銷與流量投放 (GA4/SEO/Meta/Ads) / 商業數據分析與自動化 (Python/PowerBI/SQL),工作內容 1.負責跨境電商整體建置、營運、維護、操作、訂單管理。 2.跨境電商平台管理與操作，並回報與分析平台績效。 3.行銷活動提案、執行，廣告投放策略擬定、執行、優化與數據分析。 4.開發國外市場及新的電商通路，推展國外業務與客戶。
135,12559378,跨境電商平台營運 (Amazon/Alibaba),【亞馬遜Amazon】跨境電商歐美營運專員,視宇股份有限公司,網際網路相關業,台北市松山區,"月薪 37,000~47,000元",37000,https://www.104.com.tw/job/7h6vm,跨境電商平台營運 (Amazon/Alibaba/Shopee/Shopify),【公司介紹】 視宇集團（ViewEC Corp. 包含旗下秩宇 Wiser 等子公司）為台灣首席跨境電商代營運企業，熟悉 Amazon、Walmart、eBay、Rakuten、Qoo10 等各大電商平台特性與各國消費市場，結合平台 AI 
136,15392619,跨境電商平台營運 (Amazon/Alibaba),【日商樂天】跨境電商營運專員 (OC),台灣樂天市場股份有限公司,網際網路相關業,台北市中山區,待遇面議(4萬以上或面議),38000,https://www.104.com.tw/job/95x0r,跨境電商平台營運 (Amazon/Alibaba/Shopee/Shopify),JLPT N2（或相當）以上之證照。 【加分條件】 1. 細心、富耐心、重視細節，可獨立作業、喜歡與人交談，具良好的溝通能力與團隊精神。 2. 具電商平台營運／行銷相關經驗者佳。 3. 喜歡日本文化、樂於學習新知與分享，對跨境購物充滿熱情。
137,14126261,跨境電商平台營運 (Amazon/Alibaba),ARWIN｜跨境電商營運助理,雅聞化妝品/內衣/SPA_台灣雅聞生技股份有限公司,化妝品製造業,桃園市楊梅區,"月薪 32,000~36,000元",32000,https://www.104.com.tw/job/8erw5,跨境電商平台營運 (Amazon/Alibaba/Shopee/Shopify),品牌官網: https://arwin.shop/ ▌工作內容 1. 維護跨境電商營運報表，整理銷售、訂單及庫存等營運數據。 2. 管理海外電商訂單與庫存，追蹤海外倉庫庫存、補貨需求。 3. 協助 Amazon、TikTok Shop、品
138,15379775,跨境電商平台營運 (Amazon/Alibaba),跨境電商營運專員,森宏生技股份有限公司,生化科技研發業,新北市汐止區,待遇面議(4萬以上或面議),38000,https://www.104.com.tw/job/95n3z,跨境電商平台營運 (Amazon/Alibaba/Shopee/Shopify),"協助跨境電商團隊處理營運端的例行與行政事務,讓營運人員能專注於策略與投放。 適合想進入跨境電商領域、願意從實務端學起的人。 工作內容 1. 平台維護:商品上下架、Listing 資料維護、變體設定、圖文上稿 2. 客服與案件:回覆買家訊息、"
139,15347469,跨境電商平台營運 (Amazon/Alibaba),海外跨境電商營運專員 / 儲備主管,牛爾NARUKO_塞席爾商美之本國際有限公司台灣分公司,藥品／化妝品及清潔用品零售業,台北市內湖區,"月薪 45,000~9,999,999元",45000,https://www.104.com.tw/job/94y6l,跨境電商平台營運 (Amazon/Alibaba/Shopee/Shopify) / 海外客戶開發與國際商展拓銷 / 海外數位行銷與流量投放 (GA4/SEO/Meta/Ads),-結合「跨境市場開拓」與「全方位數位行銷」，主導品牌出海策略與成效落地。 -扁平化溝通架構，具備跨部門專案主導與高彈性決策空間。 • 跨境平台營運與管理：負責海外跨境電商平台之日常維運、商品上架、庫存預測、定價策略及海外物流/金流追蹤。 •
140,14667509,跨境電商平台營運 (Amazon/Alibaba),【跨境電商營運經理 | Marketplace Operations Manager】,CUBICO_方城市股份有限公司,綜合商品批發代理業,台北市松山區,"月薪 40,000~60,000元",40000,https://www.104.com.tw/job/8qdit,跨境電商平台營運 (Amazon/Alibaba/Shopee/Shopify),"travel accessories)。 我們是小而精的團隊,每個人都有明確的專業角色。 這是一份可以實際參與跨國擴張、累積跨境電商實戰資歷的職位。 關於這個職位 你將是我們跨境電商營運的核心執行者, 獨立負責多國多平台的日常營運, 包括"
141,15214353,跨境電商平台營運 (Amazon/Alibaba),跨境電商營運專員（Amazon + Target Plus）,加聯達企業股份有限公司,其他紡織製品製造業,台中市西屯區,待遇面議(4萬以上或面議),38000,https://www.104.com.tw/job/923gx,跨境電商平台營運 (Amazon/Alibaba/Shopee/Shopify),1. 負責 Amazon（美國 / 歐洲）跨境電商平台日常營運：賣場維護、商品上下架 （Listing）、庫存管理、訂單追蹤與出貨。 2. 主導 Target 平台（Target Plus）開發進件與營運：準備品牌申請文件、Pitch
142,14440182,跨境電商平台營運 (Amazon/Alibaba),跨境電商客服專員 E-commerce Customer Service,唯高盛國際有限公司,網際網路相關業,台北市內湖區,待遇面議(4萬以上或面議),38000,https://www.104.com.tw/job/8li46,跨境電商平台營運 (Amazon/Alibaba/Shopee/Shopify) / 商業數據分析與自動化 (Python/PowerBI/SQL),我們透過澳洲及英歐盟平台，提供等多個國家銷售，以專業商品市場及數據分析，廣告行銷規劃並運用策略擬定，成為一站式跨境電商整合的專家，歡迎您加入我們，一同開創跨境電商的領域！ 職務責任內容： 1. 協助客戶解決各項訂單問題，確保問題能夠準確回覆
143,13982358,跨境電商平台營運 (Amazon/Alibaba),跨境電商業務部－長期實習生,鉅恒投資有限公司,文教／育樂用品批發業,台中市西區,月薪 196~196元,196,https://www.104.com.tw/job/8bouu,跨境電商平台營運 (Amazon/Alibaba/Shopee/Shopify),1. 操作各跨境電商平台的商品上架。 2. 核對產品外箱稿件。 3. 客戶服務等訊息回覆。 4. 訂單處理，及運費比價等相關行政事項。 5. 其他主管交辦行政事項。
144,14838979,跨境電商平台營運 (Amazon/Alibaba),跨境電商 運營經理/資深經理 (中國跨境電商平台運營),創易健康國際股份有限公司,網際網路相關業,台北市內湖區,待遇面議(4萬以上或面議),38000,https://www.104.com.tw/job/8u1tv,跨境電商平台營運 (Amazon/Alibaba/Shopee/Shopify),我們在尋找優異跨境電商營銷經理人，並發展培訓成為未來COO 營運長的舞台，帶領大健康產業合法且永續經營的跨境電商市場解決方案，藉由持續推動創新營銷方案，創造品牌在大中華市場高口碑及高銷售利基，一舉成為消費者心中首選品牌，成為翻轉品牌成功的推
145,14370397,跨境電商平台營運 (Amazon/Alibaba),跨境電商行銷專員 E-Commerce Coordinator,鉅展事業有限公司,綜合商品批發代理業,台北市內湖區,待遇面議(4萬以上或面議),38000,https://www.104.com.tw/job/8k09p,跨境電商平台營運 (Amazon/Alibaba/Shopee/Shopify),<加入NAKAMOTO，開創跨境電商新篇章！> 自1980年成立以來，NAKAMOTO已在全球五大洲超過100國以上，建立了穩固的合作夥伴關係。 作為一家專注於汽車零件出口的貿易公司/品牌商，我們不僅深耕海外市場，還持續推動品牌行銷、數位整
146,13157203,跨境電商平台營運 (Amazon/Alibaba),跨境電商資深專員(Amazon/ Walmart),奧倫國際有限公司,醫療器材製造業,台北市中山區,"月薪 48,000~60,000元",48000,https://www.104.com.tw/job/7u05v,跨境電商平台營運 (Amazon/Alibaba/Shopee/Shopify),OURLAND COSMETICS｜資深跨境電商營運專員（Amazon / Walmart / Shopify） ════════════════════════════════ 我們不缺「只會上架」的按鍵手，我們在尋找**「能用數據與 A
147,13164188,跨境電商平台營運 (Amazon/Alibaba),跨境電商專員,奧倫國際有限公司,醫療器材製造業,台北市中山區,"月薪 38,000~42,000元",38000,https://www.104.com.tw/job/7u5jw,跨境電商平台營運 (Amazon/Alibaba/Shopee/Shopify),OURLAND COSMETICS｜跨境電商營運專員（Amazon / Walmart / Shopify） ════════════════════════════════ 我們深耕化妝品與寵物護理配方技術 26 年，擁有多個自有品牌。 
148,12329369,跨境電商平台營運 (Amazon/Alibaba),跨境電商營運專員 (亞馬遜/Amazon),惠而強實業股份有限公司,綜合商品批發代理業,台北市內湖區,"月薪 45,000~55,000元",45000,https://www.104.com.tw/job/7c9eh,跨境電商平台營運 (Amazon/Alibaba/Shopee/Shopify) / 英語商務溝通與信件書信 (精通/流利/多益),我們正積極擴大跨境電商的營運能量。目前是海外電商(B2C)專案團隊擴編的時期，有許多不同的職缺與專業等你來挑戰! 歡迎具有英文/數學/資訊/商業等方面專業的電子商務好手一起來挑戰! * 七大工作模組: 1) 市場調查: 趨勢研究，競爭分析 
149,12355683,跨境電商平台營運 (Amazon/Alibaba),【AMB 跨境電商】E-commerce Account Manager Assoc.｜可申請遠端｜彈性上下班｜績效獎金福利佳,ADBest_帆晴股份有限公司,網際網路相關業,台北市大安區,"月薪 40,000~48,000元",40000,https://www.104.com.tw/job/7ctpf,跨境電商平台營運 (Amazon/Alibaba/Shopee/Shopify),【Summary of Position - 職務介紹】 AMB International 在尋找跨境電商管理師加入我們的團隊！身為AMB 跨境電商管理師，您會協助規劃亞太各大品牌/成長中品牌在歐美地區的電商發展。您會與AMB 台美團隊密
150,14696468,跨境電商平台營運 (Amazon/Alibaba),中國市場開發經理／總監 (跨境電商OMO渠道擴展),創易健康國際股份有限公司,網際網路相關業,台北市內湖區,待遇面議(4萬以上或面議),38000,https://www.104.com.tw/job/8qzv8,跨境電商平台營運 (Amazon/Alibaba/Shopee/Shopify),牌成功的推手。 ►工作重點： (1) 負責協助集團旗下海內外分公司供應的全球保健食品、保健品、保養品、美妝保養、日用等品牌進入中國市場，創造跨境電商線上、線下(OMO)合作銷售發展。 (2) 跨境電商微商城、小程式商城渠道擴展及渠道行銷發展
151,15387785,跨境電商平台營運 (Amazon/Alibaba),iii【新加坡】商務主管 BD Supervisor｜具 SaaS / 遊戲 / 支付 / 跨境電商經驗佳,創為人力資源有限公司,人力仲介代徵,新加坡,待遇面議(4萬以上或面議),38000,https://www.104.com.tw/job/95tah,跨境電商平台營運 (Amazon/Alibaba/Shopee/Shopify),】 ▲工作經歷：3 年以上（具 B2B 商務拓展、通路合作、KA 大客戶管理或平台招商經驗）。 ▲學歷要求：大學以上（市場行銷、商管、資訊科技等相關科系優先）。 ▲產業背景：具備互聯網、科技平台、SaaS、遊戲、第三方支付、跨境電商、直播、
152,13491110,跨境電商平台營運 (Amazon/Alibaba),跨境電商 - Amazon 資深營運 / 營運專員 (享季獎金),唯高盛國際有限公司,網際網路相關業,台北市內湖區,"月薪 38,000~50,000元",38000,https://www.104.com.tw/job/815t2,跨境電商平台營運 (Amazon/Alibaba/Shopee/Shopify),【關於我們】 CBES唯高盛總部位於香港，在台發展跨境電商已超過16年 我們致力為客戶提供全面的跨境電商服務，幫助台灣企業成功出海 【職位概述】 作為跨境電商營運專員，你將成為我們團隊中的核心成員，有機會負責協助客戶代營運 Amazon、
153,14868761,跨境電商平台營運 (Amazon/Alibaba),BD Marketing Manager 跨境電商業務行銷經理,台灣新蛋股份有限公司,其它軟體及網路相關業,台北市內湖區,待遇面議(4萬以上或面議),38000,https://www.104.com.tw/job/8uot5,跨境電商平台營運 (Amazon/Alibaba/Shopee/Shopify),Growth)。 • 監控賣家營運狀況，分析銷售數據與成長潛力，推動品類 GMV 增長。 • 針對重點品牌與高潛力賣家設立成長計畫，持續追蹤成效。 市場洞察與策略制定 • 分析電商趨勢與競品動向，制定招商策略與品類拓展方向。 • 研究熱門品
154,14961219,跨境電商平台營運 (Amazon/Alibaba),【新竹｜擴大徵才】跨境電商營運專員,牧羊人集團暨汪喵星球_自力耕生股份有限公司,其他零售業,新竹市,"月薪 36,000~43,000元",36000,https://www.104.com.tw/job/8wo5f,跨境電商平台營運 (Amazon/Alibaba/Shopee/Shopify),品集寄到 planddo_biz@shepherdtech.group，主旨請加上『工作應徵【跨境電商營運專員(新竹)】 -（你的名字）』，並附上以下資訊，缺一將不受理。 1、客製化中、英履歷 2、作品集 ( 加分條件 ) 本職缺為長期招募
155,12214196,跨境電商平台營運 (Amazon/Alibaba),【高獎金/跨境電商賽道/台北】電商物流與海空運國內業務專員,獅威航空貨運承攬股份有限公司,儲配／運輸物流業,台北市南港區,"月薪 37,000~9,999,999元",37000,https://www.104.com.tw/job/79sj8,跨境電商平台營運 (Amazon/Alibaba/Shopee/Shopify),1. 為什麼要加入我們？ 爆發賽道：跨境電商＋國際物流，站在產業風口上，不怕沒市場！ 實質回饋：提供具競爭力底薪，外加無上限業績提成獎金，實力直接反應在收入上！ 完善培訓：有經驗者直接挑戰高業績、無經驗者有專人帶領，歡迎想要培養專業的你！ 
156,14715603,跨境電商平台營運 (Amazon/Alibaba),Amazon跨境電商營運專員,陸同五金機械有限公司,其他金屬相關製造業,台中市太平區,"月薪 30,000~50,000元",30000,https://www.104.com.tw/job/8remr,跨境電商平台營運 (Amazon/Alibaba/Shopee/Shopify) / 商業數據分析與自動化 (Python/PowerBI/SQL),【協助台灣電商樂博工具】 【任職資格】 1. 大專以上學歷，2年以上亞馬遜平台運營工作經驗優先。 2. 具備良好數據分析能力與思考邏輯。 3. 熟悉亞馬遜平台運營方式、推廣經驗、平台規則以及內部活動各種行銷工具，有豐富的操作經驗。 4
157,14363198,跨境電商平台營運 (Amazon/Alibaba),跨境電商組長-東南亞市場 Cross-border E-commerce Team Leader (Southeast Asia Market),汨宇國際有限公司,藥品／化妝品及清潔用品零售業,台中市大里區,"月薪 45,000~52,000元",45000,https://www.104.com.tw/job/8jupq,跨境電商平台營運 (Amazon/Alibaba/Shopee/Shopify),【職務摘要】 帶領團隊優化跨境品牌官網與電商平台（Shopee/Lazada/TikTok Shop 等）整體營運與行銷策略。 【職務內容】 1. 優化現今東南亞市場（馬來西亞、新加坡、菲律賓等）跨境電商平台的整體營運策略與目標達成。 2.
158,15338554,跨境電商平台營運 (Amazon/Alibaba),跨境電商專員/資深專員,美而快國際股份有限公司,鞋類／布類／服飾品零售業,台北市南港區,待遇面議(4萬以上或面議),38000,https://www.104.com.tw/job/94ray,跨境電商平台營運 (Amazon/Alibaba/Shopee/Shopify) / 英語商務溝通與信件書信 (精通/流利/多益) / 海外數位行銷與流量投放 (GA4/SEO/Meta/Ads),理及每月對帳。 4.規劃網頁內容、服務及活動，並定期更新、維護及管理。 5.進行網路行銷及服務的成效分析追蹤。 6. 電子商務平台倉儲入倉作業及庫存控管。 7. 配合電子商務網站之經營規劃。 8. 具英文讀、寫能力。 9. 主管交辦事項。
159,15145122,跨境電商平台營運 (Amazon/Alibaba),【高雄總公司｜旗津倉】跨境電商儲備幹部,立揚通運股份有限公司,儲配／運輸物流業,高雄市旗津區,"月薪 40,000~45,000元",40000,https://www.104.com.tw/job/90m1u,跨境電商平台營運 (Amazon/Alibaba/Shopee/Shopify),：跨境電商倉儲 鎮港倉(前鎮)：電子業倉庫 47倉 (前鎮) ：多元倉庫 公司福利：年終獎金、輪班獎金、績效獎金、勞健保、團險、健康檢查、全勤獎金、三節禮金、生日禮金、結婚禮金、喪葬奠儀、不定時聚餐。 職務定位：本職缺為倉儲基層
160,11984930,跨境電商平台營運 (Amazon/Alibaba),"後端工程師（Junior）**月薪40,000~65,000**",小熊科技有限公司,其它軟體及網路相關業,新北市板橋區,"月薪 40,000~65,000元",40000,https://www.104.com.tw/job/74vmq,,1. 與設計團隊共同合作開發大型網站平台 2. 創造給客戶更好的UI/UX體驗 3. 設計，開發網頁介面 4. 採用Scrum開發流程
161,14688847,跨境電商平台營運 (Amazon/Alibaba),刁民酸菜魚板橋店晚班正職(薪水四萬八到五萬三up),刁民餐飲有限公司,餐館業,新北市板橋區,"月薪 48,000~53,000元",48000,https://www.104.com.tw/job/8qtzj,,★歡迎社會新鮮人、熱愛餐飲業夥伴，一起在刁民發光發熱★ ▲高於同業起薪：依能力&年資調整，調薪機會多 ▲準時上下班：工作與生活平衡，四周變形工時 ▲獎金拿不完：高額團隊績效獎金、各式獎金 【工作內容】 - 負責接待顧客、完成顧客需求，提供最
162,14680671,跨境電商平台營運 (Amazon/Alibaba),[MK] Amazon Cross-border E-commerce Brand Operations Support 跨境電商品牌營運專員,GDT_起達通有限公司,廣告行銷公關業,台北市中山區,待遇面議(4萬以上或面議),38000,https://www.104.com.tw/job/8qnof,跨境電商平台營運 (Amazon/Alibaba/Shopee/Shopify),蹤及基礎客戶服務對應 - 彙整市場競品分析、銷售數據報表與平台後台營運資料 - 協助與海外物流商、倉庫及第三方供應商進行溝通與協調 - 支援其他跨境電商平台（如 Shopee SEA、TikTok Shop）之營運與專案執行 【加分條件】 
163,13878948,跨境電商平台營運 (Amazon/Alibaba),跨境電商營運經理（TikTok Shop／TTS）,永恆跨境數位有限公司,廣告行銷公關業,台北市松山區,"月薪 55,000~70,000元",55000,https://www.104.com.tw/job/89h2c,跨境電商平台營運 (Amazon/Alibaba/Shopee/Shopify) / 商業數據分析與自動化 (Python/PowerBI/SQL),營運經驗 ✔ 跨境電商營運經驗 具備以下經驗尤佳： TikTok Shop Seller Center Affiliate操作 Creator合作 Live Commerce 短影音企劃 商品選品 電商數據分析 必備能力 能獨立負責一個品牌
164,15193886,跨境電商平台營運 (Amazon/Alibaba),"A8000 跨境電商平台-營運專案經理(Operations Program Manager, Cross-border Platform)",富邦媒體科技股份有限公司(富邦momo),百貨相關業,台北市內湖區,待遇面議(4萬以上或面議),38000,https://www.104.com.tw/job/91noe,跨境電商平台營運 (Amazon/Alibaba/Shopee/Shopify) / 商業數據分析與自動化 (Python/PowerBI/SQL),我們是快速成長的 momo 電商跨境部門，致力於打造完整且高效的跨境購物體驗。 本職位將負責跨境電商平台的營運監控與流程優化，透過數據分析掌握訂單履約、物流、客服與交易流程中的異常狀況，並與跨部門團隊合作，持續提升平台營運效率與用戶體驗。 
165,12595881,跨境電商平台營運 (Amazon/Alibaba),跨境電商營運助理,旭鑫國際實業股份有限公司,其他商品批發業,新北市深坑區,"月薪 32,000~42,000元",32000,https://www.104.com.tw/job/7hz1l,跨境電商平台營運 (Amazon/Alibaba/Shopee/Shopify) / 商業數據分析與自動化 (Python/PowerBI/SQL),1. 執行操作跨境電商平台Amazon亞馬遜美國、歐洲，EBay等業務工作 2. 協助專案項目的進程和細項的執行，確保專案能有效率的運行 3. 具備良好協調溝通能力與跨部門合作 4. 具備數據分析彙整能力 5 協助管理公司官網及行銷活動規劃
166,15235297,跨境電商平台營運 (Amazon/Alibaba),跨境電商資深營運專員 (亞馬遜/Amazon),惠而強實業股份有限公司,綜合商品批發代理業,台北市內湖區,"月薪 55,000~65,000元",55000,https://www.104.com.tw/job/92jmp,跨境電商平台營運 (Amazon/Alibaba/Shopee/Shopify) / 英語商務溝通與信件書信 (精通/流利/多益),我們正積極擴大跨境電商的營運能量。目前是海外電商(B2C)專案團隊擴編的時期，有許多不同的職缺與專業等你來挑戰! 歡迎具有英文/數學/資訊/商業等方面專業的電子商務好手一起來挑戰! * 七大工作模組: 1) 市場調查: 趨勢研究，競爭分析 
167,15145109,跨境電商平台營運 (Amazon/Alibaba),【高雄總公司｜旗津倉】跨境電商倉儲專員,立揚通運股份有限公司,儲配／運輸物流業,高雄市旗津區,"月薪 36,000~38,000元",36000,https://www.104.com.tw/job/90m1h,跨境電商平台營運 (Amazon/Alibaba/Shopee/Shopify),：跨境電商倉儲 鎮港倉(前鎮)：電子業倉庫 47倉 (前鎮) ：多元倉庫 公司福利：年終獎金、輪班獎金、績效獎金、勞健保、團險、健康檢查、全勤獎金、三節禮金、生日禮金、結婚禮金、喪葬奠儀、不定時聚餐。 ★ 工作內容 ☑ 跨境電商
168,14847523,跨境電商平台營運 (Amazon/Alibaba),【唯有機 Oui Organic 】跨境電商專員（英國市場） Cross-border E-commerce Specialist (UK Market),唯有機 Oui Organic_艾莉美尚股份有限公司,藥品／化妝品及清潔用品零售業,台北市內湖區,待遇面議(4萬以上或面議),38000,https://www.104.com.tw/job/8u8f7,跨境電商平台營運 (Amazon/Alibaba/Shopee/Shopify),and propose strategies for continuous growth. 4. 庫存與物流管理 ◆ 監控跨境庫存與物流狀況 ◆ 確保訂單履行及供應鏈順暢 Monitor cross-border inventory and
169,13376964,跨境電商平台營運 (Amazon/Alibaba),跨境電商業務助理（客服行政專員）,鉅恒投資有限公司,文教／育樂用品批發業,台中市西區,"月薪 30,000~38,000元",30000,https://www.104.com.tw/job/7ypqc,跨境電商平台營運 (Amazon/Alibaba/Shopee/Shopify) / 英語商務溝通與信件書信 (精通/流利/多益) / 商務談判、報價議價與合約簽訂,1. 回覆電商網站上客人訊息，協助解決客人問題，須追蹤各案件處理進度，此職務內容為全英文。 2. 具耐心及同理心，溝通能力佳，理解客戶需求，培養良好的顧客關係以維持帳戶積分，有客戶服務相關經驗者佳。 3. 具自主思考能力，應變能力佳。客服部
170,14539327,跨境電商平台營運 (Amazon/Alibaba),跨境電商營運專員,君主科技_德隆股份有限公司,其他電子零組件相關業,新北市林口區,"月薪 55,000~75,000元",55000,https://www.104.com.tw/job/8nmm7,跨境電商平台營運 (Amazon/Alibaba/Shopee/Shopify),【工作內容】 1. 負責 Amazon、Newegg 等國際電商平台營運管理 • 商品上架、內容優化與維護（標題、關鍵字、圖片、描述等） • 平台後台操作與訂單管理 • 庫存控管與銷售策略規劃 2. 客戶服務與售後關係維護 • 處
171,12564983,跨境電商平台營運 (Amazon/Alibaba),【亞馬遜Amazon】跨境電商日文營運助理,視宇股份有限公司,網際網路相關業,台北市松山區,"月薪 30,000~40,000元",30000,https://www.104.com.tw/job/7hb7b,跨境電商平台營運 (Amazon/Alibaba/Shopee/Shopify) / 第二外語能力 (日語/西班牙語/越南語/德語),【公司介紹】 視宇集團（ViewEC Corp. 包含旗下秩宇 Wiser 等子公司）為台灣首席跨境電商代營運企業，熟悉 Amazon、Walmart、eBay、Rakuten、Qoo10 等各大電商平台特性與各國消費市場，結合平台 AI 
172,14863311,跨境電商平台營運 (Amazon/Alibaba),●跨境電商專員／跨境電商營運人員/電商行銷/跨境電商操作人員/有經驗者佳,央定有限公司,鞋類／布類／服飾品零售業,桃園市蘆竹區,"月薪 40,000~45,000元",40000,https://www.104.com.tw/job/8uklr,跨境電商平台營運 (Amazon/Alibaba/Shopee/Shopify),1.跨境電商平台營運管理： 負責 Shopee、TikTok、Amazon、Lazada 等跨境平台之日常營運與銷售管理，包含商品上架、頁面資訊維護、文案撰寫、關鍵字優化與圖片更新，確保店鋪曝光與銷售表現。 2.客戶服務與訂單管理： 處理客
173,15074091,跨境電商平台營運 (Amazon/Alibaba),[MK] Philippines Cross-Border E-commerce Specialist 菲律賓跨境電商營運專員,GDT_起達通有限公司,廣告行銷公關業,台北市中山區,"月薪 40,000~9,999,999元",40000,https://www.104.com.tw/job/8z38r,跨境電商平台營運 (Amazon/Alibaba/Shopee/Shopify),mile delivery arrangements. Phase 3: Marketing & Daily Operations •Set up and manage stores on major e-commerce platform
174,15212997,跨境電商平台營運 (Amazon/Alibaba),【亞馬遜Amazon】跨境電商歐美營運助理,視宇股份有限公司,網際網路相關業,台北市松山區,"月薪 33,000~38,000元",33000,https://www.104.com.tw/job/922f9,跨境電商平台營運 (Amazon/Alibaba/Shopee/Shopify),【公司介紹】 視宇集團（ViewEC Corp. 包含旗下秩宇 Wiser 等子公司）為台灣首席跨境電商代營運企業，熟悉 Amazon、Walmart、eBay、Rakuten、Qoo10 等各大電商平台特性與各國消費市場，結合平台 AI 
175,15222691,跨境電商平台營運 (Amazon/Alibaba),Amazon 北美跨境電商主管（寵物保健食品）,仁和生物科技股份有限公司,藥品／化妝品及清潔用品批發業,台中市清水區,待遇面議(4萬以上或面議),38000,https://www.104.com.tw/job/929wj,跨境電商平台營運 (Amazon/Alibaba/Shopee/Shopify) / 進出口關務與海空運單據 (L/C/信用狀/報關),地要求。 ◎具備官網架設與系統導入經驗，能獨立與外部系統商溝通需求、評估解決方案，並監督專案執行至最終落實。 加分條件 | ◎熟悉北美市場跨境物流、倉儲備貨（FBA）及報關流程。 ◎具備操作北美Amazon或其他電商平台（如 Walmart
176,15382191,跨境電商平台營運 (Amazon/Alibaba),Amazon US 跨境電商營運｜品牌成長／PPC／FBA,慎康企業股份有限公司,綜合商品批發代理業,新北市新店區,"月薪 60,000~9,999,999元",60000,https://www.104.com.tw/job/95oz3,跨境電商平台營運 (Amazon/Alibaba/Shopee/Shopify),我們正在尋找一位真正熟悉 Amazon 跨境電商營運 的夥伴。 這個職位不是單純上架商品、回覆客服，也不是只負責投廣告。 你會實際參與品牌從台灣走向海外市場的完整過程，從 產品上市、Listing、定價、廣告、庫存、毛利，到促銷活動與營運策
177,15279426,跨境電商平台營運 (Amazon/Alibaba),【生技部】跨境電商專案經理 Cross-Border Project Manager,虹耀芮品股份有限公司,百貨相關業,台北市中正區,待遇面議(4萬以上或面議),38000,https://www.104.com.tw/job/93hoi,跨境電商平台營運 (Amazon/Alibaba/Shopee/Shopify) / 海外數位行銷與流量投放 (GA4/SEO/Meta/Ads),Amazon )等跨境電商平台之日常營運、庫存管理及銷售優化。 2. 社群與流量行銷 (中國體系): ‧ 負責小紅書、抖音等大流量社群平台的帳號運營、內容規劃、KOL/KOC 媒合發案及引流轉化。 ‧ 熟悉平台演算法，操作信息流廣告以提升曝
178,14266042,跨境電商平台營運 (Amazon/Alibaba),跨境電商營運專員 E-Commerce Operation Specialist (Overseas Markets),善恩創新股份有限公司,網際網路相關業,台北市士林區,"月薪 40,000~9,999,999元",40000,https://www.104.com.tw/job/8hrqy,跨境電商平台營運 (Amazon/Alibaba/Shopee/Shopify),DRS 是專業的跨境電商帳號營運團隊，於 2015 年起專注協助台灣品牌在 Amazon 等國際電商平台成功發展，我們同時管理多個品牌帳號，並與來自不同產業的客戶密切合作。 如果你也喜歡有條理但不失彈性的工作節奏，歡迎加入我們，一起陪伴品牌
179,14740340,跨境電商平台營運 (Amazon/Alibaba),★跨境電商★【國貿｜美國市場】月薪優於業界｜美國分公司｜電商冠軍賣場｜跨境平台管理_AMR222,藝珂人事顧問股份有限公司,人力仲介代徵,台北市大安區,"月薪 45,000~60,000元",45000,https://www.104.com.tw/job/8rxpw,跨境電商平台營運 (Amazon/Alibaba/Shopee/Shopify) / 英語商務溝通與信件書信 (精通/流利/多益),【你可能是我們正在找的這種人】 ✔ 對國際電商平台充滿好奇，想學怎麼經營跨境商品 ✔ 喜歡「邊做邊學」，希望從上架、拍攝、文案到後台操作都能親自參與 ✔ 對品牌經營、商品曝光、數據優化感興趣，想學會一套完整的電商邏輯 ✔ 英文不錯，希望在工
180,13369694,跨境電商平台營運 (Amazon/Alibaba),【亞馬遜 Amazon】跨境電商營運專員,Real Digital_銳映數位有限公司,網際網路相關業,台北市中山區,"月薪 40,000~60,000元",40000,https://www.104.com.tw/job/7yk4e,跨境電商平台營運 (Amazon/Alibaba/Shopee/Shopify),[職務說明] **需要具備亞馬遜操作1-2年經驗 1. 負責亞馬遜平台銷售 KPI 及達成率。 2. 整理月 / 季商品銷售報表。 3. 規劃行銷及銷售策略、跨團隊溝通協調。 4. 規劃北美銷售預測計劃 (數量、金額) 及生產計劃表。 5.
181,15018048,跨境電商平台營運 (Amazon/Alibaba),【亞馬遜 Amazon】跨境電商平台營運專員,新瑞興單車館_新鈦機械有限公司,自行車及其零件製造業,台中市西屯區,"月薪 40,000~50,000元",40000,https://www.104.com.tw/job/8xw00,跨境電商平台營運 (Amazon/Alibaba/Shopee/Shopify) / 英語商務溝通與信件書信 (精通/流利/多益),- 負責 Amazon 跨境電商平台之日常營運與品牌推廣規劃，協助提升整體銷售表現。 - 規劃並撰寫產品英文文案，包含賣點發想、商品頁內容優化與視覺素材創意構思（重視創意與表現力）。 - 操作與優化 Amazon 廣告（如 Sponsore
182,15233622,跨境電商平台營運 (Amazon/Alibaba),跨境電商客戶經理,唯高盛國際有限公司,網際網路相關業,台北市內湖區,待遇面議(4萬以上或面議),38000,https://www.104.com.tw/job/92ic6,跨境電商平台營運 (Amazon/Alibaba/Shopee/Shopify) / 英語商務溝通與信件書信 (精通/流利/多益),1. 擔任客戶主要溝通窗口 負責與指定客戶進行日常溝通，包含回覆客戶問題、整理客戶需求、同步營運狀況，並協助客戶理解服務內容、執行進度與後續安排。部分客戶為外國客戶，需能以英文進行日常訊息溝通、會議討論與進度回報。 2. 協助掌控專案時程與
183,11888679,跨境電商平台營運 (Amazon/Alibaba),Amazon電商專員 美國電商平台運營專員 | 亞馬遜 跨境電商 (高雄),英僑實業有限公司,文教／育樂用品批發業,高雄市鼓山區,"月薪 32,000~45,000元",32000,https://www.104.com.tw/job/72td3,跨境電商平台營運 (Amazon/Alibaba/Shopee/Shopify) / 英語商務溝通與信件書信 (精通/流利/多益) / 海外數位行銷與流量投放 (GA4/SEO/Meta/Ads),◾Amazon、電商平台管理 ◾平台績效優化 ◾產品頁面更新與上架 ◾廣告投放與管理 ◾具備良好英文能力 ◾電商相關業務 加分項目: ◾英文讀寫流利 ◾對業務數據敏感度高 ◾三年以上操作經驗
184,14863347,跨境電商平台營運 (Amazon/Alibaba),○跨境電商營運人員/跨境電商專員／跨境電商操作人員/電商行銷//有經驗者佳,央定有限公司,鞋類／布類／服飾品零售業,桃園市桃園區,"月薪 40,000~45,000元",40000,https://www.104.com.tw/job/8ukmr,跨境電商平台營運 (Amazon/Alibaba/Shopee/Shopify),1.跨境電商平台營運管理： 負責 Shopee、TikTok、Amazon、Lazada 等跨境平台之日常營運與銷售管理，包含商品上架、頁面資訊維護、文案撰寫、關鍵字優化與圖片更新，確保店鋪曝光與銷售表現。 2.客戶服務與訂單管理： 處理客
185,15210772,跨境電商平台營運 (Amazon/Alibaba),【擴大徵才】跨境電商專員,珍食堡實業股份有限公司,其他食品製造業,台北市中正區,待遇面議(4萬以上或面議),38000,https://www.104.com.tw/job/920pg,跨境電商平台營運 (Amazon/Alibaba/Shopee/Shopify),1.Amazon 多品牌運營管理(不限北美站點) 同時規劃與執行 Walmart Marketplace、Target+ 及其他目標市場主流電商平台之入駐與維護。 • Amazon Seller Central 帳號管理與日常營運。
186,15362754,跨境電商平台營運 (Amazon/Alibaba),【AMB 跨境電商】Cross-Border E-Commerce Project Manager - Amazon｜可申請遠端｜彈性上下班｜績效獎金福利佳,ADBest_帆晴股份有限公司,網際網路相關業,台北市大安區,"月薪 50,000~9,999,999元",50000,https://www.104.com.tw/job/959z6,跨境電商平台營運 (Amazon/Alibaba/Shopee/Shopify) / 海外數位行銷與流量投放 (GA4/SEO/Meta/Ads),你已累積了扎實的跨境電商或數位行銷實戰經驗，正在尋找一個能主導品牌出海、發揮全方位專案管理能力的高影響力舞台嗎？ 在 AMB，我們專注於一件事：「We Bring Good Things Abroad」。身為跨境電商專案經理，你將扮演亞太品
187,13006369,跨境電商平台營運 (Amazon/Alibaba),【美澳市場】Amazon & Shopify 跨境電商專員,圓剛科技股份有限公司,多媒體傳播相關業,新北市中和區,待遇面議(4萬以上或面議),38000,https://www.104.com.tw/job/7qrs1,跨境電商平台營運 (Amazon/Alibaba/Shopee/Shopify),•工作經驗： 1 年以上 Amazon 或 Shopify 操作經驗 •特質： 邏輯清晰、結果導向 (Result-oriented)，能適應快速變化的全球電商環境。
188,12465039,跨境電商平台營運 (Amazon/Alibaba),跨境電商營運專員 E-Commerce Specialist,新世紀產品股份有限公司,綜合商品批發代理業,新北市汐止區,待遇面議(4萬以上或面議),38000,https://www.104.com.tw/job/7f633,跨境電商平台營運 (Amazon/Alibaba/Shopee/Shopify),"1. 主導跨境電商平台(Amazon, Walmart, Shopify)…等上架營運及後台資料管理 (含更新、優化、維護)。 2. 庫存管理：監控庫存狀況，避免缺貨或積壓，確保供應鏈的順暢運作。 3. 客戶服務：後台回應客戶諮詢，處理投訴"
189,13426461,跨境電商平台營運 (Amazon/Alibaba),Amazon跨境電商營運行銷專員,品卓企業股份有限公司,綜合商品批發代理業,台北市內湖區,"月薪 40,000~60,000元",40000,https://www.104.com.tw/job/7zrx9,跨境電商平台營運 (Amazon/Alibaba/Shopee/Shopify),成長迅速的列車。 工作內容: 1. 負責Amazon上下架、業績的提升、關鍵字優化、增加產品曝光度、提高轉化率、訂單業績。 2. 管理和優化商品頁面、網路客服。 3. 社群經營與推廣提案 (Youtube/Twitter/FB/IG) 4.
190,15276723,跨境電商平台營運 (Amazon/Alibaba),【亞馬遜Amazon】跨境電商營運（台中）,鉅成工業股份有限公司,建材／傢俱批發業,台中市西屯區,"月薪 35,000~65,000元",35000,https://www.104.com.tw/job/93flf,跨境電商平台營運 (Amazon/Alibaba/Shopee/Shopify),製作；庫存與出貨與台中總部協調產銷。 6. 帳號管理：平台案件、政策更新與帳號健康度維護。 【培訓與發展】 ・具電商基礎但未接觸過 Amazon 者，公司提供平台操作與後台實務的入門培訓。 ・隨熟練度提升，可逐步參與廣告策略、選品評估與新市
191,14254973,跨境電商平台營運 (Amazon/Alibaba),跨境電商營運助理,台灣百固企業有限公司,綜合商品批發代理業,台北市松山區,"月薪 32,000~42,000元",32000,https://www.104.com.tw/job/8hj7h,跨境電商平台營運 (Amazon/Alibaba/Shopee/Shopify) / 英語商務溝通與信件書信 (精通/流利/多益) / 進出口關務與海空運單據 (L/C/信用狀/報關),工作內容: 1. 協助操作亞馬遜Amazon、ebay等平台帳號日常營運 2. 規劃與執行產品上架、海外倉庫存管理、進出口作業、客服回覆 3. 平台銷售數據整理、廣告規劃、投放與分析 4. 優化產品文案及頁面排版 5. 定期市場趨勢及競品調
192,12767801,跨境電商平台營運 (Amazon/Alibaba),會計專員 (電商代營運 / OMO eCommerce / 電子商務),友星有限公司,鞋類／布類／服飾品零售業,新北市蘆洲區,"月薪 40,000~45,000元",40000,https://www.104.com.tw/job/7lnp5,跨境電商平台營運 (Amazon/Alibaba/Shopee/Shopify) / ERP / SAP 企業資源與進銷存管理 / 進出口關務與海空運單據 (L/C/信用狀/報關),具備 ERP 系統（如文中系統）操作經驗者。 • 具有電子商務相關帳務處理經驗者（例如：MOMO、蝦皮、YAHOO、PC 等電商平台對帳）。 • 具備辦理進出口文件者，包含核對報關單、簡易報關單、零稅率發票等。 • 具有第三方金流平台相關帳
193,6991911,跨境電商平台營運 (Amazon/Alibaba),品牌行銷視覺企劃專員,DEPIC_大盤衣商國際有限公司,鞋類／布類／服飾品批發業,新北市新莊區,"月薪 50,000~70,000元",50000,https://www.104.com.tw/job/45uzr,跨境電商平台營運 (Amazon/Alibaba/Shopee/Shopify),過視覺設計與創意內容，協助品牌提升市場聲量與消費者互動體驗。 *具有2年以上電商視覺設計或行銷企劃 *對品牌商品喜愛：能夠理解並傳達品牌價值，具備時尚敏感度 【職務內容】 工作內容： 一、品牌策略與行銷企劃執行 * 經營與推廣品牌、產品及企
194,12739062,跨境電商平台營運 (Amazon/Alibaba),【兼職/斜槓】 跨境電商運營人員(AMAZON/淘寶等)Sales Executive,漾活企業有限公司,網際網路相關業,台北市中山區,月薪 210~260元,210,https://www.104.com.tw/job/7l1iu,跨境電商平台營運 (Amazon/Alibaba/Shopee/Shopify) / 海外數位行銷與流量投放 (GA4/SEO/Meta/Ads) / 商業數據分析與自動化 (Python/PowerBI/SQL),工作內容描述： 1.跨境電商平台(例如AMAZON/淘寶/阿里巴巴等)整體建置營運、維護操作、商品上下架及訂單等後台管理 2.跨境電商行銷推廣 3.廣告投放策略擬定執行 4.監控銷售資料與各項運營數據分析 5.國外市場調查及競品分析、產品賣
195,14465320,跨境電商平台營運 (Amazon/Alibaba),Account Manager 跨境電商客戶經理（英語）_Taichung,台灣新蛋股份有限公司,其它軟體及網路相關業,台中市西屯區,待遇面議(4萬以上或面議),38000,https://www.104.com.tw/job/8m1ig,跨境電商平台營運 (Amazon/Alibaba/Shopee/Shopify) / 英語商務溝通與信件書信 (精通/流利/多益),經驗要求： 具備 3 年以上 客戶管理或業務拓展經驗，優先考慮 電商或零售行業背景，有儲存記憶體相關經驗者優先選擇。 • 業績能力： 熟悉解決方案導向的銷售方法，具備超額達成銷售目標的成功經驗。 • 結果導向： 以目標為導向，具
196,14054421,跨境電商平台營運 (Amazon/Alibaba),跨境電商專員,蘊榮科技股份有限公司,消費性電子產品製造業,新北市中和區,待遇面議(4萬以上或面議),38000,https://www.104.com.tw/job/8d8gl,跨境電商平台營運 (Amazon/Alibaba/Shopee/Shopify),台站內活動規劃、相關競品分析及市場調查，市場價格及銷售趨勢整理，提出相對應銷售及定價策略。 4. 專案企劃：協助公司主管完成專案執行。 5. 平台站內廣告分析 6. 熟電商平台操作佳
197,15276806,跨境電商平台營運 (Amazon/Alibaba),跨境電商行銷資深專員（雙品牌）,加聯達企業股份有限公司,其他紡織製品製造業,台中市西屯區,待遇面議(4萬以上或面議),38000,https://www.104.com.tw/job/93fnq,跨境電商平台營運 (Amazon/Alibaba/Shopee/Shopify),關於這個職位： 我們同時經營兩個跨境電商事業，這個角色是兩個品牌共同的行銷節奏中樞： •GoDear Design：家飾窗簾跨境電商，主打美國／英國站，通路含 Amazon、Shopify（godear.com）、Wayfair。旺季＝Pr
198,11703549,跨境電商平台營運 (Amazon/Alibaba),海外跨境電商業務人員(E-Commerce Sales Specialist / Account Manager),十銓科技股份有限公司,電腦及其週邊設備製造業,新北市中和區,"月薪 38,000~9,999,999元",38000,https://www.104.com.tw/job/6yuil,跨境電商平台營運 (Amazon/Alibaba/Shopee/Shopify),"1.Create a strategy and plan to achieve the goal with existing and new e-commerce marketplace by creating, managing, and"
199,14595534,跨境電商平台營運 (Amazon/Alibaba),跨境電商營運專員,木兮科技有限公司,建材／傢俱零售業,台北市內湖區,"月薪 40,000~55,000元",40000,https://www.104.com.tw/job/8otzi,跨境電商平台營運 (Amazon/Alibaba/Shopee/Shopify),負責商品詢價、下單及供應商交期。 電商營運需掌握跨部門進度，但不需要親自承擔所有拍攝、客服、打包、配送及程式維護工作。 【公司提供的資源】 1. 家具、家居、全屋定製及跨境供應鏈資源。 2. MOMO、蝦皮及品牌官網等既有銷售通路。 3. 
200,12595869,跨境電商平台營運 (Amazon/Alibaba),跨境電商營運專員,旭鑫國際實業股份有限公司,其他商品批發業,新北市深坑區,"月薪 40,000~50,000元",40000,https://www.104.com.tw/job/7hz19,跨境電商平台營運 (Amazon/Alibaba/Shopee/Shopify) / 商業數據分析與自動化 (Python/PowerBI/SQL),1. 執行操作跨境電商平台Amazon亞馬遜美國、歐洲，EBay等業務工作，並達成公司業績目標。 2. 協助專案項目的進程與執行，確保專案能達成公司設定目標。 3. 具備良好溝通協調能力與跨部門合作。 4. 具備數據分析彙整能力。 5 管理
201,14574973,跨境電商平台營運 (Amazon/Alibaba),資深跨境電商業務開發專員 Senior Business Development Specialist,善恩創新股份有限公司,網際網路相關業,台北市士林區,"月薪 42,857~85,714元",42857,https://www.104.com.tw/job/8oe4d,跨境電商平台營運 (Amazon/Alibaba/Shopee/Shopify),DRS 是專業的跨境電商帳號營運團隊，於 2015 年起專注協助台灣品牌在 Amazon 等國際電商平台成功發展，我們同時管理多個品牌帳號，並與來自不同產業的客戶密切合作。 如果你也喜歡有條理但不失彈性的工作節奏，歡迎加入我們，一起陪伴品牌
202,15374838,跨境電商平台營運 (Amazon/Alibaba),【美妝跨境電商】短影音剪輯／短影音後製,邑軒實業股份有限公司,藥品／化妝品及清潔用品零售業,新北市中和區,"月薪 35,000~9,999,999元",35000,https://www.104.com.tw/job/95jau,跨境電商平台營運 (Amazon/Alibaba/Shopee/Shopify),【負責的職責是~】 1、協助跨境 D2C 針對 IG、TK、YT 、AMZ 等不同平台製作短影音拍攝及剪輯，產出不限於商品展示、形象影片、商品衛教影片等 2、依跨境 D2C 需求，每月產出8~10支短影音（20秒~1分鐘）放上各平台 3、協
203,15053198,跨境電商平台營運 (Amazon/Alibaba),亞馬遜Amazon 跨境電商品牌行銷專員,新瑞興單車館_新鈦機械有限公司,自行車及其零件製造業,台中市西屯區,"月薪 42,000~50,000元",42000,https://www.104.com.tw/job/8yn4e,跨境電商平台營運 (Amazon/Alibaba/Shopee/Shopify) / 英語商務溝通與信件書信 (精通/流利/多益) / 海外數位行銷與流量投放 (GA4/SEO/Meta/Ads),工作內容 策劃與執行亞馬遜Amazon跨境電商平台及品牌官網的行銷策略。 包括關鍵字優化、增加產品曝光度、提升自然轉化率及廣告投放優化等。 編寫並優化英文文案，提升品牌形象與產品吸引力。 負責數位廣告投放及優化，達成行銷目標。 經營品牌社群
204,15380801,跨境電商平台營運 (Amazon/Alibaba),"【內湖區】知名美國跨境電商龍頭 徵Hardware Validation Engineer – EE, Power & Thermal/外商氛圍+跨國團隊合作機會/一個月年終_OCS_306/OCS332",藝珂人事顧問股份有限公司,人力仲介代徵,台北市內湖區,待遇面議(4萬以上或面議),38000,https://www.104.com.tw/job/95nwh,跨境電商平台營運 (Amazon/Alibaba/Shopee/Shopify),**此為Adecco派遣職缺，合作期間一年** 【工作內容 | Scope of Work】 • 負責 Ring／Blink 產品的硬體、電源及散熱測試與驗證 • 執行產品電壓、功耗、電池續航及各項電氣性能測試 • 進行 USB、HDMI、
205,15133550,跨境電商平台營運 (Amazon/Alibaba),【內湖區】知名美國跨境電商龍頭 徵 EE Test & Reliability Engineer/外商氛圍+跨國團隊合作機會/一個月年終_OCS_306/OCS332,藝珂人事顧問股份有限公司,人力仲介代徵,台北市內湖區,"月薪 80,000~120,000元",80000,https://www.104.com.tw/job/90d4e,跨境電商平台營運 (Amazon/Alibaba/Shopee/Shopify) / 英語商務溝通與信件書信 (精通/流利/多益),**此為Adecco派遣職缺** 工作職責 • 測試環境建置： 負責智慧監控產品（如：網路攝影機、智慧門鈴）的測試環境架設，包含電源模擬、網路環境（Wi-Fi/Ethernet）配置及樣品拆解改機。 • 硬體驗證執行： 執行 EVT/DVT
206,14574981,跨境電商平台營運 (Amazon/Alibaba),資深跨境電商營運專員 Senior E-Commerce Operations Specialist (Cross-border),善恩創新股份有限公司,網際網路相關業,台北市士林區,待遇面議(4萬以上或面議),38000,https://www.104.com.tw/job/8oe4l,跨境電商平台營運 (Amazon/Alibaba/Shopee/Shopify),DRS 是專業的跨境電商帳號營運團隊，於 2015 年起專注協助台灣品牌在 Amazon 等國際電商平台成功發展，我們同時管理多個品牌帳號，並與來自不同產業的客戶密切合作。 如果你也喜歡有條理但不失彈性的工作節奏，歡迎加入我們，一起陪伴品牌
207,12728836,跨境電商平台營運 (Amazon/Alibaba),GL-跨境電商客戶管理經理 Customer Success Manager,順立智慧股份有限公司,其它軟體及網路相關業,台北市內湖區,待遇面議(4萬以上或面議),38000,https://www.104.com.tw/job/7ktms,跨境電商平台營運 (Amazon/Alibaba/Shopee/Shopify),【JOB DESCRIPTION】 1. On-boarding (1) Assist customers to successfully employ EC platform to run their business. (2) Run 
208,12391144,跨境電商平台營運 (Amazon/Alibaba),【美妝跨境電商】產品數位行銷／Product Manager,邑軒實業股份有限公司,藥品／化妝品及清潔用品零售業,新北市中和區,待遇面議(4萬以上或面議),38000,https://www.104.com.tw/job/7dl2g,跨境電商平台營運 (Amazon/Alibaba/Shopee/Shopify) / 商務談判、報價議價與合約簽訂 / 海外數位行銷與流量投放 (GA4/SEO/Meta/Ads),若~喜歡市場、品牌、行銷、內容運營、談判、銷售，也對AI、跨境電商、新媒體感到有體驗興趣的你~一起 0~1 從無到有的玩玩吧~ 【體驗與創造重點】 1、洞察國際市場的化妝品行業及趨勢，掌握內部生產流程 2、梳理公司產品特色與賣點，撰寫內容文
209,15137140,跨境電商平台營運 (Amazon/Alibaba),Operations Specialist｜跨境電商營運專員,美商駿旺有限公司,百貨相關業,台北市中山區,"月薪 50,000~9,999,999元",50000,https://www.104.com.tw/job/90fw4,跨境電商平台營運 (Amazon/Alibaba/Shopee/Shopify),經營者 / mini GM 型的人才。你會實際參與跨境電商站點的經營，負責的不只是營運流程，還包含 站內廣告效益、營收成長、毛利控制、庫存節奏與營運效率。你需要能從數據中發現問題、做出判斷、推動改善，並與不同部門合作，把成長真正做出來。 如
210,12465889,跨境電商平台營運 (Amazon/Alibaba),跨境電商專員 E-commerce sales sales representative,久奈司體育事業有限公司,育樂用品製造業,高雄市前鎮區,"月薪 35,000~48,000元",35000,https://www.104.com.tw/job/7f6qp,跨境電商平台營運 (Amazon/Alibaba/Shopee/Shopify) / 海外數位行銷與流量投放 (GA4/SEO/Meta/Ads) / 商業數據分析與自動化 (Python/PowerBI/SQL),1.負責跨境電商整體建置、營運、維護、操作、訂單管理。 2.跨境電商平台管理與操作，並回報與分析平台績效。 3.行銷活動提案、執行，廣告投放策略擬定、執行、優化與數據分析。 4.開發國外市場及新的電商通路，推展國外業務與客戶。 5.主管交
211,15374854,跨境電商平台營運 (Amazon/Alibaba),【美妝跨境電商】短影音剪輯後製（長期兼職／論件計酬／專案制）,邑軒實業股份有限公司,藥品／化妝品及清潔用品零售業,新北市中和區,"月薪 1,500~4,000元",1500,https://www.104.com.tw/job/95jba,跨境電商平台營運 (Amazon/Alibaba/Shopee/Shopify),【負責的職責是~】 1、協助跨境 D2C 針對 IG、TK、YT 、AMZ 等不同平台製作短影音拍攝及剪輯，產出不限於商品展示、形象影片、商品衛教影片等 2、依跨境 D2C 需求，每月產出8~10支短影音（20秒~1分鐘）放上各平台 3、協
212,11027088,跨境電商平台營運 (Amazon/Alibaba),跨境電商管理師 E-commerce Marketing Specialist,瑞朋科技股份有限公司,電腦及其週邊設備製造業,新北市新店區,待遇面議(4萬以上或面議),38000,https://www.104.com.tw/job/6kck0,跨境電商平台營運 (Amazon/Alibaba/Shopee/Shopify) / 辦公室高效應用軟體 (Excel樞紐/PPT/Word) / 海外數位行銷與流量投放 (GA4/SEO/Meta/Ads),keyword and SEO findings into the written report to support product selection and marketing strategy on major e-
213,15188409,跨境電商平台營運 (Amazon/Alibaba),跨境電商 行銷企劃經理,創易健康國際股份有限公司,網際網路相關業,台北市內湖區,待遇面議(4萬以上或面議),38000,https://www.104.com.tw/job/91jg9,跨境電商平台營運 (Amazon/Alibaba/Shopee/Shopify) / 海外數位行銷與流量投放 (GA4/SEO/Meta/Ads),我們正在尋找具有高度企圖心及執行力的行銷企劃專業經理人，協助強化公司服務品牌對外形象與定位，讓更多人認識 EZICON 的服務價值，創造業界專業形象，擴大集團影響力！ 理想的候選人需具備溝通和表達能力，以及敘述企業服務價值的熱情，能夠清晰地
214,14574978,跨境電商平台營運 (Amazon/Alibaba),跨境電商業務開發專員 Business Development Specialist,善恩創新股份有限公司,網際網路相關業,台北市士林區,待遇面議(4萬以上或面議),38000,https://www.104.com.tw/job/8oe4i,跨境電商平台營運 (Amazon/Alibaba/Shopee/Shopify),DRS 是專業的跨境電商帳號營運團隊，於 2015 年起專注協助台灣品牌在 Amazon 等國際電商平台成功發展，我們同時管理多個品牌帳號，並與來自不同產業的客戶密切合作。 如果你也喜歡有條理但不失彈性的工作節奏，歡迎加入我們，一起陪伴品牌
215,15358704,跨境電商平台營運 (Amazon/Alibaba),【非魚貿易】跨境電商營運總監（進出口貿易）,非魚貿易有限公司,綜合商品批發代理業,台北市大安區,"月薪 80,000~9,999,999元",80000,https://www.104.com.tw/job/956uo,跨境電商平台營運 (Amazon/Alibaba/Shopee/Shopify) / 進出口關務與海空運單據 (L/C/信用狀/報關),策略，對前端營收業績直接負責 7.協助上級交辦事項 【條件要求】 1.⁠ ⁠工作經驗與實戰能力： • 具備 2 年以上獨立操盤電商或貿易項目的完整經驗，對「進貨成本控管、銷售漏斗、預估營收與利潤拆分」有清晰商業邏輯的完整全店操盤經驗 （具
216,15145126,跨境電商平台營運 (Amazon/Alibaba),【高雄總公司｜旗津倉】跨境電商文書人員,立揚通運股份有限公司,儲配／運輸物流業,高雄市旗津區,"月薪 36,000~36,000元",36000,https://www.104.com.tw/job/90m1y,跨境電商平台營運 (Amazon/Alibaba/Shopee/Shopify),、健康檢查、全勤獎金、三節禮金、生日禮金、結婚禮金、喪葬奠儀、不定時聚餐。 ★ 工作內容 ☑ 跨境電商訂單進度安排與出貨排程管理 ☑ 客戶日常聯繫與需求回覆 ☑ 處理進出貨相關文件 ☑ 使用倉儲／物流系統進行訂單與庫存操作 ☑ 協助出貨文件
217,14465295,跨境電商平台營運 (Amazon/Alibaba),Account Manager 跨境電商客戶經理（英語）_Taipei,台灣新蛋股份有限公司,其它軟體及網路相關業,台北市內湖區,待遇面議(4萬以上或面議),38000,https://www.104.com.tw/job/8m1hr,跨境電商平台營運 (Amazon/Alibaba/Shopee/Shopify) / 英語商務溝通與信件書信 (精通/流利/多益),經驗要求： 具備 3 年以上 客戶管理或業務拓展經驗，優先考慮 電商或零售行業背景，有儲存記憶體相關經驗者優先選擇。 • 業績能力： 熟悉解決方案導向的銷售方法，具備超額達成銷售目標的成功經驗。 • 結果導向： 以目標為導向，具備強
218,15152086,跨境電商平台營運 (Amazon/Alibaba),【美妝電商／跨境電商】國貿助理／業務助理（採購方向）,邑軒實業股份有限公司,藥品／化妝品及清潔用品零售業,新北市中和區,"月薪 34,000~43,000元",34000,https://www.104.com.tw/job/90rfa,跨境電商平台營運 (Amazon/Alibaba/Shopee/Shopify) / 生成式 AI 與智慧商務工具 (ChatGPT/Prompt/Copilot/Midjourney) / 辦公室高效應用軟體 (Excel樞紐/PPT/Word) / ERP / SAP 企業資源與進銷存管理 / 進出口關務與海空運單據 (L/C/信用狀/報關),【崗位職責】 1、負責協助上級與業務部門後對接之後續流程，含ERP系統錄入、進出貨準備盤點等 2、負責協助上級與業務部門，提供出貨文件，控管出貨、處理進出口、報關等事宜 3、負責協助產品打樣、請購、跟催及品質追蹤、進出庫、應付款安排 4、負
219,14525504,跨境電商平台營運 (Amazon/Alibaba),打造美國市場爆品！跨境電商通路營運高手,龍星企業股份有限公司,綜合商品批發代理業,台北市南港區,待遇面議(4萬以上或面議),38000,https://www.104.com.tw/job/8nby8,跨境電商平台營運 (Amazon/Alibaba/Shopee/Shopify),【玩轉美式生活風格！不只賣商品，更要賣故事！】 龍星企業，成立超過半世紀，是台灣前百大雜貨貿易出口商，以卓越的品質與創新設計享譽業界，並持續在全球市場拓展。 我們正在積極拓展跨境電商版圖，旗下擁有多個生活風格品牌，在Amazon、品牌官網等
220,15304970,跨境電商平台營運 (Amazon/Alibaba),*️⃣美商正職【跨境電商霸主｜物流規畫專員】月起薪$55K-75K + 15天特休｜業界最具競爭力的薪資福利｜AI轉型重要推手、完整進階培訓安排｜可輪班、2年經驗尤佳 ｜林口_龜山 ★AMR_206,藝珂人事顧問股份有限公司,人力仲介代徵,新北市林口區,"月薪 55,000~75,000元",55000,https://www.104.com.tw/job/941e2,跨境電商平台營運 (Amazon/Alibaba/Shopee/Shopify),✨想轉往電商產業但暫無相關經驗? ✨這是家世界級的美商電商平台，累積經驗後通常可轉往PM、行銷、後端數據處理等領域發展 ✨非派遣、非直銷、非博弈 如果你希望加入外商公司、累積電商經驗、重視制度與培訓，並期待透過自己的努力爭取獎金與職涯發展，
221,15326762,跨境電商平台營運 (Amazon/Alibaba),【亞馬遜 Amazon】跨境電商 選品/商品開發,歐盛電子商務有限公司,網際網路相關業,台北市萬華區,"月薪 40,000~60,000元",40000,https://www.104.com.tw/job/94i7e,跨境電商平台營運 (Amazon/Alibaba/Shopee/Shopify),【工作內容】 ◆ 蒐集市場、競品及消費趨勢資料，發掘具潛力的新產品 ◆ 規劃產品定位和規格，構想差異化 ◆ 尋找並篩選合適的供應商 ◆ 追蹤產品開發、生產、品質及交貨進度 ◆ 電商後台日常運作 【職涯發展】 ◆ 表現優異者，可依實際成果進一
222,13193797,跨境電商平台營運 (Amazon/Alibaba),【跨境電商Amazon】亞馬遜電商營運專員 E-Commerce Specialist,蹦克股份有限公司,電子通訊／電腦週邊批發業,新北市中和區,"月薪 37,000~42,000元",37000,https://www.104.com.tw/job/7used,跨境電商平台營運 (Amazon/Alibaba/Shopee/Shopify),"蹦克Bone目前正在招募【品牌跨境電商運營】優秀人才 品牌2005年成立迄今20年，從台灣走向全球 我們原創的概念，創造用戶""想要&需要""的產品 蹦克Bone提供全球用戶更便利的""數位生活 我們鼓勵創新，每週有專屬時間用於討論新點子 夥伴們"
223,15049129,跨境電商平台營運 (Amazon/Alibaba),【美妝電商／跨境電商】供應鏈採購專員,邑軒實業股份有限公司,藥品／化妝品及清潔用品零售業,新北市中和區,"月薪 36,000~45,000元",36000,https://www.104.com.tw/job/8yjzd,跨境電商平台營運 (Amazon/Alibaba/Shopee/Shopify) / 生成式 AI 與智慧商務工具 (ChatGPT/Prompt/Copilot/Midjourney) / 辦公室高效應用軟體 (Excel樞紐/PPT/Word) / ERP / SAP 企業資源與進銷存管理 / 商務談判、報價議價與合約簽訂,【崗位職責】 1、根據公司戰略，採購／研發產品，並按品質要求，尋求相應的供貨商，建立合規檔案 2、負責對供貨商進行調查、評價、選擇，簽訂相應協議；定期進行市場調研，開拓管道，進行供應商評估 3、負責所有產品的打樣、請購、跟催及品質追蹤、進出
224,11823770,跨境電商平台營運 (Amazon/Alibaba),刁民酸菜魚崇德店晚班正職 (薪水四萬六-五萬一up),刁民餐飲有限公司,餐館業,台中市北區,"月薪 46,000~51,000元",46000,https://www.104.com.tw/job/71fa2,,歡迎社會新鮮人、熱愛餐飲業夥伴，一起在刁民發光發熱 高於同業起薪：依能力&年資調整，調薪機會多 準時上下班：工作與生活平衡，四周變形工時 獎金拿不完：高額團隊績效獎金、各式獎金 【工作內容】 - 負責接待顧客、完成顧客需求，提供最佳服務 -
225,14415057,跨境電商平台營運 (Amazon/Alibaba),"雪坊優格儲備副店長-竹林店/月薪41200元以上,每周休2天",雪坊志業股份有限公司,食品什貨零售業,新北市永和區,"月薪 41,206~46,000元",41206,https://www.104.com.tw/job/8kyq9,海外數位行銷與流量投放 (GA4/SEO/Meta/Ads),雪坊優格【 Snow Factory】門市儲備副店長 最快 2 年挑戰年薪百萬!!! 如果你希望找一份 看得到未來的工作， 雪坊優格提供的不只是門市職位，而是一條 清楚的成長 路徑。 在雪坊，我們不看背景、不論資排輩， 我們只看三件事： ✔
226,15373949,跨境電商平台營運 (Amazon/Alibaba),電商暨會員營運專員｜LINE OA／CRM／跨境物流,音速股份有限公司,儲配／運輸物流業,台中市南屯區,"月薪 32,000~35,000元",32000,https://www.104.com.tw/job/95im5,跨境電商平台營運 (Amazon/Alibaba/Shopee/Shopify) / 生成式 AI 與智慧商務工具 (ChatGPT/Prompt/Copilot/Midjourney) / 商務談判、報價議價與合約簽訂 / 海外數位行銷與流量投放 (GA4/SEO/Meta/Ads),內容。 6. 具跨境電商、物流、集運、SHOPLINE、91APP、GA4、Meta 廣告或 AI 工具經驗者加分。 這不是單純小編職務，也不是純業務；你會實際參與平台成長、會員轉換與跨部門流程建立。
227,12088637,跨境電商平台營運 (Amazon/Alibaba),【美妝電商／跨境電商】行政人事助理／辦公室用戶體驗,邑軒實業股份有限公司,藥品／化妝品及清潔用品零售業,新北市中和區,"月薪 34,000~38,000元",34000,https://www.104.com.tw/job/773nh,跨境電商平台營運 (Amazon/Alibaba/Shopee/Shopify) / 辦公室高效應用軟體 (Excel樞紐/PPT/Word) / 海外數位行銷與流量投放 (GA4/SEO/Meta/Ads),之維修聯絡通報 4、配合物業管理進行活動支持或政府相應培訓 【若是你~】 1、大專及以上學歷；應屆畢業生可！喜歡電商、新媒體、美妝、數位行銷相關辦公室工作~ 2、掌握或熟練多種辦公軟體應用，含excel、PPT、canva、考勤管理系統或線
228,11660941,跨境電商平台營運 (Amazon/Alibaba),電商商品維運專員/資深專員(國際品牌),台灣寶尊電子商務股份有限公司,網際網路相關業,台北市松山區,"月薪 38,000~45,000元",38000,https://www.104.com.tw/job/6xxn1,跨境電商平台營運 (Amazon/Alibaba/Shopee/Shopify),8. 其他主管交辦事項 BONUS： - 年輕自主的團隊，沒有官僚的制度與文化 - 舒適開放的共享辦公空間，彈性的工作環境 - 提供免費咖啡茶飲及零食點心專區 - 品牌超低價員購買不完 - 與國際品牌共事機會，累積品牌電商經驗 *歡迎對電子
229,11915423,跨境電商平台營運 (Amazon/Alibaba),(台中)客戶經理★前半年保障月入59000另有高傭金★B2B 新客開發/電商顧問,香港商阿里巴巴香港電子商務有限公司台灣分公司,網際網路相關業,台中市南屯區,"月薪 57,143~142,857元",57143,https://www.104.com.tw/job/73dzz,跨境電商平台營運 (Amazon/Alibaba/Shopee/Shopify),"【崗位職責】 1. 開拓新客戶： 透過名單查找、電話邀約、上門拜訪等方式，開發台灣優勢產業的出口客戶。舉辦招商會等活動，主動介紹阿里巴巴國際站服務，並促成簽約合作。 2, 提供專業服務輔導： 分析客戶需求和平台效果，為客戶量身打造跨境電商輔"
230,15350122,跨境電商平台營運 (Amazon/Alibaba),電商行銷總監 | 行銷主管,益豐國際股份有限公司,其他零售業,台中市西屯區,待遇面議(4萬以上或面議),38000,https://www.104.com.tw/job/9508a,跨境電商平台營運 (Amazon/Alibaba/Shopee/Shopify),培育，並與營運、採購等部門協作，推動品牌及產品行銷專案。 【我們需要這樣的你】 * 具 5 年以上行銷、電商或品牌相關工作經驗，並具 3 年以上團隊管理經驗。 * 跨境電商、海外市場或品牌經營相關經驗，熟悉海外市場特性及消費者需求。 * 良
231,15101412,跨境電商平台營運 (Amazon/Alibaba),【行銷部】行銷經理,視宇股份有限公司,網際網路相關業,台北市松山區,待遇面議(4萬以上或面議),38000,https://www.104.com.tw/job/8zobo,跨境電商平台營運 (Amazon/Alibaba/Shopee/Shopify),團（ViewEC Corp. 包含旗下秩宇 Wiser 等子公司）為台灣首席跨境電商代營運企業，熟悉 Amazon、Walmart、Shopify Plus 等電商系統與各國消費市場，結合 AI 數據工具與 8 年以上營運經驗，推動好產品熱
232,14987175,跨境電商平台營運 (Amazon/Alibaba),B2B 商務拓展顧問｜Business Development Consultant,買即可全球電商有限公司,網際網路相關業,台北市中山區,"月薪 40,000~9,999,999元",40000,https://www.104.com.tw/job/8x86f,跨境電商平台營運 (Amazon/Alibaba/Shopee/Shopify) / 進出口關務與海空運單據 (L/C/信用狀/報關),績目標，享受成交與客戶成長的成就感 ● 具備跨境電商與採購、跨境物流、國際貿易、報關行等相關經驗者加分 我們提供｜不只是一份工作 ● 系統化培訓：跨境採購 × 平台服務 × 商務開發實戰 ● 成長舞台：從商務開發到供應鏈 / 電商整合顧問的
233,14777430,跨境電商平台營運 (Amazon/Alibaba),歐洲跨境電商專員,臺灣凡夫股份有限公司,綜合商品批發代理業,台中市神岡區,待遇面議(4萬以上或面議),38000,https://www.104.com.tw/job/8sqc6,跨境電商平台營運 (Amazon/Alibaba/Shopee/Shopify),1. 依公司需求開發並營運歐洲新電商平台，除了公司已有的Amazon之外，需開發像是Allegro、Otto、eBay等等。 2. 需同步了解並接洽該電商平台配合的倉儲/物流/金流服務商。 3. 整理銷售數據與管控庫存。 4. 廣告優化與定
234,14844251,跨境電商平台營運 (Amazon/Alibaba),"海外社群行銷 (Meta,Tiktok,KOL/KOC)",視宇股份有限公司,網際網路相關業,台北市松山區,"月薪 40,000~50,000元",40000,https://www.104.com.tw/job/8u5wb,跨境電商平台營運 (Amazon/Alibaba/Shopee/Shopify) / 生成式 AI 與智慧商務工具 (ChatGPT/Prompt/Copilot/Midjourney) / 海外數位行銷與流量投放 (GA4/SEO/Meta/Ads) / 商業數據分析與自動化 (Python/PowerBI/SQL),源與提供建議 - 擅用AI工具優化工作流程 【我們是誰】 視宇集團 ( ViewEC Corp. 包含旗下秩宇 Wiser 等子公司 ) 專門協助手上有好產品的廠商夥伴，經營跨境電商賣到歐美日市場，服務項目包含：市場策略、營運管理、數據分析
235,15326660,跨境電商平台營運 (Amazon/Alibaba),【亞馬遜 Amazon】跨境電商 營運 企劃,歐盛電子商務有限公司,網際網路相關業,台北市萬華區,"月薪 35,000~45,000元",35000,https://www.104.com.tw/job/94i4k,跨境電商平台營運 (Amazon/Alibaba/Shopee/Shopify),【工作內容】 ◆ 供應商&物流安排 ◆ 規劃圖片文案 ◆ 亞馬遜站內廣告 ◆ 賣場日常維護 ◆ 產品上架及行銷規劃 ◆ 亞馬遜後台日常事務 【職涯發展】 ◆ 工作內容、職責及薪資將依個人能力與實際成果逐步調整 【應徵前提醒】 ◆ 歡迎無相關
236,12565624,跨境電商平台營運 (Amazon/Alibaba),空海運關務 OP專員(全/兼職),韻達國際股份有限公司,貨運承攬業,桃園市大園區,"月薪 38,000~48,000元",38000,https://www.104.com.tw/job/7hbp4,跨境電商平台營運 (Amazon/Alibaba/Shopee/Shopify) / 進出口關務與海空運單據 (L/C/信用狀/報關),主要工作內容 1. 負責空海運、國際快遞、海外跨境電商平台客戶之進出口承攬及報關工作，全程獨立作業，並製作報關文件。 2. 處理進 / 出口簡易及正式報單。 3. 客戶對單及協助處理相關報關問題。 歡迎加入打造超級團隊之工作，公司提供
237,15385494,跨境電商平台營運 (Amazon/Alibaba),(資深)商品採購專員【japan selects】,任開數位媒體行銷股份有限公司,數位內容產業,台北市內湖區,待遇面議(4萬以上或面議),38000,https://www.104.com.tw/job/95riu,跨境電商平台營運 (Amazon/Alibaba/Shopee/Shopify) / 第二外語能力 (日語/西班牙語/越南語/德語),資源或開發經驗 -熟悉日本市場及消費趨勢，具日文商務溝通能力 -具跨境電商、商品進口、食品輸入或相關法規作業經驗
238,15255129,跨境電商平台營運 (Amazon/Alibaba),行銷助理,益豐國際股份有限公司,其他零售業,台中市西屯區,"月薪 33,000~38,000元",33000,https://www.104.com.tw/job/92yxl,跨境電商平台營運 (Amazon/Alibaba/Shopee/Shopify) / 海外數位行銷與流量投放 (GA4/SEO/Meta/Ads),作基礎報表並追蹤執行進度。 3. 完成主管交辦之其他行銷相關事項。 【我們需要這樣的你】 * 對電商、數位行銷及社群經營有興趣；具相關實習或工作經驗者佳。 * 熟悉基本文書軟體及社群平台操作。 * 具備良好的溝通協調能力，能配合跨部門合作。
239,4708958,跨境電商平台營運 (Amazon/Alibaba),跨境電商推廣銷售(熟悉Amazon為佳),臺久企業股份有限公司,其他化學相關製造業,台中市大安區,"月薪 35,000~120,000元",35000,https://www.104.com.tw/job/2sxge,跨境電商平台營運 (Amazon/Alibaba/Shopee/Shopify) / 英語商務溝通與信件書信 (精通/流利/多益),1. 開發外銷/專案客戶及既有客戶的維護及訂單安排、交期跟催及相關出貨安排事宜等。 2. 外銷及專案相關需求協助。 3. 應收帳款核銷、催收及相關的應付帳款請款作業。 4. 產品或相關文件資料製作，校稿協助等(中翻英、英翻中)。 5. B2
240,15364056,跨境電商平台營運 (Amazon/Alibaba),國外業務專員-跨境電商・海外展會,彪騰虎興業有限公司,綜合商品批發代理業,南投縣南投市,"月薪 35,000~45,000元",35000,https://www.104.com.tw/job/95azc,跨境電商平台營運 (Amazon/Alibaba/Shopee/Shopify) / 英語商務溝通與信件書信 (精通/流利/多益) / 商務談判、報價議價與合約簽訂,1.負責阿里巴巴國際站及其他跨境平台的客戶詢盤，以英文即時回覆、持續追蹤並推進訂單成交。 2.透過跨境平台、電子郵件、社群媒體等管道，開發海外潛在客戶及代理商。 3.執行外貿業務流程，包含產品介紹、詢價、報價、樣品安排、商務談判、合約簽訂及
241,14847128,跨境電商平台營運 (Amazon/Alibaba),電商出貨高手(物流/訂單管理 非出貨人員),蒸汽火車股份有限公司,食品什貨零售業,高雄市鼓山區,"月薪 35,000~40,000元",35000,https://www.104.com.tw/job/8u848,跨境電商平台營運 (Amazon/Alibaba/Shopee/Shopify) / ERP / SAP 企業資源與進銷存管理,隊或倉庫管理經驗 *熟悉 WMS/ERP 系統整合 *具跨境電商出貨經驗
242,14348711,跨境電商平台營運 (Amazon/Alibaba),跨境電商運營專員/營運專員/業務助理/電商行銷專員/行銷營運專員/電子商務網站開發 Amazon/eBay/Shopify,邑方醫療器材企業社,其他醫療保健服務業,台中市東區,"月薪 29,500~9,999,999元",29500,https://www.104.com.tw/job/8jjjb,跨境電商平台營運 (Amazon/Alibaba/Shopee/Shopify),地跨境電商之相關稅務、法務等規範，並且按照相關規範，將Shopify平台做好相關設定；了解合作夥伴(例如物流海外倉)服務以及運作邏輯，串接至Shopify，使電商部門運作流暢 4.做好網站架構管理，並協作電商經理，定期審視Shopify電商
243,15352515,跨境電商平台營運 (Amazon/Alibaba),採購助理【citiesocial】,任開數位媒體行銷股份有限公司,數位內容產業,台北市內湖區,"月薪 196~9,999,999元",196,https://www.104.com.tw/job/9522r,跨境電商平台營運 (Amazon/Alibaba/Shopee/Shopify) / 英語商務溝通與信件書信 (精通/流利/多益) / 辦公室高效應用軟體 (Excel樞紐/PPT/Word) / 進出口關務與海空運單據 (L/C/信用狀/報關),每週至少可安排三天 - 熟悉 Excel／Google Sheets 基本操作 - 細心、有耐心，具備良好的資料整理能力 - 具備基本英文閱讀能力 - 對採購、電商或進出口工作有興趣 【加分條件】 - 具備電商後台商品上架經驗 - 具備進出
244,12701171,跨境電商平台營運 (Amazon/Alibaba),【專案部】專案助理,視宇股份有限公司,網際網路相關業,台北市松山區,"月薪 32,000~38,000元",32000,https://www.104.com.tw/job/7k8ab,跨境電商平台營運 (Amazon/Alibaba/Shopee/Shopify) / 英語商務溝通與信件書信 (精通/流利/多益) / 第二外語能力 (日語/西班牙語/越南語/德語),【公司介紹】 ViewEC 視宇股份有限公司為首席跨境電商代營運顧問公司，領先同業提供Amazon、eBay、Rakuten電商一站式代理營運服務，擁有大數據人工智能工具，善於協助企業從0到1完成電商品牌建置，團隊成員精通英文、日文、法文等
245,13049553,跨境電商平台營運 (Amazon/Alibaba),業務人員(台北),迪比翼國際股份有限公司,快遞服務業,台北市內湖區,待遇面議(4萬以上或面議),38000,https://www.104.com.tw/job/7rp3l,跨境電商平台營運 (Amazon/Alibaba/Shopee/Shopify) / 海外客戶開發與國際商展拓銷,本公司除深耕商務國際快遞運輸外，國際電商物流亦為我們的重要發展方向。 我們提供完善的獎金制度，誠摯邀請具有企圖心與熱忱的您加入！ 業務人員主要工作內容： 1.以電話或電子郵件開發新客戶。 2.提供來電客戶詢價服務與產品說明。 3.運用公司提
246,12371092,跨境電商平台營運 (Amazon/Alibaba),電商Account Manager(國際品牌),台灣寶尊電子商務股份有限公司,網際網路相關業,台北市松山區,待遇面議(4萬以上或面議),38000,https://www.104.com.tw/job/7d5lg,跨境電商平台營運 (Amazon/Alibaba/Shopee/Shopify),電子商務網站整合服務的需求溝通、彙整、協調(國際時裝/美妝/精品，依個人能力及需求調配)。 2. 專案時效管理：統整負責品牌電子商務網站的設計及商品運營作業流程，控管作業時效以符合客戶要求。 3. 流程優化/提案：定期針對作業流程及客戶需求
247,14669508,跨境電商平台營運 (Amazon/Alibaba),日班電商營運助理（上架／客服／社群支援）,本萬有限公司,網際網路相關業,新竹市,"月薪 30,000~40,000元",30000,https://www.104.com.tw/job/8qf2c,跨境電商平台營運 (Amazon/Alibaba/Shopee/Shopify),這份工作會很適合你。 我們正在尋找一位願意學習、細心負責的 日班電商營運助理，一起把商品資訊、顧客服務與日常營運做穩、做順，也把每一次成交與交付處理得更完整。 這份工作 不需要面對面接待客人，主要以 線上客服、商品上架、社群支援、訂單處理與
248,15329744,跨境電商平台營運 (Amazon/Alibaba),東南亞商品開發/營運經理,台鋼新零售股份有限公司,網際網路相關業,台北市內湖區,待遇面議(4萬以上或面議),38000,https://www.104.com.tw/job/94ki8,跨境電商平台營運 (Amazon/Alibaba/Shopee/Shopify),我們正在尋找熟悉東南亞文化、兼具「海外商品開發」與「電商 App ＋ 實體門市營運」雙重能力的關鍵人才。 【職位核心亮點】 主導跨境全通路（線上商城與實體門市）商業閉環 具備市場競爭力之薪酬方案與專案績效分紅 深入經營百萬在台東南亞生活
249,15170864,跨境電商平台營運 (Amazon/Alibaba),品牌行銷主管 / 整合行銷經理,冠泰氣電工具股份有限公司,網際網路相關業,台中市潭子區,待遇面議(4萬以上或面議),38000,https://www.104.com.tw/job/915ww,跨境電商平台營運 (Amazon/Alibaba/Shopee/Shopify),做過「規劃」而不只是「執行」 熟悉多元行銷管道的操作邏輯（社群 / 內容 / 短影音 / EDM），能判斷不同管道該用什麼打法 具備跨部門溝通協調能力，能把抽象的品牌策略轉譯成團隊聽得懂、做得到的方向 有工具製造業、B2B 品牌或跨境電商背
250,14636132,跨境電商平台營運 (Amazon/Alibaba),【專案部】專案企劃人員 (日文),視宇股份有限公司,網際網路相關業,台北市松山區,"月薪 40,000~50,000元",40000,https://www.104.com.tw/job/8ppb8,跨境電商平台營運 (Amazon/Alibaba/Shopee/Shopify) / 第二外語能力 (日語/西班牙語/越南語/德語),- 具跨部門溝通與協調能力。 -工作態度積極、抗壓性強。 【公司介紹】 視宇集團（ViewEC Corp. 包含旗下秩宇 Wiser 等子公司）為台灣首席跨境電商代營運企業，熟悉 Amazon、Walmart、eBay、Rakuten、
251,15225751,跨境電商平台營運 (Amazon/Alibaba),商品行銷企劃【japan selects】,任開數位媒體行銷股份有限公司,數位內容產業,台北市內湖區,待遇面議(4萬以上或面議),38000,https://www.104.com.tw/job/92c9j,跨境電商平台營運 (Amazon/Alibaba/Shopee/Shopify) / 海外數位行銷與流量投放 (GA4/SEO/Meta/Ads) / 商業數據分析與自動化 (Python/PowerBI/SQL),、KOL 等合作夥伴協作，完成行銷素材製作與推廣 - 追蹤商品銷售及行銷成效，透過數據分析持續優化商品表現 【我們希望你具備以下條件】 - 具 1 年以上商品企劃、行銷企劃、品牌行銷或電商相關工作經驗 - 具備商品賣點規劃、內容企劃及文案撰
252,14607139,跨境電商平台營運 (Amazon/Alibaba),資深電商客服運營專員(國際精品品牌),台灣寶尊電子商務股份有限公司,網際網路相關業,台北市松山區,待遇面議(4萬以上或面議),38000,https://www.104.com.tw/job/8p2xv,跨境電商平台營運 (Amazon/Alibaba/Shopee/Shopify),我們是寶尊電商台灣分公司，主要在協助國際品牌電商營運代操，您可以累積到品牌電商的營運深度及視野，同時也可以與亞太跨境夥伴共事體驗多元文化的不同，我們追求電商的彈性及高效，在這裡沒有大公司的繁複流程及僵化文化，我們不喜歡究責但歡迎您勇敢發掘問
253,13654886,跨境電商平台營運 (Amazon/Alibaba),電商平台業務專員,群利科技股份有限公司,消費性電子產品製造業,台北市內湖區,待遇面議(4萬以上或面議),38000,https://www.104.com.tw/job/84o6e,跨境電商平台營運 (Amazon/Alibaba/Shopee/Shopify) / 商業數據分析與自動化 (Python/PowerBI/SQL),1. 負責 Amazon 公司官網電商平台管理。 2. 賣場維護、商品上架及下架、庫存管理、出貨。 3. 客服信件處理。 4. 銷售成效追蹤、營運數據分析。 5. 主管交辦事項。
254,15383765,跨境電商平台營運 (Amazon/Alibaba),機場理貨-兼職,華美航運股份有限公司,儲配／運輸物流業,桃園市蘆竹區,"月薪 200~9,999,999元",200,https://www.104.com.tw/job/95q6t,跨境電商平台營運 (Amazon/Alibaba/Shopee/Shopify) / 進出口關務與海空運單據 (L/C/信用狀/報關),『華美航運』具45年最資深及專業的國際物流經驗。 為世界排名前五大國際快遞-日商OCS在台總代理。集團多元化經營國際快遞、空運、海運、報關...等提供一條龍式服務；也發展跨境物流與跨境電商等全球性市場服務。提供海內外客戶全方位物流服務新境界
255,12329616,跨境電商平台營運 (Amazon/Alibaba),【市場部】跨境電商 業務諮詢師,視宇股份有限公司,網際網路相關業,台北市松山區,"月薪 40,000~60,000元",40000,https://www.104.com.tw/job/7c9lc,跨境電商平台營運 (Amazon/Alibaba/Shopee/Shopify) / 生成式 AI 與智慧商務工具 (ChatGPT/Prompt/Copilot/Midjourney),【你將加入的公司】 ViewEC 視宇為跨境電商代營運顧問公司，提供 Amazon／eBay／Rakuten／TikTok 一站式代理營運服務，並搭配大數據與 AI 工具，協助企業從 0→1 建置跨境電商品牌、拓展歐美日市場。團隊具多語能力
256,6038696,國際貿易、報關與供應鏈關務,產品開發暨商品企劃專員(需英文溝通),正暉股份有限公司,綜合商品批發代理業,台北市南港區,待遇面議(4萬以上或面議),38000,https://www.104.com.tw/job/3lfhk,英語商務溝通與信件書信 (精通/流利/多益) / 商業數據分析與自動化 (Python/PowerBI/SQL),1.依公司產品發展方向，負責產品開發流程管理（規格確認、成本評估與上市時程控管）。 2.負責國內外供應商溝通協調、成本與交期管理。 3.進行銷售數據分析、需求預測與庫存水位控管，提出補貨與庫存優化建議。 4.協助產品定位與市場分析，提供價格
257,15305753,國際貿易、報關與供應鏈關務,倉儲管理人員 (新竹科學園區),Molex Taiwan Ltd._台灣莫仕股份有限公司,電腦及其週邊設備製造業,新竹市,待遇面議(4萬以上或面議),38000,https://www.104.com.tw/job/941zt,進出口關務與海空運單據 (L/C/信用狀/報關),關作業並追蹤貨物運輸及清關進度。 o 管理報關行、貨運承攬商及物流供應商。 5. 貿易法規與合規作業 o 協助產品稅則號列（HS Code）、出口管制分類（ECCN/EAR）及相關法規文件管理。 o 確保進出口作業符合各國貿易法規及公司合規
258,15060092,國際貿易、報關與供應鏈關務,國際貿易採購專員,新光鋼鐵股份有限公司,其他金屬相關製造業,新北市三重區,"月薪 35,000~9,999,999元",35000,https://www.104.com.tw/job/8ysfw,進出口關務與海空運單據 (L/C/信用狀/報關),口報關行政作業 。 4. 付款憑證審核登錄、結帳作業。 5. 碳排數據計算。 6. 主管交辦事項。 【我們在尋找這樣的你】 我們正在尋找願意穩定學習、逐步累積專業的夥伴。如果您熱愛國際貿易，具備細膩的邏輯與熱忱，新光鋼鐵將提供您最廣闊的學習
259,15395589,國際貿易、報關與供應鏈關務,Molteni&C｜國際貿易專員International Trade Specialist,大雅廚房器具有限公司,金屬家具及裝設品製造業,台中市大雅區,待遇面議(4萬以上或面議),38000,https://www.104.com.tw/job/95zb9,進出口關務與海空運單據 (L/C/信用狀/報關),**工作地點｜台中市** **薪資待遇｜依專業能力及相關經驗面議** 我們正在尋找具備國際貿易實務經驗，並熟悉進口家具或建材產業的夥伴加入 Molteni&C 團隊。 此職位將負責與海外原廠及供應端進行日常聯繫，協助訂單、進口、文件及交期
260,15215589,國際貿易、報關與供應鏈關務,國際貿易業務人員,馥維國際有限公司,其他紡織製品製造業,新北市三重區,待遇面議(4萬以上或面議),38000,https://www.104.com.tw/job/924f9,商務談判、報價議價與合約簽訂,1. 負責開發國內，國外，運動，休閒，戶外，登山等品牌客人，成衣廠 2. 負責向客人報價。 3. 負責聯絡客戶和確認訂單。 4. 追蹤交期及出貨狀況。 5. 負責和客戶溝通開發布種，報價，大貨生產進度，品質溝通和回覆交期。 6. 負責客戶資
261,13329149,國際貿易、報關與供應鏈關務,徵 日文國際貿易 業務助理 台中,艾德瑞有限公司,綜合商品批發代理業,台中市南區,"月薪 35,500~38,500元",35500,https://www.104.com.tw/job/7xou5,進出口關務與海空運單據 (L/C/信用狀/報關) / 第二外語能力 (日語/西班牙語/越南語/德語),"<請詳細閱讀內容後，才投遞履歷> 本工作需經常用日文溝通,準時下班。 主要工作內容是協助銷售專員、經理販賣給日本市場餐飲食品用手套、醫院護士用防護衣、環保除塵空氣過濾器。 1.負責國際貿易進出口文件製作。 2.商業書信撰寫&電話聯絡日本客戶"
262,15033108,國際貿易、報關與供應鏈關務,生技集團國際貿易專員,金歐利多生技股份有限公司,生化科技研發業,新北市林口區,"月薪 45,000~50,000元",45000,https://www.104.com.tw/job/8y7mc,海外客戶開發與國際商展拓銷,1. 負責生技食品原料國外業務市場開發、接洽及訂單處理； 2. 參加國際展覽； 3. 處理客戶需求與出貨等事務； 4. 協助國際採購事宜; 5. 訂定營業目標及執行並定期與主管做業績彙報與檢討； 6. 業績獎金制。 本職位負責開拓海外市場，
263,14599188,國際貿易、報關與供應鏈關務,【新事業籌備】國際貿易專員,有樂股份有限公司,其他餐飲業,桃園市中壢區,"月薪 36,000~43,000元",36000,https://www.104.com.tw/job/8owt0,,我們是一家持續發展的跨國品牌集團，據點橫跨台灣、澳洲、美國辦公室。為深化全球佈局並提升前瞻業務的推進效率，正迎來新一輪的業務擴張與團隊優化。 誠摯邀請具備國際貿易專才的你，如果你對跨國市場充滿興趣、樂於接受挑戰，歡迎前來聊聊，我們期待你的加
264,13657465,國際貿易、報關與供應鏈關務,進口國際貿易儲備幹部,倍暢國際貿易有限公司,綜合商品批發代理業,桃園市中壢區,"月薪 38,000~55,000元",38000,https://www.104.com.tw/job/84q61,商務談判、報價議價與合約簽訂 / 進出口關務與海空運單據 (L/C/信用狀/報關),【工作內容】 1. 確認產品規格。 2. 負責向廠商訪價。 3. 負責向客戶報價並確認訂單。 4. 安排正式進口並處理出貨報關文件作業。 5. 決定貨物裝運之方法，並準備提貨單、發貨單及其他相關文件。 6. 追蹤交期及出貨狀況。 7. 負責
265,14067943,國際貿易、報關與供應鏈關務,國際貿易人員,慶驊國際有限公司,化學原料及其製品批發業,新北市三重區,"月薪 35,000~43,000元",35000,https://www.104.com.tw/job/8diw7,英語商務溝通與信件書信 (精通/流利/多益) / 進出口關務與海空運單據 (L/C/信用狀/報關),1. 國外供應商E-mail信件往來回覆，熟英文，需書寫商用英文書信 2. 翻譯產品資料 3. 進出口貨物報關處理、瞭解進出口作業流程 4. 行政事務 作為國貿人員對於公司的國際貿易業務具有至關重要的地位，並且在這個領域的發展前景非常廣闊。
266,15379570,國際貿易、報關與供應鏈關務,國際貿易業務代表,承豪石材有限公司,其他商品批發業,台北市中山區,"月薪 50,000~9,999,999元",50000,https://www.104.com.tw/job/95mya,海外客戶開發與國際商展拓銷 / 商務談判、報價議價與合約簽訂,1.開發國外潛在客戶與拓展國內外市場。 2.定期拜訪客戶與供應商，維繫穩定關係。 3.負責國外產品銷售接洽與訂單處理。 4.負責產品報價，處理帳款回收相關事宜。 5.主管交辦事項。 國貿人員是公司在國際貿易市場的重要角色。這個職位可以為公司
267,8555318,國際貿易、報關與供應鏈關務,徵 日文國際貿易 國貿人員,艾德瑞有限公司,綜合商品批發代理業,台中市南區,"月薪 40,000~9,999,999元",40000,https://www.104.com.tw/job/53dbq,第二外語能力 (日語/西班牙語/越南語/德語),"(請先閱讀內容後,才投遞履歷) 本⼯作屬國際貿易性質.時間到 準時下班。 主要⼯作內容是銷售給⽇本市場 食品廠用衛生⼿套、醫院用防護衣、超市販售的口罩、環保空氣除塵過濾器。 1.需要主動電話開發客⼾與電話訪問客⼾。執行開拓新商品計畫。 2."
268,15209241,國際貿易、報關與供應鏈關務,貿易採購助理,均佰俊國際貿易有限公司,綜合商品批發代理業,新北市五股區,"月薪 38,000~42,000元",38000,https://www.104.com.tw/job/91zix,辦公室高效應用軟體 (Excel樞紐/PPT/Word),協助採購與出貨相關作業 核對商品品名、規格、數量與價格 整理訂單、到貨與出貨資料 更新 Excel 與相關文件資料 協助供應商進度追蹤 處理日常文件作業 可依學習狀況接觸國際貿易與物流文件流程 小團隊工作環境，可接觸完整採購、出貨與國際貿易
269,14252371,國際貿易、報關與供應鏈關務,國際貿易人員,由鑫國際有限公司,其他電子零組件相關業,新北市林口區,"月薪 40,000~9,999,999元",40000,https://www.104.com.tw/job/8hh77,商務談判、報價議價與合約簽訂 / 進出口關務與海空運單據 (L/C/信用狀/報關),1. 確認產品規格。 2. 負責向廠商訪價。 3. 負責向客戶報價並確認訂單。 4. 安排生產出貨，處理出貨報關文件作業。 5. 決定貨物裝運之方法，並準備提貨單、發貨單及其他相關文件。 6. 追蹤交期及出貨狀況，帳款催收。 7. 負責客戶
270,14427264,國際貿易、報關與供應鏈關務,國際貿易業務人員,星航企業股份有限公司,其他金屬相關製造業,越南,待遇面議(4萬以上或面議),38000,https://www.104.com.tw/job/8l85c,英語商務溝通與信件書信 (精通/流利/多益) / 第二外語能力 (日語/西班牙語/越南語/德語),語言順位英語、越語。 可以長駐越南，經驗低可接受。 需有外銷業務經驗三年以上。 上班時間：週一至週六 一年四次返台
271,4954528,國際貿易、報關與供應鏈關務,國際貿易業務人員,伯思美國際實業有限公司,食品什貨批發業,新北市五股區,"月薪 38,000~45,000元",38000,https://www.104.com.tw/job/2y6xs,英語商務溝通與信件書信 (精通/流利/多益) / 海外客戶開發與國際商展拓銷 / 進出口關務與海空運單據 (L/C/信用狀/報關),"1.處理客戶訂單、出貨、價格及交期管理,客戶服務 2.具有國際貿易基本觀念 3.具有出口報關流程相關作業經驗 4.協助主管交待事項 5.國外出差及國外參展 6.開發國外新客戶 7.海外派駐機會(美國.德國) **主要以精通英文為主** 若有"
272,15059475,國際貿易、報關與供應鏈關務,國際貿易業務,台生企業股份有限公司,文具禮品相關業,新北市土城區,待遇面議(4萬以上或面議),38000,https://www.104.com.tw/job/8yryr,商務談判、報價議價與合約簽訂 / 進出口關務與海空運單據 (L/C/信用狀/報關),進出口三角貿易、信用狀業務、國際貿易流程、商務談判及客戶關係經營。
273,12769546,國際貿易、報關與供應鏈關務,「國際貿易業務專員｜海外市場 × 國際採購 × 台灣食品出口」,三信國際股份有限公司,食品什貨批發業,台北市大同區,"月薪 38,000~48,000元",38000,https://www.104.com.tw/job/7lp1m,英語商務溝通與信件書信 (精通/流利/多益) / 進出口關務與海空運單據 (L/C/信用狀/報關),到這樣的你】 我們不要求您一開始就什麼都會。 我們更重視的是： 對國際貿易、海外市場或業務開發有興趣 具備基本英文讀寫及溝通能力 有國貿、採購、業務或相關經驗者佳 熟悉進出口流程或國際貿易文件者佳 具備良好的溝通、協調及問題解決能力 做事細
274,12783311,國際貿易、報關與供應鏈關務,國際貿易助理 / 業務助理,佳晃國際有限公司,綜合商品批發代理業,台北市北投區,"月薪 34,000~38,000元",34000,https://www.104.com.tw/job/7lznz,進出口關務與海空運單據 (L/C/信用狀/報關),負責國際貿易日常作業與跨國溝通協調，參與訂單處理、出貨安排及進出口文件相關作業，公司規模精簡、流程單純，適合喜歡穩定工作的夥伴。 【主要工作】 * 客戶訂單處理與出貨安排 * 協調貨運公司及倉庫出貨時程 * 出貨進度追蹤與異常狀況回報 * 
275,12753825,國際貿易、報關與供應鏈關務,國外業務助理【 跨國溝通國際貿易|進出口處理|物流管理|TOEIC加分|遷廠通勤配套】,見得行股份有限公司,綜合商品批發代理業,台中市龍井區,"月薪 30,000~35,800元",30000,https://www.104.com.tw/job/7lcwx,英語商務溝通與信件書信 (精通/流利/多益) / 進出口關務與海空運單據 (L/C/信用狀/報關),司內部行政事務，讓工作流程更加順暢。 安排進出口事宜： 與拖車行、堆高機等合作夥伴密切聯繫，確保進出口、船務和報關等事宜都能順利進行。 主管交辦事項： 完成主管交代的其他各項工作，挑戰自己，提升能力！ 優勢條件： 具備國際貿易常識的你將更具
276,15126383,國際貿易、報關與供應鏈關務,國貿人員,台灣美味國際貿易有限公司,食品什貨批發業,台中市烏日區,"月薪 35,000~40,000元",35000,https://www.104.com.tw/job/907lb,進出口關務與海空運單據 (L/C/信用狀/報關),．開發國外廠商及現有客戶之連絡維繫 ．安排貨物運輸業務，決定貨物裝運之方法，準備提貨單、發貨單及其他相關文件，進行貨物裝載及遞送 ．完成進出口報關程序。 ．確保進出口證件、保險單據及相關手續均安排妥當。 ．核對進出口文件以確定貨物內容，並依
277,13461346,國際貿易、報關與供應鏈關務,國貿採購人員,艾斯比國際貿易有限公司,綜合商品批發代理業,台北市松山區,"月薪 40,000~45,000元",40000,https://www.104.com.tw/job/80iua,海外客戶開發與國際商展拓銷 / 商務談判、報價議價與合約簽訂,1.國外廠商及現有客戶的連絡維繫、回覆e-mail、確認產品規格和價格 2.連絡工廠詢價及議價，訂單下單處理相關工作，追踪確認訂單 3.掌握產品生產時程及量產狀況 4.採購排程規劃與管控/監督/協調、具跨部門溝通協調能力 5能接受出差安排支
278,15152250,國際貿易、報關與供應鏈關務,國際貿易_業務助理,西盟杜股份有限公司,航空器及其零件製造修配業,彰化縣彰化市,"月薪 40,000~60,000元",40000,https://www.104.com.tw/job/90rju,英語商務溝通與信件書信 (精通/流利/多益) / 辦公室高效應用軟體 (Excel樞紐/PPT/Word) / ERP / SAP 企業資源與進銷存管理,蹤與對帳。 【應徵條件】 • 專業技能：熟悉國際貿易流程、Incoterms 2020 規範。 • 語言能力：具備良好的英文讀寫能力（需能獨立撰寫英文書信與貿易單據）。 • 軟體應用：熟練使用 Excel及 ERP 系統操作。 • 人格特質
279,15370370,國際貿易、報關與供應鏈關務,國貿人員,坤廣國際貿易有限公司,化學原料及其製品批發業,台中市北屯區,待遇面議(4萬以上或面議),38000,https://www.104.com.tw/job/95fuq,商務談判、報價議價與合約簽訂 / 進出口關務與海空運單據 (L/C/信用狀/報關),1. 負責向客戶報價並確認訂單。 2. 負責客戶與廠商之間的往來溝通。 3. 提供報價確認訂單，以準時出貨。 4. 海外業務開發。 5. 熟悉進出口業務
280,15299593,國際貿易、報關與供應鏈關務,國際貿易專員,碧水環境科技有限公司,建築工程業,馬來西亞,待遇面議(4萬以上或面議),38000,https://www.104.com.tw/job/93x8p,進出口關務與海空運單據 (L/C/信用狀/報關),1. 確認產品規格。 2. 負責向廠商訪價與協助處理進出口事宜。 3.安排生產出貨，處理出貨報關文件作業。 5. 決定貨物裝運之方法，並準備提貨單、發貨單及其他相關文件。 6. 追蹤交期及出貨狀況。 7. 負責客戶與廠商之間的往來溝通。 8
281,10102616,國際貿易、報關與供應鏈關務,國際貿易業務專員,東爵企業有限公司,飲料製造業,新北市樹林區,"月薪 40,000~9,999,999元",40000,https://www.104.com.tw/job/60j88,商務談判、報價議價與合約簽訂 / 進出口關務與海空運單據 (L/C/信用狀/報關),1.處理報價，客戶訂單，與工廠協調生產，出貨，及交期管理，客戶服務。 2.具有國際貿易基本觀念。 3.具有出口報關流程相關作業經驗 。 4.負責出口業務推展，傳達及說明公司各項業務訊息、活動及產品。 5. 完成主管交代事項。
282,15158085,國際貿易、報關與供應鏈關務,【台北松江南京】排休 / 電商通路營運專員｜momo／PChome／蝦皮,遠景國際貿易有限公司,電子通訊／電腦週邊批發業,台北市中山區,"月薪 35,000~40,000元",35000,https://www.104.com.tw/job/90w1x,跨境電商平台營運 (Amazon/Alibaba/Shopee/Shopify),# 電商通路營運專員｜momo／PChome／蝦皮 我們是 QZ168 遠景國際貿易有限公司，主要經營二手筆電、桌機、螢幕及 3C 商品，銷售通路包含實體門市、蝦皮、momo、PChome 及企業客戶。 此職位主要負責公司電商平台日常營運，
283,7454179,國際貿易、報關與供應鏈關務,國際貿易專員-日本線(國貿部),宏匠實業股份有限公司,電腦及其週邊設備製造業,新北市新莊區,待遇面議(4萬以上或面議),38000,https://www.104.com.tw/job/4froj,海外客戶開發與國際商展拓銷,1.客戶開發與聯繫並維護客戶關係，且須能獨立作業。 2.電梯電子產品售後服務。 3.研析市場資訊並提供研發部門研發意見。 4.客戶訂單發貨相關事項協調。 5.其它主管交辦事項。
284,13003607,國際貿易、報關與供應鏈關務,國際貿易業務助理/專員,十方貿易有限公司,綜合商品批發代理業,新北市樹林區,"月薪 32,000~38,000元",32000,https://www.104.com.tw/job/7qpnb,,多數訂單屬三角貿易性質 具相關工作經驗者，薪資依個人經驗與專業面議
285,15373077,國際貿易、報關與供應鏈關務,日文國際貿易業務-東門辦公室,友鋮股份有限公司,機械器具批發業,台南市東區,"月薪 36,000~42,000元",36000,https://www.104.com.tw/job/95hxx,商務談判、報價議價與合約簽訂 / 第二外語能力 (日語/西班牙語/越南語/德語),1. 聯繫國內外客戶與供應商。 2.確認客戶產品規格及圖面 3.負責向廠商詢價，確認品質，交期。 4.負責向客戶報價，確認品質，訂單，交期。 5.主管交付相關事項。
286,15358517,國際貿易、報關與供應鏈關務,國際貿易開發助理,酷熊集團_酷熊賽車工業有限公司,汽機車及其零配件用品／批發業,台中市西屯區,"月薪 200~9,999,999元",200,https://www.104.com.tw/job/956ph,英語商務溝通與信件書信 (精通/流利/多益) / 辦公室高效應用軟體 (Excel樞紐/PPT/Word),6.協助國貿部門文件整理及其他行政作業 7.完成主管交辦事項 條件要求 1.具外文能力者佳 2.具國際貿易相關經驗者佳 3.熟悉 Excel、Word 等基本文書軟體 4.細心、負責，具良好溝通及資料整理能力
287,13384658,國際貿易、報關與供應鏈關務,信宏建材國際貿易 JL精品磁磚 倉儲人員（台南區）,信宏建材國際貿易股份有限公司,建材／傢俱批發業,台南市南區,"月薪 40,000~45,000元",40000,https://www.104.com.tw/job/7yvo2,,需熟悉堆高機操作，有待過磁磚批發商者佳。工作內容為進、出貨管理，樣品及倉位管理！
288,13172631,國際貿易、報關與供應鏈關務,國內業務人員,宏台集團_宏台電子股份有限公司,其他電子零組件相關業,台中市北屯區,"月薪 40,000~60,000元",40000,https://www.104.com.tw/job/7uc2f,進出口關務與海空運單據 (L/C/信用狀/報關),※ 我們的貿易公司主要從事新能源電子材料進出口業務，計劃擴展不同領域的業務範圍。 ※ 公司有優秀團隊協助推展業務。 ※ 應徵者具半導體、伺服器相關產業經驗者佳。 ㄧ、必備/優先經驗： 優先錄用：具 2 年以上電子業 B2B 業務經驗（如電子
289,14246325,國際貿易、報關與供應鏈關務,歐洲區業務專員-義大利地區,久正光電股份有限公司,光電產業,台中市西屯區,"月薪 38,000~48,000元",38000,https://www.104.com.tw/job/8hcj9,海外客戶開發與國際商展拓銷 / 商務談判、報價議價與合約簽訂,"1-義大利地區國外業務 2-跨部門的採購訂單驗證及處理 3-溝通以滿足客戶要求、CRM、KPI 目標的實現 4-國外出差拜訪客戶及參展 account manager - Germany region Daily routine, inco"
290,15374865,國際貿易、報關與供應鏈關務,國貿助理,坤廣國際貿易有限公司,化學原料及其製品批發業,台中市北屯區,待遇面議(4萬以上或面議),38000,https://www.104.com.tw/job/95jbl,商務談判、報價議價與合約簽訂 / 進出口關務與海空運單據 (L/C/信用狀/報關),1. 負責向客戶報價並確認訂單。 2. 負責客戶與廠商之間的往來溝通。 3. 提供報價確認訂單，以準時出貨。 4. 海外業務開發。 5. 熟悉進出口業務
291,15154474,國際貿易、報關與供應鏈關務,外貿專員,元慶國際貿易有限公司,化學原料及其製品批發業,台中市北屯區,"月薪 30,000~40,000元",30000,https://www.104.com.tw/job/90t9m,,1. 出口文件業務。 2. 採購作業。 3. 費用報表整理。
292,14868932,國際貿易、報關與供應鏈關務,越南國際貿易專員 泰國國際貿易專員 馬來西亞國際貿易專員 印尼國際貿易專員,銳隆光電有限公司,其他半導體相關業,苗栗縣後龍鎮,"月薪 35,000~9,999,999元",35000,https://www.104.com.tw/job/8uoxw,第二外語能力 (日語/西班牙語/越南語/德語),職稱： 越南國際貿易專員｜泰國國際貿易專員｜馬來西亞國際貿易專員｜印尼國際貿易專員 【主要工作職責】 負責當地市場的貿易對接與商務拓展 - 建立並維護當地企業、研究單位、經銷商與合作夥伴關係。 - 協助推廣公司光電材料、導電玻璃、半導體與
293,8455759,國際貿易、報關與供應鏈關務,國際貿易主管,卡羅國際企業股份有限公司,食品什貨批發業,台北市南港區,"月薪 45,000~55,000元",45000,https://www.104.com.tw/job/518i7,進出口關務與海空運單據 (L/C/信用狀/報關),1. 國外原料採購與供應商管理：負責海外供應商開發、評鑑與維護，管控採購成本、交期及品質。 2. 進出口與船務物流控管：統籌進出口作業流程、海關報關、船務安排與貿易文件審核，確保供應鏈順暢。 3. 庫存管理與供需規劃：執行庫存管理規劃，結合
294,13939471,國際貿易、報關與供應鏈關務,【知名日商】汽車綜合商社--業務助理--TW00157-197-853 #國際貿易 #歡迎新鮮人,"保聖那管理顧問股份有限公司(Pasona Taiwan Co., Ltd.)",人力仲介代徵,台北市信義區,待遇面議(4萬以上或面議),38000,https://www.104.com.tw/job/8arrj,進出口關務與海空運單據 (L/C/信用狀/報關),作為Global Parts & Logistics團隊的重要夥伴，將協助業務營運與管理作業，確保部門運作順暢，是團隊不可或缺的關鍵角色。 1. 負責汽車零件及相關部品之國際貿易事務作業，包含第三國間進出口（3國間貿易）流程管理與訂單處理。
295,15047470,國際貿易、報關與供應鏈關務,國際貿易人員,達安企業股份有限公司,其他相關製造業,高雄市前鎮區,"月薪 34,000~38,000元",34000,https://www.104.com.tw/job/8yipa,商務談判、報價議價與合約簽訂 / 進出口關務與海空運單據 (L/C/信用狀/報關),職稱：國貿業務人員（無經驗可） 1. 負責國際市場開發與潛在客戶名單蒐集與分析。 2. 維護既有國外客戶關係，提升回購率與年度營收。 3. 負責報價作業、議價談判與合約條件確認。 4. 處理國際訂單、貿易流程。 5. 製作與審核進出口文件。
296,15340053,國際貿易、報關與供應鏈關務,國際貿易開發助理,酷熊集團_酷熊賽車工業有限公司,汽機車及其零配件用品／批發業,台中市西屯區,"月薪 38,000~38,000元",38000,https://www.104.com.tw/job/94sgl,英語商務溝通與信件書信 (精通/流利/多益) / 辦公室高效應用軟體 (Excel樞紐/PPT/Word),6.協助國貿部門文件整理及其他行政作業 7.完成主管交辦事項 條件要求 1.具外文能力者佳 2.具國際貿易相關經驗者佳 3.熟悉 Excel、Word 等基本文書軟體 4.細心、負責，具良好溝通及資料整理能力
297,15210018,國際貿易、報關與供應鏈關務,門市人員,阪田國際貿易有限公司,綜合商品批發代理業,台北市中山區,"月薪 30,000~80,000元",30000,https://www.104.com.tw/job/9204i,ERP / SAP 企業資源與進銷存管理,1. 接待顧客，提供商品介紹及推薦。 2. 處理顧客需求，如電話諮詢、調貨、商品數量及退換貨事宜。 3. 負責商品進銷存管理，包括上架、盤點及櫃位補貨。 4. 負責商品陳列及促銷品換檔，保障店面視覺效果整潔有序，並定期檢查商品擺放及價格是否
298,15379326,國際貿易、報關與供應鏈關務,國際貿易行銷人員,耕榆有限公司,其他相關製造業,新北市汐止區,待遇面議(4萬以上或面議),38000,https://www.104.com.tw/job/95mri,跨境電商平台營運 (Amazon/Alibaba/Shopee/Shopify) / 海外客戶開發與國際商展拓銷 / 海外數位行銷與流量投放 (GA4/SEO/Meta/Ads),1. 瞭解客戶需求，發掘市場潛力，協助制定公司國際市場拓展策略。 2. 參加國際展覽會、商務考察等活動，拓展國際客戶和市場。 3. 維護和管理國際客戶關係，確保客戶滿意度和忠誠度。 4. 協助業務人員或主管完成相關工作。 5. 提供公司營銷
299,14633914,國際貿易、報關與供應鏈關務,【日商】Supply Chain Business 部・ Global Parts&Logistics Group 業務助理,台灣豐田通商股份有限公司,綜合商品批發代理業,台北市信義區,"月薪 40,000~9,999,999元",40000,https://www.104.com.tw/job/8pnlm,進出口關務與海空運單據 (L/C/信用狀/報關),【職務說明】 作為Global Parts & Logistics團隊的重要夥伴，您將協助業務運營與管理作業，確保部門運作順暢，是團隊不可或缺的關鍵角色。 【工作內容】 1. 負責汽車零件及相關部品之國際貿易事務作業，包含第三國間進出口（3
300,12134849,國際貿易、報關與供應鏈關務,營業人員,博原貿易股份有限公司,綜合商品批發代理業,新北市板橋區,"月薪 45,000~55,000元",45000,https://www.104.com.tw/job/783b5,海外客戶開發與國際商展拓銷 / 進出口關務與海空運單據 (L/C/信用狀/報關),1. 協助業務人員追蹤訂單以及銷售相關事項 2. 協助業務人員每週匯報與銷售報表整理 3. 協助內部業務銷售的相關行政流程 4.開發新客戶及維護既有客戶關係 5. 熟悉國內外商品進出口貿易與採購。 6.協助業務人員申請UL等單位認證。
301,15132178,國際貿易、報關與供應鏈關務,【海外職人招聘】灌雲 熊本 台灣 木業貿易進出口公司｜產銷儲備幹部｜海外品管資檢人員,佑泰木業有限公司,建材／傢俱批發業,其他亞洲,待遇面議(4萬以上或面議),38000,https://www.104.com.tw/job/90c2a,進出口關務與海空運單據 (L/C/信用狀/報關),足的江蘇灌雲，我們都提供一個開放、具備挑戰性且充滿成長空間的舞台。 【更多資訊】 官方網站： https://www.nowhere-global.com 核心業務： 木材加工、原木採購、國際貿易、跨國物流、美線出口。 【工作內容】 品質檢
302,7273505,國際貿易、報關與供應鏈關務,學年(期)實習生 (進出口報關專員),開原報關股份有限公司,報關業,台中市西區,"月薪 29,500~35,000元",29500,https://www.104.com.tw/job/4bw9t,進出口關務與海空運單據 (L/C/信用狀/報關),本職務為與全國大專院校合作之「實習接軌就業計畫」，以報關專業職能培訓為主(有志朝向國貿通關專業服務職涯發展，非往國貿業務人員發展者)，讓「學以致用」的最後一哩路充分實踐！ 「報關業」是國際貿易供應鏈裡非常重要的一環，為培育國貿相關科系學生於
303,15051536,國際貿易、報關與供應鏈關務,【海外職人招聘】灌雲 熊本 台灣 木業貿易進出口公司｜進出口事務員,佑泰木業有限公司,建材／傢俱批發業,其他亞洲,待遇面議(4萬以上或面議),38000,https://www.104.com.tw/job/8ylu8,進出口關務與海空運單據 (L/C/信用狀/報關),足的江蘇灌雲，我們都提供一個開放、具備挑戰性且充滿成長空間的舞台。 【更多資訊】 官方網站： https://www.nowhere-global.com 核心業務： 木材加工、原木採購、國際貿易、跨國物流、美線出口。 【工作內容】 出口報
304,13263560,國際貿易、報關與供應鏈關務,韓國商品 [電商管理人員] 助理,崔普雷國際貿易有限公司,綜合商品批發代理業,新北市三重區,"月薪 32,000~36,000元",32000,https://www.104.com.tw/job/7wa88,跨境電商平台營運 (Amazon/Alibaba/Shopee/Shopify) / 第二外語能力 (日語/西班牙語/越南語/德語),【工作內容】 1.韓文>中文標籤製作列印/翻譯 2.電商平台商品管理上架/出貨 3.主管交付事項 4.圖片編輯 需會使用Photoshop 5.需會韓文 【享公司福利】 1.【週休二日，見紅就休】 2.上班時間:9:00~18:00 (午休
305,14913801,國際貿易、報關與供應鏈關務,淨水業務儲備幹部,瀚頓國際貿易有限公司,綜合商品批發代理業,新北市汐止區,"月薪 50,000~9,999,999元",50000,https://www.104.com.tw/job/8vnk9,海外客戶開發與國際商展拓銷,【淨水業務儲備幹部｜月薪 5 萬以上＋高獎金】 我們正在招募一位有潛力、想挑戰高收入與長期發展的業務儲備幹部， 一起推廣健康純淨的飲水生活，加入穩健且具成長性的團隊！ 若你具備廚具、建材或居家設備銷售經驗， 或對淨水產品推廣有熱情，這將是你
306,15385037,國際貿易、報關與供應鏈關務,英日語國際貿易專員｜攜手走向全球市場的關鍵夥伴,朝輝國際股份有限公司,鞋類／布類／服飾品批發業,台北市大同區,"月薪 45,000~9,999,999元",45000,https://www.104.com.tw/job/95r65,第二外語能力 (日語/西班牙語/越南語/德語),"月薪：45,000元起（依能力與經歷可再面議） ◆ 職務亮點／為什麼你該加入朝輝？ 1. 優於同業的起薪待遇： 認同雙語國貿人才的專業價值，提供優質起薪與明確的獎金激勵制度！ 2. 語言天賦完全釋放： 充分運用你的英/日語雙語優勢，成為跨國"
307,12930963,國際貿易、報關與供應鏈關務,保養維修人員,瀚頓國際貿易有限公司,綜合商品批發代理業,新北市汐止區,"月薪 35,000~50,000元",35000,https://www.104.com.tw/job/7p5lf,,【淨水保養維修人員｜熱情招募中】 肯學、肯做的你，就是我們要找的人！ 想學一技之長？喜歡實際動手，看到成果的成就感？ 加入我們，一起守護每一滴「飲用水」的純淨安全，也打造屬於你的專業未來！ 【工作內容】 ✔ 淨水設備安裝、定期保養與故障檢修
308,14418278,國際貿易、報關與供應鏈關務,國際貿易業務-東門辦公室,友鋮股份有限公司,機械器具批發業,台南市東區,"月薪 32,000~38,000元",32000,https://www.104.com.tw/job/8l17q,商務談判、報價議價與合約簽訂,1. 聯繫國內外客戶與供應商。 2.確認客戶產品規格及圖面 3.負責向廠商詢價，確認品質，交期。 4.負責向客戶報價，確認品質，訂單，交期。 5.視其業務範圍、主管及公司組織內工作分配，調度工作內容及任務。
309,14525344,國際貿易、報關與供應鏈關務,【海外職人招聘】熊本 灌雲 台灣 木業貿易進出口公司｜日文進出口事務員,佑泰木業有限公司,建材／傢俱批發業,日本,待遇面議(4萬以上或面議),38000,https://www.104.com.tw/job/8nbts,進出口關務與海空運單據 (L/C/信用狀/報關) / 第二外語能力 (日語/西班牙語/越南語/德語),足的江蘇灌雲，我們都提供一個開放、具備挑戰性且充滿成長空間的舞台。 【更多資訊】 官方網站： https://www.nowhere-global.com 核心業務： 木材加工、原木採購、國際貿易、跨國物流、美線出口。 工作內容包含： •
310,13263544,國際貿易、報關與供應鏈關務,韓國商品 [業務部] 業務助理,崔普雷國際貿易有限公司,綜合商品批發代理業,新北市三重區,"月薪 35,000~40,000元",35000,https://www.104.com.tw/job/7wa7s,進出口關務與海空運單據 (L/C/信用狀/報關),【工作內容】 1. 輸入、處理並追蹤客戶訂單，並將訂單資料存檔備份。 2. 保持與客戶間之聯繫，回覆e-mail，並確認交貨期。 3. 提供出貨文件，協助業務人員控管出貨，並處理進出口事宜。 4. 定期提供業務銷售狀況報表，以供業務人員或主
311,12768694,國際貿易、報關與供應鏈關務,國外部專員#船務#國際貿易事務處理#週休二日#年終獎金,遠景股份有限公司,綜合商品批發代理業,台北市南港區,待遇面議(4萬以上或面議),38000,https://www.104.com.tw/job/7lody,進出口關務與海空運單據 (L/C/信用狀/報關),你對國際貿易懷抱熱情？喜歡與世界接軌、處理進出口流程與物流安排？我們正在尋找細心、主動、有責任感的你！ 在這個角色中，你將成為公司連結國際的重要橋梁，確保產品從國外順利進口、合規、安全送達。我們重視團隊合作，也給予你獨立發揮的空間！
312,15382862,國際貿易、報關與供應鏈關務,國貿助理,翊傑國際貿易投資有限公司,其他商品批發業,高雄市三民區,"月薪 34,000~35,000元",34000,https://www.104.com.tw/job/95phq,進出口關務與海空運單據 (L/C/信用狀/報關),主要工作 1. 進出口作業 2. 國內外訂單管理 3. 基礎會計作業 4.其他交辦事項 上班時間：8:30-17:30
313,15229593,國際貿易、報關與供應鏈關務,國際貿易中心貿易部主管（外派）,PAN ASIAN CREATIONS LIMITED_安緹卡有限公司,文具禮品相關業,新北市新莊區,待遇面議(4萬以上或面議),38000,https://www.104.com.tw/job/92f89,英語商務溝通與信件書信 (精通/流利/多益),求： - 英文聽/說/讀/寫流利 - 10年以上國際貿易經驗 - 5年以上團隊管理經驗 - 曾管理10人以上團隊 - 熟悉歐美市場 - 熟悉OEM / ODM模式 B. 加分經驗: - 消費電子 - 玩具 - 禮品 - 家居裝飾品 - 季節
314,15145934,國際貿易、報關與供應鏈關務,業務助理,美喆國際企業股份有限公司,塑膠製品製造業,新北市土城區,"月薪 35,000~40,000元",35000,https://www.104.com.tw/job/90moe,英語商務溝通與信件書信 (精通/流利/多益),"及追蹤，於有效時間內回覆顧客信件。 對應徵者的期待： １．做事細心、有條理，能獨立完成交辦事項 ２．具主動性與責任感，願意學習新事物 ３．對國際貿易業務工廠營運流程有興趣 ４．具中等英文能力,可以閱讀與回覆email以及資訊搜尋 ５．歡迎有"
315,14998302,國際貿易、報關與供應鏈關務,國貿業務專員 - 歐洲市場 (International Sales Specialist - Europe),金格企業有限公司,家庭電器／設備及用品批發業,新北市中和區,"月薪 40,000~9,999,999元",40000,https://www.104.com.tw/job/8xgri,商務談判、報價議價與合約簽訂,Kitting)」或「懶人包」的需求與痛點（例如：是否覺得當地人工包裝太貴？），將這些資訊回報給總部，作為未來新產品線的開發參考。 • 樣品寄送： 安排樣品寄送至歐洲，並追蹤客戶的反饋意見。 6. 國貿行政與專案協作 • 處理國貿報價單 (
316,15363842,國際貿易、報關與供應鏈關務,國貿人員,波賽頓國際貿易有限公司,綜合商品批發代理業,新北市三重區,"月薪 38,000~45,000元",38000,https://www.104.com.tw/job/95ate,英語商務溝通與信件書信 (精通/流利/多益) / 海外客戶開發與國際商展拓銷 / 商務談判、報價議價與合約簽訂 / 進出口關務與海空運單據 (L/C/信用狀/報關),1.整理國外供應商應付帳款。 2.進口相關作業事務。 3.協助與國外供應商進行確認(含外文翻譯、信件處理等。) 4.能配合國內外會展出差執行國內外各商業展覽。 5.處理進口相關報表彙整統計及訂單作業處理。 6.負責一般文書資料處理及歸檔工作
317,15389549,國際貿易、報關與供應鏈關務,船務專員,億良有限公司,鋼鐵基本工業,高雄市前鎮區,"月薪 33,000~9,999,999元",33000,https://www.104.com.tw/job/95unh,進出口關務與海空運單據 (L/C/信用狀/報關),專門負責國際貿易的人員，擁有良好的發展前景，能夠深入瞭解國際貿易的運作方式和流程，並在團隊協作中積極貢獻。 如果您符合以上要求且有興趣申請此職位，請盡快提交您的履歷和聯繫方式。
318,13692414,國際貿易、報關與供應鏈關務,國際貿易專員,井頤生活科技有限公司,其他醫療保健服務業,台中市烏日區,"月薪 35,000~40,000元",35000,https://www.104.com.tw/job/85h4u,英語商務溝通與信件書信 (精通/流利/多益) / 海外客戶開發與國際商展拓銷,項。 【具備國際貿易與進口相關知識，能夠獨立處理日常業務】 【能夠獨立作業，具備參展經驗者佳】 【英文聽說讀寫流利，善於溝通、紀錄和整合】
319,15389705,國際貿易、報關與供應鏈關務,物流進出口專員,"Specialty Bolt and Screw, Inc._臺灣專業螺栓螺絲有限公司",其他金屬相關製造業,高雄市岡山區,"月薪 35,000~9,999,999元",35000,https://www.104.com.tw/job/95urt,進出口關務與海空運單據 (L/C/信用狀/報關),1. 負責進出口報關之行政作業，並匯整製作出口報關文件。 2. 製作國內客人出貨文件。 3. 處理、審核進出口報關之資料與文件。 4. 聯絡工廠、船公司和報關行，進行交期確認、排船、簽 SO、文件檢查等聯絡事項。 5. 與國外同事聯絡溝通協
320,7256247,國際貿易、報關與供應鏈關務,海空運業務代表,泰昌行國際運輸有限公司,貨運承攬業,台中市西區,"月薪 30,000~50,000元",30000,https://www.104.com.tw/job/4biyf,商務談判、報價議價與合約簽訂,1.開發潛在客戶，拓展市場，以達成業績目標。 2.定期拜訪重要客戶，維繫穩定客戶關係。 3.負責國內業務接洽及後續進出貨之問題。 4.負責報價，並處理帳款回收相關事宜。 5.主管交辦事項。
321,5448285,國際貿易、報關與供應鏈關務,國外業務/國貿人員,集合企業有限公司,綜合商品批發代理業,台北市大安區,待遇面議(4萬以上或面議),38000,https://www.104.com.tw/job/38rx9,英語商務溝通與信件書信 (精通/流利/多益) / 海外客戶開發與國際商展拓銷,1. 國外客戶書信聯絡：負責與國外客戶進行日常溝通與書信往來，維持良好的合作關係，並解答客戶需求問題及提供高效的服務。 2. 客戶開發與訂單管理：負責新客戶開發，並追蹤既有客戶訂單進度及出貨與帳款相關事宜，同時確保交期及生產進度符合客戶需求
322,15391057,國際貿易、報關與供應鏈關務,國貿採購,菁菓有限公司,綜合商品批發代理業,台中市西區,待遇面議(4萬以上或面議),38000,https://www.104.com.tw/job/95vtd,辦公室高效應用軟體 (Excel樞紐/PPT/Word) / ERP / SAP 企業資源與進銷存管理 / 進出口關務與海空運單據 (L/C/信用狀/報關),1. 熟悉進口報關流程，文件審核。 2. 國外客戶詢價與成本計算。 3. 國內行情調查。 4. 追蹤到貨狀況。 5. 相關貨款報表製作。 6. 熟Excel，數字概念強，細心。 7. 熟 ERP操作。 8.其他主管交辦事項。 9.會開車。
323,12914453,國際貿易、報關與供應鏈關務,韓國商品 [電商管理人員] 專員,崔普雷國際貿易有限公司,綜合商品批發代理業,新北市三重區,"月薪 35,000~43,000元",35000,https://www.104.com.tw/job/7osut,跨境電商平台營運 (Amazon/Alibaba/Shopee/Shopify) / 第二外語能力 (日語/西班牙語/越南語/德語),【工作內容】 1.韓文>中文標籤製作列印/翻譯 2.商品資料整理、電商平台上架與基本維護（蝦皮 / momo / 官網等） 3.商品出貨協助、訂單處理 4.商品圖片簡易編修（尺寸調整、去背、排版） 需會使用Photoshop 5.韓文商品資
324,15386525,國際貿易、報關與供應鏈關務,商品企劃專員(K-POP·文具MD),伊茉國際貿易有限公司,百貨相關業,台北市士林區,"月薪 32,000~42,000元",32000,https://www.104.com.tw/job/95sbh,跨境電商平台營運 (Amazon/Alibaba/Shopee/Shopify) / 英語商務溝通與信件書信 (精通/流利/多益) / 商務談判、報價議價與合約簽訂 / 第二外語能力 (日語/西班牙語/越南語/德語) / 商業數據分析與自動化 (Python/PowerBI/SQL),1、負責選品、市場調查與新商品開發 （專輯、應援棒、官方週邊、玩偶鑰匙圈、文具生活雜貨） 2、供應商聯繫、報價與MOQ確認、下單及進貨驗收 3、熟悉K-POP圈生態、追星族群消費行為，具應援商品／週邊代購經驗者佳 4、商品資料建置：SKU、
325,15395939,國際貿易、報關與供應鏈關務,國際貿易部專員/主任(英語),國歡企業有限公司,農事及畜牧服務業,高雄市新興區,待遇面議(4萬以上或面議),38000,https://www.104.com.tw/job/95zkz,英語商務溝通與信件書信 (精通/流利/多益) / 進出口關務與海空運單據 (L/C/信用狀/報關),1.國外廠商聯繫 2.進出口貿易事務辦理 3.外賓來訪接待 4.需精通英語
326,6843405,國際貿易、報關與供應鏈關務,國貿人員,碩真國際有限公司,綜合商品批發代理業,台北市中山區,待遇面議(4萬以上或面議),38000,https://www.104.com.tw/job/42oel,商務談判、報價議價與合約簽訂,1、協助主管處理採購及銷售相關事宜。 2、供應鏈流程之進度管理，製作文件並跟催(含維護、更新、管理各類文件檔案、客戶資料 處理)。 2、物流作業管理。，並確認船期及出貨安排。 3、顧客關係管理（含接聽電話與國內外相關客戶聯繫溝通、及接待外賓
327,12422140,國際貿易、報關與供應鏈關務,國際貿易業務,立鶴迅五金工業有限公司,金屬結構及建築組件製造業,台南市東區,"月薪 38,000~50,000元",38000,https://www.104.com.tw/job/7e8zg,商務談判、報價議價與合約簽訂 / 進出口關務與海空運單據 (L/C/信用狀/報關),1. 確認產品規格。 2. 負責向廠商訪價。 3. 負責向客戶報價並確認訂單。 4. 安排生產出貨，處理出貨報關文件作業。 5. 決定貨物裝運之方法，並準備提貨單、發貨單及其他相關文件。 6. 追蹤交期及出貨狀況，以準時出貨。 7. 保持與
328,14303535,國際貿易、報關與供應鏈關務,國際貿易人員,英屬安吉拉商郁巧有限公司,其他零售業,台中市西屯區,"月薪 31,000~50,000元",31000,https://www.104.com.tw/job/8ikof,辦公室高效應用軟體 (Excel樞紐/PPT/Word) / 商務談判、報價議價與合約簽訂,1.開發並確認產品規格。 2.負責向客戶報價並確認訂單以及整理樣品。 3.測試處理以及安排驗貨。 4.客訴處理以及請款事宜。 5.有國貿業務相關經驗1年以上者為佳（必需熟悉WORD/EXCEL/OUTLOOK操作）。 6.需配合加班及出差（
329,11130628,國際貿易、報關與供應鏈關務,業務人員(台北)(底薪+高獎金),汰遠國際貿易有限公司,建材／傢俱批發業,台北市內湖區,"月薪 38,000~100,000元",38000,https://www.104.com.tw/job/6mkg4,,汰遠國際貿易有限公司於2010年成立，經營進口瓷磚公司持續引進新建材，增加市場服務，擴充無限的成長空間。 為提供客戶更充沛的資源及全方位的服務，秉持著真心、誠信的經營理念。服務廣大客戶，也因應大環境建材的提升，本公司更將我們的產品多元化的經
330,14600616,國際貿易、報關與供應鏈關務,韓國業務專員,伊茉國際貿易有限公司,百貨相關業,台北市士林區,"月薪 42,000~55,000元",42000,https://www.104.com.tw/job/8oxwo,商務談判、報價議價與合約簽訂 / 進出口關務與海空運單據 (L/C/信用狀/報關) / 第二外語能力 (日語/西班牙語/越南語/德語),1.具備韓文對話及書寫能力 2.開發韓國進口產品，進行商務談判溝通，保持新舊合作廠商間良好互動 3.負責韓國市場調研，分析市場趨勢，制定銷售策略與計劃 4.進出口產品各項文件資料核對及與廠商對接提供 5.進出口產品異常問題排除及協調 6.完
331,13419175,國際貿易、報關與供應鏈關務,台中 國外採購專員,恒宜貿易股份有限公司,綜合商品批發代理業,台中市北屯區,"月薪 35,000~42,000元",35000,https://www.104.com.tw/job/7zmav,,、案件追蹤 6.文件申請(食藥署&國貿局) 7.其他主管交辦事項
332,13300879,國際貿易、報關與供應鏈關務,營運助理,晶耀國際貿易有限公司,其他商品批發業,台中市潭子區,"月薪 30,000~55,000元",30000,https://www.104.com.tw/job/7x30v,跨境電商平台營運 (Amazon/Alibaba/Shopee/Shopify) / 海外數位行銷與流量投放 (GA4/SEO/Meta/Ads),一、 網紅與社群行銷運營（KOL/部落客管理） • KOL / 部落客開發、聯繫與長期合作關係維護。 • 合作款項對帳、費用請款與發票整理。 • 電商/行銷平台活動之設定與上下架維護。 二、 財務與行政管理 • 零用金管理、異動核對與定期撥
333,12783562,國際貿易、報關與供應鏈關務,業務人員,瀚頓國際貿易有限公司,綜合商品批發代理業,新北市汐止區,"月薪 40,000~9,999,999元",40000,https://www.104.com.tw/job/7lzuy,,【淨水業務人員｜誠摯招募中】 我們正在尋找一位熱情主動、對推廣健康生活充滿使命感的業務夥伴，加入我們穩健且充滿潛力的團隊。 如果你擁有廚具／建材銷售經驗，或對推廣淨水產品有興趣，歡迎你一同投入這個充滿影響力與成就感的工作領域！ ｜工作內容｜
334,15340643,國際貿易、報關與供應鏈關務,Falomo 義大利品牌銷售顧問,方果國際貿易有限公司,建材／傢俱零售業,台中市西屯區,"月薪 30,000~230,000元",30000,https://www.104.com.tw/job/94swz,,高端睡眠空間顧問 Falomo 來自義大利，致力於將歐洲健康睡眠理念與高端居家美學帶入台灣市場。我們的主要合作對象為設計師、建築師、高端住宅業主、建設公司及精品飯店。 這份工作不只是銷售，而是透過專業知識、品味與顧問服務，協助客戶打造兼具美
335,4066085,國際貿易、報關與供應鏈關務,國際貿易業務助理,第讚企業有限公司,電力機械器材製造修配業,嘉義縣民雄鄉,"月薪 32,000~38,000元",32000,https://www.104.com.tw/job/2f5et,英語商務溝通與信件書信 (精通/流利/多益) / ERP / SAP 企業資源與進銷存管理 / 進出口關務與海空運單據 (L/C/信用狀/報關),1.協助業務與客戶共同確認產品規格。 2.與廠務共同安排生產出貨，聯繫報關行處理出貨報關作業。 3.確定貨物裝運之方法，並準備報關文件如提貨單、發貨單及其他相關文件。 4.輸入ERP、處理並追蹤客戶訂單，並將訂單資料存檔備份。 5.保持與客
336,15059947,國際貿易、報關與供應鏈關務,【海外職人招聘】日本九州．原木採購與全球供應鏈開發（N1日語｜近熊本｜黑川溫泉）,佑泰木業有限公司,建材／傢俱批發業,日本,待遇面議(4萬以上或面議),38000,https://www.104.com.tw/job/8ysbv,第二外語能力 (日語/西班牙語/越南語/德語),環境自在駕駛，享受與自然共舞的工作氛圍。 溝通長才： 個性外向、擅長社交，能與傳統日本職人建立長期合作信賴。 細心與敏銳： 對數據具備敏銳度，做事條理分明，能獨立推動專案。 加分項： 具備國際貿易、採購經驗或木材/農林相關背景者優先。 【加
337,14799327,國際貿易、報關與供應鏈關務,國際貿易業務助理,耀佳實業有限公司,綜合商品批發代理業,桃園市平鎮區,"月薪 40,000~45,000元",40000,https://www.104.com.tw/job/8t78f,英語商務溝通與信件書信 (精通/流利/多益),1.負責公司貿易出口、採購進貨訂單。 2.有行政、業助、總務相關經驗者尤佳。 3.協助處理庶務性行政工作、及主管臨時交辦的工作。 4.公司內部總務作業、基本出納作業處理。 5.需要英文多益500分以上或相當 我們尋求有志於在領
338,12254822,國際貿易、報關與供應鏈關務,【國際貿易業務助理】富國電機,富國電機股份有限公司,電力機械器材製造修配業,高雄市前鎮區,"月薪 45,000~9,999,999元",45000,https://www.104.com.tw/job/7anvq,商務談判、報價議價與合約簽訂,【職務角色】 作為富國電機的國際貿易業務助理，您將扮演「業務推手」與「後勤樞紐」的關鍵角色。 您不只是處理文件，更是業務團隊擴展國際市場的堅實後盾； 這是一個高效抗壓與自律的職務，我們尋求渴望與團隊並肩作戰做出成績的夥伴。 您將負責從報價追
339,12979617,國際貿易、報關與供應鏈關務,【國際貿易部】二手汽車銷售業務,凱爾車業有限公司,汽機車及其零配件用品／批發業,台北市內湖區,待遇面議(4萬以上或面議),38000,https://www.104.com.tw/job/7q74x,,，成交代表著一段與客戶的美好關係、仰賴信任與肯定。 凱爾創新之經營理念如下： ＊多元車種經營，從家庭代步車到超跑，自由發揮專業舞台。 ＊完備的後勤支援團隊，教育訓練、車輛管理、系統精算、多媒體行銷。 ＊國際貿易平台，國際車源平行輸入，嚴謹車
340,14624186,國際貿易、報關與供應鏈關務,國際咖啡業務專員,盈亮健康科技股份有限公司,綜合商品批發代理業,桃園市八德區,待遇面議(4萬以上或面議),38000,https://www.104.com.tw/job/8pg3e,,覽、廣告、會議）。 5. 提供售後服務，負責處理客戶端客訴之問題，給予完善的處理並建立長期夥伴關係。 6.能獨立作業且具相關國外業務陌生開發經驗10年以上，處理國際貿易事務，國外書信往來等工作。 7.主管交辦事項。
341,14616399,國際貿易、報關與供應鏈關務,資深OP/文件/文業人員 (航運管理、運輸管理、國貿、運籌管理、供應鏈、企管、行銷相關科系)--台北總公司,崴運物流股份有限公司,貨運承攬業,台北市中山區,"月薪 40,000~55,000元",40000,https://www.104.com.tw/job/8pa33,英語商務溝通與信件書信 (精通/流利/多益) / 進出口關務與海空運單據 (L/C/信用狀/報關),具船務經驗或二年以上經驗者佳。 1.負責進出口運務之文書作業，(包含:建檔、製作提單、文件擅打及檢查、國內/外帳單製作及應收/應付帳款的請款作業等相關事項)。 2.連絡船公司/FORWARDER/同行/代理行等貨物進出口之相關業務。 3.進
342,13069662,國際貿易、報關與供應鏈關務,運動服飾＆配件倉管人員｜Cycling FABRO頂級車衣專賣店,法博國際貿易有限公司,綜合商品批發代理業,台北市士林區,"月薪 34,000~35,000元",34000,https://www.104.com.tw/job/7s4m6,,溫度，由內而外讓大家喜歡我們的服務。 法博國際從醫療器材貿易起家，已在台灣深耕超過20個年頭，我們一直以無限思維的角度，觀察著千變萬化的市場。 近三年看準潛力跨足台灣單車服飾市場，目前為全台灣最大的單車運動服飾品牌進口商，並擁有多間直營門市
343,13356029,國際貿易、報關與供應鏈關務,【資深國際貿易業務管理師】,台灣漢門德股份有限公司,電力機械器材製造修配業,高雄市前鎮區,"月薪 50,000~9,999,999元",50000,https://www.104.com.tw/job/7y9kt,商務談判、報價議價與合約簽訂,續交期追蹤回覆 ◆客戶溝通窗口：透過電子郵件與電話即時回覆國內外客戶關於產品規格、 報價及出貨進度的詢問，維持良好的客戶關係 ◆銷售數據管理：定期整理銷售報表、更新客戶資料庫， 協助部門主管進行業務狀況分析 2.國際貿易
344,15379598,國際貿易、報關與供應鏈關務,國際貿易暨品牌專案經理,承豪石材有限公司,其他商品批發業,台北市中山區,"月薪 35,000~9,999,999元",35000,https://www.104.com.tw/job/95mz2,,務說明 此職位是國際貿易與品牌部門的重要執行夥伴，主要負責國貿行政、訂單與出貨流程，以及品牌專案的協調與落實。您將與國外客戶、公司內部各部門及外部合作廠商密切聯繫，確保各項工作依照時程順利完成。 我們期待您具備細心負責、主動積極及良好的溝通
345,15315178,國際貿易、報關與供應鏈關務,【長期派遣｜外商化工公司】客戶服務代表_半年後極高機率轉正_201HY,萬寶華企業管理顧問股份有限公司,人力仲介代徵,台北市信義區,"月薪 55,000~65,000元",55000,https://www.104.com.tw/job/9499m,進出口關務與海空運單據 (L/C/信用狀/報關),• 協助進口稅務現金需求及現金流預估。 4. 行政支援 • 依公司需求協助供應商付款及其他行政相關作業。 【需求條件】 • 具2年以上相關工作經驗。 • 具客戶服務、業務行政、物流、國際貿易或進出口相關經驗佳。 • 具外商公司工作經驗者加分
346,5636024,國際貿易、報關與供應鏈關務,【桃園】倉儲物流人員,南聯國際貿易股份有限公司,綜合商品批發代理業,桃園市蘆竹區,"月薪 40,000~43,000元",40000,https://www.104.com.tw/job/3css8,,"※大學畢業者底薪37,000元以上，另加堆高機津貼3,000元。 1.依物流及倉儲流程執行進貨/理貨/提貨作業。 2.倉儲儲區管理。 3.經銷品牌庫存效期統計及管理。 4.存貨盤點、管理及異常回報主管。 5.主管交辦事項。"
347,13772305,國際貿易、報關與供應鏈關務,採購助理-*無經驗可*,凱悅國際貿易有限公司,其他相關製造業,台北市信義區,"月薪 34,000~37,000元",34000,https://www.104.com.tw/job/876s1,進出口關務與海空運單據 (L/C/信用狀/報關),1.系統訂單建立 2.掃描出貨文件、發送、歸檔工作 3.處理併櫃/出口報關相關事宜 4.協助下訂單給供應商以及溝通/安排/追蹤出貨事宜 5.客訴處理 6.樣品測試/整理及包裹簽收/寄送 7.電話接聽及接待訪客 8.主管交辦事項
348,12838283,國際貿易、報關與供應鏈關務,國貿助理 薪38000~42000,益詮精密股份有限公司,其他金屬相關製造業,台中市太平區,"月薪 38,000~42,000元",38000,https://www.104.com.tw/job/7n62z,進出口關務與海空運單據 (L/C/信用狀/報關),新客開發及業務通路拓展 產品銷售與客戶解說 客訴處理與客戶關係維護 客戶資料收集與管理 業績報表撰寫與目標達成 國外市場開發及國際貿易操作（包括進出口業務、報關、價格核算及貿易單據製作） 行政事務處理（追貨清單管理、EDM開發信撰寫及設計、
349,12803323,國際貿易、報關與供應鏈關務,國貿專員/資深專員 Business Coordinator/Sr. Business Coordinator,博瑞達應用材料股份有限公司,化學原料及其製品批發業,台北市南港區,"月薪 40,000~55,000元",40000,https://www.104.com.tw/job/7mf3v,ERP / SAP 企業資源與進銷存管理 / 商務談判、報價議價與合約簽訂,1. 協助銷售團隊與供應商及客戶合作，推動市場開發。 Support the sales team in collaborating with suppliers and customers to develop the market. 2
350,13465809,國際貿易、報關與供應鏈關務,國外業務助理(抗壓性高，願意學習，具備基本文書能力),野熊科技股份有限公司,其他紡織業,桃園市平鎮區,"月薪 40,000~9,999,999元",40000,https://www.104.com.tw/job/80ma9,海外客戶開發與國際商展拓銷 / 商務談判、報價議價與合約簽訂,[ 工作內容 ] 1.完成訂單作業(報價、樣品單、訂單文件製作、出貨跟催)和國外E-mail書信往來。 2.協助辦理國內外展覽事宜，需參展。 3.完成主管交辦事務。 [ 應徵條件要求 ] 1.對國際貿易事務感興趣者、本科系相關畢業、有國外業
351,15392143,國際貿易、報關與供應鏈關務,服飾店工讀,耀尚國際貿易股份有限公司,鞋類／布類／服飾品批發業,桃園市八德區,月薪 196~200元,196,https://www.104.com.tw/job/95wnj,,【關於 NUMAE】 NUMAE 為耀尚國際貿易旗下女裝品牌，目前正處於品牌正式營運及發展階段。我們希望找到願意一起學習、一起把門市做好的夥伴，也歡迎對服飾零售及品牌經營有興趣的人加入我們。
352,14520473,國際貿易、報關與供應鏈關務,外銷業務助理,偉特企業股份有限公司,鞋類／布類／服飾品批發業,台北市內湖區,"月薪 40,000~9,999,999元",40000,https://www.104.com.tw/job/8n82h,英語商務溝通與信件書信 (精通/流利/多益) / 進出口關務與海空運單據 (L/C/信用狀/報關),1. 輸入、處理並追蹤客戶訂單，並將訂單資料存檔備份。 2. 提供出貨文件，協助業務人員控管出貨，並處理進出口事宜。 3. 協助業務人員處理銷售業務相關之公司內部行政作業。
353,11809244,國際貿易、報關與供應鏈關務,律所專案助理,鈞威國際法律事務所,法律服務業,高雄市前鎮區,"月薪 32,000~40,000元",32000,https://www.104.com.tw/job/7142k,英語商務溝通與信件書信 (精通/流利/多益) / 辦公室高效應用軟體 (Excel樞紐/PPT/Word),且從容地處理全英文信件與基本商業電話溝通。 ￭ 熟悉 Word/Excel 等 Office 文書處理與排版。 ￭ 具備獨立作業與問題解決能力。 ￭ 細心負責、對細節的敏銳度高。 【加分項目】 ￭ 法律事務所工作經驗者優先錄取。 ￭ 有基礎
354,15222318,國際貿易、報關與供應鏈關務,國貿專員,萬陽貿易股份有限公司,綜合商品批發代理業,新北市林口區,"月薪 40,000~45,000元",40000,https://www.104.com.tw/job/929m6,,處理進口貨損案件，並與保險公司及相關單位進行理賠申請。 6.協助產品進口相關法規文件準備與管理。 7.其他主管交辦事項。 工作特色 穩定國際品牌代理業務。 可接觸國際供應鏈管理與進口實務。 學習食品進口法規及國際貿易完整流程。 與海外品牌直
355,6224089,國際貿易、報關與供應鏈關務,國外業務經理,佳紡國際貿易有限公司,紡織成衣業,新北市汐止區,待遇面議(4萬以上或面議),38000,https://www.104.com.tw/job/3pejd,海外客戶開發與國際商展拓銷 / 商務談判、報價議價與合約簽訂,◆負責國際市場業務開發、客戶關係經營與業績目標達成 ◆開拓海外品牌客戶，推動機能性布料產品市場布局 ◆主導客戶開發、報價提案、商務談判及專案執行 ◆深入掌握市場趨勢、產業動態與競品分析，制定業務發展策略 ◆跨部門協調研發、生產與供應鏈團隊，
356,15114763,國際貿易、報關與供應鏈關務,國際貿易專員,元鑫國際股份有限公司,金屬礦業,台北市松山區,"月薪 42,000~62,000元",42000,https://www.104.com.tw/job/8zymj,英語商務溝通與信件書信 (精通/流利/多益) / 進出口關務與海空運單據 (L/C/信用狀/報關),1. 國內外廠商聯繫、安排進出貨相關事宜 2. 處理Invoice、packing list 等進出口相關文件 3. 聯繫海外供應商，確認進出口相關條件 4. 協調國際貨運承攬商及報關行 *須具備英文書信以及口語溝通能力
357,13321615,國際貿易、報關與供應鏈關務,計時制倉管人員,星潮國際貿易股份有限公司,綜合商品批發代理業,新北市中和區,月薪 200~200元,200,https://www.104.com.tw/job/7xj0v,,每週至少排班4-5天(六日不上班) 每日工時6-7小時 09:00-18:00之間皆可排班 工作內容範圍: 1. 進退貨商品清點與整理、出貨品檢、貼標、包裝等倉儲作業相關業務。 2. 驗貨、理貨、揀貨、盤點作業。 3. 電腦KEY-IN資料
358,10261246,國際貿易、報關與供應鏈關務,資深採購,波賽頓國際貿易有限公司,綜合商品批發代理業,新北市三重區,"月薪 40,000~64,000元",40000,https://www.104.com.tw/job/63xmm,,1．負責國內/外訂單聯絡接洽、詢價（詢比議）、彙整、更新。 2．保持與各廠商/供應商間之聯繫，回覆訊息。 3．處理進、銷售相關業務公司內部行政作業。 4．國內、外新供應商新品開發聯繫。 5．成本計算。 6．需對負責業務有責任感。 7．完成主
359,15278912,國際貿易、報關與供應鏈關務,電商業務,晶耀國際貿易有限公司,其他商品批發業,台中市潭子區,"月薪 35,000~100,000元",35000,https://www.104.com.tw/job/93ha8,跨境電商平台營運 (Amazon/Alibaba/Shopee/Shopify) / 海外數位行銷與流量投放 (GA4/SEO/Meta/Ads),【工作內容】 1. KOL 與設計師合作洽談及關係維護（以台灣市場為主）。 2. 電子商務平台商品上下架與日常營運維護。 3. 社群媒體經營管理、行銷活動規劃與文案發想。 4. 行銷相關對帳事宜與數據追蹤。 5. 其他主管交辦事項。 【薪資
360,13010776,國際貿易、報關與供應鏈關務,（竹北店）Cycling FABRO｜戶外品牌銷售人員/儲備店長,法博國際貿易有限公司,綜合商品批發代理業,新竹縣竹北市,"月薪 30,000~40,000元",30000,https://www.104.com.tw/job/7qv6g,,這裡沒有太多規定，但有可以任你發揮與提出想法的創意空間。 這裡沒有太多同事，但有十幾個在商場上身經百戰的朋友能跟你一起互相交流學習。 這裡沒有太多壓力，我們希望用真誠以待的溫度，由內而外讓大家喜歡我們的服務。 法博國際從醫療器材貿易起家，已
361,15373414,國際貿易、報關與供應鏈關務,【台北松江南京】倉儲與庫存管理專員｜ERP／儲位／進出貨制度建置,遠景國際貿易有限公司,電子通訊／電腦週邊批發業,台北市中山區,"月薪 35,000~9,999,999元",35000,https://www.104.com.tw/job/95i7a,跨境電商平台營運 (Amazon/Alibaba/Shopee/Shopify) / ERP / SAP 企業資源與進銷存管理,我們是 QZ168 遠景國際貿易有限公司，主要經營二手筆電、桌機、Apple、手機、平板、遊戲機與企業設備回收，通路包含台北／台中門市、官網及多個電商平台。 因公司持續擴編，新增一位能把「實體商品、儲位與 ERP 庫存」建立成完整制度的倉儲
362,15101745,國際貿易、報關與供應鏈關務,資深國際財會專員,凱悅國際貿易有限公司,其他相關製造業,台北市信義區,"月薪 50,000~60,000元",50000,https://www.104.com.tw/job/8zokx,,"Monthly Responsibilities： Execute the monthly closing process, including account reconciliations and journal entry prepa"
363,15232531,國際貿易、報關與供應鏈關務,國際貿易業務專員,一本鮮國際實業有限公司,食品什貨零售業,新北市新店區,"月薪 38,000~42,000元",38000,https://www.104.com.tw/job/92hhv,英語商務溝通與信件書信 (精通/流利/多益) / 商務談判、報價議價與合約簽訂,此職務需具備1年以上外銷食品經驗 1.具國外市場營銷經營管理觀念。 2.商品研發：具商品開發概念、市場需求概念。 行銷活動： 具備行銷概念；熟悉通路等行銷活動。 3.營業管理報表的基礎製作及分析能力。 財務報表： 具毛利、損益分析、營業管理
364,15200515,國際貿易、報關與供應鏈關務,倉儲物流人員（倉管／配送司機）,元萊國際貿易有限公司,綜合商品批發代理業,高雄市大樹區,"月薪 32,000~40,000元",32000,https://www.104.com.tw/job/91ssj,,我們主要從事食品相關商品的進口與銷售，目前招募一位穩定、負責任的倉儲物流夥伴，主要負責商品進出貨、倉儲管理及配送相關工作。 【工作內容】 商品進貨、收貨、卸貨及數量驗收 依照訂單進行揀貨、備貨及出貨作業 商品上架、補貨及儲位整理 定期進行庫
365,12152537,國際貿易、報關與供應鏈關務,業務助理,全程興業股份有限公司,不織布業,台北市內湖區,"月薪 40,000~45,000元",40000,https://www.104.com.tw/job/78gyh,進出口關務與海空運單據 (L/C/信用狀/報關),國際業務支援專員｜出口訂單與文件處理 本職務將加入公司國際業務支援團隊，主要負責出口訂單處理、客戶文件聯繫與交期追蹤，需與歐洲、中東、美洲客戶及工廠／報關行密切合作。適合重視細節、具國際貿易經驗、希望在穩定出口製造業發展的夥伴。 【工作內容
366,6698902,國際貿易、報關與供應鏈關務,國際貿易業務助理,科頡工業股份有限公司,專用生產機械製造修配業,新北市深坑區,待遇面議(4萬以上或面議),38000,https://www.104.com.tw/job/3zkwm,英語商務溝通與信件書信 (精通/流利/多益),1. 輸入、處理並追蹤客戶訂單，並將訂單資料存檔備份。 2. 協助國外拓展人員相關事務。 3. 協助國外拓展人員控管出貨。 4. 定期提供銷售狀況報表，以供國外拓展人員或主管參考。 5. 協助國外拓展人員處理銷售業務相關之公司內部行政作業。
367,15252046,國際貿易、報關與供應鏈關務,業務助理,瑞可運通股份有限公司,儲配／運輸物流業,台北市內湖區,"月薪 36,000~9,999,999元",36000,https://www.104.com.tw/job/92wjy,商務談判、報價議價與合約簽訂,1.協助詢價與報價。 2.國內外客戶及國外代理e-mail信件處理。 3.文件報表製作與資料鍵輸。 4.帳款催收與核帳。
368,12843397,國際貿易、報關與供應鏈關務,業務助理(歡迎應畢生),伯思美國際實業有限公司,食品什貨批發業,新北市五股區,"月薪 38,000~44,000元",38000,https://www.104.com.tw/job/7na11,進出口關務與海空運單據 (L/C/信用狀/報關),"1.處理客戶訂單、出貨、價格及交期管理,客戶服務 2.具有國際貿易基本觀念 3.具有出口報關流程相關作業經驗 4.協助主管交待事項"
369,13087415,國際貿易、報關與供應鏈關務,國際貿易部-銷售顧問(高底薪高抽成),勁德美好汽車有限公司,汽機車及其零配件／用品零售業,桃園市桃園區,"月薪 171,429~714,286元",171429,https://www.104.com.tw/job/7sibb,,。 * 本公司每年花費近百萬推廣公司品牌；6個月內公司的youtube已突破至1.5萬人追蹤。 * 專營歐系進口車種之外，也有銷售親民的平價車種；本公司的宗旨為每一位顧客找尋適合的車種。 * 2020年公司成立外匯車國際貿易部門，拓展更多的
370,14008447,國際貿易、報關與供應鏈關務,國貿業務助理,遠龍不銹鋼股份有限公司,鋼鐵基本工業,高雄市小港區,"月薪 36,000~9,999,999元",36000,https://www.104.com.tw/job/8c8zj,進出口關務與海空運單據 (L/C/信用狀/報關),1.輸入、處理並追蹤客戶訂單，且將訂單資料存檔備份。 2.貿易進出口文件製作與交期管理。 2.保持與客戶間之聯繫，開發潛在客戶，回覆e-mail，並確認交貨期。 3.客戶業務往來資料備齊(申請書、契約)等 4.協助業務人員處理銷售業務相關之
371,15340676,國際貿易、報關與供應鏈關務,高端生活美學顧問 (台中),方果國際貿易有限公司,建材／傢俱零售業,台中市西屯區,"月薪 30,000~230,000元",30000,https://www.104.com.tw/job/94sxw,,高端睡眠空間顧問 Falomo 來自義大利，致力於將歐洲健康睡眠理念與高端居家美學帶入台灣市場。我們的主要合作對象為設計師、建築師、高端住宅業主、建設公司及精品飯店。 這份工作不只是銷售，而是透過專業知識、品味與顧問服務，協助客戶打造兼具美
372,15390695,國際貿易、報關與供應鏈關務,國際業務開發／國貿資深專員｜歐美市場｜特殊鋼・CNC・OEM,炬鋒特殊鋼股份有限公司,鋼鐵基本工業,台中市豐原區,"月薪 45,000~60,000元",45000,https://www.104.com.tw/job/95vjb,海外客戶開發與國際商展拓銷,Email 往來及商務溝通 * 海外客戶線上會議 * 接待海外客戶來台訪廠 * 配合主管參與海外客戶拜訪及國際展覽 * 協助處理客戶品質、交期及技術問題 4. 國際貿易作業 * EXW／FOB／CIF等貿易條件 * Commercial
373,14754245,國際貿易、報關與供應鏈關務,業務助理(桃園),汰遠國際貿易有限公司,建材／傢俱批發業,桃園市八德區,"月薪 33,000~40,000元",33000,https://www.104.com.tw/job/8s8g5,,汰遠國際貿易有限公司於2010年成立，經營進口瓷磚公司持續引進新建材，增加市場服務，擴充無限的成長空間。 為提供客戶更充沛的資源及全方位的服務，秉持著真心、誠信的經營理念。服務廣大客戶，也因應大環境建材的提升，本公司更將我們的產品多元化的經
374,8177222,國際貿易、報關與供應鏈關務,國際貿易業務助理,立鶴迅五金工業有限公司,金屬結構及建築組件製造業,台南市關廟區,"月薪 36,000~9,999,999元",36000,https://www.104.com.tw/job/4v9l2,,標籤印製與出貨 8. 主管交代事項 9. 提供三節獎金+年終，試用六個月經評核狀況.依公司及個人意願轉任正職國貿業務
375,12097791,國際貿易、報關與供應鏈關務,國貿人員,緯聯股份有限公司,綜合商品批發代理業,台南市仁德區,"月薪 33,000~9,999,999元",33000,https://www.104.com.tw/job/77apr,商務談判、報價議價與合約簽訂,1.負責國外客戶詢價.報價.訂單之處理。 2.國內供應商詢報價.產品訂單之後續追蹤出貨。 3.協調客戶與廠商之間的往來溝通及客訴處理。
376,15343362,國際貿易、報關與供應鏈關務,國貿業務兼船務(兼職),鐽昇企業有限公司,綜合商品批發代理業,台北市文山區,其他,35000,https://www.104.com.tw/job/94v0i,海外數位行銷與流量投放 (GA4/SEO/Meta/Ads) / 進出口關務與海空運單據 (L/C/信用狀/報關),"*本公司為成立45年的貿易公司。 *本次應聘國貿業務兼船務人員, 有、無經驗 及 兼職者皆可。 *業務人員的職責是將公司的產品經由各種平台銷售到全球。 (平台包含: 中國製造網、Facebook、WhatAPP、Wechat、-----等。"
377,12713750,國際貿易、報關與供應鏈關務,國貿業務助理,麥思樂國際有限公司,綜合商品批發代理業,台中市北屯區,"月薪 33,000~50,000元",33000,https://www.104.com.tw/job/7khzq,英語商務溝通與信件書信 (精通/流利/多益) / 進出口關務與海空運單據 (L/C/信用狀/報關),1.需跑國內工廠 查核訂單及數量 與現有客戶之連繫、進出口文書資料處理 英文中等即可。 2.具進出口船務經驗者/具備網站管理經驗/善用美編軟體/有電動四輪車經驗優先錄取。 3.應屆畢業生可 具有良好學習態度，積極認真負責。
378,14596471,國際貿易、報關與供應鏈關務,食品品保專員（具60A/60B證照優予錄用）,瑪爾氏國際貿易有限公司,調味用品製造業,高雄市燕巢區,"月薪 35,000~40,000元",35000,https://www.104.com.tw/job/8oupj,,【我們在找你！】具備專業食安熱情的品保專員 瑪爾氏國際貿易致力於專業調味料研發，目前正在尋找細心、負責的品保夥伴。 這裡沒有複雜的人際關係，只有專業的生產管理與對食安的堅持。 工作範圍- 1. 體系維護： 負責 ISO 22000 /
379,14923120,國際貿易、報關與供應鏈關務,【電商倉儲專員｜品牌代理／零售公司】,嵩昊國際貿易有限公司,其他零售業,台中市烏日區,"月薪 35,000~9,999,999元",35000,https://www.104.com.tw/job/8vur4,跨境電商平台營運 (Amazon/Alibaba/Shopee/Shopify) / ERP / SAP 企業資源與進銷存管理,我們是韓國寢具專門店，商品主打 「質感、觸感與生活溫度」，從零售、品牌代理到 B2B 批發合作；從床鋪延伸到空間、觸覺、氣味，持續拓展五大產品線，品牌穩定成長中。 我們重視每一位員工，有良好的企業文化，歡迎有電商倉儲管理經驗的人加入，和我們
380,14718162,國際貿易、報關與供應鏈關務,冷凍水產配送司機,尚恆國際貿易有限公司,其他食品製造業,新北市五股區,"月薪 55,000~9,999,999元",55000,https://www.104.com.tw/job/8rglu,,工作內容： 1.配合進出冷凍庫作業，搬運與整理冷凍水產商品。 2.負責商品運送配送，包含裝卸貨物、打包、補貨巡貨，並將商品準時、安全送達客戶端。 3.執行商品交期管理與送貨排程，確保物流準確高效。 4.協助入庫驗收、商品上架、清點盤存作業，
381,14097690,國際貿易、報關與供應鏈關務,亞鈺汽車｜車輛整備管理人員｜需會開車・可外勤｜無經驗可,亞鈺汽車集團_亞鈺國際貿易有限公司,汽機車及其零配件／用品零售業,桃園市龜山區,"月薪 32,000~35,000元",32000,https://www.104.com.tw/job/8e5ui,,"【 薪 資 與 成 長】 ✦ 薪資$32,000~$35,000，依能力核定 ✦ 表現好，定期調薪與工作內容提升 ✦ 有人帶、有人教，學得到也看得到成長 ✦非銷售職，不需背業績；若自行轉介客戶成交，公司另提供額外獎金 【 工 作 內 容 】"
382,14588378,國際貿易、報關與供應鏈關務,國貿業務,麥思樂國際有限公司,綜合商品批發代理業,台中市北屯區,"月薪 36,000~60,000元",36000,https://www.104.com.tw/job/8oogq,英語商務溝通與信件書信 (精通/流利/多益) / 進出口關務與海空運單據 (L/C/信用狀/報關) / 第二外語能力 (日語/西班牙語/越南語/德語),1.國外廠商及現有客戶之連繫、查核訂單、進出口文書資料處理。 2.海外客戶書信往來處理，線上會議溝通。 3.具進出口船務經驗者/具備網站管理經驗/善用美編軟體/有電動自行車經驗優先錄取。 4. 具有第二外語能力者優先錄取，會日語/西語/德語
383,14467766,AI應用與數位經貿 (ChatGPT/AI),短影音剪輯師（週休二日 / 不加班 / 汐科站 5min）,宏林跨媒體整合行銷股份有限公司,廣告行銷公關業,新北市汐止區,"月薪 32,000~35,000元",32000,https://www.104.com.tw/job/8m3ee,,"⚫ 不加班不加班不加班！ 重視效率，下班時間留給自己！ ⚫ 台鐵汐科站走路五分鐘 交通好方便 (,,‧ω‧,,) ⚫ 免費咖啡、零食隨便拿，還有慶生會與不定期餵食！ ■ 我們在找這樣的你： 我們專注於製作「商業直式短影音」，這份職位需要具備"
384,13894647,AI應用與數位經貿 (ChatGPT/AI),【儲備幹部】HR人資招募 Recruiter,京都堂中醫診所,診所,台北市大安區,待遇面議(4萬以上或面議),38000,https://www.104.com.tw/job/89t6f,,【儲備幹部】HR人資招募Recruiter 時尚中醫事持續拓展版圖，薪資、福利皆高於現行產業。 積極尋找， 熱情、創意、執行力佳，勇於挑戰的您。 【工作簡介】 1.實施人才招募面試與任用報到作業。 2.規劃多元招募管道與各式招募宣傳企劃。 
385,14996508,AI應用與數位經貿 (ChatGPT/AI),專案業務 Canva X ChatGPT 企業解決方案,創點子媒體行銷有限公司,廣告行銷公關業,桃園市桃園區,"月薪 40,000~60,000元",40000,https://www.104.com.tw/job/8xfdo,生成式 AI 與智慧商務工具 (ChatGPT/Prompt/Copilot/Midjourney),台灣的企業也正在經歷這場變革。我們正在尋找一位具備 「商業敏銳度」 與 「教育熱忱」 的夥伴，將 Canva 的企業級價值帶入中小企業、上市櫃公司與政府機關。 一、【這個角色的核心價值】 不同於傳統軟體銷售，Canva X ChatGPT 
386,12619100,AI應用與數位經貿 (ChatGPT/AI),●Claude/CHATGPT AI應用整合工程師 AI Integration Engineer● AI工程師●【年薪不設限】★薪30K-55K起+降低成本的1%★►季獎金►外縣市供宿●IT資訊專員●,騏宏科技股份有限公司,汽車及其零件製造業,台南市永康區,"月薪 35,714~85,714元",35714,https://www.104.com.tw/job/7igyk,生成式 AI 與智慧商務工具 (ChatGPT/Prompt/Copilot/Midjourney),、ChatGPT、Gemini 等） •產出可用的提示詞模板、工作指引、品質檢核規則（避免胡亂生成） 3.企業知識庫(釘釘文檔知識庫)整理與AI串聯（NotebookLM / 內部文件治理） •整合制定部門知識庫架構、分類、標籤、版本控管、
387,14678740,AI應用與數位經貿 (ChatGPT/AI),【AI First】成長行銷／數位行銷｜財經 KOL 事業 Growth Marketing（JIRA813）,全曜財經資訊股份有限公司,電腦軟體服務業,新北市板橋區,待遇面議(4萬以上或面議),38000,https://www.104.com.tw/job/8qm6s,生成式 AI 與智慧商務工具 (ChatGPT/Prompt/Copilot/Midjourney) / 海外數位行銷與流量投放 (GA4/SEO/Meta/Ads),ROAS、營收、留存 你需要能繼續往下問： 「所以發生了什麼？下一步我要改什麼？」 4｜你會使用 AI，把時間留給更重要的判斷 CMoney 是 AI First 的工作環境。 ChatGPT、Claude、Gemini、Codex 或其他
388,15225647,AI應用與數位經貿 (ChatGPT/AI),AI 應用助理小能手,哈拉集團_哈拉影城有限公司,電影片映演業,台北市內湖區,"月薪 30,000~9,999,999元",30000,https://www.104.com.tw/job/92c6n,生成式 AI 與智慧商務工具 (ChatGPT/Prompt/Copilot/Midjourney),AI任務化執行：運用 ChatGPT、Google Gemini 等生成式 AI 工具 根據主管協助交辦之事項（如：報告撰寫、資料圖片搜集、社群文案生成） 嘗試用不同提示詞，產出成果。修改生成內容格式、語氣及協調性，利用 AI 輔助整理會議
389,15225097,AI應用與數位經貿 (ChatGPT/AI),AI 應用助理小能手,和怡商旅股份有限公司,旅遊服務業,台北市內湖區,"月薪 30,000~9,999,999元",30000,https://www.104.com.tw/job/92brd,生成式 AI 與智慧商務工具 (ChatGPT/Prompt/Copilot/Midjourney),AI任務化執行：運用 ChatGPT、Google Gemini 等生成式 AI 工具 根據主管協助交辦之事項（如：報告撰寫、資料圖片搜集、社群文案生成） 嘗試用不同提示詞，產出成果。修改生成內容格式、語氣及協調性，利用 AI 輔助整理會議
390,15158504,AI應用與數位經貿 (ChatGPT/AI),【設計部】AI 自動化流程設計師 (視覺設計專業)(JIRA735),全曜財經資訊股份有限公司,電腦軟體服務業,新北市板橋區,待遇面議(4萬以上或面議),38000,https://www.104.com.tw/job/90wdk,生成式 AI 與智慧商務工具 (ChatGPT/Prompt/Copilot/Midjourney) / ERP / SAP 企業資源與進銷存管理,計經驗，並提供作品集 • 具備 AI 工具串接與流程自動化的實務經驗 • 曾將既有工作流程轉化為可重複、可擴展的作業機制 • 熟悉 Claude、Gemini、ChatGPT、OpenClaw、Perplexity 等工具 • 具備設計背景
391,14899016,AI應用與數位經貿 (ChatGPT/AI),營運行政人員（AI 效率應用）,加百列材料科技股份有限公司,其他紡織製品製造業,台北市松山區,"月薪 28,571~42,857元",28571,https://www.104.com.tw/job/8vc5k,生成式 AI 與智慧商務工具 (ChatGPT/Prompt/Copilot/Midjourney),ChatGPT 或 Gemini 輔助商務郵件撰寫、報告整理及社群文案潤飾，提升行政產出品質。 4. 行政庶務支援： 接聽電話、郵件收發、訪客接待及辦公室環境維護。 5. 實驗室及數位噴印機台協助： 協助數位噴印機台操作及簡易實驗製作與器材
392,15063498,AI應用與數位經貿 (ChatGPT/AI),"AI行政應用專員，月薪 38,000～48,000 元（依相關經驗、數據分析能力及 AI 工具應用能力核定）",立順診所,診所,新北市板橋區,"月薪 38,000~48,000元",38000,https://www.104.com.tw/job/8yv2i,生成式 AI 與智慧商務工具 (ChatGPT/Prompt/Copilot/Midjourney) / 辦公室高效應用軟體 (Excel樞紐/PPT/Word) / 商業數據分析與自動化 (Python/PowerBI/SQL),等工具 －對 AI 工具應用與數位轉型具高度興趣 －不排斥數據整理、報表製作與數字分析工作 【加分條件】 －曾使用 ChatGPT、Claude、Gemini、Notion AI 等 AI 工具 －熟悉 Excel 函數、樞紐分析或資料視覺
393,14764533,AI應用與數位經貿 (ChatGPT/AI),"AI行政應用專員，月薪 38,000～48,000 元（依相關經驗、數據分析能力及 AI 工具應用能力核定）",立丞診所,診所,新北市板橋區,"月薪 38,000~48,000元",38000,https://www.104.com.tw/job/8sgdx,生成式 AI 與智慧商務工具 (ChatGPT/Prompt/Copilot/Midjourney) / 辦公室高效應用軟體 (Excel樞紐/PPT/Word) / 商業數據分析與自動化 (Python/PowerBI/SQL),等工具 －對 AI 工具應用與數位轉型具高度興趣 －不排斥數據整理、報表製作與數字分析工作 【加分條件】 －曾使用 ChatGPT、Claude、Gemini、Notion AI 等 AI 工具 －熟悉 Excel 函數、樞紐分析或資料視覺
394,14747285,AI應用與數位經貿 (ChatGPT/AI),"AI行政應用專員，月薪 38,000～48,000 元（依相關經驗、數據分析能力及 AI 工具應用能力核定）",立竹診所,診所,新北市板橋區,"月薪 38,000~48,000元",38000,https://www.104.com.tw/job/8s32t,生成式 AI 與智慧商務工具 (ChatGPT/Prompt/Copilot/Midjourney) / 辦公室高效應用軟體 (Excel樞紐/PPT/Word) / 商業數據分析與自動化 (Python/PowerBI/SQL),等工具 －對 AI 工具應用與數位轉型具高度興趣 －不排斥數據整理、報表製作與數字分析工作 【加分條件】 －曾使用 ChatGPT、Claude、Gemini、Notion AI 等 AI 工具 －熟悉 Excel 函數、樞紐分析或資料視覺
395,15304930,AI應用與數位經貿 (ChatGPT/AI),AI 賦能業務專員,喬福泡綿股份有限公司,合成樹脂／塑膠及橡膠製造業,台中市南屯區,待遇面議(4萬以上或面議),38000,https://www.104.com.tw/job/941cy,生成式 AI 與智慧商務工具 (ChatGPT/Prompt/Copilot/Midjourney) / 辦公室高效應用軟體 (Excel樞紐/PPT/Word) / 海外客戶開發與國際商展拓銷 / 商務談判、報價議價與合約簽訂,1.負責客戶開發與既有客戶關係維護，處理詢價、報價、訂單追蹤 2.運用 AI 工具（如 ChatGPT、Claude）協助撰寫客戶信件、會議紀要、簡報製作，提升回覆效率 3.使用 AI 進行市場/競品資訊蒐集與整理，支援業務決策 4. 探索
396,15185811,AI應用與數位經貿 (ChatGPT/AI),市場專案助理（AI行銷／教育品牌）,京尼教育科技股份有限公司,其他教育服務業,高雄市苓雅區,"月薪 35,000~9,999,999元",35000,https://www.104.com.tw/job/91hg3,生成式 AI 與智慧商務工具 (ChatGPT/Prompt/Copilot/Midjourney) / 辦公室高效應用軟體 (Excel樞紐/PPT/Word),推進與 AI 工作流程應用。 工作內容包含： 1. 行銷專案執行與協作 2. AI工具應用（必要技能） （如 ChatGPT、Canva AI、簡報工具、內容生成工具等） 3. 行政與營運支援 4. 活動與時段支援 因教育產業特性，需配合市
397,15175427,AI應用與數位經貿 (ChatGPT/AI),健康加值服務運營助理（派遣平台 / 健康服務專案）,梅科科技股份有限公司,網際網路相關業,台北市大安區,"月薪 40,000~9,999,999元",40000,https://www.104.com.tw/job/919fn,生成式 AI 與智慧商務工具 (ChatGPT/Prompt/Copilot/Midjourney),能力） ● 具時間管理與多任務處理能力 【加分條件】 ● 習慣使用 AI 工具（如 ChatGPT、Notion AI、Canva AI 等）提升工作效率 ● 熱愛運動、了解健身或物理治療產業生態 ● 具客服或平台營運經驗 【職務特色】 ●
398,14637871,AI應用與數位經貿 (ChatGPT/AI),AI應用與系統整合工程師,安兒康小兒專科診所,診所,台北市松山區,"月薪 45,000~65,000元",45000,https://www.104.com.tw/job/8pqnj,生成式 AI 與智慧商務工具 (ChatGPT/Prompt/Copilot/Midjourney) / ERP / SAP 企業資源與進銷存管理,Gemini Advanced、NotebookLM、ChatGPT、Perplexity 等生成式 AI 工具至診所行政／照護流程。 7. 協助行政與照護單位設計可行的 AI 解決方案與數位表單流程。 8. 定期追蹤國內外 AI 技術應用
399,15072331,AI應用與數位經貿 (ChatGPT/AI),建築師事務所｜行政人員｜行政助理,明水新創股份有限公司,不動產經營業,新北市新莊區,"月薪 31,000~38,000元",31000,https://www.104.com.tw/job/8z1vv,生成式 AI 與智慧商務工具 (ChatGPT/Prompt/Copilot/Midjourney) / 辦公室高效應用軟體 (Excel樞紐/PPT/Word),文書。(Office/Word/Excel....等) 6. 熟悉AI工具尤佳(NotebookLM、Gemini、ChatGPT、Notion AI)
400,15397276,AI應用與數位經貿 (ChatGPT/AI),【台北】AI 遊戲內容企劃,奧爾資訊多媒體股份有限公司,數位內容產業,新北市板橋區,"月薪 30,000~45,000元",30000,https://www.104.com.tw/job/960m4,生成式 AI 與智慧商務工具 (ChatGPT/Prompt/Copilot/Midjourney),會獲得的】 ● 遊戲配音演出監修實務經驗 ● 小型到大型遊戲專案開發歷程 ● 營運型線上遊戲商品設計實務與驗證 ● AI圖像與文字的商用級應用能力 ● 角色與商品設計能力 【主要使用工具】聲音相關編輯工具 1.主要AI工具：ChatGPT/
401,15117546,AI應用與數位經貿 (ChatGPT/AI),專案業務與營運副理,鈞泰運動數位科技股份有限公司,運動服務業,新北市泰山區,"月薪 38,000~60,000元",38000,https://www.104.com.tw/job/900ru,生成式 AI 與智慧商務工具 (ChatGPT/Prompt/Copilot/Midjourney) / 辦公室高效應用軟體 (Excel樞紐/PPT/Word),快速變化的工作環境。 熟悉 Excel、Google Workspace 等基本數位工具。 願意使用 ChatGPT、Claude、Gemini 等 AI 工具提升工作效率。 可配合部分假日、活動及場館營運需求。 加分條件 : 具以下任一經
402,15313971,AI應用與數位經貿 (ChatGPT/AI),專案助理,宏康智慧股份有限公司,其他電信及通訊相關業,新北市汐止區,"月薪 35,000~50,000元",35000,https://www.104.com.tw/job/948c3,生成式 AI 與智慧商務工具 (ChatGPT/Prompt/Copilot/Midjourney),作，包含測試案例執行、問題記錄與追蹤，協助確保系統品質 -協助專案驗收、教育訓練及相關文件整理，確保專案交付資料完整。 -善用 AI 工具（如 ChatGPT、Claude、NotebookLM、Microsoft Copilot 等）協助
403,14764537,AI應用與數位經貿 (ChatGPT/AI),"AI行政應用專員，月薪 38,000～48,000 元（依相關經驗、數據分析能力及 AI 工具應用能力核定）",立吉診所,診所,新北市板橋區,"月薪 38,000~48,000元",38000,https://www.104.com.tw/job/8sge1,生成式 AI 與智慧商務工具 (ChatGPT/Prompt/Copilot/Midjourney) / 辦公室高效應用軟體 (Excel樞紐/PPT/Word) / 商業數據分析與自動化 (Python/PowerBI/SQL),等工具 －對 AI 工具應用與數位轉型具高度興趣 －不排斥數據整理、報表製作與數字分析工作 【加分條件】 －曾使用 ChatGPT、Claude、Gemini、Notion AI 等 AI 工具 －熟悉 Excel 函數、樞紐分析或資料視覺
404,14971720,AI應用與數位經貿 (ChatGPT/AI),【汐止東科園區】AI營運助理｜老闆特助,元創數位有限公司,廣告行銷公關業,新北市汐止區,"月薪 38,000~48,000元",38000,https://www.104.com.tw/job/8ww94,生成式 AI 與智慧商務工具 (ChatGPT/Prompt/Copilot/Midjourney),，你負責跟 ChatGPT/Claude 討論，並把長篇大論濃縮成「乾淨的表格」提報。 2.生活管家： 例如規劃國內外旅遊行程（機票、飯店、餐廳預訂）；或尋找高效率、評價好的居家清潔廠商，把錢花在刀口上。 3.商務行政： 銀行與廠商聯繫、訪
405,15111186,AI應用與數位經貿 (ChatGPT/AI),政府標案企劃專員｜提案寫作 × 補助案 × AI應用,晴仁數位文化有限公司,其他教育服務業,台北市大安區,"月薪 35,000~55,000元",35000,https://www.104.com.tw/job/8zvv6,生成式 AI 與智慧商務工具 (ChatGPT/Prompt/Copilot/Midjourney) / 辦公室高效應用軟體 (Excel樞紐/PPT/Word),壓性佳（標案 deadline 來時，像打 Boss 一樣穩） 【加分技能（有就更加分）】 ⭐ 曾參與政府標案投標／簡報 ⭐ 熟悉教育訓練、數位轉型、行銷相關領域 ⭐ 會使用 AI 工具（ChatGPT/Notion /Canva/Gemi
406,13979502,AI應用與數位經貿 (ChatGPT/AI),Marketing Specialist,曜越科技股份有限公司,電腦及其週邊設備製造業,台北市內湖區,待遇面議(4萬以上或面議),38000,https://www.104.com.tw/job/8bmni,生成式 AI 與智慧商務工具 (ChatGPT/Prompt/Copilot/Midjourney),"campaign planning 2. Utilize AI tools (ChatGPT, Midjourney, DALL·E, Synthesia, etc.) to assist in creating marketing mat"
407,14490346,AI應用與數位經貿 (ChatGPT/AI),品牌專案 PM｜1年經驗可．年薪13個月．設計顧問公司．AI工具導入,三名治股份有限公司,專門設計相關業,台北市內湖區,"月薪 38,000~46,000元",38000,https://www.104.com.tw/job/8mktm,生成式 AI 與智慧商務工具 (ChatGPT/Prompt/Copilot/Midjourney),新人考核後每週可申請 1 天遠端，上班 9:30~18:30 有彈性。 ・我們日常用 Claude、ChatGPT 、Slack、Clickup 進行專案管理，會被教、要會用。 需要 1 年以上專案管理或業務經驗，有設計、廣告、行銷公司經驗
408,14611232,AI應用與數位經貿 (ChatGPT/AI),助理工程師,興誠科技股份有限公司,電腦軟體服務業,新北市汐止區,待遇面議(4萬以上或面議),38000,https://www.104.com.tw/job/8p63k,生成式 AI 與智慧商務工具 (ChatGPT/Prompt/Copilot/Midjourney),1. 協助調試振鏡/機台參數。 2. 協助撰寫測試程式，並進行測試。 3. 軟體功能測試、排除BUG問題。 4. 規格書、流程圖、操作手冊等文件的撰寫與修改。 5. 能利用人工智能(如：ChatGPT)迅速完成交付專案，並撰寫相關說明文件
409,14783301,AI應用與數位經貿 (ChatGPT/AI),【FUNNOW Group】AI Management Trainee,曙客股份有限公司,其它軟體及網路相關業,台北市中山區,"月薪 196~9,999,999元",196,https://www.104.com.tw/job/8suv9,生成式 AI 與智慧商務工具 (ChatGPT/Prompt/Copilot/Midjourney) / 辦公室高效應用軟體 (Excel樞紐/PPT/Word),"as ChatGPT, Notion AI, n8n, or Cursor. 2. Cross-Departmental Rotation - Rotate through CEO office, corporate operations "
410,14636141,AI應用與數位經貿 (ChatGPT/AI),歡迎新鮮人、二度就業【外貿協會】展覽業務處-展務助理 | 展覽行銷敲門磚(LSO_834)、近101捷運站,藝珂人事顧問股份有限公司,人力仲介代徵,台北市信義區,"月薪 34,278~34,278元",34278,https://www.104.com.tw/job/8ppbh,生成式 AI 與智慧商務工具 (ChatGPT/Prompt/Copilot/Midjourney) / 英語商務溝通與信件書信 (精通/流利/多益) / 辦公室高效應用軟體 (Excel樞紐/PPT/Word),管理，並支援部門日常行政庶務。 需求條件： 1.大專以上畢業 2.熟悉office軟體 3.中英文輸入50字以上/ 分鐘 4.有展覽、活動或客服經驗佳 5.有AI應用工具(如ChatGPT)經驗佳 Andy Kuo 意者歡迎投遞履歷至and
411,15135134,AI應用與數位經貿 (ChatGPT/AI),【AI First】C# .NET 全端工程師｜金融數據系統 / AI開發 (JIRA740),全曜財經資訊股份有限公司,電腦軟體服務業,新北市板橋區,待遇面議(4萬以上或面議),38000,https://www.104.com.tw/job/90ece,生成式 AI 與智慧商務工具 (ChatGPT/Prompt/Copilot/Midjourney) / 商業數據分析與自動化 (Python/PowerBI/SQL),/ SQL Server 三層式架構（3-tier architecture） DevExpress Git / SVN AI 開發工具： GitHub Copilot / ChatGPT / Claude / Cursor / Codex
412,15312900,AI應用與數位經貿 (ChatGPT/AI),【人力資源部】金融事業群｜資深人力資源事業夥伴 Sr.HRBP（JIRA826）,全曜財經資訊股份有限公司,電腦軟體服務業,新北市板橋區,待遇面議(4萬以上或面議),38000,https://www.104.com.tw/job/947ic,生成式 AI 與智慧商務工具 (ChatGPT/Prompt/Copilot/Midjourney),【角色期待】 CMoney 金融事業群主要服務一般投資人，透過投資工具、內容、社群與金融資料，協助使用者進行投資學習、資訊判讀與決策。目前事業群包含「Money 錢雜誌」、「大眾事業」與「流量＿股市爆料同學會」，不同事業在產品型態、使用者經
413,12463362,AI應用與數位經貿 (ChatGPT/AI),醫美諮詢師｜客戶成功經理｜品牌顧問儲備主管,鼎妍中醫診所,診所,台北市大安區,"月薪 43,000~130,000元",43000,https://www.104.com.tw/job/7f4si,生成式 AI 與智慧商務工具 (ChatGPT/Prompt/Copilot/Midjourney),3. 術前術後衛教說明 * 協助療程說明與注意事項提醒 * 協助追蹤客戶療程成果 4. 診所營運協助 * 協助櫃檯與行政流程 * 跨部門溝通與協調 5. AI工具應用 * 使用ChatGPT等AI工具整理資料 * 協助優化工作流程與顧
414,15158507,AI應用與數位經貿 (ChatGPT/AI),【設計部】AI 視覺設計師(JIRA736),全曜財經資訊股份有限公司,電腦軟體服務業,新北市板橋區,待遇面議(4萬以上或面議),38000,https://www.104.com.tw/job/90wdn,生成式 AI 與智慧商務工具 (ChatGPT/Prompt/Copilot/Midjourney),AI 視覺設計師 在 CMoney，我們相信 設計的下一個突破，不只是美感，而是生產力的進化 當 AI 成為創作的一部分 設計不再只是產出，而是一種放大創意與效率的能力 我們正在尋找一位 AI Visual Designer —— 不只是會
415,15391315,AI應用與數位經貿 (ChatGPT/AI),管理部經理,艾美斯科技有限公司,電腦軟體服務業,台北市松山區,待遇面議(4萬以上或面議),38000,https://www.104.com.tw/job/95w0j,,【職務說明】 我們正在尋找一位具備管理思維、溝通協調能力及高度執行力的「管理部經理」， 負責統籌公司人力資源、行政總務及內部管理相關事務。 此職位需能承接公司管理政策與主管決策，建立並持續優化各項管理制度及作業流程， 同時協調跨部門資源，確
416,12178804,AI應用與數位經貿 (ChatGPT/AI),助理培訓顧問師,智谷網絡股份有限公司,工商顧問服務業,台北市松山區,"月薪 35,000~45,000元",35000,https://www.104.com.tw/job/79184,生成式 AI 與智慧商務工具 (ChatGPT/Prompt/Copilot/Midjourney),ChatGPT等）提升提案與報告的產出效率 6. 處理主管交辦之事項或支援特定專案 【條件】 1. 具備清晰表達與傾聽能力，能快速消化資訊，講出企業客戶語言 2. 樂於與客戶互動，以專業知識建立長期合作關係，而非單純陌生開發 3. 對組織發
417,7478928,AI應用與數位經貿 (ChatGPT/AI),業務專員,亨達國際運通股份有限公司,儲配／運輸物流業,台北市松山區,"月薪 32,857~142,857元",32857,https://www.104.com.tw/job/4gas0,生成式 AI 與智慧商務工具 (ChatGPT/Prompt/Copilot/Midjourney) / 英語商務溝通與信件書信 (精通/流利/多益) / 海外數位行銷與流量投放 (GA4/SEO/Meta/Ads),"1.熟悉利用Facebook,LinkedIn, Chatgpt, Claude 。 2. 英文口說與讀寫略懂。 3. 如果有業績每筆貨提撥淨利的15%為業務獎金。 4. 請附上近照"
418,14691129,AI應用與數位經貿 (ChatGPT/AI),【Lanytrip】旅遊電商產品營運人員（兼職/彈性排班）,嗶嗶鳥旅行社有限公司,旅遊服務業,台北市中山區,月薪 250~250元,250,https://www.104.com.tw/job/8qvqx,跨境電商平台營運 (Amazon/Alibaba/Shopee/Shopify) / 生成式 AI 與智慧商務工具 (ChatGPT/Prompt/Copilot/Midjourney) / 英語商務溝通與信件書信 (精通/流利/多益),· 時薪250元 · 上班時間為週一～週五，10:00～19:00（午休一小時），每週3天。 · 需要到辦公室上班，非遠距。 · 需具備基本英文閱讀能力。 · 有使用Canva與ChatGPT（或其他AI工具）經驗者更佳。 請確認符合以上描
419,15336879,AI應用與數位經貿 (ChatGPT/AI),網拍行銷人員/電商出貨人員／客服專員,美車達人國際貿易有限公司,汽機車及其零配件／用品零售業,桃園市中壢區,"月薪 32,000~38,000元",32000,https://www.104.com.tw/job/94q0f,跨境電商平台營運 (Amazon/Alibaba/Shopee/Shopify) / 生成式 AI 與智慧商務工具 (ChatGPT/Prompt/Copilot/Midjourney),電商客服經驗者佳。 • 熟悉 FB、IG、YouTube等社群平台操作者佳。 • 熟悉 ChatGPT 等 AI 工具，能應用於文案、資料整理或日常工作者佳。 • 有汽車美容、洗車相關經驗或對汽車美容產品有興趣者佳。
420,15131595,AI應用與數位經貿 (ChatGPT/AI),AI應用整合專員,省權實業股份有限公司,鋼鐵基本工業,彰化縣線西鄉,待遇面議(4萬以上或面議),38000,https://www.104.com.tw/job/90bm3,生成式 AI 與智慧商務工具 (ChatGPT/Prompt/Copilot/Midjourney),工作內容 1.協助公司導入 AI 工具（如：ChatGPT、圖片生成、影片生成、AI 自動化） 2.將 AI 應用實際導入日常工作流程（客服、行銷、設計、內部作業） 3.設計 AI 操作 SOP，讓非技術人員也能使用 4.協助優化流程，降低
421,15072825,AI應用與數位經貿 (ChatGPT/AI),【工程部】部門｜大數據工程師 BigData Engineer (JIRA705),全曜財經資訊股份有限公司,電腦軟體服務業,新北市板橋區,待遇面議(4萬以上或面議),38000,https://www.104.com.tw/job/8z29l,生成式 AI 與智慧商務工具 (ChatGPT/Prompt/Copilot/Midjourney) / 商業數據分析與自動化 (Python/PowerBI/SQL),【大數據團隊】 - 你將參與開發優化高度可擴展的 data infra，直接面對大規模數據帶來的技術挑戰。 - 我們的大數據團隊專注於建立公司的 data infra，讓同仁可以從乾淨的數據中找到 insight 以及做出精準的 data-
422,14306638,AI應用與數位經貿 (ChatGPT/AI),【AI First】財經 KOL 產品 Builder（產品經理 / KOL Product Manager / 投資策略產品）(JIRA863),全曜財經資訊股份有限公司,電腦軟體服務業,新北市板橋區,"月薪 50,000~9,999,999元",50000,https://www.104.com.tw/job/8in2m,生成式 AI 與智慧商務工具 (ChatGPT/Prompt/Copilot/Midjourney) / 海外數位行銷與流量投放 (GA4/SEO/Meta/Ads) / 商業數據分析與自動化 (Python/PowerBI/SQL),【我們在找的是 Builder】 AI 出現之後，「執行某個職能」這件事，AI 能分擔很大一部分 真正稀缺的，是想清楚「要做什麼」、然後自己動手做出來的人 我們把這種人叫 Builder 【我們要解的問題】 CMoney 合作超過 50 位
423,15305254,AI應用與數位經貿 (ChatGPT/AI),職缺名稱：【AI 餐飲人才儲備幹部】240H 培訓計畫｜享 5 萬受訓津貼｜直升門市管理階層,莞固和食_頑味國際餐飲股份有限公司,餐館業,台北市中正區,待遇面議(4萬以上或面議),38000,https://www.104.com.tw/job/941ly,生成式 AI 與智慧商務工具 (ChatGPT/Prompt/Copilot/Midjourney) / 辦公室高效應用軟體 (Excel樞紐/PPT/Word) / 商業數據分析與自動化 (Python/PowerBI/SQL),系尤佳）。 核心能力與特質： 【科技敏銳】 對 AI 工具（如 ChatGPT、Power BI、生成式繪圖/簡報軟體）具備學習渴望與好奇心。 【溝通協調】 具備良好的口頭表達能力與團隊合作精神。 【企圖心與抗壓性】 勇於接受挑戰，以成為門
424,15363104,AI應用與數位經貿 (ChatGPT/AI),兼職《AI 課程教務行政人員》,山楂果影像製作有限公司,電影片製作業,台北市中山區,月薪 200~250元,200,https://www.104.com.tw/job/95a8w,生成式 AI 與智慧商務工具 (ChatGPT/Prompt/Copilot/Midjourney),有集中垃圾處理區） 【條件需求】 細心負責，具良好溝通能力 具基本電腦操作能力 願意學習 AI 工具與數位工作流程 能獨立完成交辦事項 【加分條件】 具社群平台經營經驗 曾使用 ChatGPT、Canva、Notion 或其他 AI 工具
425,15370285,AI應用與數位經貿 (ChatGPT/AI),【產品部】流量事業｜產品經理 Product Manager - 股市爆料同學會 2C 用戶（JIRA864）,全曜財經資訊股份有限公司,電腦軟體服務業,新北市板橋區,待遇面議(4萬以上或面議),38000,https://www.104.com.tw/job/95fsd,生成式 AI 與智慧商務工具 (ChatGPT/Prompt/Copilot/Midjourney) / 商業數據分析與自動化 (Python/PowerBI/SQL),【角色期待】 《股市爆料同學會》是全台灣最大的股市社群討論平台。大量使用者在這裡瀏覽投資資訊、交流觀點與參與討論，因此產品團隊面對的核心問題，不只是「還可以做什麼功能」，而是如何從真實的使用者行為中找到值得解決的問題，持續改善產品體驗，讓使
426,14695523,AI應用與數位經貿 (ChatGPT/AI),【人力資源部】勞工健康服務護理人員/職護(JIRA830),全曜財經資訊股份有限公司,電腦軟體服務業,新北市板橋區,待遇面議(4萬以上或面議),38000,https://www.104.com.tw/job/8qz4z,辦公室高效應用軟體 (Excel樞紐/PPT/Word),【打造CMoney同仁能安心工作的健康職場】 我們正在尋找一位具備法定資格的勞工健康服務護理人員，負責公司員工健康管理、職業健康風險預防及健康促進工作。 這個職位不只是處理健康檢查或舉辦健康活動，而是透過健康資料分析、個案管理、工作現場訪視
427,15373844,AI應用與數位經貿 (ChatGPT/AI),【工程部】Backend Engineer - 金融數據平台（JIRA873）,全曜財經資訊股份有限公司,電腦軟體服務業,新北市板橋區,待遇面議(4萬以上或面議),38000,https://www.104.com.tw/job/95ij8,生成式 AI 與智慧商務工具 (ChatGPT/Prompt/Copilot/Midjourney) / 商業數據分析與自動化 (Python/PowerBI/SQL),【角色期待】 CMoney 金融事業服務大量投資使用者，產品背後仰賴即時股價、法人籌碼、國際指數、產業財報等多元金融資料。資料的正確性、即時性與穩定性，會直接影響使用者取得資訊與進行投資分析的體驗。 這個角色的核心任務是：將來自不同來源、格
428,15374182,AI應用與數位經貿 (ChatGPT/AI),【林口】人資專員／資深人資專員（Full Function HR）,自然美生物科技股份有限公司,美容／美體業,新北市林口區,待遇面議(4萬以上或面議),38000,https://www.104.com.tw/job/95ism,生成式 AI 與智慧商務工具 (ChatGPT/Prompt/Copilot/Midjourney),.運用 ChatGPT 等 AI 工具進行流程優化，提升人資作業效率。 12.熟悉使用 104 eHRMS 人資系統尤佳
429,15032002,AI應用與數位經貿 (ChatGPT/AI),●N8N運用 AI應用落地專員/AI落地人員/AI 實務應用專員/AI 應用整合專員/有經驗著佳,央定有限公司,鞋類／布類／服飾品零售業,桃園市蘆竹區,"月薪 40,000~9,999,999元",40000,https://www.104.com.tw/job/8y6rm,生成式 AI 與智慧商務工具 (ChatGPT/Prompt/Copilot/Midjourney),工作內容 1.協助公司導入 AI 工具（如：ChatGPT、圖片生成、影片生成、AI 自動化） 2.將 AI 應用實際導入日常工作流程（客服、行銷、設計、內部作業） 3.設計 AI 操作 SOP，讓非技術人員也能使用 4.協助優化流程，降低
430,14075605,AI應用與數位經貿 (ChatGPT/AI),<正職><請直接到公司面試-品保助理技術員>全球最大伺服器板廠~AI伺服器/ChatGPT/5G網通/固定班~獎金多,金像電子股份有限公司,印刷電路板製造業(PCB),桃園市中壢區,"月薪 37,000~9,999,999元",37000,https://www.104.com.tw/job/8dot1,生成式 AI 與智慧商務工具 (ChatGPT/Prompt/Copilot/Midjourney),▬▬▬▬▬▬❤️加入金像電，讓您夢想實現❤️▬▬▬▬▬▬ 金像電除了是全台最大伺服器的PCB板廠， 更是全球雲端伺服器PCB板最大供應商。 ★ ★ ★2025年全球PCB百大排名 第13名★ ★ ★ ★ ★ ★2025天下雜誌 台灣電子業排
431,15213876,AI應用與數位經貿 (ChatGPT/AI),資深數位行銷人員,"ADAM elements International Co., Ltd._亞果元素國際股份有限公司",其他電信及通訊相關業,台北市大安區,待遇面議(4萬以上或面議),38000,https://www.104.com.tw/job/9233o,生成式 AI 與智慧商務工具 (ChatGPT/Prompt/Copilot/Midjourney) / 海外數位行銷與流量投放 (GA4/SEO/Meta/Ads),流量、用戶行為，定期提出優化建議 - 經營與管理社群平台（Meta粉絲專頁、LINE官方帳號...等） - 策劃與執行Google Ads、Meta、LINE等廣告投放，並優化廣告成效 - 善用AI工具（如ChatGPT、行銷自動化平台
432,14867088,AI應用與數位經貿 (ChatGPT/AI),【AI First】財經 KOL 專案營運實習計畫 (歡迎新鮮人／學生) (JIRA688),全曜財經資訊股份有限公司,電腦軟體服務業,新北市板橋區,"月薪 196~9,999,999元",196,https://www.104.com.tw/job/8unio,生成式 AI 與智慧商務工具 (ChatGPT/Prompt/Copilot/Midjourney) / 海外數位行銷與流量投放 (GA4/SEO/Meta/Ads),【CMoney KOL 事業】 我們合作的對象，是台灣最有影響力的一群投資創作者——【艾蜜莉定存股】、【權證小哥】、【林恩如】，還有另外四十多位 KOL 我們做的是把他們的專業轉化為 App、課程、工具 但這份工作真正的困難不在產品或技術—
433,15192913,AI應用與數位經貿 (ChatGPT/AI),執行長秘書/特助,大鷹國際旅行社有限公司,旅遊服務業,台南市永康區,待遇面議(4萬以上或面議),38000,https://www.104.com.tw/job/91mxd,生成式 AI 與智慧商務工具 (ChatGPT/Prompt/Copilot/Midjourney),階長官、重要貴賓之商務拜訪接待與活動現場支援。 • 智慧辦公導入：善用 ChatGPT、Canva 等 AI 工具提升行政與企劃作業效率。 【我們提供的發展與回饋】 • 未來有機會培養成：公司核心幕僚／營運管理幹部。 • 具競爭力的薪資與專
434,14885473,AI應用與數位經貿 (ChatGPT/AI),國立政治大學_金融科技研究中心--會員服務專任助理,國立政治大學_金融科技研究中心,大專校院教育事業,台北市文山區,"月薪 40,000~45,000元",40000,https://www.104.com.tw/job/8v1pd,,我們期待你是一位認真負責、主動積極且樂於接受挑戰的工作夥伴，對金融科技、產學合作及活動企劃具有興趣，能夠細心處理行政與專案工作，並具備良好的組織及獨立執行能力。 由於工作過程將接觸中心會員、企業夥伴、學校師生、業界講師及國內外合作單位，因此
435,15389854,AI應用與數位經貿 (ChatGPT/AI),(台北辦公室)執行長室助理Executive Office Assistant,綠谷國際事業股份有限公司,其他投資理財相關業,台北市大安區,"月薪 35,000~9,999,999元",35000,https://www.104.com.tw/job/95uvy,生成式 AI 與智慧商務工具 (ChatGPT/Prompt/Copilot/Midjourney) / 辦公室高效應用軟體 (Excel樞紐/PPT/Word) / 第二外語能力 (日語/西班牙語/越南語/德語),款、期限、金額、權利義務及待確認事項整理為中文摘要。 8. 協助中日文文件翻譯、內容比對及版本管理，確認不同語言版本的重要資訊是否一致。 9. 協助處理日文電子郵件、會議安排、訪客接待及日本合作方聯繫。 10. 運用 ChatGPT、Cla
436,15286143,AI應用與數位經貿 (ChatGPT/AI),影音後製／多媒體動畫設計｜KOL事業影音團隊(JIRA881),全曜財經資訊股份有限公司,電腦軟體服務業,新北市板橋區,待遇面議(4萬以上或面議),38000,https://www.104.com.tw/job/93mv3,生成式 AI 與智慧商務工具 (ChatGPT/Prompt/Copilot/Midjourney) / 辦公室高效應用軟體 (Excel樞紐/PPT/Word) / 海外數位行銷與流量投放 (GA4/SEO/Meta/Ads),【CMoney KOL 事業】 在台灣，每兩位投資人就有一位是 CMoney 用戶。我們用 B2B2C 模式，跟台灣最有影響力的一群財經創作者合作——艾蜜莉、權證小哥、林恩如，還有另外四十多位 KOL——把他們的專業變成用戶真正用得上的 A
437,14649809,AI應用與數位經貿 (ChatGPT/AI),行銷企劃人員,恒商企業股份有限公司,電腦系統整合服務業,新北市三重區,"月薪 40,000~50,000元",40000,https://www.104.com.tw/job/8pzv5,生成式 AI 與智慧商務工具 (ChatGPT/Prompt/Copilot/Midjourney) / 商業數據分析與自動化 (Python/PowerBI/SQL),等，並透過 GA、GSC、Ahrefs 等工具進行分析與優化。 - 對 AI 工具有基本使用經驗（如 Claude、Gemini、ChatGPT 等），能將 AI 融入工作流程中提升效率。 - 數據分析能力：監控各項數據來評估活動效益，進而
438,13993499,AI應用與數位經貿 (ChatGPT/AI),【高雄】AI 遊戲內容企劃,奧爾資訊多媒體股份有限公司,數位內容產業,高雄市三民區,"月薪 30,000~45,000元",30000,https://www.104.com.tw/job/8bxgb,生成式 AI 與智慧商務工具 (ChatGPT/Prompt/Copilot/Midjourney),會獲得的】 ● 遊戲配音演出監修實務經驗 ● 小型到大型遊戲專案開發歷程 ● 營運型線上遊戲商品設計實務與驗證 ● AI圖像與文字的商用級應用能力 ● 角色與商品設計能力 【主要使用工具】聲音相關編輯工具 1.主要AI工具：ChatGPT/
439,15347012,AI應用與數位經貿 (ChatGPT/AI),總經理助理,禾益豐股份有限公司,綜合商品批發代理業,彰化縣埔心鄉,"月薪 40,000~9,999,999元",40000,https://www.104.com.tw/job/94xtw,生成式 AI 與智慧商務工具 (ChatGPT/Prompt/Copilot/Midjourney),門溝通協調，彙整問題並追蹤處理進度 • 確保各部門資訊流通順暢 4. 專案支援 • 協助相關專案推動與時程控管 • 定期追蹤並回報執行狀況與進度 5. 資訊整理 • 負責相關案件之資料收集與整理 • 善用 ChatGPT、Notion 及各
440,14472492,AI應用與數位經貿 (ChatGPT/AI),資深社群行銷｜文案、內容策略、高底薪,好勢行銷股份有限公司,廣告行銷公關業,台北市大安區,"月薪 50,000~55,000元",50000,https://www.104.com.tw/job/8m71o,生成式 AI 與智慧商務工具 (ChatGPT/Prompt/Copilot/Midjourney) / 海外數位行銷與流量投放 (GA4/SEO/Meta/Ads),行銷策略擬定與規劃： 品牌社群、產品定位、市場分析、KOL口碑...等。 ＊熟悉Gemini、NotebookLM、ChatGPT等AI工具進行內容產製。 提供Google AI Pro 完整作業環境。 ＊營運自品牌古蹟餐廳：青田七六、野草
441,15381524,AI應用與數位經貿 (ChatGPT/AI),【智平衡健康集團】客服專員,智平衡健康事業股份有限公司,其他醫療保健服務業,台北市中正區,"月薪 36,000~9,999,999元",36000,https://www.104.com.tw/job/95ogk,生成式 AI 與智慧商務工具 (ChatGPT/Prompt/Copilot/Midjourney),ChatGPT、AI 客服等數位工具，協助顧客服務及資訊彙整，具相關使用經驗者佳。 8. 主管交辦事項。 ________________________________________ 工作時間 日班09:00–18:00 晚班13:00
442,15309653,AI應用與數位經貿 (ChatGPT/AI),【Cupola360】行銷工讀生,信驊科技股份有限公司,半導體製造業,台北市松山區,月薪 220~220元,220,https://www.104.com.tw/job/94505,生成式 AI 與智慧商務工具 (ChatGPT/Prompt/Copilot/Midjourney),對科技產業、AI 或 B2B 行銷有興趣 - 熟悉 Canva，具備基本美感與設計概念 - 喜歡寫作，具備良好的文字表達能力 - 樂於學習，善用 ChatGPT、Claude、Gemini 等 AI 工具 我們更重視的是 - 我們相信 AI
443,15351365,AI應用與數位經貿 (ChatGPT/AI),【工程部】消費事業群｜資深資料工程師 - 消費數據 Senior Data Engineer（JIRA854）,全曜財經資訊股份有限公司,電腦軟體服務業,新北市板橋區,待遇面議(4萬以上或面議),38000,https://www.104.com.tw/job/9516t,跨境電商平台營運 (Amazon/Alibaba/Shopee/Shopify) / 商務談判、報價議價與合約簽訂 / 商業數據分析與自動化 (Python/PowerBI/SQL),【角色期待】 CMoney 消費事業團隊 透過「發票、記帳、消費與生活型產品」服務大量一般消費者，並將累積的消費資料進一步轉化為可被分析與商業應用使用的資料能力。 這個角色的核心任務是「把 Raw Data 到可被使用的資料基礎建起來」。目
444,15177617,AI應用與數位經貿 (ChatGPT/AI),業務分析專員,沛恩集團(FTI Group)_沛恩實業股份有限公司,綜合商品批發代理業,台北市松山區,待遇面議(4萬以上或面議),38000,https://www.104.com.tw/job/91b4h,生成式 AI 與智慧商務工具 (ChatGPT/Prompt/Copilot/Midjourney) / 辦公室高效應用軟體 (Excel樞紐/PPT/Word) / 商務談判、報價議價與合約簽訂,1.熟悉 AI 工具應用，可運用 ChatGPT、Gemini、NotebookLM、Claude AI 工具進行資料整理、簡報製作、市場分析與提升工作效率。 2.訂單與報價處理。 3.會議議程與簡報。 4.負責商標及外觀專利之申請文件籌備
445,15045099,AI應用與數位經貿 (ChatGPT/AI),AI 應用企劃助理 《企劃部》,千享國際企業股份有限公司,電腦軟體服務業,花蓮縣花蓮市,"月薪 34,000~38,000元",34000,https://www.104.com.tw/job/8ygvf,生成式 AI 與智慧商務工具 (ChatGPT/Prompt/Copilot/Midjourney),分析 定期整理 AI 客服的對話記錄，標記回答品質不佳的案例， 歸納旅客常見問題類型，協助企劃師定位需要優化的方向 3. AI 工具輔助內容生產 運用 AI 工具（ChatGPT / Claude / Gemini） 協助
446,14686443,AI應用與數位經貿 (ChatGPT/AI),R0007813: (Sr.) Applied AI Backend Engineer,Trend Micro_趨勢科技股份有限公司,電腦軟體服務業,台北市大安區,待遇面議(4萬以上或面議),38000,https://www.104.com.tw/job/8qs4r,生成式 AI 與智慧商務工具 (ChatGPT/Prompt/Copilot/Midjourney),"solutions that truly make a difference. [Your Mission] 1. Leverage AI-assisted development tools (e.g., GitHub Copilot, "
447,15384061,AI應用與數位經貿 (ChatGPT/AI),會計專員 (應收庫存),新加坡商高登鐘錶股份有限公司台灣分公司,鐘錶／眼鏡零售業,台北市信義區,待遇面議(4萬以上或面議),38000,https://www.104.com.tw/job/95qf1,ERP / SAP 企業資源與進銷存管理,- 管理應收帳款及傳票入帳 - 應收帳款調節表編製 - 與物流團隊共同管理存貨 - 進銷存貨報表編製 - 協助營業稅申報 - 完成主管交代任務 - Manage AR and voucher booking - Prepare AR rec
448,15315976,AI應用與數位經貿 (ChatGPT/AI),國際營運專員（英文為主，具日文能力者佳）,海成未來股份有限公司,其他金屬相關製造業,台中市神岡區,"月薪 45,000~9,999,999元",45000,https://www.104.com.tw/job/949vs,生成式 AI 與智慧商務工具 (ChatGPT/Prompt/Copilot/Midjourney) / 英語商務溝通與信件書信 (精通/流利/多益) / 第二外語能力 (日語/西班牙語/越南語/德語),我們鼓勵運用 AI 工具提升工作效率，歡迎對 ChatGPT、AI 翻譯、數位工具及網站內容管理有興趣的人才加入團隊。
449,14947802,AI應用與數位經貿 (ChatGPT/AI),"AI創新小組實習生 Marketing Intern, AI Innovation Team",歐萊德國際股份有限公司,化妝品製造業,桃園市龍潭區,"月薪 200~9,999,999元",200,https://www.104.com.tw/job/8wdsq,生成式 AI 與智慧商務工具 (ChatGPT/Prompt/Copilot/Midjourney),& 國際行銷：ESG 故事、國際獎項、內容產出 • 使用 AI 工具（ChatGPT、Gemini、NotebookLM 等）提升產能 • 影片剪輯、素材整理、視覺協作（熟悉 AI 影像者佳） 你會在 O'right 的真實專案中，學到速度
450,15086790,AI應用與數位經貿 (ChatGPT/AI),【外貿協會】市場拓展處－專案經理－(LSO_834),藝珂人事顧問股份有限公司,人力仲介代徵,台北市信義區,"月薪 44,990~44,990元",44990,https://www.104.com.tw/job/8zd1i,生成式 AI 與智慧商務工具 (ChatGPT/Prompt/Copilot/Midjourney) / 辦公室高效應用軟體 (Excel樞紐/PPT/Word),簡報製作技巧及AI運用工具(如 ChatGpt等)尤佳 5. 工作態度主動積極。 Andy Kuo 意者歡迎投遞履歷至andy.kuo@adecco.com 或電話 02-7718-8834 又或是Line: @527ccida
451,14634518,AI應用與數位經貿 (ChatGPT/AI),PM產品規劃師【近捷運站】,景傳光電股份有限公司,半導體製造業,新北市新店區,待遇面議(4萬以上或面議),38000,https://www.104.com.tw/job/8po2e,生成式 AI 與智慧商務工具 (ChatGPT/Prompt/Copilot/Midjourney) / 英語商務溝通與信件書信 (精通/流利/多益) / 辦公室高效應用軟體 (Excel樞紐/PPT/Word) / ERP / SAP 企業資源與進銷存管理,. 科系不拘 2. 擅長工具 Windows 11、Excel、Outlook、PowerPoint、Word、ChatGPT、Line 3. 工作經歷: 有相關工作者或有興趣者 4. 語文條件 英文 -- 聽 /中懂、說 /中懂、讀 /中
452,15352630,AI應用與數位經貿 (ChatGPT/AI),AI數位轉型暨應用工程師（Copilot／ChatGPT／AI Agent）,威健實業股份有限公司,其他半導體相關業,台北市內湖區,待遇面議(4萬以上或面議),38000,https://www.104.com.tw/job/9525y,生成式 AI 與智慧商務工具 (ChatGPT/Prompt/Copilot/Midjourney),如果你每天都在用 ChatGPT、Claude、Gemini... 如果你： ✅ 習慣使用 ChatGPT、Claude Code、Gemini 或 Copilot 提升工作效率 ✅ 曾經思考如何把 AI 導入企業流程 ✅ 希望不只是寫程式
453,15216591,AI應用與數位經貿 (ChatGPT/AI),【AI First】法人金融科技專案營運實習計畫 (歡迎新鮮人／學生) (JIRA688),全曜財經資訊股份有限公司,電腦軟體服務業,新北市板橋區,"月薪 196~9,999,999元",196,https://www.104.com.tw/job/92573,生成式 AI 與智慧商務工具 (ChatGPT/Prompt/Copilot/Midjourney) / 商務談判、報價議價與合約簽訂 / 商業數據分析與自動化 (Python/PowerBI/SQL),【CMoney 法人事業】 我們服務的對象，是台灣的金控、投信、銀行等法人機構——把 AI 與數據真正做進他們每天的投資決策流程中 我們做的是把複雜的金融邏輯，轉化為法人可以實際使用的決策支援系統。但這份工作真正的困難不在金融知識本身——在
454,15337382,AI應用與數位經貿 (ChatGPT/AI),多媒體動畫設計師 / MG動畫師｜影音課程團隊(JIRA834),全曜財經資訊股份有限公司,電腦軟體服務業,新北市板橋區,待遇面議(4萬以上或面議),38000,https://www.104.com.tw/job/94qee,海外數位行銷與流量投放 (GA4/SEO/Meta/Ads),【CMoney KOL 事業】 我們用 B2B2C 模式，跟台灣最有影響力的一群創作者合作——艾蜜莉、權證小哥、林恩如，還有另外四十多位 KOL——把他們的專業變成用戶真正用得上的 App、課程與直播。 我們拍的、剪的，是這些老師的課程、頻
455,15279256,AI應用與數位經貿 (ChatGPT/AI),【人力資源部】資深人才策略暨僱主品牌 Talent Strategy & Employer Brand（JIRA812）,全曜財經資訊股份有限公司,電腦軟體服務業,新北市板橋區,待遇面議(4萬以上或面議),38000,https://www.104.com.tw/job/93hjs,生成式 AI 與智慧商務工具 (ChatGPT/Prompt/Copilot/Midjourney) / 商業數據分析與自動化 (Python/PowerBI/SQL),【角色期待】 CMoney 正在持續「調整組織與人才策略」，以支持不同事業的發展與 AI 化工作方式。 我們所期待的 HR Team 不只是「把公司介紹得更吸引人」，而是要從人才市場與真實員工體驗出發，思考「我們希望吸引什麼樣的人？」、「候
456,15158131,AI應用與數位經貿 (ChatGPT/AI),【總公司】室內設計／建築設計 AI 執行專案小組成員（兼職 / 計時）,成鼎電工實業有限公司,建築及工程技術服務業,台北市大安區,月薪 220~220元,220,https://www.104.com.tw/job/90w37,生成式 AI 與智慧商務工具 (ChatGPT/Prompt/Copilot/Midjourney),熟悉基礎的 CAD 繪圖軟體（如 AutoCAD）或 BIM 軟體（如 Revit）。 3. 對 AI 技術（如 ChatGPT、Midjourney 或其他專業領域 AI 工具）有高度興趣，並具備主動探索與學習新工具的能力。 4. 具備良
457,15212831,AI應用與數位經貿 (ChatGPT/AI),AI助理工程師（AI Assistant Engineer）,泰創工程股份有限公司,空調水機電工程業,台北市南港區,"月薪 30,000~50,000元",30000,https://www.104.com.tw/job/922an,生成式 AI 與智慧商務工具 (ChatGPT/Prompt/Copilot/Midjourney),用、ChatGPT、自動化流程與新技術有高度興趣者。 主要工作項目 • 協助導入生成式 AI 工具 • ChatGPT • Copilot • Gemini • AI Agent 工具 協助建立 AI 自動化流程 • 文件整理 • 自動回覆
458,15340294,AI應用與數位經貿 (ChatGPT/AI),【林口】業務開發專員,自然美生物科技股份有限公司,美容／美體業,新北市林口區,"月薪 45,000~45,000元",45000,https://www.104.com.tw/job/94sna,生成式 AI 與智慧商務工具 (ChatGPT/Prompt/Copilot/Midjourney) / 辦公室高效應用軟體 (Excel樞紐/PPT/Word) / 商業數據分析與自動化 (Python/PowerBI/SQL),1. **純熟運用 ChatGPT 等 AI 工具**，協助資料整理、內容彙整、數據分析、簡報製作，提升日常工作效率。 2. 協助集團美業品牌商品需求整理及專案進度追蹤。 3. 與工廠、代工廠及相關單位進行商品需求溝通與協調。 4. 協助整
459,15345488,AI應用與數位經貿 (ChatGPT/AI),【產品部】【AI First】Money錢事業｜產品經理 Product Manager - 影音課程平台（JIRA841）,全曜財經資訊股份有限公司,電腦軟體服務業,新北市板橋區,待遇面議(4萬以上或面議),38000,https://www.104.com.tw/job/94wnk,跨境電商平台營運 (Amazon/Alibaba/Shopee/Shopify) / 生成式 AI 與智慧商務工具 (ChatGPT/Prompt/Copilot/Midjourney) / 辦公室高效應用軟體 (Excel樞紐/PPT/Word) / 海外數位行銷與流量投放 (GA4/SEO/Meta/Ads) / 商業數據分析與自動化 (Python/PowerBI/SQL),【我們在找的是 Builder】 AI 出現之前，每個職能只要做好自己的本分。 AI 出現之後，重要的是想清楚「做什麼」，並善用其他職能夥伴的意見，自己動手做出來。✨我們期待團隊夥伴們，是這樣的 Builder✨ 【這是什麼團隊？】 我們是
460,14653631,AI應用與數位經貿 (ChatGPT/AI),HQ總部職缺_電商業務專員,東森寵物雲股份有限公司,其他零售業,新北市中和區,"月薪 35,000~40,000元",35000,https://www.104.com.tw/job/8q2tb,跨境電商平台營運 (Amazon/Alibaba/Shopee/Shopify) / 生成式 AI 與智慧商務工具 (ChatGPT/Prompt/Copilot/Midjourney),成長。 【工作內容】 負責蝦皮、MOMO、酷澎、官網(視能力安排)等通路日常營運，達成每月業績與毛利目標。 規劃檔期活動、促銷方案、商品價格策略與毛利試算。 追蹤流量、銷售、轉換與活動成效，提出優化建議。 運用 ChatGPT、Claude
461,15171652,AI應用與數位經貿 (ChatGPT/AI),【中和】內勤業務助理（內勤｜美妝）,自然美生物科技股份有限公司,美容／美體業,新北市中和區,"月薪 36,000~9,999,999元",36000,https://www.104.com.tw/job/916is,生成式 AI 與智慧商務工具 (ChatGPT/Prompt/Copilot/Midjourney),.資料彙整與行政支援 5.使用 AI 工具（如 ChatGPT）優化工作效率
462,14348946,AI應用與數位經貿 (ChatGPT/AI),短影音企劃(含剪輯),香山財神廟,宗教組織,新竹市,"月薪 38,000~45,000元",38000,https://www.104.com.tw/job/8jjpu,生成式 AI 與智慧商務工具 (ChatGPT/Prompt/Copilot/Midjourney),1.廟務活動現場攝影紀錄與拍攝 2.熟悉基本修圖軟體，可獨立完成調色、後製 3.熟悉影片後製軟體，可獨立完成腳本編輯、剪輯 4.須具備30-60秒短影音剪輯能力 5.熟悉ChatGPT、GPT-4等生成式AI使用者 1.擅長廟會活動現場攝影
463,12996726,AI應用與數位經貿 (ChatGPT/AI),Product Manager數位產品經理,台灣天絡股份有限公司,工商顧問服務業,台北市大安區,待遇面議(4萬以上或面議),38000,https://www.104.com.tw/job/7qkc6,生成式 AI 與智慧商務工具 (ChatGPT/Prompt/Copilot/Midjourney) / ERP / SAP 企業資源與進銷存管理,ChatGPT、Figma、Trello、Xmind、AxureRP · 熟悉系統功能開發流程，可產出wireframe · 良好的溝通能力，能充份進行跨部門協調整合意見找出共識 · 耐心、擅長解決問題 · 熱愛語言文化教育 · 曾從事教育
464,15124518,AI應用與數位經貿 (ChatGPT/AI),【設計部】部門｜資深使用者經驗研究員 Senior UX Researcher(JIRA712),全曜財經資訊股份有限公司,電腦軟體服務業,新北市板橋區,待遇面議(4萬以上或面議),38000,https://www.104.com.tw/job/9065i,辦公室高效應用軟體 (Excel樞紐/PPT/Word) / 商業數據分析與自動化 (Python/PowerBI/SQL),在 CMoney，我們相信 真正的好體驗，始於理解，而非猜測 每一段旅程、每一個痛點、每一次情緒波動 都承載著使用者最真實的需求與期待 我們正在尋找一位 資深 UX Researcher —— 不只是做研究，更用洞察讓產品做出正確的選擇 讓
465,15204763,AI應用與數位經貿 (ChatGPT/AI),《學生實習計畫》社群行銷小編 (暑期/學期皆可),裕馨國際有限公司,其他零售業,彰化縣彰化市,月薪 196~196元,196,https://www.104.com.tw/job/91w2j,生成式 AI 與智慧商務工具 (ChatGPT/Prompt/Copilot/Midjourney) / 海外數位行銷與流量投放 (GA4/SEO/Meta/Ads),LINE 官方帳號，設計推播訊息和私域互動內容 5.會員經營與關懷：策劃會員活動、節慶贈禮、品牌好感小物，讓品牌與顧客的關係更緊密。 6.使用 AI 工具應用在社群行銷上（如：能運用 ChatGPT 輔助文案發想） 7. 協助主管交辦事項，
466,15332019,AI應用與數位經貿 (ChatGPT/AI),【產品部】消費事業群｜資深產品經理_2B 數據產品 Senior Product Manager（JIRA831）,全曜財經資訊股份有限公司,電腦軟體服務業,新北市板橋區,待遇面議(4萬以上或面議),38000,https://www.104.com.tw/job/94m9f,商業數據分析與自動化 (Python/PowerBI/SQL),【角色期待】 CMoney 消費事業群 透過發票、記帳、消費與生活型產品服務大量一般消費者，也持續探索如何將累積的消費資料與數據能力，轉化為能協助企業理解市場、受眾與消費行為的 2B 數據產品（包含：廣告受眾平台、Raw Data、自動標籤
467,14586697,AI應用與數位經貿 (ChatGPT/AI),【產品部】部門｜ AI Project Manager 產品/專案經理(JIRA497),全曜財經資訊股份有限公司,電腦軟體服務業,新北市板橋區,待遇面議(4萬以上或面議),38000,https://www.104.com.tw/job/8on61,,Key responsibilities: - Define AI and data-driven project scope; develop comprehensive project plans and timelines; moni
468,15198116,AI應用與數位經貿 (ChatGPT/AI),AI多媒體師,勁德美好汽車有限公司,汽機車及其零配件／用品零售業,桃園市桃園區,"月薪 52,000~55,000元",52000,https://www.104.com.tw/job/91qxw,生成式 AI 與智慧商務工具 (ChatGPT/Prompt/Copilot/Midjourney),具與社群流行趨勢 • 維持品牌整體視覺風格一致性 【我們希望你具備】 • 熟悉 Canva、CapCut、Premiere、Photoshop 等工具 • 對 ChatGPT、AI繪圖或影音 AI 工具有興趣 • 有美感、創意與社群敏銳度 
469,15356239,AI應用與數位經貿 (ChatGPT/AI),【行銷運營部】流量事業 - 股市爆料同學會｜社群流量成長行銷 Growth Marketing（JIRA859）,全曜財經資訊股份有限公司,電腦軟體服務業,新北市板橋區,待遇面議(4萬以上或面議),38000,https://www.104.com.tw/job/954y7,海外數位行銷與流量投放 (GA4/SEO/Meta/Ads) / 商業數據分析與自動化 (Python/PowerBI/SQL),【角色期待】 《股市爆料同學會》是全台灣最大的投資討論社群平台，我們服務大量關注投資資訊與市場討論的使用者。 在近年投資年齡逐漸年輕化的世代，我們希望《股市爆料同學會》持續拓展未知的受眾圈，讓更多年輕世代認識、接觸並加入討論平台！ 這個一個
470,14648221,AI應用與數位經貿 (ChatGPT/AI),行銷企劃人員(認證),碁峯資訊股份有限公司,電腦系統整合服務業,台北市南港區,待遇面議(4萬以上或面議),38000,https://www.104.com.tw/job/8pyn1,辦公室高效應用軟體 (Excel樞紐/PPT/Word),國際認證考試產品行銷企劃人員。 發想並撰寫行銷文案（社群貼文、活動宣傳、產品介紹等） 規劃與製作電子報內容（主題發想、文案撰寫、版面規劃） 製作簡報與行銷素材，支援活動與提案使用 協助規劃校園研習活動（內容整理、流程安排） 處理活動相關行政
471,15294748,AI應用與數位經貿 (ChatGPT/AI),執行長特助／行政秘書,映見設計國際有限公司,室內設計業,台中市后里區,"月薪 38,000~9,999,999元",38000,https://www.104.com.tw/job/93ti4,生成式 AI 與智慧商務工具 (ChatGPT/Prompt/Copilot/Midjourney),"productivity tools (ChatGPT, Microsoft Copilot, Notion AI, etc.) to improve workflow efficiency. Handle confidential and"
472,15273011,AI應用與數位經貿 (ChatGPT/AI),行銷部門-行銷企劃 | 社群策略 / AI 工具應用 / 數據分析 |,喬宇森室內裝潢有限公司,室內設計業,台中市西屯區,"月薪 40,000~9,999,999元",40000,https://www.104.com.tw/job/93cqb,生成式 AI 與智慧商務工具 (ChatGPT/Prompt/Copilot/Midjourney) / 商業數據分析與自動化 (Python/PowerBI/SQL),".內容產製與AI工具應用:運用AI工具(如ChatGPT、Claude、Canva AI、圖像/影音生成工具等)提升企劃發想與產出效率。 4.數據追蹤與分析:彙整各品牌社群成效數據(觸及、互動、粉絲成長、轉換等),產出報表並提出策略建議。 "
473,14885498,AI應用與數位經貿 (ChatGPT/AI),國立政治大學_金融科技研究中心--行政專任助理,國立政治大學_金融科技研究中心,大專校院教育事業,台北市文山區,"月薪 38,000~45,000元",38000,https://www.104.com.tw/job/8v1q2,,1. 金融AI創新中心行政相關事務及網站維護 2. 產學合作行政業務（LLM、壽險理賠防詐及其他） 3. 製作會議記錄並追蹤處理決議事項 4. 製作國科會管考表及國科會連繫窗口 5. 國際參訪之規劃、核銷事宜 6. 中心活動相關支援 7. 
474,11026378,AI應用與數位經貿 (ChatGPT/AI),DESENO｜電商視覺設計師（專業美編 / AI應用）,笛森諾國際精品股份有限公司,綜合商品批發代理業,新北市中和區,待遇面議(4萬以上或面議),38000,https://www.104.com.tw/job/6kc0a,跨境電商平台營運 (Amazon/Alibaba/Shopee/Shopify) / 生成式 AI 與智慧商務工具 (ChatGPT/Prompt/Copilot/Midjourney),邏輯（理解CTR、轉換率概念） 能快速產出符合活動檔期的設計素材 可獨立完成設計任務並重視細節 ▍AI能力要求 具備AI工具使用經驗（如 Midjourney / ChatGPT / 其他） 能運用AI輔助設計並提升出圖效率 具備AI生成素
475,14627836,AI應用與數位經貿 (ChatGPT/AI),產品管理師,品高企業股份有限公司,調味用品製造業,雲林縣斗六市,"月薪 45,000~55,000元",45000,https://www.104.com.tw/job/8piws,生成式 AI 與智慧商務工具 (ChatGPT/Prompt/Copilot/Midjourney),工具賦能與開發流程優化 - 導入生成式 AI 工具（如 ChatGPT、Claude、Cursor、GitHub Copilot 等）優化產品開發流程，提升需求規格書撰寫、原型發想與跨部門溝通效率。 - 善用 AI 輔助原型設計與前期測試，
476,14928501,AI應用與數位經貿 (ChatGPT/AI),行政助理 (Administrative Assistant),格芮絲專業培訓有限公司,工商顧問服務業,台中市大里區,"月薪 35,000~48,000元",35000,https://www.104.com.tw/job/8vywl,生成式 AI 與智慧商務工具 (ChatGPT/Prompt/Copilot/Midjourney),ChatGPT 將混亂的討論或需求，快速整理成清晰好懂的任務清單與表格。 6. 官方平台維護：管理 LINE 官方帳號與社群平台的內容排程與發布。
477,14105865,AI應用與數位經貿 (ChatGPT/AI),【行銷運營部】財經內容｜影像剪輯設計師 Video Editing Designer(JIRA728),全曜財經資訊股份有限公司,電腦軟體服務業,新北市板橋區,待遇面議(4萬以上或面議),38000,https://www.104.com.tw/job/8ec5l,生成式 AI 與智慧商務工具 (ChatGPT/Prompt/Copilot/Midjourney),你是否對節奏與畫面有敏銳的感受力？能在冷冰冰的數字中，剪出讓人眼睛一亮的故事？ 我們正在尋找一位兼具美感與邏輯、創意與效率的影音內容剪輯設計師， 讓財經與投資議題，成為觀眾願意看完、甚至想分享的好內容。 【工作內容】 1.影片剪輯與節奏設計
478,15385700,海外數位行銷與國際市場拓銷,媒體行銷總監,和司特股份有限公司,其他商品批發業,台中市西屯區,待遇面議(4萬以上或面議),38000,https://www.104.com.tw/job/95rok,海外數位行銷與流量投放 (GA4/SEO/Meta/Ads),1.短影音專案統籌： 負責短影音企劃的落地執行，包含前期的品牌定位、腳本規劃，以及後續的拍攝與剪輯。 2.整合行銷與渠道經營： 執行並優化社群媒體行銷、個人 IP 打造、Podcast 節目策劃及數位廣告投放策略。 3.流量與數據運營： 具
479,14302361,海外數位行銷與國際市場拓銷,亞太區業務人員,久正光電股份有限公司,光電產業,台中市西屯區,待遇面議(4萬以上或面議),38000,https://www.104.com.tw/job/8ijrt,海外客戶開發與國際商展拓銷 / 商務談判、報價議價與合約簽訂 / 進出口關務與海空運單據 (L/C/信用狀/報關),- 開拓海外市場、客戶維護及開發新客戶 - 向客戶報價、確認訂單、貨物裝運之方法、處理出貨報關文件作業 - 掌握出貨狀況，並追蹤產品交期 - 服務客戶並掌握客戶需求，建立長期夥伴關係 - 進行巿場分析調查，並提出策略建議 - 參加國際性展覽
480,14879399,海外數位行銷與國際市場拓銷,【擴編】海外行銷廣告專員 Cross-Border Marketing Specialist,咖米股份有限公司,其它軟體及網路相關業,台北市中正區,"月薪 50,000~65,000元",50000,https://www.104.com.tw/job/8ux0n,,【擴編】海外行銷廣告專員 Cross-Border Marketing Specialist Kamee 咖米是「智能客製化保健品第一領導品牌」，也是一家結合科技、醫學健康、個人化服務的新世代健康科技公司。 ★ 從數百家跨國企業中脫穎而出，
481,11404052,海外數位行銷與國際市場拓銷,海外行銷業務,丁守企業股份有限公司,鞋類製造業,越南,待遇面議(4萬以上或面議),38000,https://www.104.com.tw/job/6sff8,英語商務溝通與信件書信 (精通/流利/多益) / 辦公室高效應用軟體 (Excel樞紐/PPT/Word) / 海外客戶開發與國際商展拓銷 / 商務談判、報價議價與合約簽訂,"1.英文流利, 需與國外品牌客人洽談及簡報介紹. 2.需定期拜訪國外客戶, 維繫穩定客戶關係. 3.具備良好溝通能力, 進行跨部門協商. 4.運動鞋市場資訊收集/消費者分析. 5.執行公司品牌行銷活動(如國外參展/客人來訪/鞋廠拜訪),並對"
482,10752653,海外數位行銷與國際市場拓銷,麻古茶坊 總公司-海外行銷副理,麻古茶坊股份有限公司,飲料店業,高雄市左營區,待遇面議(4萬以上或面議),38000,https://www.104.com.tw/job/6egst,,優化策略。 4.蒐集海外市場趨勢、消費者洞察及競品資訊，提出市場機會與品牌發展建議。 5.與海外營運團隊及合作夥伴進行專案溝通，掌握各市場行銷需求並推進執行。 6.跨部門整合設計、營運、產品等內部資源，確保海外行銷專案如期落地。 7.管理及
483,14576444,海外數位行銷與國際市場拓銷,海外行銷專員,美科實業股份有限公司_ Aromase艾瑪絲_juliArt覺亞,百貨相關業,新北市中和區,待遇面議(4萬以上或面議),38000,https://www.104.com.tw/job/8of98,英語商務溝通與信件書信 (精通/流利/多益),此職務將負責協助執行經銷商行銷活動與產品管理計畫，第一線協調在地經銷策略與全球品牌方向，串聯內外部團隊與經銷夥伴，是內部團隊與外部經銷夥伴之間關鍵橋樑，推動銷售目標並需具備良好英文溝通能力。 【發揮所長】-工作職掌 -賦能夥伴：與經銷商合作
484,15339952,海外數位行銷與國際市場拓銷,麻古茶坊 總公司-海外行銷企劃,麻古茶坊股份有限公司,飲料店業,高雄市左營區,待遇面議(4萬以上或面議),38000,https://www.104.com.tw/job/94sds,海外數位行銷與流量投放 (GA4/SEO/Meta/Ads),海外市場、競品與社群趨勢，轉化為後續企劃參考。 3. 海外行銷活動企劃與執行 參與海外新店開幕、新品上市、節慶等行銷專案，從企劃發想、活動設計、素材準備到正式上線，能掌握進度並主動推進，與團隊一起讓企劃順利落地。 4. KOL、品牌與外部夥
485,4925175,海外數位行銷與國際市場拓銷,海外行銷業務儲備幹部,三芳化學工業股份有限公司,塑膠製品製造業,東南亞,"月薪 52,000~75,000元",52000,https://www.104.com.tw/job/2xkaf,,"1.品牌&鞋廠客戶拜訪與產品推廣。 2.重點產品推廣與提高品牌佔有率。 3.國外客戶接待與拜訪。 4.市場競爭資訊的取得。 5.樣品/量產異常處理。 ※正式派駐後年薪達1,000,000元以上"
486,4803497,海外數位行銷與國際市場拓銷,海外行銷業務人員(韓),全漢企業股份有限公司,消費性電子產品製造業,桃園市桃園區,待遇面議(4萬以上或面議),38000,https://www.104.com.tw/job/2uyeh,,"1. 負責韓國線業務擴展及達成個人年度銷售目標 2. 維持既有客戶與開發新市場、新客戶, 銷售策略擬定與執行 3. 銷售標準品, 以及承接ODM案件至產品順利量產. 4. 產品及專案管理：掌握市場最新訊息與競爭優勢，評估市場需求潛在機會 5"
487,14952628,海外數位行銷與國際市場拓銷,海外行銷業務-美國(印製事業),聯聚建設股份有限公司,建築工程業,美加地區,待遇面議(4萬以上或面議),38000,https://www.104.com.tw/job/8whis,海外客戶開發與國際商展拓銷 / 商務談判、報價議價與合約簽訂,【紙盒包裝事業】 1.潛在客戶開發，拓展市場 2.拜訪客戶，維護現有客戶關係 3.產品報價、產品展示及訂單處理，並處理帳款回收相關事宜 4.常駐海外、有出差歐美亞洲機會 5.海外業務儲備幹部 6.其他主管交辦事項
488,15075012,海外數位行銷與國際市場拓銷,海外行銷業務儲備幹部(印度),三芳化學工業股份有限公司,塑膠製品製造業,印度,"月薪 53,000~85,000元",53000,https://www.104.com.tw/job/8z3yc,,"1.品牌&鞋廠客戶拜訪與產品推廣。 2.重點產品推廣與提高品牌佔有率。 3.國外客戶接待與拜訪。 4.市場競爭資訊的取得。 5.樣品/量產異常處理。 ※正式派駐後年薪達1,100,000元以上"
489,15379454,海外數位行銷與國際市場拓銷,海外行銷業務部儲備幹部(東南亞),立基先進材料股份有限公司,塑膠製品製造業,高雄市仁武區,"月薪 40,000~9,999,999元",40000,https://www.104.com.tw/job/95mv2,,在立基先進，從高功能性薄膜製品製造出發，將材料技術帶進全球市場。這不只是開發客戶，更是把好產品推向世界、創造跨國商機的舞台！ 1. 依據公司目標，規劃並推動成衣薄膜行銷企劃，讓產品找到對的市場與應用場景。 2. 配合公司策略，推廣新產品至美
490,14475487,海外數位行銷與國際市場拓銷,海外行銷業務專員(英國、紐澳、中東非),全漢企業股份有限公司,消費性電子產品製造業,桃園市桃園區,待遇面議(4萬以上或面議),38000,https://www.104.com.tw/job/8m9cv,,1. 進行重點產品通路上架 2. 通路產品定價、rebate計算 3. 每月Distributor price list、resellers price list發送 4. 每月代理商庫存統計、訂單規劃 5. 需定期或不定期出差，蒐集分析市
491,15392697,海外數位行銷與國際市場拓銷,海外APP行銷專員／數位行銷專員／海外市場行銷專員 (遠端工作)高雄,智核科技有限公司,電腦軟體服務業,高雄市前金區,"月薪 32,000~40,000元",32000,https://www.104.com.tw/job/95x2x,海外數位行銷與流量投放 (GA4/SEO/Meta/Ads),1. 負責 APP 海外市場推廣與使用者成長，提升下載量、啟用率及活躍使用者人數。 2. 獨立拓展海外推廣資源，負責合作夥伴開發、商務洽談及異業合作。 3. 規劃並執行海外行銷活動，提升品牌曝光度及使用者轉換率。 4. 追蹤行銷數據，分析各
492,15167540,海外數位行銷與國際市場拓銷,數位行銷專員-中國市場開發 / 小紅書及抖音運營企劃 （需海外出差宿霧）,澳貝客國際有限公司,其他教育服務業,台北市中正區,待遇面議(4萬以上或面議),38000,https://www.104.com.tw/job/913ck,英語商務溝通與信件書信 (精通/流利/多益) / 海外客戶開發與國際商展拓銷 / 海外數位行銷與流量投放 (GA4/SEO/Meta/Ads),一定的英文能力以利在海外出差時溝通者佳。 5. 性格特質： 具備強大的自我驅動力、抗壓性強，能適應快速變動的行銷環境。 【加分項目】 1. 有成功運營過小紅書「萬粉」帳號或有爆款文章案例者。 2. 曾有菲律賓遊學經驗，或對留學/代辦產業有深
493,15167516,海外數位行銷與國際市場拓銷,日籍行銷專員-日本市場開發 / 社群文案與短影音企劃（需海外出差）,澳貝客國際有限公司,其他教育服務業,台北市中正區,待遇面議(4萬以上或面議),38000,https://www.104.com.tw/job/913bw,海外客戶開發與國際商展拓銷 / 海外數位行銷與流量投放 (GA4/SEO/Meta/Ads),【日籍行銷專員】日本市場開發 / 社群文案與短影音企劃（需海外出差） 職務說明 (Job Description) 【仕事内容 / 工作內容】 我們正在尋找一位熱愛數位行銷、擅長說故事，且願意挑戰跨國專案的日本夥伴！您將負責將我們的品牌推廣
494,15267946,海外數位行銷與國際市場拓銷,海外行銷企劃,台北50嵐_深耕茶業股份有限公司,飲料店業,台北市中正區,待遇面議(4萬以上或面議),38000,https://www.104.com.tw/job/938tm,生成式 AI 與智慧商務工具 (ChatGPT/Prompt/Copilot/Midjourney),1.負責海外各城市社群平台內容規劃、貼文撰寫與日常更新。 2.依據不同國家／城市市場特性，協助撰寫在地化社群文案。 3.運用 AI 工具協助產出文案、圖片概念、短影音腳本、動畫素材發想等。 4.製作簡易社群圖片、短影音、Reels／TikT
495,15398207,海外數位行銷與國際市場拓銷,B2B科技行銷／Marketing Specialist / Manager,物聯智慧股份有限公司,電腦軟體服務業,台北市南港區,待遇面議(4萬以上或面議),38000,https://www.104.com.tw/job/961bz,,Marketing 等推廣管道。 • 主動尋找新的市場曝光機會，而不只是執行既有行銷活動。 • 與海外業務合作，針對北美、日本、印度、韓國、歐洲等市場規劃適合的行銷內容與推廣方式。 4. 國內外展會及活動企劃 • 規劃及執行國內外科技與安防
496,15347367,海外數位行銷與國際市場拓銷,數位行銷專員,攜利媒體有限公司,電腦軟體服務業,台北市內湖區,"月薪 45,209~71,103元",45209,https://www.104.com.tw/job/94y3r,海外數位行銷與流量投放 (GA4/SEO/Meta/Ads),集與研究海外市場資訊，洞察市場趨勢，提供策略建議。 • 跨部門協作，與設計、內容團隊合作，產出符合市場需求的廣告素材。 • 與外部代理商、合作夥伴溝通，確保廣告投放及行銷專案順利執行。 • 具備基本設計或美術能力，能夠進行素材簡單編修，或能
497,13834318,海外數位行銷與國際市場拓銷,海外數位行銷(SEO行銷企劃專員)【普拉共好圈聯盟商】,普拉瑞斯創意整合有限公司,廣告行銷公關業,台中市西屯區,待遇面議(4萬以上或面議),38000,https://www.104.com.tw/job/88imm,海外數位行銷與流量投放 (GA4/SEO/Meta/Ads),我們正在尋找具備國際市場SEO經驗的數位行銷合作夥伴，協助企業客戶提升全球搜尋能見度與網站流量成效。 若您熟悉Google SEO操作，並對B2B產業的海外市場拓展有興趣，歡迎加入我們的專案合作。 【工作內容】 1. 規劃與執行Google
498,14322403,海外數位行銷與國際市場拓銷,廣告投放手、口碑（網軍）論壇（需長時間海外工作,欣象多媒體整合行銷股份有限公司,多媒體傳播相關業,新北市新莊區,"月薪 80,000~9,999,999元",80000,https://www.104.com.tw/job/8iz8j,海外數位行銷與流量投放 (GA4/SEO/Meta/Ads),【職位概述】 如果每個月有500萬元的數位行銷額度在這個職位上，您將體驗成為集團的行銷智囊，享受在幕後運籌帷幄的成就感，善用Facebook、LINE和其他數位管道，應用大膽的策略為公司攻略市占率。如果您對廣告投放和分析數據充滿熱情，且對細
499,12943826,海外數位行銷與國際市場拓銷,國外行銷專員Digital Marketing Specialist,星竑科技有限公司,網際網路相關業,台北市中正區,待遇面議(4萬以上或面議),38000,https://www.104.com.tw/job/7pfiq,英語商務溝通與信件書信 (精通/流利/多益) / 海外數位行銷與流量投放 (GA4/SEO/Meta/Ads),星竑科技持續拓展全球市場，正在尋找具備英文能力、數位行銷思維及主動學習能力的夥伴。 你將加入行銷團隊，負責公司品牌、產品內容及海外數位行銷工作。若你對科技產品、B2B 行銷及國際市場有興趣，歡迎挑戰這個職務。 工作內容 1.撰寫英文產品文案
500,15215355,海外數位行銷與國際市場拓銷,國外業務,雄獅鉛筆廠股份有限公司,文具禮品相關業,新北市板橋區,待遇面議(4萬以上或面議),38000,https://www.104.com.tw/job/9248r,跨境電商平台營運 (Amazon/Alibaba/Shopee/Shopify) / 商務談判、報價議價與合約簽訂,、新通路拓展，並維繫既有客戶關係。 2.商務談判： 國外客戶合約評估（交易條件、生產流程、售後服務），並規劃參與國際商展。 3.跨部門溝通：作為海外客戶與內部資深團隊的橋樑，協調生產時程，確保準時出貨。 增加 4. 跨境電商研究與應用
