序號,學年度,系所代碼,系所名稱,准考證號,考生姓名,本系錄取狀態,最終分發學校,最終分發系所,去向分類,二階錄取校系數,全部錄取校系
1,113,105041,國立高雄科技大學 國際企業系(一),55090230,林*堃,正取,國立高雄科技大學,國立高雄科技大學國際企業系,原校系/本校留任,2,國立高雄科技大學國際企業系; 國立高雄科技大學財政稅務系
2,113,105041,國立高雄科技大學 國際企業系(一),70090418,吳*縈,正取,國立高雄科技大學,國立高雄科技大學金融系,原校系/本校留任,3,國立高雄科技大學國際企業系; 國立高雄科技大學金融系; 國立臺北商業大學數位多媒體設計系(桃園校區)
3,113,105041,國立高雄科技大學 國際企業系(一),66090193,范*琪,正取,國立高雄科技大學,國立高雄科技大學航運管理系,原校系/本校留任,2,國立高雄科技大學國際企業系; 國立高雄科技大學航運管理系
4,113,105041,國立高雄科技大學 國際企業系(一),61091415,吳*妤,正取,國立高雄科技大學,國立高雄科技大學國際企業系,原校系/本校留任,3,國立高雄科技大學國際企業系; 國立高雄科技大學金融系; 國立臺中科技大學國際貿易與經營系
5,113,105041,國立高雄科技大學 國際企業系(一),74530027,李*,正取,國立高雄科技大學,國立高雄科技大學航運管理系,原校系/本校留任,4,國立高雄科技大學國際企業系; 國立雲林科技大學國際管理學士學位學程; 國立高雄科技大學人力資源發展系; 國立高雄科技大學航運管理系
6,113,105041,國立高雄科技大學 國際企業系(一),61090967,陳*,備取,國立雲林科技大學,國立雲林科技大學國際管理學士學位學程,其他學校錄取,3,國立高雄科技大學國際企業系; 國立雲林科技大學工業工程與管理系; 國立雲林科技大學國際管理學士學位學程
7,113,105041,國立高雄科技大學 國際企業系(一),61091265,陳*瑄,正取,國立臺北商業大學,國立臺北商業大學國際商務系(臺北校區),其他學校錄取,5,國立高雄科技大學國際企業系; 國立雲林科技大學財務金融系; 國立臺中科技大學國際貿易與經營系; 國立臺北商業大學財務金融系(臺北校區); 國立臺北商業大學國際商務系(臺北校區)
8,113,105041,國立高雄科技大學 國際企業系(一),67090119,楊*絜,正取,—,—,未分發/放棄,4,國立高雄科技大學國際企業系; 國立高雄科技大學運籌管理系; 國立高雄科技大學航運管理系; 國立臺中科技大學國際貿易與經營系
9,113,105041,國立高雄科技大學 國際企業系(一),65090431,*君,正取,國立高雄科技大學,國立高雄科技大學國際企業系,原校系/本校留任,5,國立高雄科技大學國際企業系; 國立高雄科技大學行銷與流通管理系; 國立高雄科技大學人力資源發展系; 國立臺中科技大學國際貿易與經營系; 逢甲大學國際經營與貿易學系
10,113,105041,國立高雄科技大學 國際企業系(一),66090241,張*,正取,國立高雄科技大學,國立高雄科技大學國際企業系,原校系/本校留任,1,國立高雄科技大學國際企業系
11,113,105041,國立高雄科技大學 國際企業系(一),66090093,邱*恩,正取,國立臺中科技大學,國立臺中科技大學國際貿易與經營系,其他學校錄取,4,國立高雄科技大學國際企業系; 國立高雄科技大學行銷與流通管理系; 國立勤益科技大學流通管理系; 國立臺中科技大學國際貿易與經營系
12,113,105041,國立高雄科技大學 國際企業系(一),61090054,吳*,備取,國立臺北商業大學,國立臺北商業大學國際商務系(臺北校區),其他學校錄取,5,國立高雄科技大學國際企業系; 國立雲林科技大學企業管理系; 國立雲林科技大學國際管理學士學位學程; 國立臺中科技大學國際貿易與經營系; 國立臺北商業大學國際商務系(臺北校區)
13,113,105041,國立高雄科技大學 國際企業系(一),61090535,藍*鉲,正取,國立臺中科技大學,國立臺中科技大學國際貿易與經營系,其他學校錄取,3,國立高雄科技大學國際企業系; 國立高雄科技大學金融系; 國立臺中科技大學國際貿易與經營系
14,113,105041,國立高雄科技大學 國際企業系(一),70091005,葵*翔,正取,國立雲林科技大學,國立雲林科技大學工業工程與管理系,其他學校錄取,3,國立高雄科技大學國際企業系; 國立雲林科技大學工業工程與管理系; 國立高雄科技大學航運管理系
15,113,105041,國立高雄科技大學 國際企業系(一),59090022,張*雅,正取,國立高雄科技大學,國立高雄科技大學國際企業系,原校系/本校留任,3,國立高雄科技大學國際企業系; 國立高雄科技大學企業管理系; 國立虎尾科技大學工業管理系
16,113,105041,國立高雄科技大學 國際企業系(一),66090089,林*慈,正取,國立高雄科技大學,國立高雄科技大學國際企業系,原校系/本校留任,5,國立高雄科技大學國際企業系; 國立高雄科技大學智慧商務系; 國立高雄科技大學航運管理系; 國立虎尾科技大學資訊工程系(資安人才); 國立臺中科技大學國際貿易與經營系
17,113,105041,國立高雄科技大學 國際企業系(一),61090641,邱*瑜,正取,國立高雄科技大學,國立高雄科技大學國際企業系,原校系/本校留任,1,國立高雄科技大學國際企業系
18,113,105041,國立高雄科技大學 國際企業系(一),68090142,吳*昀,正取,國立高雄科技大學,國立高雄科技大學國際企業系,原校系/本校留任,2,國立高雄科技大學國際企業系; 國立高雄科技大學運籌管理系
19,113,105041,國立高雄科技大學 國際企業系(一),67090123,楊*淇,備取,國立高雄科技大學,國立高雄科技大學國際企業系,原校系/本校留任,3,國立高雄科技大學國際企業系; 國立雲林科技大學國際管理學士學位學程; 國立臺中科技大學國際貿易與經營系
20,113,105041,國立高雄科技大學 國際企業系(一),70090673,康*瑄,正取,國立高雄科技大學,國立高雄科技大學國際企業系,原校系/本校留任,1,國立高雄科技大學國際企業系
21,113,105041,國立高雄科技大學 國際企業系(一),51090295,賴*庭,正取,國立雲林科技大學,國立雲林科技大學應用外語系,其他學校錄取,3,國立高雄科技大學國際企業系; 國立雲林科技大學應用外語系; 國立臺中科技大學企業管理系
22,113,105041,國立高雄科技大學 國際企業系(一),68090785,*永,正取,國立高雄科技大學,國立高雄科技大學國際企業系,原校系/本校留任,5,國立高雄科技大學國際企業系; 國立高雄科技大學企業管理系; 國立虎尾科技大學財務金融系; 國立屏東大學國際經營與貿易學系; 國立屏東大學財務金融學系
23,113,105041,國立高雄科技大學 國際企業系(一),61091725,陳*,正取,國立高雄科技大學,國立高雄科技大學航運管理系,原校系/本校留任,4,國立高雄科技大學國際企業系; 國立雲林科技大學國際管理學士學位學程; 國立高雄科技大學航運管理系; 國立臺中科技大學國際貿易與經營系
24,113,105041,國立高雄科技大學 國際企業系(一),64090156,胡*僑,備取,國立高雄科技大學,國立高雄科技大學金融系,原校系/本校留任,2,國立高雄科技大學國際企業系; 國立高雄科技大學金融系
25,113,105041,國立高雄科技大學 國際企業系(一),70090925,宋*琦,正取,國立高雄科技大學,國立高雄科技大學國際企業系,原校系/本校留任,1,國立高雄科技大學國際企業系
26,113,105041,國立高雄科技大學 國際企業系(一),61090793,李*,正取,國立高雄科技大學,國立高雄科技大學國際企業系,原校系/本校留任,2,國立高雄科技大學國際企業系; 國立臺北商業大學商業設計管理系(桃園校區)
27,113,105041,國立高雄科技大學 國際企業系(一),60090251,*真,正取,國立高雄科技大學,國立高雄科技大學金融系,原校系/本校留任,5,國立高雄科技大學國際企業系; 國立雲林科技大學工業工程與管理系; 國立雲林科技大學企業管理系; 國立高雄科技大學企業管理系; 國立高雄科技大學金融系
28,113,105041,國立高雄科技大學 國際企業系(一),64090407,林*,備取,國立高雄科技大學,國立高雄科技大學國際企業系,原校系/本校留任,3,國立高雄科技大學國際企業系; 國立高雄科技大學行銷與流通管理系; 國立高雄科技大學金融系
29,113,105041,國立高雄科技大學 國際企業系(一),64090439,—,備取,國立高雄科技大學,國立高雄科技大學國際企業系,原校系/本校留任,3,國立高雄科技大學國際企業系; 國立高雄科技大學財務管理系; 國立臺北商業大學國際商務系(臺北校區)
30,113,105041,國立高雄科技大學 國際企業系(一),64090507,楊*雅,正取,逢甲大學,逢甲大學國際經營與貿易學系,其他學校錄取,5,國立高雄科技大學國際企業系; 國立高雄科技大學運籌管理系; 國立高雄科技大學行銷與流通管理系; 國立臺中科技大學國際貿易與經營系; 逢甲大學國際經營與貿易學系
31,113,105041,國立高雄科技大學 國際企業系(一),64090343,李*瑄,正取,國立高雄科技大學,國立高雄科技大學航運管理系,原校系/本校留任,5,國立高雄科技大學國際企業系; 國立高雄科技大學行銷與流通管理系; 國立高雄科技大學航運管理系; 國立臺中科技大學國際貿易與經營系; 國立臺中教育大學文化創意產業設計與營運學系
32,113,105041,國立高雄科技大學 國際企業系(一),58090089,賴*廷,正取,中原大學,中原大學國際經營與貿易學系,其他學校錄取,4,國立高雄科技大學國際企業系; 國立高雄科技大學企業管理系; 國立臺中科技大學國際貿易與經營系; 中原大學國際經營與貿易學系
33,113,105041,國立高雄科技大學 國際企業系(一),64090119,鄭*玲,正取,國立高雄科技大學,國立高雄科技大學金融資訊系,原校系/本校留任,3,國立高雄科技大學國際企業系; 國立高雄科技大學金融資訊系; 國立臺北護理健康大學資訊管理系
34,113,105041,國立高雄科技大學 國際企業系(一),59090130,何*欣,正取,國立高雄科技大學,國立高雄科技大學商務資訊應用系,原校系/本校留任,2,國立高雄科技大學國際企業系; 國立高雄科技大學商務資訊應用系
35,113,105041,國立高雄科技大學 國際企業系(一),58090033,*言,備取,國立高雄科技大學,國立高雄科技大學航運管理系,原校系/本校留任,5,國立高雄科技大學國際企業系; 國立高雄科技大學人力資源發展系; 國立高雄科技大學航運管理系; 國立臺中科技大學國際貿易與經營系; 中原大學國際經營與貿易學系
36,113,105041,國立高雄科技大學 國際企業系(一),61091665,何*任,正取,逢甲大學,逢甲大學國際經營與貿易學系,其他學校錄取,5,國立高雄科技大學國際企業系; 國立高雄科技大學運籌管理系; 國立高雄科技大學航運管理系; 逢甲大學合作經濟暨社會事業經營學系; 逢甲大學國際經營與貿易學系
37,113,105041,國立高雄科技大學 國際企業系(一),64090387,林*妤,備取,國立高雄科技大學,國立高雄科技大學國際企業系,原校系/本校留任,3,國立高雄科技大學國際企業系; 國立高雄科技大學航運管理系; 國立臺中科技大學國際貿易與經營系
38,113,105041,國立高雄科技大學 國際企業系(一),57090526,陳*縈,備取,—,—,未分發/放棄,2,國立高雄科技大學國際企業系; 中原大學國際經營與貿易學系
39,113,105041,國立高雄科技大學 國際企業系(一),66090237,孫*永,備取,國立高雄科技大學,國立高雄科技大學航運管理系,原校系/本校留任,5,國立高雄科技大學國際企業系; 國立高雄科技大學行銷與流通管理系; 國立高雄科技大學航運管理系; 國立虎尾科技大學企業管理系; 國立臺中科技大學國際貿易與經營系
40,113,105041,國立高雄科技大學 國際企業系(一),59090002,熊*羽,正取,國立高雄科技大學,國立高雄科技大學商務資訊應用系,原校系/本校留任,2,國立高雄科技大學國際企業系; 國立高雄科技大學商務資訊應用系
41,113,105041,國立高雄科技大學 國際企業系(一),56090046,鄭*永,備取,國立臺中科技大學,國立臺中科技大學國際貿易與經營系,其他學校錄取,5,國立高雄科技大學國際企業系; 國立高雄科技大學行銷與流通管理系; 國立勤益科技大學流通管理系; 國立臺中科技大學國際貿易與經營系; 中原大學國際經營與貿易學系
42,113,105041,國立高雄科技大學 國際企業系(一),70030434,陳*宏,備取,國立高雄科技大學,國立高雄科技大學國際企業系,原校系/本校留任,3,國立高雄科技大學國際企業系; 國立臺中科技大學國際貿易與經營系; 國立屏東大學財務金融學系
43,113,105041,國立高雄科技大學 國際企業系(一),57090525,鄭*彤,正取,國立高雄科技大學,國立高雄科技大學工業工程與管理系,原校系/本校留任,4,國立高雄科技大學國際企業系; 國立高雄科技大學工業工程與管理系; 國立高雄科技大學運籌管理系; 國立臺中科技大學國際貿易與經營系
44,113,105041,國立高雄科技大學 國際企業系(一),64090523,葉*廷,備取,國立高雄科技大學,國立高雄科技大學國際企業系,原校系/本校留任,3,國立高雄科技大學國際企業系; 國立高雄科技大學智慧商務系; 國立臺中科技大學國際貿易與經營系
45,113,105041,國立高雄科技大學 國際企業系(一),68090146,楊*晴,正取,致理科技大學,致理科技大學國際貿易系,其他學校錄取,4,國立高雄科技大學國際企業系; 國立高雄科技大學人力資源發展系; 國立臺中科技大學國際貿易與經營系; 致理科技大學國際貿易系
46,113,105041,國立高雄科技大學 國際企業系(一),64090319,潘*女,備取,國立雲林科技大學,國立雲林科技大學文化資產維護系,其他學校錄取,5,國立高雄科技大學國際企業系; 國立雲林科技大學文化資產維護系; 國立高雄科技大學觀光管理系; 國立高雄科技大學文化創意產業系; 國立臺中科技大學國際貿易與經營系
47,113,105041,國立高雄科技大學 國際企業系(一),61090300,許*淳,備取,逢甲大學,逢甲大學國際經營與貿易學系,其他學校錄取,3,國立高雄科技大學國際企業系; 國立高雄科技大學航運管理系; 逢甲大學國際經營與貿易學系
48,113,105041,國立高雄科技大學 國際企業系(一),65090449,范*珊,備取,國立高雄科技大學,國立高雄科技大學國際企業系,原校系/本校留任,3,國立高雄科技大學國際企業系; 國立高雄科技大學航運管理系; 國立勤益科技大學健康產業科技研發與管理系
49,113,105041,國立高雄科技大學 國際企業系(一),64090487,謝*哲,正取,國立高雄科技大學,國立高雄科技大學國際企業系,原校系/本校留任,6,國立高雄科技大學國際企業系; 國立雲林科技大學工業工程與管理系; 國立雲林科技大學企業管理系; 國立高雄科技大學行銷與流通管理系; 國立高雄科技大學風險管理與保險系; 國立臺中科技大學國際貿易與經營系
50,113,105041,國立高雄科技大學 國際企業系(一),68090646,黄*豪,備取,國立高雄科技大學,國立高雄科技大學智慧商務系,原校系/本校留任,4,國立高雄科技大學國際企業系; 國立雲林科技大學國際管理學士學位學程; 國立高雄科技大學企業管理系; 國立高雄科技大學智慧商務系
51,113,105041,國立高雄科技大學 國際企業系(一),64090467,*倫,備取,國立高雄科技大學,國立高雄科技大學國際企業系,原校系/本校留任,5,國立高雄科技大學國際企業系; 國立高雄科技大學運籌管理系; 國立高雄科技大學航運管理系; 國立勤益科技大學流通管理系; 國立臺中科技大學國際貿易與經營系
52,113,105041,國立高雄科技大學 國際企業系(一),70090597,吳*,正取,國立高雄科技大學,國立高雄科技大學行銷與流通管理系,原校系/本校留任,5,國立高雄科技大學國際企業系; 國立高雄科技大學行銷與流通管理系; 國立高雄科技大學應用英語系; 國立勤益科技大學流通管理系; 國立臺中科技大學流通管理系
53,113,105041,國立高雄科技大學 國際企業系(一),58530020,余*,正取,國立高雄科技大學,國立高雄科技大學高瞻科技不分系學士學位學程,原校系/本校留任,4,國立高雄科技大學國際企業系; 國立雲林科技大學國際管理學士學位學程; 國立高雄科技大學高瞻科技不分系學士學位學程; 國立勤益科技大學人工智慧應用工程系
54,113,105041,國立高雄科技大學 國際企業系(一),55090113,葵*綸,備取,國立高雄科技大學,國立高雄科技大學金融資訊系,原校系/本校留任,4,國立高雄科技大學國際企業系; 國立高雄科技大學行銷與流通管理系; 國立高雄科技大學金融資訊系; 國立臺中科技大學國際貿易與經營系
55,113,105041,國立高雄科技大學 國際企業系(一),56530008,林*丞,備取,—,—,未分發/放棄,5,國立高雄科技大學國際企業系; 國立高雄科技大學航運管理系; 國立高雄科技大學應用英語系; 國立臺中科技大學保險金融管理系; 國立臺北商業大學應用外語系(臺北校區)
56,113,105041,國立高雄科技大學 國際企業系(一),57090633,黎*君,備取,逢甲大學,逢甲大學會計學系,其他學校錄取,5,國立高雄科技大學國際企業系; 國立高雄科技大學會計資訊系; 國立臺中科技大學國際貿易與經營系; 中原大學會計學系; 逢甲大學會計學系
57,113,105041,國立高雄科技大學 國際企業系(一),57090750,*珊,正取,國立雲林科技大學,國立雲林科技大學文化資產維護系,其他學校錄取,4,國立高雄科技大學國際企業系; 國立雲林科技大學工業工程與管理系; 國立雲林科技大學文化資產維護系; 國立高雄科技大學企業管理系
58,113,105041,國立高雄科技大學 國際企業系(一),57090881,*媛,正取,中原大學,中原大學國際經營與貿易學系,其他學校錄取,5,國立高雄科技大學國際企業系; 國立高雄科技大學運籌管理系; 國立臺中科技大學國際貿易與經營系; 國立臺北商業大學國際商務系(臺北校區); 中原大學國際經營與貿易學系
59,113,105041,國立高雄科技大學 國際企業系(一),57530078,許*妍,備取,—,—,未分發/放棄,2,國立高雄科技大學國際企業系; 國立高雄科技大學企業管理系
60,113,105041,國立高雄科技大學 國際企業系(一),58090309,闕*竹,正取,國立雲林科技大學,國立雲林科技大學工業工程與管理系,其他學校錄取,4,國立高雄科技大學國際企業系; 國立雲林科技大學工業工程與管理系; 國立雲林科技大學企業管理系; 國立臺中科技大學流通管理系
61,113,105041,國立高雄科技大學 國際企業系(一),59090377,*熒,備取,—,—,未分發/放棄,1,國立高雄科技大學國際企業系
62,113,105041,國立高雄科技大學 國際企業系(一),61091271,陳*姍,備取,—,—,未分發/放棄,4,國立高雄科技大學國際企業系; 國立高雄科技大學企業管理系; 國立臺中科技大學休閒事業經營系; 亞洲大學健康產業管理學系
63,113,105041,國立高雄科技大學 國際企業系(一),61091277,陳*帆,正取,國立高雄科技大學,國立高雄科技大學資訊管理系,原校系/本校留任,4,國立高雄科技大學國際企業系; 國立高雄科技大學資訊管理系; 國立高雄科技大學財務管理系; 國立臺中科技大學資訊管理系
64,113,105041,國立高雄科技大學 國際企業系(一),61091343,吳*恬,備取,國立雲林科技大學,國立雲林科技大學工業工程與管理系,其他學校錄取,5,國立高雄科技大學國際企業系; 國立雲林科技大學工業工程與管理系; 國立雲林科技大學國際管理學士學位學程; 國立高雄科技大學工業工程與管理系; 中原大學資訊管理學系
65,113,105041,國立高雄科技大學 國際企業系(一),61091583,—,正取,國立臺中科技大學,國立臺中科技大學國際貿易與經營系,其他學校錄取,3,國立高雄科技大學國際企業系; 國立雲林科技大學國際管理學士學位學程; 國立臺中科技大學國際貿易與經營系
66,113,105041,國立高雄科技大學 國際企業系(一),61091591,陳*臻,正取,國立臺中科技大學,國立臺中科技大學國際貿易與經營系,其他學校錄取,2,國立高雄科技大學國際企業系; 國立臺中科技大學國際貿易與經營系
67,113,105041,國立高雄科技大學 國際企業系(一),61091627,*君,備取,—,—,未分發/放棄,3,國立高雄科技大學國際企業系; 國立雲林科技大學國際管理學士學位學程; 中原大學國際經營與貿易學系
68,113,105041,國立高雄科技大學 國際企業系(一),61530004,葵*瑀,正取,國立雲林科技大學,國立雲林科技大學應用外語系,其他學校錄取,3,國立高雄科技大學國際企業系; 國立雲林科技大學應用外語系; 國立高雄科技大學應用英語系
69,113,105041,國立高雄科技大學 國際企業系(一),62090086,蘇*方,備取,—,—,未分發/放棄,2,國立高雄科技大學國際企業系; 國立臺中科技大學國際貿易與經營系
70,113,105041,國立高雄科技大學 國際企業系(一),64030060,張*庭,正取,國立臺中科技大學,國立臺中科技大學國際貿易與經營系,其他學校錄取,3,國立高雄科技大學國際企業系; 國立雲林科技大學工業工程與管理系; 國立臺中科技大學國際貿易與經營系
71,113,105041,國立高雄科技大學 國際企業系(一),64090076,趙*如,正取,逢甲大學,逢甲大學會計學系,其他學校錄取,5,國立高雄科技大學國際企業系; 國立高雄科技大學金融系; 國立臺中科技大學會計資訊系; 中原大學會計學系; 逢甲大學會計學系
72,113,105041,國立高雄科技大學 國際企業系(一),64090144,周*如,正取,國立雲林科技大學,國立雲林科技大學企業管理系,其他學校錄取,5,國立高雄科技大學國際企業系; 國立雲林科技大學企業管理系; 國立高雄科技大學金融系; 國立高雄科技大學財務管理系; 國立臺中科技大學財務金融系
73,113,105041,國立高雄科技大學 國際企業系(一),64090547,*晴,正取,國立臺北商業大學,國立臺北商業大學國際商務系(臺北校區),其他學校錄取,3,國立高雄科技大學國際企業系; 國立高雄科技大學金融系; 國立臺北商業大學國際商務系(臺北校區)
74,113,105041,國立高雄科技大學 國際企業系(一),64090559,陳*,正取,國立臺中科技大學,國立臺中科技大學國際貿易與經營系,其他學校錄取,4,國立高雄科技大學國際企業系; 國立高雄科技大學人力資源發展系; 國立虎尾科技大學企業管理系; 國立臺中科技大學國際貿易與經營系
75,113,105041,國立高雄科技大學 國際企業系(一),64090587,黄*諺,正取,國立臺北商業大學,國立臺北商業大學國際商務系(臺北校區),其他學校錄取,4,國立高雄科技大學國際企業系; 國立高雄科技大學金融系; 國立臺北商業大學國際商務系(臺北校區); 國立彰化師範大學財務金融技術學系
76,113,105041,國立高雄科技大學 國際企業系(一),64090611,粘*騰,備取,—,—,未分發/放棄,5,國立高雄科技大學國際企業系; 國立高雄科技大學金融系; 國立高雄科技大學財務管理系; 國立勤益科技大學企業管理系; 國立臺中科技大學財務金融系
77,113,105041,國立高雄科技大學 國際企業系(一),65090110,*榕,正取,國立雲林科技大學,國立雲林科技大學國際管理學士學位學程,其他學校錄取,3,國立高雄科技大學國際企業系; 國立雲林科技大學工業工程與管理系; 國立雲林科技大學國際管理學士學位學程
78,113,105041,國立高雄科技大學 國際企業系(一),65090265,陳*航,備取,國立高雄科技大學,國立高雄科技大學金融系,原校系/本校留任,4,國立高雄科技大學國際企業系; 國立高雄科技大學金融系; 國立高雄科技大學財政稅務系; 國立臺中科技大學財政稅務系
79,113,105041,國立高雄科技大學 國際企業系(一),66090189,吳*褕,備取,國立高雄科技大學,國立高雄科技大學運籌管理系,原校系/本校留任,5,國立高雄科技大學國際企業系; 國立高雄科技大學運籌管理系; 國立高雄科技大學行銷與流通管理系; 國立勤益科技大學流通管理系; 國立臺北護理健康大學休閒產業與健康促進系
80,113,105041,國立高雄科技大學 國際企業系(一),66090225,陳*昕,正取,國立臺北商業大學,國立臺北商業大學國際商務系(臺北校區),其他學校錄取,3,國立高雄科技大學國際企業系; 國立高雄科技大學金融系; 國立臺北商業大學國際商務系(臺北校區)
81,113,105041,國立高雄科技大學 國際企業系(一),67090238,陳*杉,備取,—,—,未分發/放棄,2,國立高雄科技大學國際企業系; 國立高雄科技大學財政稅務系
82,113,105041,國立高雄科技大學 國際企業系(一),68090126,陳*君,備取,—,—,未分發/放棄,2,國立高雄科技大學國際企業系; 國立雲林科技大學國際管理學士學位學程
83,113,105041,國立高雄科技大學 國際企業系(一),68090525,*昕,備取,—,—,未分發/放棄,1,國立高雄科技大學國際企業系
84,113,105041,國立高雄科技大學 國際企業系(一),70090585,*榕,正取,國立雲林科技大學,國立雲林科技大學應用外語系,其他學校錄取,4,國立高雄科技大學國際企業系; 國立雲林科技大學應用外語系; 國立高雄科技大學行銷與流通管理系; 國立臺中科技大學流通管理系
85,113,105041,國立高雄科技大學 國際企業系(一),70090665,葵*恩,備取,—,—,未分發/放棄,2,國立高雄科技大學國際企業系; 國立雲林科技大學工業工程與管理系
86,113,105070,國立高雄科技大學 航運管理系(一),74530027,李*,正取,國立高雄科技大學,國立高雄科技大學航運管理系,原校系/本校留任,4,國立高雄科技大學航運管理系; 國立雲林科技大學國際管理學士學位學程; 國立高雄科技大學國際企業系; 國立高雄科技大學人力資源發展系
87,113,105070,國立高雄科技大學 航運管理系(一),64090363,郭*育,正取,國立高雄科技大學,國立高雄科技大學航運管理系,原校系/本校留任,4,國立高雄科技大學航運管理系; 國立高雄科技大學金融系; 國立高雄科技大學財務管理系; 國立臺灣海洋大學航運管理學系
88,113,105070,國立高雄科技大學 航運管理系(一),67090119,楊*絜,正取,—,—,未分發/放棄,4,國立高雄科技大學航運管理系; 國立高雄科技大學國際企業系; 國立高雄科技大學運籌管理系; 國立臺中科技大學國際貿易與經營系
89,113,105070,國立高雄科技大學 航運管理系(一),68090194,陳*,正取,國立高雄科技大學,國立高雄科技大學航運管理系,原校系/本校留任,3,國立高雄科技大學航運管理系; 國立高雄科技大學運籌管理系; 長榮大學財務金融學系
90,113,105070,國立高雄科技大學 航運管理系(一),b9006069,顏*恩,正取,國立高雄科技大學,國立高雄科技大學航運管理系,原校系/本校留任,1,國立高雄科技大學航運管理系
91,113,105070,國立高雄科技大學 航運管理系(一),64090503,F*,正取,國立高雄科技大學,國立高雄科技大學航運管理系,原校系/本校留任,4,國立高雄科技大學航運管理系; 國立臺北科技大學工業工程與管理系; 國立高雄科技大學金融系; 國立臺北商業大學國際商務系(臺北校區)
92,113,105070,國立高雄科技大學 航運管理系(一),61091725,陳*,正取,國立高雄科技大學,國立高雄科技大學航運管理系,原校系/本校留任,4,國立高雄科技大學航運管理系; 國立雲林科技大學國際管理學士學位學程; 國立高雄科技大學國際企業系; 國立臺中科技大學國際貿易與經營系
93,113,105070,國立高雄科技大學 航運管理系(一),66090193,范*琪,正取,國立高雄科技大學,國立高雄科技大學航運管理系,原校系/本校留任,2,國立高雄科技大學航運管理系; 國立高雄科技大學國際企業系
94,113,105070,國立高雄科技大學 航運管理系(一),64090343,李*瑄,正取,國立高雄科技大學,國立高雄科技大學航運管理系,原校系/本校留任,5,國立高雄科技大學航運管理系; 國立高雄科技大學國際企業系; 國立高雄科技大學行銷與流通管理系; 國立臺中科技大學國際貿易與經營系; 國立臺中教育大學文化創意產業設計與營運學系
95,113,105070,國立高雄科技大學 航運管理系(一),70090805,蕭*,正取,國立高雄科技大學,國立高雄科技大學航運管理系,原校系/本校留任,2,國立高雄科技大學航運管理系; 國立臺中科技大學國際貿易與經營系
96,113,105070,國立高雄科技大學 航運管理系(一),59090041,吳*絜,正取,國立高雄科技大學,國立高雄科技大學航運管理系,原校系/本校留任,3,國立高雄科技大學航運管理系; 國立高雄科技大學應用英語系; 長榮大學航運管理學系
97,113,105070,國立高雄科技大學 航運管理系(一),70091005,葵*翔,正取,國立雲林科技大學,國立雲林科技大學工業工程與管理系,其他學校錄取,3,國立高雄科技大學航運管理系; 國立雲林科技大學工業工程與管理系; 國立高雄科技大學國際企業系
98,113,105070,國立高雄科技大學 航運管理系(一),57090065,張*禎,正取,國立高雄科技大學,國立高雄科技大學航運管理系,原校系/本校留任,2,國立高雄科技大學航運管理系; 國立高雄科技大學資訊管理系
99,113,105070,國立高雄科技大學 航運管理系(一),61090609,賴*靜,正取,國立高雄科技大學,國立高雄科技大學航運管理系,原校系/本校留任,3,國立高雄科技大學航運管理系; 國立高雄科技大學金融系; 國立高雄科技大學財政稅務系
100,113,105070,國立高雄科技大學 航運管理系(一),61091645,游*宇,備取,國立高雄科技大學,國立高雄科技大學航運管理系,原校系/本校留任,4,國立高雄科技大學航運管理系; 國立高雄科技大學財務管理系; 國立臺中科技大學國際貿易與經營系; 國立臺北商業大學國際商務系(臺北校區)
101,113,105070,國立高雄科技大學 航運管理系(一),61091737,*甄,正取,國立高雄科技大學,國立高雄科技大學航運管理系,原校系/本校留任,2,國立高雄科技大學航運管理系; 國立臺中科技大學流通管理系
102,113,105070,國立高雄科技大學 航運管理系(一),70090386,葵*妤,正取,國立高雄科技大學,國立高雄科技大學運籌管理系,原校系/本校留任,4,國立高雄科技大學航運管理系; 國立屏東科技大學企業管理系; 國立屏東科技大學財務金融國際學士學位學程; 國立高雄科技大學運籌管理系
103,113,105070,國立高雄科技大學 航運管理系(一),61090589,*伶,正取,國立高雄科技大學,國立高雄科技大學航運管理系,原校系/本校留任,3,國立高雄科技大學航運管理系; 國立高雄科技大學行銷與流通管理系; 國立高雄科技大學金融系
104,113,105070,國立高雄科技大學 航運管理系(一),61091677,魏*蓓,正取,國立高雄科技大學,國立高雄科技大學航運管理系,原校系/本校留任,3,國立高雄科技大學航運管理系; 國立高雄科技大學財政稅務系; 國立臺中科技大學國際貿易與經營系
105,113,105070,國立高雄科技大學 航運管理系(一),68090334,趙*瀠,正取,國立高雄科技大學,國立高雄科技大學智慧商務系,原校系/本校留任,4,國立高雄科技大學航運管理系; 國立高雄科技大學智慧商務系; 南臺科技大學行銷與流通管理系; 南臺科技大學國際企業系
106,113,105070,國立高雄科技大學 航運管理系(一),64090276,—,正取,國立雲林科技大學,國立雲林科技大學工業工程與管理系,其他學校錄取,6,國立高雄科技大學航運管理系; 國立雲林科技大學工業工程與管理系; 國立雲林科技大學資訊管理系; 國立高雄科技大學運籌管理系; 國立高雄科技大學航運技術系; 國立臺中科技大學流通管理系
107,113,105070,國立高雄科技大學 航運管理系(一),58090033,*言,備取,國立高雄科技大學,國立高雄科技大學航運管理系,原校系/本校留任,5,國立高雄科技大學航運管理系; 國立高雄科技大學國際企業系; 國立高雄科技大學人力資源發展系; 國立臺中科技大學國際貿易與經營系; 中原大學國際經營與貿易學系
108,113,105070,國立高雄科技大學 航運管理系(一),ES006099,鄭*,備取,國立雲林科技大學,國立雲林科技大學工業工程與管理系,其他學校錄取,3,國立高雄科技大學航運管理系; 國立雲林科技大學工業工程與管理系; 國立高雄科技大學工業工程與管理系
109,113,105070,國立高雄科技大學 航運管理系(一),67090458,黄*穎,備取,國立高雄科技大學,國立高雄科技大學航運管理系,原校系/本校留任,2,國立高雄科技大學航運管理系; 國立臺中科技大學會計資訊系
110,113,105070,國立高雄科技大學 航運管理系(一),69090056,—,正取,國立高雄科技大學,國立高雄科技大學航運管理系,原校系/本校留任,2,國立高雄科技大學航運管理系; 國立屏東大學行銷與流通管理學系
111,113,105070,國立高雄科技大學 航運管理系(一),61530090,*翔,正取,國立高雄科技大學,國立高雄科技大學航運管理系,原校系/本校留任,4,國立高雄科技大學航運管理系; 國立雲林科技大學文化資產維護系; 國立高雄科技大學人力資源發展系; 國立高雄科技大學應用英語系
112,113,105070,國立高雄科技大學 航運管理系(一),64090535,葵*臻,正取,國立高雄科技大學,國立高雄科技大學航運管理系,原校系/本校留任,3,國立高雄科技大學航運管理系; 國立雲林科技大學工業工程與管理系; 國立臺中科技大學財務金融系
113,113,105070,國立高雄科技大學 航運管理系(一),60090327,吳*綾,正取,國立高雄科技大學,國立高雄科技大學航運管理系,原校系/本校留任,2,國立高雄科技大學航運管理系; 逢甲大學經濟學系
114,113,105070,國立高雄科技大學 航運管理系(一),67090267,侯*妤,備取,國立高雄科技大學,國立高雄科技大學航運管理系,原校系/本校留任,2,國立高雄科技大學航運管理系; 國立雲林科技大學國際管理學士學位學程
115,113,105070,國立高雄科技大學 航運管理系(一),63090258,林*筠,正取,國立高雄科技大學,國立高雄科技大學航運管理系,原校系/本校留任,2,國立高雄科技大學航運管理系; 國立臺中科技大學財政稅務系
116,113,105070,國立高雄科技大學 航運管理系(一),65090425,蕭*,正取,國立臺中科技大學,國立臺中科技大學國際貿易與經營系,其他學校錄取,6,國立高雄科技大學航運管理系; 國立高雄科技大學行銷與流通管理系; 國立高雄科技大學供應鏈管理系; 國立虎尾科技大學企業管理系; 國立勤益科技大學流通管理系; 國立臺中科技大學國際貿易與經營系
117,113,105070,國立高雄科技大學 航運管理系(一),66090149,張*瑄,正取,國立高雄科技大學,國立高雄科技大學航運管理系,原校系/本校留任,5,國立高雄科技大學航運管理系; 國立高雄科技大學觀光管理系; 國立虎尾科技大學企業管理系; 國立勤益科技大學企業管理系; 國立臺中科技大學國際貿易與經營系
118,113,105070,國立高雄科技大學 航運管理系(一),53090021,黄*,正取,國立高雄科技大學,國立高雄科技大學航運管理系,原校系/本校留任,1,國立高雄科技大學航運管理系
119,113,105070,國立高雄科技大學 航運管理系(一),60090315,張*瑜,正取,國立高雄科技大學,國立高雄科技大學航運管理系,原校系/本校留任,1,國立高雄科技大學航運管理系
120,113,105070,國立高雄科技大學 航運管理系(一),61090873,*恩,正取,國立臺灣海洋大學,國立臺灣海洋大學海洋經營管理學士學位學程,其他學校錄取,2,國立高雄科技大學航運管理系; 國立臺灣海洋大學海洋經營管理學士學位學程
121,113,105070,國立高雄科技大學 航運管理系(一),66090237,孫*永,備取,國立高雄科技大學,國立高雄科技大學航運管理系,原校系/本校留任,5,國立高雄科技大學航運管理系; 國立高雄科技大學國際企業系; 國立高雄科技大學行銷與流通管理系; 國立虎尾科技大學企業管理系; 國立臺中科技大學國際貿易與經營系
122,113,105070,國立高雄科技大學 航運管理系(一),59090188,維*宇,備取,國立高雄科技大學,國立高雄科技大學金融系,原校系/本校留任,4,國立高雄科技大學航運管理系; 國立高雄科技大學行銷與流通管理系; 國立高雄科技大學金融系; 國立臺中科技大學財務金融系
123,113,105070,國立高雄科技大學 航運管理系(一),76090017,歐*含,正取,國立高雄科技大學,國立高雄科技大學航運管理系,原校系/本校留任,6,國立高雄科技大學航運管理系; 國立高雄科技大學財務管理系; 國立高雄科技大學會計資訊系; 國立澎湖科技大學行銷與物流管理系; 樹德科技大學流通管理系; 樹德科技大學企業管理系
124,113,105070,國立高雄科技大學 航運管理系(一),65090261,陳*妤,正取,國立高雄科技大學,國立高雄科技大學航運管理系,原校系/本校留任,5,國立高雄科技大學航運管理系; 國立高雄科技大學運籌管理系; 國立高雄科技大學航運技術系; 國立虎尾科技大學企業管理系; 國立勤益科技大學企業管理系
125,113,105070,國立高雄科技大學 航運管理系(一),64090004,林*恩,備取,國立高雄科技大學,國立高雄科技大學航運管理系,原校系/本校留任,2,國立高雄科技大學航運管理系; 國立臺中科技大學國際貿易與經營系
126,113,105070,國立高雄科技大學 航運管理系(一),68530094,林*岑,正取,國立高雄科技大學,國立高雄科技大學航運管理系,原校系/本校留任,4,國立高雄科技大學航運管理系; 國立臺中科技大學財政稅務系; 國立屏東大學財務金融學系; 國立屏東大學會計學系
127,113,105070,國立高雄科技大學 航運管理系(一),52090139,陳*永,備取,國立高雄科技大學,國立高雄科技大學航運管理系,原校系/本校留任,1,國立高雄科技大學航運管理系
128,113,105070,國立高雄科技大學 航運管理系(一),61090312,黄*,備取,國立高雄科技大學,國立高雄科技大學航運管理系,原校系/本校留任,2,國立高雄科技大學航運管理系; 國立臺中科技大學國際貿易與經營系
129,113,105070,國立高雄科技大學 航運管理系(一),64090160,沈*茜,正取,逢甲大學,逢甲大學國際經營與貿易學系,其他學校錄取,4,國立高雄科技大學航運管理系; 國立高雄科技大學財政稅務系; 國立臺中科技大學國際貿易與經營系; 逢甲大學國際經營與貿易學系
130,113,105070,國立高雄科技大學 航運管理系(一),61091463,林*頡,備取,國立高雄科技大學,國立高雄科技大學航運管理系,原校系/本校留任,3,國立高雄科技大學航運管理系; 國立高雄科技大學財政稅務系; 國立臺中科技大學國際貿易與經營系
131,113,105070,國立高雄科技大學 航運管理系(一),64090598,林*庭,備取,國立高雄科技大學,國立高雄科技大學航運管理系,原校系/本校留任,2,國立高雄科技大學航運管理系; 國立勤益科技大學資訊管理系
132,113,105070,國立高雄科技大學 航運管理系(一),70090953,*慈,備取,國立高雄科技大學,國立高雄科技大學航運管理系,原校系/本校留任,1,國立高雄科技大學航運管理系
133,113,105070,國立高雄科技大學 航運管理系(一),65090449,范*珊,備取,國立高雄科技大學,國立高雄科技大學國際企業系,原校系/本校留任,3,國立高雄科技大學航運管理系; 國立高雄科技大學國際企業系; 國立勤益科技大學健康產業科技研發與管理系
134,113,105070,國立高雄科技大學 航運管理系(一),66090157,吳*宇,備取,國立高雄科技大學,國立高雄科技大學航運管理系,原校系/本校留任,2,國立高雄科技大學航運管理系; 國立高雄科技大學航運技術系
135,113,105070,國立高雄科技大學 航運管理系(一),61091663,*瑜,正取,亞洲大學,亞洲大學健康產業管理學系,其他學校錄取,5,國立高雄科技大學航運管理系; 國立臺北護理健康大學健康事業管理系; 國立臺北護理健康大學生死與健康心理諮商系; 國立暨南國際大學觀光休閒與餐旅管理學系觀光休閒組; 亞洲大學健康產業管理學系
136,113,105070,國立高雄科技大學 航運管理系(一),67090186,許*彦,備取,—,—,未分發/放棄,3,國立高雄科技大學航運管理系; 國立虎尾科技大學財務金融系; 國立臺中科技大學財政稅務系
137,113,105070,國立高雄科技大學 航運管理系(一),64090096,尤*筠,備取,國立臺中科技大學,國立臺中科技大學國際貿易與經營系,其他學校錄取,4,國立高雄科技大學航運管理系; 國立高雄科技大學行銷與流通管理系; 國立臺中科技大學國際貿易與經營系; 逢甲大學會計學系
138,113,105070,國立高雄科技大學 航運管理系(一),61090300,許*淳,備取,逢甲大學,逢甲大學國際經營與貿易學系,其他學校錄取,3,國立高雄科技大學航運管理系; 國立高雄科技大學國際企業系; 逢甲大學國際經營與貿易學系
139,113,105070,國立高雄科技大學 航運管理系(一),58090141,*真,備取,國立高雄科技大學,國立高雄科技大學智慧商務系,原校系/本校留任,5,國立高雄科技大學航運管理系; 國立高雄科技大學行銷與流通管理系; 國立高雄科技大學智慧商務系; 國立臺中科技大學國際貿易與經營系; 中原大學資訊管理學系
140,113,105070,國立高雄科技大學 航運管理系(一),55090125,李*侑,備取,—,—,未分發/放棄,4,國立高雄科技大學航運管理系; 國立臺北護理健康大學高齡健康照護系; 國立臺北護理健康大學健康事業管理系; 國立臺中科技大學國際貿易與經營系
141,113,105070,國立高雄科技大學 航運管理系(一),71090350,昍*,正取,國立高雄科技大學,國立高雄科技大學人力資源發展系,原校系/本校留任,3,國立高雄科技大學航運管理系; 國立高雄科技大學人力資源發展系; 國立屏東大學國際經營與貿易學系
142,113,105070,國立高雄科技大學 航運管理系(一),64090387,林*妤,備取,國立高雄科技大學,國立高雄科技大學國際企業系,原校系/本校留任,3,國立高雄科技大學航運管理系; 國立高雄科技大學國際企業系; 國立臺中科技大學國際貿易與經營系
143,113,105070,國立高雄科技大學 航運管理系(一),61091399,張*婕,正取,逢甲大學,逢甲大學國際經營與貿易學系,其他學校錄取,4,國立高雄科技大學航運管理系; 國立高雄科技大學運籌管理系; 銘傳大學國際企業學系(台北校區); 逢甲大學國際經營與貿易學系
144,113,105070,國立高雄科技大學 航運管理系(一),71090258,楊*,備取,國立高雄科技大學,國立高雄科技大學運籌管理系,原校系/本校留任,6,國立高雄科技大學航運管理系; 國立高雄科技大學運籌管理系; 國立虎尾科技大學財務金融系; 國立臺中科技大學國際貿易與經營系; 逢甲大學土地管理學系; 逢甲大學國際經營與貿易學系
145,113,105070,國立高雄科技大學 航運管理系(一),67090259,黄*珊,正取,國立臺中科技大學,國立臺中科技大學國際貿易與經營系,其他學校錄取,4,國立高雄科技大學航運管理系; 國立高雄科技大學財政稅務系; 國立臺中科技大學國際貿易與經營系; 國立屏東大學國際經營與貿易學系
146,113,105070,國立高雄科技大學 航運管理系(一),61091032,林*亮,正取,國立勤益科技大學,國立勤益科技大學企業管理系,其他學校錄取,3,國立高雄科技大學航運管理系; 國立虎尾科技大學企業管理系; 國立勤益科技大學企業管理系
147,113,105070,國立高雄科技大學 航運管理系(一),65090077,朱*𡤃,正取,—,—,未分發/放棄,2,國立高雄科技大學航運管理系; 國立高雄科技大學財政稅務系
148,113,105070,國立高雄科技大學 航運管理系(一),67090279,吳*,備取,國立高雄科技大學,國立高雄科技大學行銷與流通管理系,原校系/本校留任,3,國立高雄科技大學航運管理系; 國立高雄科技大學行銷與流通管理系; 國立臺中科技大學國際貿易與經營系
149,113,105070,國立高雄科技大學 航運管理系(一),67090207,陳*妤,正取,國立高雄科技大學,國立高雄科技大學運籌管理系,原校系/本校留任,2,國立高雄科技大學航運管理系; 國立高雄科技大學運籌管理系
150,113,105070,國立高雄科技大學 航運管理系(一),52090500,鄭*丞,備取,—,—,未分發/放棄,3,國立高雄科技大學航運管理系; 致理科技大學財務金融系; 實踐大學財務金融學系(臺北校區)
151,113,105070,國立高雄科技大學 航運管理系(一),64090467,*倫,備取,國立高雄科技大學,國立高雄科技大學國際企業系,原校系/本校留任,5,國立高雄科技大學航運管理系; 國立高雄科技大學國際企業系; 國立高雄科技大學運籌管理系; 國立勤益科技大學流通管理系; 國立臺中科技大學國際貿易與經營系
152,113,105070,國立高雄科技大學 航運管理系(一),70090853,蘇*甯,備取,—,—,未分發/放棄,1,國立高雄科技大學航運管理系
153,113,105070,國立高雄科技大學 航運管理系(一),69090031,葵*軒,備取,—,—,未分發/放棄,3,國立高雄科技大學航運管理系; 國立高雄科技大學運籌管理系; 國立臺中科技大學財政稅務系
154,113,105070,國立高雄科技大學 航運管理系(一),64090515,黄*穎,備取,國立高雄科技大學,國立高雄科技大學運籌管理系,原校系/本校留任,4,國立高雄科技大學航運管理系; 國立高雄科技大學運籌管理系; 國立虎尾科技大學財務金融系; 國立臺中科技大學國際貿易與經營系
155,113,105070,國立高雄科技大學 航運管理系(一),70090473,楊*婕,備取,國立臺中科技大學,國立臺中科技大學國際貿易與經營系,其他學校錄取,4,國立高雄科技大學航運管理系; 國立臺中科技大學國際貿易與經營系; 國立屏東大學國際經營與貿易學系; 國立屏東大學行銷與流通管理學系
156,113,105070,國立高雄科技大學 航運管理系(一),65090018,*彣,備取,—,—,未分發/放棄,2,國立高雄科技大學航運管理系; 國立臺北護理健康大學生死與健康心理諮商系
157,113,105070,國立高雄科技大學 航運管理系(一),65090277,黄*慈,備取,—,—,未分發/放棄,2,國立高雄科技大學航運管理系; 國立高雄科技大學智慧商務系
158,113,105070,國立高雄科技大學 航運管理系(一),65090229,鄭*,備取,國立高雄科技大學,國立高雄科技大學行銷與流通管理系,原校系/本校留任,4,國立高雄科技大學航運管理系; 國立高雄科技大學行銷與流通管理系; 國立高雄科技大學供應鏈管理系; 國立臺中科技大學流通管理系
159,113,105070,國立高雄科技大學 航運管理系(一),61091329,陳*,正取,國立高雄科技大學,國立高雄科技大學人力資源發展系,原校系/本校留任,3,國立高雄科技大學航運管理系; 國立高雄科技大學人力資源發展系; 國立勤益科技大學流通管理系
160,113,105070,國立高雄科技大學 航運管理系(一),61091205,鄭*,備取,國立高雄科技大學,國立高雄科技大學漁業科技與管理系,原校系/本校留任,4,國立高雄科技大學航運管理系; 國立高雄科技大學漁業科技與管理系; 國立虎尾科技大學應用外語系; 國立臺北護理健康大學高齡健康照護系
161,113,105070,國立高雄科技大學 航運管理系(一),65090305,張*榕,備取,國立臺中科技大學,國立臺中科技大學企業管理系,其他學校錄取,4,國立高雄科技大學航運管理系; 國立虎尾科技大學企業管理系; 國立虎尾科技大學財務金融系; 國立臺中科技大學企業管理系
162,113,105070,國立高雄科技大學 航運管理系(一),70090678,葵*庭,正取,國立屏東大學,國立屏東大學商業大數據學系,其他學校錄取,3,國立高雄科技大學航運管理系; 國立屏東大學商業大數據學系; 國立屏東大學行銷與流通管理學系
163,113,105070,國立高雄科技大學 航運管理系(一),52090617,*勛,正取,國立臺北護理健康大學,國立臺北護理健康大學生死與健康心理諮商系,其他學校錄取,5,國立高雄科技大學航運管理系; 國立臺北護理健康大學高齡健康照護系; 國立臺北護理健康大學健康事業管理系; 國立臺北護理健康大學生死與健康心理諮商系; 長庚科技大學護理系(林口校區)
164,113,105070,國立高雄科技大學 航運管理系(一),65090433,蕭*,正取,朝陽科技大學,朝陽科技大學飛行與民航人員技術系,其他學校錄取,5,國立高雄科技大學航運管理系; 國立高雄科技大學人力資源發展系; 國立澎湖科技大學航運管理系; 國立澎湖科技大學海洋遊憩系; 朝陽科技大學飛行與民航人員技術系
165,113,105070,國立高雄科技大學 航運管理系(一),68090418,沈*庭,正取,國立高雄科技大學,國立高雄科技大學智慧商務系,原校系/本校留任,3,國立高雄科技大學航運管理系; 國立高雄科技大學智慧商務系; 國立屏東大學資訊管理學系
166,113,105070,國立高雄科技大學 航運管理系(一),70090462,陳*恩,備取,國立屏東大學,國立屏東大學行銷與流通管理學系,其他學校錄取,2,國立高雄科技大學航運管理系; 國立屏東大學行銷與流通管理學系
167,113,105070,國立高雄科技大學 航運管理系(一),61090100,陳*聿,正取,國立勤益科技大學,國立勤益科技大學流通管理系,其他學校錄取,5,國立高雄科技大學航運管理系; 國立勤益科技大學流通管理系; 國立臺中科技大學國際貿易與經營系; 朝陽科技大學行銷與流通管理系; 台南應用科技大學資訊管理系
168,113,105070,國立高雄科技大學 航運管理系(一),74090121,陳*甯,備取,國立高雄科技大學,國立高雄科技大學航運管理系,原校系/本校留任,5,國立高雄科技大學航運管理系; 國立高雄科技大學財政稅務系; 國立勤益科技大學企業管理系; 國立臺中科技大學會計資訊系; 國立臺北商業大學會計資訊系(臺北校區)
169,113,105070,國立高雄科技大學 航運管理系(一),59090229,陳*愷,備取,靜宜大學,靜宜大學法律學系,其他學校錄取,4,國立高雄科技大學航運管理系; 國立勤益科技大學文化創意事業系; 朝陽科技大學傳播藝術系; 靜宜大學法律學系
170,113,105070,國立高雄科技大學 航運管理系(一),76090009,鄭*,正取,正修科技大學,正修科技大學金融管理系,其他學校錄取,5,國立高雄科技大學航運管理系; 國立高雄科技大學金融系; 國立高雄科技大學金融資訊系; 樹德科技大學行銷管理系; 正修科技大學金融管理系
171,113,105070,國立高雄科技大學 航運管理系(一),61091345,周*有,備取,國立高雄科技大學,國立高雄科技大學企業管理系,原校系/本校留任,5,國立高雄科技大學航運管理系; 國立屏東科技大學企業管理系; 國立高雄科技大學企業管理系; 國立勤益科技大學企業管理系; 國立臺中科技大學企業管理系
172,113,105070,國立高雄科技大學 航運管理系(一),52090534,夏*淩,備取,國立臺灣海洋大學,國立臺灣海洋大學航運管理學系,其他學校錄取,3,國立高雄科技大學航運管理系; 國立臺北科技大學工業工程與管理系; 國立臺灣海洋大學航運管理學系
173,113,105070,國立高雄科技大學 航運管理系(一),52090554,郭*君,正取,國立臺北商業大學,國立臺北商業大學商業設計管理系(桃園校區),其他學校錄取,4,國立高雄科技大學航運管理系; 國立高雄科技大學資訊管理系; 國立臺北商業大學商業設計管理系(桃園校區); 國立臺北商業大學數位多媒體設計系(桃園校區)
174,113,105070,國立高雄科技大學 航運管理系(一),56090372,陳*,備取,—,—,未分發/放棄,3,國立高雄科技大學航運管理系; 國立高雄科技大學行銷與流通管理系; 國立勤益科技大學企業管理系
175,113,105070,國立高雄科技大學 航運管理系(一),60090145,*婕,正取,國立虎尾科技大學,國立虎尾科技大學資訊管理系,其他學校錄取,2,國立高雄科技大學航運管理系; 國立虎尾科技大學資訊管理系
176,113,105070,國立高雄科技大學 航運管理系(一),60090295,賴*城,正取,—,—,未分發/放棄,2,國立高雄科技大學航運管理系; 國立高雄科技大學金融系
177,113,105070,國立高雄科技大學 航運管理系(一),61090236,林*凱,備取,—,—,未分發/放棄,1,國立高雄科技大學航運管理系
178,113,105070,國立高雄科技大學 航運管理系(一),61091161,*榕,正取,國立臺中科技大學,國立臺中科技大學老人服務事業管理系,其他學校錄取,3,國立高雄科技大學航運管理系; 國立高雄科技大學運籌管理系; 國立臺中科技大學老人服務事業管理系
179,113,105070,國立高雄科技大學 航運管理系(一),61091221,潘*兒,正取,國立臺中科技大學,國立臺中科技大學流通管理系,其他學校錄取,3,國立高雄科技大學航運管理系; 國立高雄科技大學運籌管理系; 國立臺中科技大學流通管理系
180,113,105070,國立高雄科技大學 航運管理系(一),61091665,何*任,正取,逢甲大學,逢甲大學國際經營與貿易學系,其他學校錄取,5,國立高雄科技大學航運管理系; 國立高雄科技大學國際企業系; 國立高雄科技大學運籌管理系; 逢甲大學合作經濟暨社會事業經營學系; 逢甲大學國際經營與貿易學系
181,113,105070,國立高雄科技大學 航運管理系(一),61091721,陳*,備取,—,—,未分發/放棄,5,國立高雄科技大學航運管理系; 國立雲林科技大學國際管理學士學位學程; 國立高雄科技大學行銷與流通管理系; 國立勤益科技大學流通管理系; 國立臺中科技大學國際貿易與經營系
182,113,105070,國立高雄科技大學 航運管理系(一),61091741,陳*,備取,—,—,未分發/放棄,3,國立高雄科技大學航運管理系; 國立高雄科技大學行銷與流通管理系; 國立臺中科技大學國際貿易與經營系
183,113,105070,國立高雄科技大學 航運管理系(一),61091786,徐*哲,正取,國立臺中科技大學,國立臺中科技大學休閒事業經營系,其他學校錄取,5,國立高雄科技大學航運管理系; 國立高雄科技大學文化創意產業系; 國立虎尾科技大學企業管理系; 國立勤益科技大學文化創意事業系; 國立臺中科技大學休閒事業經營系
184,113,105070,國立高雄科技大學 航運管理系(一),62090106,—,備取,國立臺中科技大學,國立臺中科技大學國際貿易與經營系,其他學校錄取,2,國立高雄科技大學航運管理系; 國立臺中科技大學國際貿易與經營系
185,113,105070,國立高雄科技大學 航運管理系(一),64090115,黄*,備取,—,—,未分發/放棄,1,國立高雄科技大學航運管理系
186,113,105070,國立高雄科技大學 航運管理系(一),64090124,*慈,正取,國立高雄科技大學,國立高雄科技大學航運技術系,原校系/本校留任,5,國立高雄科技大學航運管理系; 國立雲林科技大學文化資產維護系; 國立高雄科技大學航運技術系; 國立臺中科技大學多媒體設計系; 國立臺北商業大學數位多媒體設計系(桃園校區)
187,113,105070,國立高雄科技大學 航運管理系(一),64090267,張*紘,備取,國立高雄科技大學,國立高雄科技大學金融系,原校系/本校留任,5,國立高雄科技大學航運管理系; 國立高雄科技大學風險管理與保險系; 國立高雄科技大學金融系; 國立虎尾科技大學財務金融系; 國立臺中科技大學財務金融系
188,113,105070,國立高雄科技大學 航運管理系(一),64090271,侯*J,正取,國立高雄科技大學,國立高雄科技大學財政稅務系,原校系/本校留任,4,國立高雄科技大學航運管理系; 國立高雄科技大學財政稅務系; 國立虎尾科技大學財務金融系; 國立臺中科技大學財政稅務系
189,113,105070,國立高雄科技大學 航運管理系(一),64090311,蕭*,正取,國立雲林科技大學,國立雲林科技大學文化資產維護系,其他學校錄取,5,國立高雄科技大學航運管理系; 國立雲林科技大學文化資產維護系; 國立高雄科技大學運籌管理系; 國立臺北護理健康大學資訊管理系; 國立臺灣海洋大學海洋經營管理學士學位學程
190,113,105070,國立高雄科技大學 航運管理系(一),64090471,楊*姈,備取,—,—,未分發/放棄,2,國立高雄科技大學航運管理系; 國立高雄科技大學運籌管理系
191,113,105070,國立高雄科技大學 航運管理系(一),64530006,楊*儐,備取,國立臺北護理健康大學,國立臺北護理健康大學資訊管理系,其他學校錄取,4,國立高雄科技大學航運管理系; 國立高雄科技大學工業工程與管理系; 國立臺北護理健康大學資訊管理系; 國立臺中科技大學資訊管理系
192,113,105070,國立高雄科技大學 航運管理系(一),65090325,李*瑜,正取,國立臺中科技大學,國立臺中科技大學國際貿易與經營系,其他學校錄取,4,國立高雄科技大學航運管理系; 國立高雄科技大學智慧商務系; 國立虎尾科技大學財務金融系; 國立臺中科技大學國際貿易與經營系
193,113,105070,國立高雄科技大學 航運管理系(一),65090413,林*,備取,—,—,未分發/放棄,1,國立高雄科技大學航運管理系
194,113,105070,國立高雄科技大學 航運管理系(一),66090061,謝*庭,備取,—,—,未分發/放棄,1,國立高雄科技大學航運管理系
195,113,105070,國立高雄科技大學 航運管理系(一),66090089,林*慈,正取,國立高雄科技大學,國立高雄科技大學國際企業系,原校系/本校留任,5,國立高雄科技大學航運管理系; 國立高雄科技大學國際企業系; 國立高雄科技大學智慧商務系; 國立虎尾科技大學資訊工程系(資安人才); 國立臺中科技大學國際貿易與經營系
196,113,105070,國立高雄科技大學 航運管理系(一),66090169,張*庭,備取,—,—,未分發/放棄,3,國立高雄科技大學航運管理系; 國立雲林科技大學工業工程與管理系; 國立高雄科技大學金融系
197,113,105070,國立高雄科技大學 航運管理系(一),67090342,*逸,備取,—,—,未分發/放棄,1,國立高雄科技大學航運管理系
198,113,105070,國立高雄科技大學 航運管理系(一),67090438,郭*婷,備取,—,—,未分發/放棄,2,國立高雄科技大學航運管理系; 國立臺中科技大學國際貿易與經營系
199,113,105070,國立高雄科技大學 航運管理系(一),68090238,吳*妤,正取,國立高雄科技大學,國立高雄科技大學人力資源發展系,原校系/本校留任,3,國立高雄科技大學航運管理系; 國立高雄科技大學運籌管理系; 國立高雄科技大學人力資源發展系
200,113,105070,國立高雄科技大學 航運管理系(一),69090040,蘇*寶,備取,國立臺中科技大學,國立臺中科技大學會計資訊系,其他學校錄取,2,國立高雄科技大學航運管理系; 國立臺中科技大學會計資訊系
201,113,105070,國立高雄科技大學 航運管理系(一),70090266,許*瀚,備取,—,—,未分發/放棄,1,國立高雄科技大學航運管理系
202,113,105070,國立高雄科技大學 航運管理系(一),70090410,朱*恩,備取,國立臺中科技大學,國立臺中科技大學財務金融系,其他學校錄取,2,國立高雄科技大學航運管理系; 國立臺中科技大學財務金融系
203,113,105070,國立高雄科技大學 航運管理系(一),70090966,葵*融,備取,—,—,未分發/放棄,1,國立高雄科技大學航運管理系
204,113,105070,國立高雄科技大學 航運管理系(一),70091100,巴*甯,正取,國立臺北科技大學,國立臺北科技大學工業工程與管理系,其他學校錄取,5,國立高雄科技大學航運管理系; 國立雲林科技大學工業工程與管理系; 國立臺北科技大學工業工程與管理系; 國立勤益科技大學工業工程與管理系; 國立臺北商業大學商業設計管理系(桃園校區)
205,113,105070,國立高雄科技大學 航運管理系(一),71090346,黄*哲,備取,—,—,未分發/放棄,2,國立高雄科技大學航運管理系; 國立臺中科技大學保險金融管理系
206,113,105070,國立高雄科技大學 航運管理系(一),76090021,葵*小,備取,—,—,未分發/放棄,3,國立高雄科技大學航運管理系; 國立高雄科技大學財務管理系; 國立高雄科技大學會計資訊系
207,113,105070,國立高雄科技大學 航運管理系(一),76090040,趙*,備取,—,—,未分發/放棄,5,國立高雄科技大學航運管理系; 國立高雄科技大學企業管理系; 國立高雄科技大學智慧商務系; 國立澎湖科技大學航運管理系; 朝陽科技大學企業管理系
208,113,105070,國立高雄科技大學 航運管理系(一),76090054,許*凱,備取,—,—,未分發/放棄,4,國立高雄科技大學航運管理系; 國立屏東科技大學資訊管理系; 國立屏東科技大學企業管理系; 國立高雄科技大學企業管理系
209,113,105070,國立高雄科技大學 航運管理系(一),76090055,許*,正取,國立澎湖科技大學,國立澎湖科技大學觀光休閒系,其他學校錄取,6,國立高雄科技大學航運管理系; 國立雲林科技大學應用外語系; 國立屏東科技大學企業管理系; 國立高雄科技大學智慧商務系; 國立澎湖科技大學航運管理系; 國立澎湖科技大學觀光休閒系
210,113,105071,國立高雄科技大學 航運管理系(二),58150007,—,正取,國立臺北護理健康大學,國立臺北護理健康大學生死與健康心理諮商系,其他學校錄取,5,國立高雄科技大學航運管理系; 國立雲林科技大學應用外語系; 國立勤益科技大學應用英語系; 國立臺北護理健康大學生死與健康心理諮商系; 國立臺中科技大學應用英語系
211,113,105071,國立高雄科技大學 航運管理系(二),61150156,—,正取,—,—,未分發/放棄,5,國立高雄科技大學航運管理系; 國立臺北科技大學應用英文系; 國立高雄科技大學企業管理系; 國立高雄科技大學應用英語系; 國立臺北商業大學應用外語系(臺北校區)
212,113,105071,國立高雄科技大學 航運管理系(二),66150031,林*貞,正取,國立高雄科技大學,國立高雄科技大學航運管理系,原校系/本校留任,6,國立高雄科技大學航運管理系; 國立雲林科技大學應用外語系; 國立高雄科技大學運籌管理系; 國立臺北護理健康大學語言治療與聽力學系; 弘光科技大學物理治療系; 弘光科技大學語言治療與聽力學系
213,113,105071,國立高雄科技大學 航運管理系(二),66150077,*晴,正取,國立高雄科技大學,國立高雄科技大學航運管理系,原校系/本校留任,3,國立高雄科技大學航運管理系; 國立雲林科技大學應用外語系; 國立高雄科技大學運籌管理系
214,113,105071,國立高雄科技大學 航運管理系(二),66150078,謝*穎,正取,國立高雄科技大學,國立高雄科技大學航運管理系,原校系/本校留任,2,國立高雄科技大學航運管理系; 國立高雄科技大學運籌管理系
215,113,105071,國立高雄科技大學 航運管理系(二),64150070,張*婕,正取,國立高雄科技大學,國立高雄科技大學航運管理系,原校系/本校留任,3,國立高雄科技大學航運管理系; 國立高雄科技大學運籌管理系; 國立高雄科技大學行銷與流通管理系
216,113,105071,國立高雄科技大學 航運管理系(二),64150011,黄*鈞,正取,國立高雄科技大學,國立高雄科技大學航運管理系,原校系/本校留任,3,國立高雄科技大學航運管理系; 國立高雄科技大學運籌管理系; 國立高雄科技大學供應鏈管理系
217,113,105071,國立高雄科技大學 航運管理系(二),68150041,—,正取,國立高雄科技大學,國立高雄科技大學航運管理系,原校系/本校留任,5,國立高雄科技大學航運管理系; 國立雲林科技大學應用外語系; 國立屏東科技大學應用外語系; 國立高雄科技大學應用英語系; 國立臺中科技大學應用英語系
218,113,105071,國立高雄科技大學 航運管理系(二),61150244,*慈,正取,國立高雄科技大學,國立高雄科技大學航運管理系,原校系/本校留任,3,國立高雄科技大學航運管理系; 國立高雄科技大學運籌管理系; 國立高雄科技大學應用英語系
219,113,105071,國立高雄科技大學 航運管理系(二),57150122,鄧*方,正取,國立高雄科技大學,國立高雄科技大學航運管理系,原校系/本校留任,4,國立高雄科技大學航運管理系; 國立高雄科技大學應用德語系; 文藻外語大學國際事務系; 致理科技大學國際貿易系
220,113,105071,國立高雄科技大學 航運管理系(二),61150002,蘇*恩,正取,國立臺北科技大學,國立臺北科技大學應用英文系,其他學校錄取,6,國立高雄科技大學航運管理系; 國立臺北科技大學應用英文系; 國立高雄科技大學企業管理系; 國立高雄科技大學運籌管理系; 國立虎尾科技大學應用外語系; 國立臺北商業大學應用外語系(臺北校區)
221,113,105071,國立高雄科技大學 航運管理系(二),63530021,葵*,正取,國立高雄科技大學,國立高雄科技大學航運管理系,原校系/本校留任,5,國立高雄科技大學航運管理系; 國立雲林科技大學企業管理系; 國立雲林科技大學國際管理學士學位學程; 國立高雄科技大學企業管理系; 國立臺中科技大學企業管理系
222,113,105071,國立高雄科技大學 航運管理系(二),61150264,林*,備取,國立高雄科技大學,國立高雄科技大學航運管理系,原校系/本校留任,5,國立高雄科技大學航運管理系; 國立高雄科技大學運籌管理系; 國立高雄科技大學供應鏈管理系; 國立臺中科技大學國際貿易與經營系; 國立臺北商業大學國際商務系(臺北校區)
223,113,105071,國立高雄科技大學 航運管理系(二),64530003,葵*臻,正取,國立高雄科技大學,國立高雄科技大學航運管理系,原校系/本校留任,3,國立高雄科技大學航運管理系; 國立高雄科技大學運籌管理系; 國立高雄科技大學行銷與流通管理系
224,113,105071,國立高雄科技大學 航運管理系(二),61150172,陳*彤,正取,國立高雄科技大學,國立高雄科技大學航運管理系,原校系/本校留任,2,國立高雄科技大學航運管理系; 國立雲林科技大學應用外語系
225,113,105071,國立高雄科技大學 航運管理系(二),58150029,謝*芳,正取,國立臺北科技大學,國立臺北科技大學文化事業發展系,其他學校錄取,3,國立高雄科技大學航運管理系; 國立臺北科技大學文化事業發展系; 國立臺中科技大學國際貿易與經營系
226,113,105071,國立高雄科技大學 航運管理系(二),67150066,高*珊,正取,國立高雄科技大學,國立高雄科技大學航運管理系,原校系/本校留任,4,國立高雄科技大學航運管理系; 國立高雄科技大學應用德語系; 國立臺北護理健康大學運動保健系; 文藻外語大學西班牙語文系
227,113,105071,國立高雄科技大學 航運管理系(二),65150050,黄*軒,正取,國立高雄科技大學,國立高雄科技大學航運管理系,原校系/本校留任,3,國立高雄科技大學航運管理系; 國立高雄科技大學供應鏈管理系; 國立高雄科技大學應用英語系
228,113,105071,國立高雄科技大學 航運管理系(二),65150057,賴*宏,備取,國立臺北科技大學,國立臺北科技大學應用英文系,其他學校錄取,6,國立高雄科技大學航運管理系; 國立雲林科技大學應用外語系; 國立臺北科技大學應用英文系; 國立高雄科技大學行銷與流通管理系; 國立虎尾科技大學應用外語系; 國立臺中科技大學應用英語系
229,113,105071,國立高雄科技大學 航運管理系(二),64150034,*敬,正取,國立高雄科技大學,國立高雄科技大學航運管理系,原校系/本校留任,2,國立高雄科技大學航運管理系; 國立臺北護理健康大學運動保健系
230,113,105071,國立高雄科技大學 航運管理系(二),63150002,吳*,備取,國立高雄科技大學,國立高雄科技大學航運管理系,原校系/本校留任,1,國立高雄科技大學航運管理系
231,113,105071,國立高雄科技大學 航運管理系(二),64150065,李*,備取,國立高雄科技大學,國立高雄科技大學航運管理系,原校系/本校留任,2,國立高雄科技大學航運管理系; 國立高雄科技大學應用英語系
232,113,105071,國立高雄科技大學 航運管理系(二),57150118,邱*盛,正取,—,—,未分發/放棄,3,國立高雄科技大學航運管理系; 國立高雄科技大學供應鏈管理系; 國立虎尾科技大學企業管理系
233,113,105071,國立高雄科技大學 航運管理系(二),61150084,徐*蕙,備取,國立高雄科技大學,國立高雄科技大學航運管理系,原校系/本校留任,3,國立高雄科技大學航運管理系; 國立高雄科技大學行銷與流通管理系; 國立高雄餐旅大學應用英語系
234,113,105071,國立高雄科技大學 航運管理系(二),61150237,*琪,備取,—,—,未分發/放棄,4,國立高雄科技大學航運管理系; 國立高雄科技大學運籌管理系; 國立臺北護理健康大學運動保健系; 國立臺中科技大學國際貿易與經營系
235,113,105071,國立高雄科技大學 航運管理系(二),66150029,楊*,備取,—,—,未分發/放棄,2,國立高雄科技大學航運管理系; 國立高雄科技大學應用英語系
236,113,105071,國立高雄科技大學 航運管理系(二),66150039,陳*,正取,國立高雄科技大學,國立高雄科技大學應用英語系,原校系/本校留任,4,國立高雄科技大學航運管理系; 國立高雄科技大學應用英語系; 國立勤益科技大學應用英語系; 國立高雄餐旅大學應用英語系
237,113,105071,國立高雄科技大學 航運管理系(二),61150109,*岑,備取,國立雲林科技大學,國立雲林科技大學應用外語系,其他學校錄取,4,國立高雄科技大學航運管理系; 國立雲林科技大學應用外語系; 國立屏東科技大學應用外語系; 國立高雄科技大學應用英語系
238,113,105071,國立高雄科技大學 航運管理系(二),52530051,張*,備取,國立雲林科技大學,國立雲林科技大學應用外語系,其他學校錄取,3,國立高雄科技大學航運管理系; 國立雲林科技大學應用外語系; 逢甲大學外國語文學系
239,113,105071,國立高雄科技大學 航運管理系(二),65150038,林*,備取,國立高雄科技大學,國立高雄科技大學航運管理系,原校系/本校留任,4,國立高雄科技大學航運管理系; 國立臺北科技大學文化事業發展系; 國立高雄科技大學應用德語系; 國立臺北護理健康大學生死與健康心理諮商系
240,113,105071,國立高雄科技大學 航運管理系(二),69150004,吳*祐,備取,—,—,未分發/放棄,3,國立高雄科技大學航運管理系; 國立屏東科技大學應用外語系; 國立臺中科技大學應用英語系
241,113,105071,國立高雄科技大學 航運管理系(二),51150022,簡*庭,備取,—,—,未分發/放棄,1,國立高雄科技大學航運管理系
242,113,105071,國立高雄科技大學 航運管理系(二),52150022,葵*緁,正取,國立臺北護理健康大學,國立臺北護理健康大學語言治療與聽力學系,其他學校錄取,5,國立高雄科技大學航運管理系; 國立雲林科技大學應用外語系; 國立高雄科技大學應用英語系; 國立臺北護理健康大學語言治療與聽力學系; 國立臺北護理健康大學生死與健康心理諮商系
243,113,105071,國立高雄科技大學 航運管理系(二),52150173,朱*桐,備取,國立臺北科技大學,國立臺北科技大學應用英文系,其他學校錄取,6,國立高雄科技大學航運管理系; 國立臺灣科技大學應用外語系; 國立雲林科技大學應用外語系; 國立臺北科技大學應用英文系; 國立高雄科技大學應用英語系; 國立臺北商業大學應用外語系(臺北校區)
244,113,105071,國立高雄科技大學 航運管理系(二),56150146,*綾,正取,國立雲林科技大學,國立雲林科技大學應用外語系,其他學校錄取,3,國立高雄科技大學航運管理系; 國立雲林科技大學應用外語系; 國立高雄科技大學應用英語系
245,113,105071,國立高雄科技大學 航運管理系(二),56530008,林*丞,備取,—,—,未分發/放棄,5,國立高雄科技大學航運管理系; 國立高雄科技大學國際企業系; 國立高雄科技大學應用英語系; 國立臺中科技大學保險金融管理系; 國立臺北商業大學應用外語系(臺北校區)
246,113,105071,國立高雄科技大學 航運管理系(二),56530036,張*永,正取,—,—,未分發/放棄,3,國立高雄科技大學航運管理系; 國立虎尾科技大學企業管理系; 國立勤益科技大學流通管理系
247,113,105071,國立高雄科技大學 航運管理系(二),58150155,楊*欣,備取,—,—,未分發/放棄,3,國立高雄科技大學航運管理系; 國立雲林科技大學應用外語系; 國立高雄科技大學應用英語系
248,113,105071,國立高雄科技大學 航運管理系(二),58530005,吳*恩,正取,朝陽科技大學,朝陽科技大學飛行與民航人員技術系,其他學校錄取,3,國立高雄科技大學航運管理系; 國立高雄科技大學應用英語系; 朝陽科技大學飛行與民航人員技術系
249,113,105071,國立高雄科技大學 航運管理系(二),60530001,林*虹,備取,—,—,未分發/放棄,1,國立高雄科技大學航運管理系
250,113,105071,國立高雄科技大學 航運管理系(二),61150052,F*臻,正取,國立雲林科技大學,國立雲林科技大學應用外語系,其他學校錄取,2,國立高雄科技大學航運管理系; 國立雲林科技大學應用外語系
251,113,105071,國立高雄科技大學 航運管理系(二),61150145,張*庭,正取,國立臺北科技大學,國立臺北科技大學文化事業發展系,其他學校錄取,2,國立高雄科技大學航運管理系; 國立臺北科技大學文化事業發展系
252,113,105071,國立高雄科技大學 航運管理系(二),61150379,黄*,正取,國立臺北護理健康大學,國立臺北護理健康大學運動保健系,其他學校錄取,6,國立高雄科技大學航運管理系; 國立雲林科技大學應用外語系; 國立臺北科技大學應用英文系; 國立高雄科技大學應用英語系; 國立臺北護理健康大學語言治療與聽力學系; 國立臺北護理健康大學運動保健系
253,113,105071,國立高雄科技大學 航運管理系(二),64150007,楊*,備取,—,—,未分發/放棄,3,國立高雄科技大學航運管理系; 國立高雄科技大學運籌管理系; 國立高雄科技大學行銷與流通管理系
254,113,105071,國立高雄科技大學 航運管理系(二),64150015,陳*弘,備取,—,—,未分發/放棄,5,國立高雄科技大學航運管理系; 國立雲林科技大學應用外語系; 國立高雄科技大學供應鏈管理系; 國立臺中科技大學保險金融管理系; 弘光科技大學語言治療與聽力學系
255,113,105071,國立高雄科技大學 航運管理系(二),64150016,黄*珍,備取,—,—,未分發/放棄,5,國立高雄科技大學航運管理系; 國立臺灣科技大學應用外語系; 國立雲林科技大學企業管理系; 國立臺北科技大學應用英文系; 國立臺北護理健康大學語言治療與聽力學系
256,113,105071,國立高雄科技大學 航運管理系(二),64150035,陳*大,備取,國立臺灣科技大學,國立臺灣科技大學應用外語系,其他學校錄取,6,國立高雄科技大學航運管理系; 國立臺灣科技大學應用外語系; 國立臺北科技大學應用英文系; 國立高雄科技大學運籌管理系; 國立臺北護理健康大學運動保健系; 國立臺北商業大學應用外語系(臺北校區)
257,113,105071,國立高雄科技大學 航運管理系(二),64150056,邱*柔,正取,國立臺北護理健康大學,國立臺北護理健康大學運動保健系,其他學校錄取,5,國立高雄科技大學航運管理系; 國立雲林科技大學企業管理系; 國立高雄科技大學運籌管理系; 國立臺北護理健康大學語言治療與聽力學系; 國立臺北護理健康大學運動保健系
258,113,105071,國立高雄科技大學 航運管理系(二),65150006,鄭*,備取,—,—,未分發/放棄,1,國立高雄科技大學航運管理系
259,113,105071,國立高雄科技大學 航運管理系(二),65150023,蕭*,正取,國立臺中科技大學,國立臺中科技大學保險金融管理系,其他學校錄取,3,國立高雄科技大學航運管理系; 國立雲林科技大學應用外語系; 國立臺中科技大學保險金融管理系
260,113,105071,國立高雄科技大學 航運管理系(二),65150024,葉*豪,備取,國立高雄科技大學,國立高雄科技大學運籌管理系,原校系/本校留任,3,國立高雄科技大學航運管理系; 國立高雄科技大學運籌管理系; 國立高雄科技大學供應鏈管理系
261,113,105071,國立高雄科技大學 航運管理系(二),66150006,張*,正取,國立臺北護理健康大學,國立臺北護理健康大學語言治療與聽力學系,其他學校錄取,3,國立高雄科技大學航運管理系; 國立臺北護理健康大學語言治療與聽力學系; 國立臺北商業大學國際商務系(臺北校區)
262,113,105071,國立高雄科技大學 航運管理系(二),66150018,趙*瑄,備取,—,—,未分發/放棄,5,國立高雄科技大學航運管理系; 國立臺北護理健康大學語言治療與聽力學系; 輔英科技大學物理治療系; 弘光科技大學物理治療系; 弘光科技大學語言治療與聽力學系
263,113,105071,國立高雄科技大學 航運管理系(二),66150066,陳*,備取,—,—,未分發/放棄,3,國立高雄科技大學航運管理系; 國立雲林科技大學企業管理系; 國立雲林科技大學應用外語系
264,113,105071,國立高雄科技大學 航運管理系(二),66150089,鄭*倫,備取,—,—,未分發/放棄,4,國立高雄科技大學航運管理系; 國立雲林科技大學應用外語系; 國立高雄科技大學應用英語系; 國立臺北商業大學國際商務系(臺北校區)
265,113,105071,國立高雄科技大學 航運管理系(二),67150063,許*家,備取,—,—,未分發/放棄,2,國立高雄科技大學航運管理系; 國立高雄科技大學應用德語系
266,113,105071,國立高雄科技大學 航運管理系(二),68150017,鄭*潔,備取,—,—,未分發/放棄,4,國立高雄科技大學航運管理系; 國立雲林科技大學企業管理系; 國立臺北科技大學應用英文系; 國立虎尾科技大學企業管理系
267,113,105071,國立高雄科技大學 航運管理系(二),68150029,黄*德,備取,—,—,未分發/放棄,5,國立高雄科技大學航運管理系; 國立臺灣科技大學應用外語系; 國立雲林科技大學應用外語系; 國立臺北科技大學應用英文系; 國立臺中科技大學保險金融管理系
268,113,105071,國立高雄科技大學 航運管理系(二),68150085,鄭*岑,備取,—,—,未分發/放棄,5,國立高雄科技大學航運管理系; 國立雲林科技大學應用外語系; 國立高雄科技大學運籌管理系; 國立高雄科技大學應用英語系; 國立臺北護理健康大學語言治療與聽力學系
269,113,114004,國立臺北商業大學 國際商務系(一),66090205,—,正取,國立高雄科技大學,國立高雄科技大學金融系,其他學校錄取,4,國立臺北商業大學國際商務系(臺北校區); 國立臺灣科技大學企業管理系; 國立臺北科技大學經營管理系; 國立高雄科技大學金融系
270,113,114004,國立臺北商業大學 國際商務系(一),52090965,張*永,正取,國立臺北商業大學,國立臺北商業大學國際商務系(臺北校區),原校系/本校留任,1,國立臺北商業大學國際商務系(臺北校區)
271,113,114004,國立臺北商業大學 國際商務系(一),69530007,尤*嫚,正取,—,—,未分發/放棄,3,國立臺北商業大學國際商務系(臺北校區); 國立臺灣科技大學企業管理系; 國立臺北科技大學工業工程與管理系
272,113,114004,國立臺北商業大學 國際商務系(一),52090442,李*,正取,國立臺北商業大學,國立臺北商業大學國際商務系(臺北校區),原校系/本校留任,2,國立臺北商業大學國際商務系(臺北校區); 銘傳大學國際企業學系(台北校區)
273,113,114004,國立臺北商業大學 國際商務系(一),59090049,陳*慈,備取,國立臺北商業大學,國立臺北商業大學國際商務系(臺北校區),原校系/本校留任,4,國立臺北商業大學國際商務系(臺北校區); 國立雲林科技大學國際管理學士學位學程; 國立臺中科技大學國際貿易與經營系; 國立臺北商業大學財政稅務系(臺北校區)
274,113,114004,國立臺北商業大學 國際商務系(一),58090529,郭*昕,正取,國立臺北商業大學,國立臺北商業大學國際商務系(臺北校區),原校系/本校留任,2,國立臺北商業大學國際商務系(臺北校區); 國立雲林科技大學財務金融系
275,113,114004,國立臺北商業大學 國際商務系(一),66090225,陳*昕,正取,國立臺北商業大學,國立臺北商業大學國際商務系(臺北校區),原校系/本校留任,3,國立臺北商業大學國際商務系(臺北校區); 國立高雄科技大學國際企業系; 國立高雄科技大學金融系
276,113,114004,國立臺北商業大學 國際商務系(一),57090334,袁*,正取,國立臺北商業大學,國立臺北商業大學國際商務系(臺北校區),原校系/本校留任,1,國立臺北商業大學國際商務系(臺北校區)
277,113,114004,國立臺北商業大學 國際商務系(一),70090857,馮*家,正取,國立雲林科技大學,國立雲林科技大學國際管理學士學位學程,其他學校錄取,2,國立臺北商業大學國際商務系(臺北校區); 國立雲林科技大學國際管理學士學位學程
278,113,114004,國立臺北商業大學 國際商務系(一),61090971,*軒,正取,國立臺北商業大學,國立臺北商業大學國際商務系(臺北校區),原校系/本校留任,3,國立臺北商業大學國際商務系(臺北校區); 國立高雄科技大學財務管理系; 國立臺中科技大學財政稅務系
279,113,114004,國立臺北商業大學 國際商務系(一),65090213,謝*君,正取,國立臺北商業大學,國立臺北商業大學國際商務系(臺北校區),原校系/本校留任,2,國立臺北商業大學國際商務系(臺北校區); 國立高雄科技大學金融系
280,113,114004,國立臺北商業大學 國際商務系(一),61091263,吳*婷,正取,國立臺北商業大學,國立臺北商業大學國際商務系(臺北校區),原校系/本校留任,5,國立臺北商業大學國際商務系(臺北校區); 國立雲林科技大學企業管理系; 國立虎尾科技大學企業管理系; 國立勤益科技大學企業管理系; 國立臺中科技大學國際貿易與經營系
281,113,114004,國立臺北商業大學 國際商務系(一),59090445,江*,備取,國立臺北商業大學,國立臺北商業大學企業管理系(臺北校區),原校系/本校留任,4,國立臺北商業大學國際商務系(臺北校區); 國立雲林科技大學國際管理學士學位學程; 國立臺北商業大學企業管理系(臺北校區); 國立臺北商業大學資訊管理系(臺北校區)
282,113,114004,國立臺北商業大學 國際商務系(一),61091625,徐*彤,正取,國立臺北商業大學,國立臺北商業大學國際商務系(臺北校區),原校系/本校留任,1,國立臺北商業大學國際商務系(臺北校區)
283,113,114004,國立臺北商業大學 國際商務系(一),61091223,李*,備取,國立雲林科技大學,國立雲林科技大學國際管理學士學位學程,其他學校錄取,3,國立臺北商業大學國際商務系(臺北校區); 國立雲林科技大學國際管理學士學位學程; 國立臺北科技大學經營管理系
284,113,114004,國立臺北商業大學 國際商務系(一),59090455,駱*婕,正取,國立臺北商業大學,國立臺北商業大學國際商務系(臺北校區),原校系/本校留任,3,國立臺北商業大學國際商務系(臺北校區); 國立雲林科技大學工業工程與管理系; 國立雲林科技大學資訊管理系
285,113,114004,國立臺北商業大學 國際商務系(一),52090154,周*喬,正取,國立臺北商業大學,國立臺北商業大學國際商務系(臺北校區),原校系/本校留任,1,國立臺北商業大學國際商務系(臺北校區)
286,113,114004,國立臺北商業大學 國際商務系(一),52090437,—,備取,國立臺北科技大學,國立臺北科技大學工業工程與管理系,其他學校錄取,5,國立臺北商業大學國際商務系(臺北校區); 國立臺灣科技大學企業管理系; 國立雲林科技大學財務金融系; 國立臺北科技大學工業工程與管理系; 國立臺北商業大學財務金融系(臺北校區)
287,113,114004,國立臺北商業大學 國際商務系(一),61090074,葵*恩,正取,國立臺北商業大學,國立臺北商業大學國際商務系(臺北校區),原校系/本校留任,4,國立臺北商業大學國際商務系(臺北校區); 國立雲林科技大學財務金融系; 國立臺北商業大學企業管理系(臺北校區); 國立彰化師範大學財務金融技術學系
288,113,114004,國立臺北商業大學 國際商務系(一),57090881,*媛,正取,中原大學,中原大學國際經營與貿易學系,其他學校錄取,5,國立臺北商業大學國際商務系(臺北校區); 國立高雄科技大學國際企業系; 國立高雄科技大學運籌管理系; 國立臺中科技大學國際貿易與經營系; 中原大學國際經營與貿易學系
289,113,114004,國立臺北商業大學 國際商務系(一),64090579,游*臻,正取,國立臺北商業大學,國立臺北商業大學國際商務系(臺北校區),原校系/本校留任,2,國立臺北商業大學國際商務系(臺北校區); 國立臺北商業大學資訊管理系(臺北校區)
290,113,114004,國立臺北商業大學 國際商務系(一),65090082,陳*哈台,正取,國立臺北商業大學,國立臺北商業大學國際商務系(臺北校區),原校系/本校留任,2,國立臺北商業大學國際商務系(臺北校區); 國立臺北商業大學企業管理系(臺北校區)
291,113,114004,國立臺北商業大學 國際商務系(一),52090761,李*,備取,國立臺北商業大學,國立臺北商業大學財政稅務系(臺北校區),原校系/本校留任,5,國立臺北商業大學國際商務系(臺北校區); 國立臺北科技大學資訊與財金管理系; 國立高雄科技大學財政稅務系; 國立臺中科技大學財政稅務系; 國立臺北商業大學財政稅務系(臺北校區)
292,113,114004,國立臺北商業大學 國際商務系(一),64090547,*晴,正取,國立臺北商業大學,國立臺北商業大學國際商務系(臺北校區),原校系/本校留任,3,國立臺北商業大學國際商務系(臺北校區); 國立高雄科技大學國際企業系; 國立高雄科技大學金融系
293,113,114004,國立臺北商業大學 國際商務系(一),54030009,郭*妤,正取,國立臺北商業大學,國立臺北商業大學國際商務系(臺北校區),原校系/本校留任,3,國立臺北商業大學國際商務系(臺北校區); 銘傳大學會計學系(台北校區); 銘傳大學國際企業學系(台北校區)
294,113,114004,國立臺北商業大學 國際商務系(一),61091265,陳*瑄,備取,國立臺北商業大學,國立臺北商業大學國際商務系(臺北校區),原校系/本校留任,5,國立臺北商業大學國際商務系(臺北校區); 國立雲林科技大學財務金融系; 國立高雄科技大學國際企業系; 國立臺中科技大學國際貿易與經營系; 國立臺北商業大學財務金融系(臺北校區)
295,113,114004,國立臺北商業大學 國際商務系(一),65090073,郭*瑜,備取,國立臺北商業大學,國立臺北商業大學國際商務系(臺北校區),原校系/本校留任,4,國立臺北商業大學國際商務系(臺北校區); 國立臺北科技大學工業工程與管理系; 國立臺北商業大學財務金融系(臺北校區); 國立臺北商業大學資訊管理系(臺北校區)
296,113,114004,國立臺北商業大學 國際商務系(一),64090587,黄*諺,正取,國立臺北商業大學,國立臺北商業大學國際商務系(臺北校區),原校系/本校留任,4,國立臺北商業大學國際商務系(臺北校區); 國立高雄科技大學國際企業系; 國立高雄科技大學金融系; 國立彰化師範大學財務金融技術學系
297,113,114004,國立臺北商業大學 國際商務系(一),71090072,梁*愷,正取,國立臺北商業大學,國立臺北商業大學財政稅務系(臺北校區),原校系/本校留任,3,國立臺北商業大學國際商務系(臺北校區); 國立臺北商業大學財政稅務系(臺北校區); 國立臺北商業大學企業管理系(臺北校區)
298,113,114004,國立臺北商業大學 國際商務系(一),60090014,黄*綸,正取,國立臺北商業大學,國立臺北商業大學國際商務系(臺北校區),原校系/本校留任,5,國立臺北商業大學國際商務系(臺北校區); 國立高雄科技大學金融系; 國立高雄科技大學財政稅務系; 國立虎尾科技大學財務金融系; 國立臺中科技大學財政稅務系
299,113,114004,國立臺北商業大學 國際商務系(一),76090036,*真,正取,國立臺北商業大學,國立臺北商業大學財務金融系(臺北校區),原校系/本校留任,6,國立臺北商業大學國際商務系(臺北校區); 國立臺灣科技大學企業管理系; 國立臺北科技大學經營管理系; 國立臺北科技大學資訊與財金管理系; 國立臺北商業大學財務金融系(臺北校區); 國立臺北商業大學企業管理系(臺北校區)
300,113,114004,國立臺北商業大學 國際商務系(一),63090541,李*諮,備取,國立臺北商業大學,國立臺北商業大學國際商務系(臺北校區),原校系/本校留任,1,國立臺北商業大學國際商務系(臺北校區)
301,113,114004,國立臺北商業大學 國際商務系(一),59090101,謝*旋,備取,國立臺北科技大學,國立臺北科技大學工業工程與管理系,其他學校錄取,4,國立臺北商業大學國際商務系(臺北校區); 國立雲林科技大學工業工程與管理系; 國立臺北科技大學工業工程與管理系; 國立臺北商業大學企業管理系(臺北校區)
302,113,114004,國立臺北商業大學 國際商務系(一),57090029,陳*,正取,國立臺北商業大學,國立臺北商業大學國際商務系(臺北校區),原校系/本校留任,5,國立臺北商業大學國際商務系(臺北校區); 國立雲林科技大學企業管理系; 國立高雄科技大學行銷與流通管理系; 國立高雄科技大學財務管理系; 國立臺北商業大學商業設計管理系(桃園校區)
303,113,114004,國立臺北商業大學 國際商務系(一),56090161,F*,備取,國立臺北商業大學,國立臺北商業大學國際商務系(臺北校區),原校系/本校留任,2,國立臺北商業大學國際商務系(臺北校區); 致理科技大學國際貿易系
304,113,114004,國立臺北商業大學 國際商務系(一),58090026,陳*羽,備取,國立臺北商業大學,國立臺北商業大學國際商務系(臺北校區),原校系/本校留任,1,國立臺北商業大學國際商務系(臺北校區)
305,113,114004,國立臺北商業大學 國際商務系(一),55090339,吳*,正取,國立臺北商業大學,國立臺北商業大學國際商務系(臺北校區),原校系/本校留任,3,國立臺北商業大學國際商務系(臺北校區); 國立高雄科技大學會計資訊系; 國立臺中科技大學國際貿易與經營系
306,113,114004,國立臺北商業大學 國際商務系(一),59090082,徐*恩,備取,國立臺北商業大學,國立臺北商業大學國際商務系(臺北校區),原校系/本校留任,3,國立臺北商業大學國際商務系(臺北校區); 國立雲林科技大學應用外語系; 國立臺中科技大學應用英語系
307,113,114004,國立臺北商業大學 國際商務系(一),64090140,顏*,備取,國立臺北科技大學,國立臺北科技大學工業工程與管理系,其他學校錄取,2,國立臺北商業大學國際商務系(臺北校區); 國立臺北科技大學工業工程與管理系
308,113,114004,國立臺北商業大學 國際商務系(一),65090249,黄*,備取,國立臺北商業大學,國立臺北商業大學國際商務系(臺北校區),原校系/本校留任,1,國立臺北商業大學國際商務系(臺北校區)
309,113,114004,國立臺北商業大學 國際商務系(一),61090054,吳*,正取,國立臺北商業大學,國立臺北商業大學國際商務系(臺北校區),原校系/本校留任,5,國立臺北商業大學國際商務系(臺北校區); 國立雲林科技大學企業管理系; 國立雲林科技大學國際管理學士學位學程; 國立高雄科技大學國際企業系; 國立臺中科技大學國際貿易與經營系
310,113,114004,國立臺北商業大學 國際商務系(一),61091123,柳*吟,備取,—,—,未分發/放棄,1,國立臺北商業大學國際商務系(臺北校區)
311,113,114004,國立臺北商業大學 國際商務系(一),61091709,許*,備取,—,—,未分發/放棄,1,國立臺北商業大學國際商務系(臺北校區)
312,113,114004,國立臺北商業大學 國際商務系(一),61091645,游*宇,正取,國立高雄科技大學,國立高雄科技大學航運管理系,其他學校錄取,4,國立臺北商業大學國際商務系(臺北校區); 國立高雄科技大學財務管理系; 國立高雄科技大學航運管理系; 國立臺中科技大學國際貿易與經營系
313,113,114004,國立臺北商業大學 國際商務系(一),61090771,宋*住,備取,—,—,未分發/放棄,2,國立臺北商業大學國際商務系(臺北校區); 國立臺中科技大學財政稅務系
314,113,114004,國立臺北商業大學 國際商務系(一),70090705,陳*,正取,國立雲林科技大學,國立雲林科技大學工業工程與管理系,其他學校錄取,4,國立臺北商業大學國際商務系(臺北校區); 國立雲林科技大學工業工程與管理系; 國立高雄科技大學金融資訊系; 國立高雄科技大學智慧商務系
315,113,114004,國立臺北商業大學 國際商務系(一),64090052,賴*,備取,國立高雄科技大學,國立高雄科技大學工業工程與管理系,其他學校錄取,4,國立臺北商業大學國際商務系(臺北校區); 國立雲林科技大學企業管理系; 國立高雄科技大學工業工程與管理系; 國立高雄科技大學運籌管理系
316,113,114004,國立臺北商業大學 國際商務系(一),52090530,張*彤,正取,逢甲大學,逢甲大學國際經營與貿易學系,其他學校錄取,4,國立臺北商業大學國際商務系(臺北校區); 中原大學國際經營與貿易學系; 銘傳大學國際企業學系(台北校區); 逢甲大學國際經營與貿易學系
317,113,114004,國立臺北商業大學 國際商務系(一),52090662,胡*誠,備取,—,—,未分發/放棄,1,國立臺北商業大學國際商務系(臺北校區)
318,113,114004,國立臺北商業大學 國際商務系(一),64090463,—,備取,國立臺北商業大學,國立臺北商業大學企業管理系(臺北校區),原校系/本校留任,5,國立臺北商業大學國際商務系(臺北校區); 國立臺北科技大學工業工程與管理系; 國立臺北科技大學經營管理系; 國立臺北商業大學企業管理系(臺北校區); 國立彰化師範大學財務金融技術學系
319,113,114004,國立臺北商業大學 國際商務系(一),61091507,徐*,備取,國立雲林科技大學,國立雲林科技大學工業工程與管理系,其他學校錄取,3,國立臺北商業大學國際商務系(臺北校區); 國立雲林科技大學工業工程與管理系; 國立高雄科技大學金融系
320,113,114004,國立臺北商業大學 國際商務系(一),52090748,吳*,備取,—,—,未分發/放棄,2,國立臺北商業大學國際商務系(臺北校區); 明志科技大學工業工程與管理系
321,113,114004,國立臺北商業大學 國際商務系(一),58090365,葉*綸,備取,—,—,未分發/放棄,2,國立臺北商業大學國際商務系(臺北校區); 國立雲林科技大學工業工程與管理系
322,113,114004,國立臺北商業大學 國際商務系(一),64090431,*柔,備取,國立雲林科技大學,國立雲林科技大學工業工程與管理系,其他學校錄取,3,國立臺北商業大學國際商務系(臺北校區); 國立雲林科技大學工業工程與管理系; 國立高雄科技大學運籌管理系
323,113,114004,國立臺北商業大學 國際商務系(一),64090439,—,備取,國立高雄科技大學,國立高雄科技大學國際企業系,其他學校錄取,3,國立臺北商業大學國際商務系(臺北校區); 國立高雄科技大學國際企業系; 國立高雄科技大學財務管理系
324,113,114004,國立臺北商業大學 國際商務系(一),52090145,*翔,備取,銘傳大學,銘傳大學國際企業學系(台北校區),其他學校錄取,5,國立臺北商業大學國際商務系(臺北校區); 國立臺北護理健康大學健康事業管理系; 國立臺北護理健康大學資訊管理系; 銘傳大學企業管理學系(台北校區); 銘傳大學國際企業學系(台北校區)
325,113,114004,國立臺北商業大學 國際商務系(一),56090467,黄*心,正取,國立臺北商業大學,國立臺北商業大學國際商務系(臺北校區),原校系/本校留任,6,國立臺北商業大學國際商務系(臺北校區); 國立勤益科技大學資訊管理系; 國立臺中科技大學保險金融管理系; 國立聯合大學資訊管理學系; 世新大學資訊管理學系資訊管理組; 實踐大學資訊科技與管理學系(臺北校區)
326,113,114004,國立臺北商業大學 國際商務系(一),58090329,夏*苓,正取,國立臺中科技大學,國立臺中科技大學流通管理系,其他學校錄取,3,國立臺北商業大學國際商務系(臺北校區); 國立勤益科技大學流通管理系; 國立臺中科技大學流通管理系
327,113,114004,國立臺北商業大學 國際商務系(一),74530024,張*珍,備取,—,—,未分發/放棄,3,國立臺北商業大學國際商務系(臺北校區); 國立臺北科技大學工業工程與管理系; 國立臺北護理健康大學生死與健康心理諮商系
328,113,114004,國立臺北商業大學 國際商務系(一),57090849,陳*盈,備取,—,—,未分發/放棄,4,國立臺北商業大學國際商務系(臺北校區); 國立高雄科技大學應用德語系; 國立勤益科技大學企業管理系; 國立臺北護理健康大學生死與健康心理諮商系
329,113,114004,國立臺北商業大學 國際商務系(一),76090031,謝*均,備取,國立臺北科技大學,國立臺北科技大學經營管理系,其他學校錄取,6,國立臺北商業大學國際商務系(臺北校區); 國立臺北科技大學經營管理系; 國立高雄科技大學企業管理系; 國立高雄科技大學金融系; 國立臺中科技大學企業管理系; 國立臺北商業大學企業管理系(臺北校區)
330,113,114004,國立臺北商業大學 國際商務系(一),51090029,*淳,正取,國立臺灣海洋大學,國立臺灣海洋大學航運管理學系,其他學校錄取,2,國立臺北商業大學國際商務系(臺北校區); 國立臺灣海洋大學航運管理學系
331,113,114004,國立臺北商業大學 國際商務系(一),52090218,李*廷,正取,國立臺北商業大學,國立臺北商業大學資訊管理系(臺北校區),原校系/本校留任,2,國立臺北商業大學國際商務系(臺北校區); 國立臺北商業大學資訊管理系(臺北校區)
332,113,114004,國立臺北商業大學 國際商務系(一),52090294,陳*臻,備取,—,—,未分發/放棄,2,國立臺北商業大學國際商務系(臺北校區); 國立臺北科技大學工業工程與管理系
333,113,114004,國立臺北商業大學 國際商務系(一),52090298,郭*宏,正取,國立臺灣科技大學,國立臺灣科技大學企業管理系,其他學校錄取,5,國立臺北商業大學國際商務系(臺北校區); 國立臺灣科技大學企業管理系; 國立臺北科技大學工業工程與管理系; 國立臺北科技大學經營管理系; 國立臺北商業大學企業管理系(臺北校區)
334,113,114004,國立臺北商業大學 國際商務系(一),52090354,黄*儀,備取,—,—,未分發/放棄,1,國立臺北商業大學國際商務系(臺北校區)
335,113,114004,國立臺北商業大學 國際商務系(一),55090321,陳*臻,備取,—,—,未分發/放棄,1,國立臺北商業大學國際商務系(臺北校區)
336,113,114004,國立臺北商業大學 國際商務系(一),58090045,賴*蓉,備取,—,—,未分發/放棄,3,國立臺北商業大學國際商務系(臺北校區); 國立臺中科技大學財政稅務系; 國立聯合大學經營管理學系
337,113,114004,國立臺北商業大學 國際商務系(一),58090054,郭*橙,備取,—,—,未分發/放棄,1,國立臺北商業大學國際商務系(臺北校區)
338,113,114004,國立臺北商業大學 國際商務系(一),59090008,徐*,備取,國立臺北商業大學,國立臺北商業大學會計資訊系(臺北校區),原校系/本校留任,4,國立臺北商業大學國際商務系(臺北校區); 國立雲林科技大學會計系; 國立臺北商業大學會計資訊系(臺北校區); 國立臺北商業大學財政稅務系(臺北校區)
339,113,114004,國立臺北商業大學 國際商務系(一),59090044,陳*軒,備取,—,—,未分發/放棄,2,國立臺北商業大學國際商務系(臺北校區); 國立臺北商業大學企業管理系(臺北校區)
340,113,114004,國立臺北商業大學 國際商務系(一),59090321,*婷,備取,—,—,未分發/放棄,1,國立臺北商業大學國際商務系(臺北校區)
341,113,114004,國立臺北商業大學 國際商務系(一),59090393,林*晴,正取,國立臺北科技大學,國立臺北科技大學工業工程與管理系,其他學校錄取,5,國立臺北商業大學國際商務系(臺北校區); 國立雲林科技大學工業工程與管理系; 國立雲林科技大學財務金融系; 國立臺北科技大學工業工程與管理系; 國立臺北商業大學會計資訊系(臺北校區)
342,113,114004,國立臺北商業大學 國際商務系(一),59090451,范*庭,備取,—,—,未分發/放棄,1,國立臺北商業大學國際商務系(臺北校區)
343,113,114004,國立臺北商業大學 國際商務系(一),61090937,張*晴,備取,國立臺北科技大學,國立臺北科技大學資訊與財金管理系,其他學校錄取,4,國立臺北商業大學國際商務系(臺北校區); 國立雲林科技大學財務金融系; 國立臺北科技大學資訊與財金管理系; 國立中正大學經濟學系
344,113,114004,國立臺北商業大學 國際商務系(一),61091069,*琦,正取,國立臺北科技大學,國立臺北科技大學工業工程與管理系,其他學校錄取,4,國立臺北商業大學國際商務系(臺北校區); 國立臺北科技大學工業工程與管理系; 國立臺北商業大學企業管理系(臺北校區); 國立彰化師範大學財務金融技術學系
345,113,114004,國立臺北商業大學 國際商務系(一),61091077,蕭*,備取,—,—,未分發/放棄,4,國立臺北商業大學國際商務系(臺北校區); 國立雲林科技大學財務金融系; 國立雲林科技大學會計系; 國立彰化師範大學財務金融技術學系
346,113,114004,國立臺北商業大學 國際商務系(一),61091551,黄*妤,正取,國立雲林科技大學,國立雲林科技大學國際管理學士學位學程,其他學校錄取,5,國立臺北商業大學國際商務系(臺北校區); 國立雲林科技大學財務金融系; 國立雲林科技大學國際管理學士學位學程; 國立高雄科技大學財務管理系; 國立臺中科技大學國際貿易與經營系
347,113,114004,國立臺北商業大學 國際商務系(一),61091657,嚴*綺,備取,—,—,未分發/放棄,3,國立臺北商業大學國際商務系(臺北校區); 國立雲林科技大學企業管理系; 國立彰化師範大學財務金融技術學系
348,113,114004,國立臺北商業大學 國際商務系(一),61091753,賴*璇,備取,國立雲林科技大學,國立雲林科技大學企業管理系,其他學校錄取,4,國立臺北商業大學國際商務系(臺北校區); 國立雲林科技大學企業管理系; 國立臺北科技大學工業工程與管理系; 國立臺灣海洋大學航運管理學系
349,113,114004,國立臺北商業大學 國際商務系(一),64090084,黄*靖,正取,國立雲林科技大學,國立雲林科技大學會計系,其他學校錄取,5,國立臺北商業大學國際商務系(臺北校區); 國立雲林科技大學會計系; 國立高雄科技大學金融資訊系; 國立臺中科技大學財務金融系; 逢甲大學會計學系
350,113,114004,國立臺北商業大學 國際商務系(一),64090191,張*甄,備取,—,—,未分發/放棄,3,國立臺北商業大學國際商務系(臺北校區); 國立雲林科技大學資訊管理系; 國立彰化師範大學財務金融技術學系
351,113,114004,國立臺北商業大學 國際商務系(一),64090279,沈*臻,備取,國立臺北商業大學,國立臺北商業大學財務金融系(臺北校區),原校系/本校留任,4,國立臺北商業大學國際商務系(臺北校區); 國立雲林科技大學資訊管理系; 國立雲林科技大學財務金融系; 國立臺北商業大學財務金融系(臺北校區)
352,113,114004,國立臺北商業大學 國際商務系(一),64090283,蘇*芦,備取,—,—,未分發/放棄,4,國立臺北商業大學國際商務系(臺北校區); 國立雲林科技大學資訊管理系; 國立雲林科技大學財務金融系; 國立高雄科技大學金融系
353,113,114004,國立臺北商業大學 國際商務系(一),64090331,黄*瑄,正取,國立臺北商業大學,國立臺北商業大學財務金融系(臺北校區),原校系/本校留任,4,國立臺北商業大學國際商務系(臺北校區); 國立雲林科技大學財務金融系; 國立臺北商業大學財務金融系(臺北校區); 國立臺北商業大學財政稅務系(臺北校區)
354,113,114004,國立臺北商業大學 國際商務系(一),64090375,*語,備取,—,—,未分發/放棄,3,國立臺北商業大學國際商務系(臺北校區); 國立雲林科技大學會計系; 國立高雄科技大學金融系
355,113,114004,國立臺北商業大學 國際商務系(一),64090379,謝*婷,正取,國立臺北商業大學,國立臺北商業大學財政稅務系(臺北校區),原校系/本校留任,6,國立臺北商業大學國際商務系(臺北校區); 國立雲林科技大學企業管理系; 國立高雄科技大學金融系; 國立高雄科技大學財務管理系; 國立臺北商業大學財政稅務系(臺北校區); 國立臺北商業大學企業管理系(臺北校區)
356,113,114004,國立臺北商業大學 國際商務系(一),64090451,周*哲,正取,國立臺北科技大學,國立臺北科技大學經營管理系,其他學校錄取,5,國立臺北商業大學國際商務系(臺北校區); 國立雲林科技大學工業工程與管理系; 國立臺北科技大學經營管理系; 國立臺北商業大學會計資訊系(臺北校區); 國立臺北商業大學財政稅務系(臺北校區)
357,113,114004,國立臺北商業大學 國際商務系(一),64090503,F*,正取,國立高雄科技大學,國立高雄科技大學航運管理系,其他學校錄取,4,國立臺北商業大學國際商務系(臺北校區); 國立臺北科技大學工業工程與管理系; 國立高雄科技大學金融系; 國立高雄科技大學航運管理系
358,113,114004,國立臺北商業大學 國際商務系(一),65090074,江*住,備取,—,—,未分發/放棄,4,國立臺北商業大學國際商務系(臺北校區); 國立雲林科技大學資訊管理系; 國立高雄科技大學資訊管理系; 國立臺北商業大學商業設計管理系(桃園校區)
359,113,114004,國立臺北商業大學 國際商務系(一),66090222,葉*均,備取,—,—,未分發/放棄,3,國立臺北商業大學國際商務系(臺北校區); 國立雲林科技大學企業管理系; 國立高雄科技大學金融系
360,113,114004,國立臺北商業大學 國際商務系(一),68090117,林*靄,正取,國立臺灣科技大學,國立臺灣科技大學企業管理系,其他學校錄取,5,國立臺北商業大學國際商務系(臺北校區); 國立臺灣科技大學企業管理系; 國立臺北科技大學資訊與財金管理系; 國立臺北商業大學財務金融系(臺北校區); 國立臺北商業大學財政稅務系(臺北校區)
361,113,114004,國立臺北商業大學 國際商務系(一),76090044,陳*智,備取,—,—,未分發/放棄,6,國立臺北商業大學國際商務系(臺北校區); 國立臺灣科技大學企業管理系; 國立臺北科技大學經營管理系; 國立高雄科技大學金融系; 國立臺北商業大學財務金融系(臺北校區); 國立臺北商業大學財政稅務系(臺北校區)
362,113,114005,國立臺北商業大學 國際商務系(二),58150041,蒲*羽,正取,國立臺北科技大學,國立臺北科技大學應用英文系,其他學校錄取,5,國立臺北商業大學國際商務系(臺北校區); 國立臺北科技大學應用英文系; 國立臺北商業大學應用外語系(臺北校區); 文藻外語大學翻譯系; 中原大學國際經營與貿易學系
363,113,114005,國立臺北商業大學 國際商務系(二),66150006,張*,正取,國立臺北護理健康大學,國立臺北護理健康大學語言治療與聽力學系,其他學校錄取,3,國立臺北商業大學國際商務系(臺北校區); 國立高雄科技大學航運管理系; 國立臺北護理健康大學語言治療與聽力學系
364,113,114005,國立臺北商業大學 國際商務系(二),61150264,林*,正取,國立高雄科技大學,國立高雄科技大學航運管理系,其他學校錄取,5,國立臺北商業大學國際商務系(臺北校區); 國立高雄科技大學運籌管理系; 國立高雄科技大學航運管理系; 國立高雄科技大學供應鏈管理系; 國立臺中科技大學國際貿易與經營系
365,113,114005,國立臺北商業大學 國際商務系(二),58150055,黄*心,備取,—,—,未分發/放棄,4,國立臺北商業大學國際商務系(臺北校區); 國立臺灣科技大學應用外語系; 國立臺北科技大學文化事業發展系; 國立臺北護理健康大學生死與健康心理諮商系
366,113,114005,國立臺北商業大學 國際商務系(二),58150133,*妮,正取,—,—,未分發/放棄,3,國立臺北商業大學國際商務系(臺北校區); 國立臺灣科技大學應用外語系; 國立臺北科技大學應用英文系
367,113,114005,國立臺北商業大學 國際商務系(二),61150137,張*琪,備取,—,—,未分發/放棄,2,國立臺北商業大學國際商務系(臺北校區); 國立雲林科技大學企業管理系
368,113,114005,國立臺北商業大學 國際商務系(二),66150089,鄭*倫,備取,—,—,未分發/放棄,4,國立臺北商業大學國際商務系(臺北校區); 國立雲林科技大學應用外語系; 國立高雄科技大學航運管理系; 國立高雄科技大學應用英語系
369,114,105047,國立高雄科技大學 國際企業系(一),61090635,鄭*,正取,國立高雄科技大學,國立高雄科技大學國際企業系,原校系/本校留任,3,國立高雄科技大學國際企業系; 國立高雄科技大學企業管理系; 國立臺中科技大學國際貿易與經營系
370,114,105047,國立高雄科技大學 國際企業系(一),67090195,郭*,正取,—,—,未分發/放棄,4,國立高雄科技大學國際企業系; 國立雲林科技大學企業管理系; 國立高雄科技大學企業管理系; 國立高雄科技大學運籌管理系
371,114,105047,國立高雄科技大學 國際企業系(一),57090805,董*汝,備取,國立臺中科技大學,國立臺中科技大學國際貿易與經營系,其他學校錄取,4,國立高雄科技大學國際企業系; 國立高雄科技大學智慧商務系; 國立臺中科技大學國際貿易與經營系; 中原大學國際經營與貿易學系
372,114,105047,國立高雄科技大學 國際企業系(一),67090231,董*璇,正取,國立高雄科技大學,國立高雄科技大學國際企業系,原校系/本校留任,3,國立高雄科技大學國際企業系; 國立臺中科技大學國際貿易與經營系; 國立臺北商業大學國際商務系(臺北校區)
373,114,105047,國立高雄科技大學 國際企業系(一),57090190,高*婷,備取,國立臺北商業大學,國立臺北商業大學國際商務系(臺北校區),其他學校錄取,6,國立高雄科技大學國際企業系; 國立雲林科技大學國際管理學士學位學程; 國立高雄科技大學企業管理系; 國立臺中科技大學國際貿易與經營系; 國立臺北商業大學國際商務系(臺北校區); 中原大學國際經營與貿易學系
374,114,105047,國立高雄科技大學 國際企業系(一),70090765,李*熙,正取,國立高雄科技大學,國立高雄科技大學國際企業系,原校系/本校留任,4,國立高雄科技大學國際企業系; 國立高雄科技大學財政稅務系; 國立臺中科技大學國際貿易與經營系; 國立屏東大學財務金融學系
375,114,105047,國立高雄科技大學 國際企業系(一),70090402,康*潔,正取,國立高雄科技大學,國立高雄科技大學會計資訊系,原校系/本校留任,4,國立高雄科技大學國際企業系; 國立高雄科技大學會計資訊系; 國立高雄科技大學財政稅務系; 國立臺中科技大學財政稅務系
376,114,105047,國立高雄科技大學 國際企業系(一),52540013,余*,正取,國立高雄科技大學,國立高雄科技大學國際企業系,原校系/本校留任,2,國立高雄科技大學國際企業系; 國立高雄科技大學金融資訊系
377,114,105047,國立高雄科技大學 國際企業系(一),64090499,黄*恩,備取,國立雲林科技大學,國立雲林科技大學工業工程與管理系,其他學校錄取,3,國立高雄科技大學國際企業系; 國立雲林科技大學工業工程與管理系; 國立高雄科技大學工業工程與管理系
378,114,105047,國立高雄科技大學 國際企業系(一),74530015,陳*妤,正取,國立高雄科技大學,國立高雄科技大學國際企業系,原校系/本校留任,6,國立高雄科技大學國際企業系; 國立雲林科技大學企業管理系; 國立高雄科技大學企業管理系; 國立高雄科技大學金融系; 國立臺中科技大學企業管理系; 國立臺北商業大學企業管理系(臺北校區)
379,114,105047,國立高雄科技大學 國際企業系(一),64090495,—,正取,國立高雄科技大學,國立高雄科技大學航運管理系,原校系/本校留任,4,國立高雄科技大學國際企業系; 國立高雄科技大學航運管理系; 國立高雄科技大學供應鏈管理系; 國立臺中科技大學國際貿易與經營系
380,114,105047,國立高雄科技大學 國際企業系(一),61090208,*豫,正取,國立高雄科技大學,國立高雄科技大學國際企業系,原校系/本校留任,2,國立高雄科技大學國際企業系; 國立高雄科技大學企業管理系
381,114,105047,國立高雄科技大學 國際企業系(一),68530050,江*君,正取,國立高雄科技大學,國立高雄科技大學國際企業系,原校系/本校留任,6,國立高雄科技大學國際企業系; 國立高雄科技大學金融系; 國立高雄科技大學航運管理系; 國立虎尾科技大學資訊管理系; 國立虎尾科技大學財務金融系; 國立臺中科技大學國際貿易與經營系
382,114,105047,國立高雄科技大學 國際企業系(一),66090205,*柔,正取,國立高雄科技大學,國立高雄科技大學國際企業系,原校系/本校留任,2,國立高雄科技大學國際企業系; 國立臺中科技大學國際貿易與經營系
383,114,105047,國立高雄科技大學 國際企業系(一),70090825,*苓,備取,國立高雄科技大學,國立高雄科技大學國際企業系,原校系/本校留任,2,國立高雄科技大學國際企業系; 國立臺中科技大學國際貿易與經營系
384,114,105047,國立高雄科技大學 國際企業系(一),61090764,林*,正取,國立高雄科技大學,國立高雄科技大學國際企業系,原校系/本校留任,2,國立高雄科技大學國際企業系; 國立高雄科技大學企業管理系
385,114,105047,國立高雄科技大學 國際企業系(一),68530003,郭*倚,備取,國立高雄科技大學,國立高雄科技大學金融系,原校系/本校留任,6,國立高雄科技大學國際企業系; 國立高雄科技大學金融系; 國立高雄科技大學財務管理系; 國立虎尾科技大學財務金融系; 國立虎尾科技大學應用外語系; 國立臺中科技大學國際貿易與經營系
386,114,105047,國立高雄科技大學 國際企業系(一),66090097,林*陽,正取,國立高雄科技大學,國立高雄科技大學國際企業系,原校系/本校留任,3,國立高雄科技大學國際企業系; 國立高雄科技大學企業管理系; 國立高雄科技大學行銷與流通管理系
387,114,105047,國立高雄科技大學 國際企業系(一),70090909,楊*,備取,國立高雄科技大學,國立高雄科技大學航運管理系,原校系/本校留任,4,國立高雄科技大學國際企業系; 國立高雄科技大學航運管理系; 國立臺中科技大學國際貿易與經營系; 南臺科技大學國際企業系
388,114,105047,國立高雄科技大學 國際企業系(一),68090650,—,正取,國立高雄科技大學,國立高雄科技大學國際企業系,原校系/本校留任,6,國立高雄科技大學國際企業系; 國立雲林科技大學國際管理學士學位學程; 國立屏東科技大學企業管理系; 國立屏東科技大學財務金融國際學士學位學程; 國立高雄科技大學運籌管理系; 國立高雄科技大學行銷與流通管理系
389,114,105047,國立高雄科技大學 國際企業系(一),59090120,葵*恩,備取,國立高雄科技大學,國立高雄科技大學國際企業系,原校系/本校留任,2,國立高雄科技大學國際企業系; 國立高雄科技大學智慧商務系
390,114,105047,國立高雄科技大學 國際企業系(一),LZ006069,賴*喬,正取,國立高雄科技大學,國立高雄科技大學國際企業系,原校系/本校留任,3,國立高雄科技大學國際企業系; 國立高雄科技大學企業管理系; 中信科技大學企業管理系
391,114,105047,國立高雄科技大學 國際企業系(一),64090551,陸*,備取,國立體育大學,國立體育大學休閒產業經營學系,其他學校錄取,5,國立高雄科技大學國際企業系; 國立高雄科技大學工業工程與管理系; 國立臺中科技大學國際貿易與經營系; 國立體育大學休閒產業經營學系; 逢甲大學國際經營與貿易學系
392,114,105047,國立高雄科技大學 國際企業系(一),699060L9,葉*,備取,國立高雄科技大學,國立高雄科技大學國際企業系,原校系/本校留任,1,國立高雄科技大學國際企業系
393,114,105047,國立高雄科技大學 國際企業系(一),53530024,陳*,正取,國立臺北護理健康大學,國立臺北護理健康大學休閒產業與健康促進系,其他學校錄取,3,國立高雄科技大學國際企業系; 國立高雄科技大學企業管理系; 國立臺北護理健康大學休閒產業與健康促進系
394,114,105047,國立高雄科技大學 國際企業系(一),58090088,*邦,備取,國立高雄科技大學,國立高雄科技大學智慧商務系,原校系/本校留任,5,國立高雄科技大學國際企業系; 國立高雄科技大學人力資源發展系; 國立高雄科技大學智慧商務系; 國立虎尾科技大學企業管理系; 國立勤益科技大學行銷與流通管理系
395,114,105047,國立高雄科技大學 國際企業系(一),57530075,*宇,備取,國立高雄科技大學,國立高雄科技大學國際企業系,原校系/本校留任,3,國立高雄科技大學國際企業系; 國立高雄科技大學智慧商務系; 國立虎尾科技大學企業管理系
396,114,105047,國立高雄科技大學 國際企業系(一),52090118,禇*旭,備取,國立雲林科技大學,國立雲林科技大學企業管理系,其他學校錄取,4,國立高雄科技大學國際企業系; 國立雲林科技大學企業管理系; 國立雲林科技大學國際管理學士學位學程; 國立高雄科技大學企業管理系
397,114,105047,國立高雄科技大學 國際企業系(一),52090793,楊*宇,備取,—,—,未分發/放棄,3,國立高雄科技大學國際企業系; 國立臺北護理健康大學生死與健康心理諮商系; 國立臺中科技大學保險金融管理系
398,114,105047,國立高雄科技大學 國際企業系(一),56090328,林*珈,正取,國立臺中科技大學,國立臺中科技大學國際貿易與經營系,其他學校錄取,3,國立高雄科技大學國際企業系; 國立虎尾科技大學企業管理系; 國立臺中科技大學國際貿易與經營系
399,114,105047,國立高雄科技大學 國際企業系(一),56090368,江*錡,備取,—,—,未分發/放棄,4,國立高雄科技大學國際企業系; 國立雲林科技大學企業管理系; 國立高雄科技大學財政稅務系; 國立臺中科技大學國際貿易與經營系
400,114,105047,國立高雄科技大學 國際企業系(一),57090082,楊*恩,備取,—,—,未分發/放棄,2,國立高雄科技大學國際企業系; 國立雲林科技大學工業工程與管理系
401,114,105047,國立高雄科技大學 國際企業系(一),57090685,余*哈台,正取,國立臺北護理健康大學,國立臺北護理健康大學生死與健康心理諮商系,其他學校錄取,3,國立高雄科技大學國際企業系; 國立臺北護理健康大學生死與健康心理諮商系; 國立臺中科技大學保險金融管理系
402,114,105047,國立高雄科技大學 國際企業系(一),57090874,A*茜,備取,國立臺中科技大學,國立臺中科技大學國際貿易與經營系,其他學校錄取,2,國立高雄科技大學國際企業系; 國立臺中科技大學國際貿易與經營系
403,114,105047,國立高雄科技大學 國際企業系(一),58090091,楊*屏,備取,國立臺中科技大學,國立臺中科技大學國際貿易與經營系,其他學校錄取,6,國立高雄科技大學國際企業系; 國立高雄科技大學企業管理系; 國立高雄科技大學人力資源發展系; 國立勤益科技大學企業管理系; 國立臺中科技大學國際貿易與經營系; 中原大學國際經營與貿易學系
404,114,105047,國立高雄科技大學 國際企業系(一),58090181,黄*欣,備取,—,—,未分發/放棄,5,國立高雄科技大學國際企業系; 國立高雄科技大學企業管理系; 國立虎尾科技大學企業管理系; 國立勤益科技大學企業管理系; 國立臺中科技大學企業管理系
405,114,105047,國立高雄科技大學 國際企業系(一),58090210,李*璇,備取,—,—,未分發/放棄,3,國立高雄科技大學國際企業系; 國立高雄科技大學智慧商務系; 國立臺中科技大學國際貿易與經營系
406,114,105047,國立高雄科技大學 國際企業系(一),58090336,顏*恩,正取,國立臺北科技大學,國立臺北科技大學經營管理系,其他學校錄取,6,國立高雄科技大學國際企業系; 國立臺灣科技大學企業管理系; 國立雲林科技大學會計系; 國立臺北科技大學經營管理系; 國立臺中科技大學會計資訊系; 國立臺北商業大學國際商務系(臺北校區)
407,114,105047,國立高雄科技大學 國際企業系(一),59090138,李*希,正取,國立雲林科技大學,國立雲林科技大學工業工程與管理系,其他學校錄取,3,國立高雄科技大學國際企業系; 國立雲林科技大學工業工程與管理系; 國立高雄餐旅大學航空暨運輸服務管理系
408,114,105047,國立高雄科技大學 國際企業系(一),59090233,A*誩,備取,—,—,未分發/放棄,3,國立高雄科技大學國際企業系; 國立高雄科技大學企業管理系; 國立臺中科技大學企業管理系
409,114,105047,國立高雄科技大學 國際企業系(一),61090010,鄭*昀,備取,逢甲大學,逢甲大學國際經營與貿易學系,其他學校錄取,4,國立高雄科技大學國際企業系; 國立雲林科技大學文化資產維護系; 國立臺中科技大學國際貿易與經營系; 逢甲大學國際經營與貿易學系
410,114,105047,國立高雄科技大學 國際企業系(一),61090861,潘*珮,正取,國立雲林科技大學,國立雲林科技大學企業管理系,其他學校錄取,3,國立高雄科技大學國際企業系; 國立雲林科技大學企業管理系; 國立高雄科技大學智慧商務系
411,114,105047,國立高雄科技大學 國際企業系(一),61090951,李*,正取,國立臺北商業大學,國立臺北商業大學國際商務系(臺北校區),其他學校錄取,5,國立高雄科技大學國際企業系; 國立雲林科技大學國際管理學士學位學程; 國立高雄科技大學會計資訊系; 國立高雄科技大學財政稅務系; 國立臺北商業大學國際商務系(臺北校區)
412,114,105047,國立高雄科技大學 國際企業系(一),61090999,潘*淳,正取,國立高雄科技大學,國立高雄科技大學航運管理系,原校系/本校留任,6,國立高雄科技大學國際企業系; 國立雲林科技大學國際管理學士學位學程; 國立高雄科技大學財政稅務系; 國立高雄科技大學航運管理系; 國立臺中科技大學會計資訊系; 國立臺北商業大學國際商務系(臺北校區)
413,114,105047,國立高雄科技大學 國際企業系(一),61091315,邱*,正取,國立臺中科技大學,國立臺中科技大學國際貿易與經營系,其他學校錄取,5,國立高雄科技大學國際企業系; 國立高雄科技大學航運管理系; 國立高雄科技大學航運技術系; 國立勤益科技大學行銷與流通管理系; 國立臺中科技大學國際貿易與經營系
414,114,105047,國立高雄科技大學 國際企業系(一),61091509,陳*凱,正取,國立臺灣海洋大學,國立臺灣海洋大學航運管理學系,其他學校錄取,4,國立高雄科技大學國際企業系; 國立雲林科技大學國際管理學士學位學程; 國立高雄科技大學航運管理系; 國立臺灣海洋大學航運管理學系
415,114,105047,國立高雄科技大學 國際企業系(一),61091633,張*育,正取,國立臺北商業大學,國立臺北商業大學國際商務系(臺北校區),其他學校錄取,5,國立高雄科技大學國際企業系; 國立高雄科技大學企業管理系; 國立高雄科技大學航運管理系; 國立臺中科技大學企業管理系; 國立臺北商業大學國際商務系(臺北校區)
416,114,105047,國立高雄科技大學 國際企業系(一),61091681,陳*亞,正取,國立高雄科技大學,國立高雄科技大學航運管理系,原校系/本校留任,3,國立高雄科技大學國際企業系; 國立高雄科技大學行銷與流通管理系; 國立高雄科技大學航運管理系
417,114,105047,國立高雄科技大學 國際企業系(一),64090191,*鈞,備取,國立高雄科技大學,國立高雄科技大學金融系,原校系/本校留任,5,國立高雄科技大學國際企業系; 國立高雄科技大學金融系; 國立高雄科技大學財政稅務系; 國立臺中科技大學財政稅務系; 逢甲大學財稅學系
418,114,105047,國立高雄科技大學 國際企業系(一),64090275,*儀,正取,國立臺中科技大學,國立臺中科技大學應用中文系,其他學校錄取,5,國立高雄科技大學國際企業系; 國立高雄科技大學人力資源發展系; 國立高雄科技大學文化創意產業系; 國立勤益科技大學行銷與流通管理系; 國立臺中科技大學應用中文系
419,114,105047,國立高雄科技大學 國際企業系(一),64090295,李*吴,備取,—,—,未分發/放棄,3,國立高雄科技大學國際企業系; 國立臺中科技大學國際貿易與經營系; 國立臺北商業大學國際商務系(臺北校區)
420,114,105047,國立高雄科技大學 國際企業系(一),64090403,黄*,正取,國立高雄科技大學,國立高雄科技大學航運管理系,原校系/本校留任,5,國立高雄科技大學國際企業系; 國立高雄科技大學行銷與流通管理系; 國立高雄科技大學航運管理系; 國立臺中科技大學國際貿易與經營系; 國立臺灣海洋大學海洋經營管理學士學位學程
421,114,105047,國立高雄科技大學 國際企業系(一),64090435,許*,備取,國立高雄科技大學,國立高雄科技大學工業工程與管理系,原校系/本校留任,5,國立高雄科技大學國際企業系; 國立雲林科技大學文化資產維護系; 國立高雄科技大學工業工程與管理系; 國立高雄科技大學航運管理系; 國立臺灣海洋大學海洋經營管理學士學位學程
422,114,105047,國立高雄科技大學 國際企業系(一),64090470,張*婷,正取,國立高雄餐旅大學,國立高雄餐旅大學航空暨運輸服務管理系,其他學校錄取,3,國立高雄科技大學國際企業系; 國立高雄科技大學人力資源發展系; 國立高雄餐旅大學航空暨運輸服務管理系
423,114,105047,國立高雄科技大學 國際企業系(一),65090105,陳*哈台,備取,—,—,未分發/放棄,3,國立高雄科技大學國際企業系; 國立高雄科技大學人力資源發展系; 國立虎尾科技大學資訊管理系
424,114,105047,國立高雄科技大學 國際企業系(一),67090319,*妤,備取,—,—,未分發/放棄,1,國立高雄科技大學國際企業系
425,114,105047,國立高雄科技大學 國際企業系(一),68090070,維*婷,備取,—,—,未分發/放棄,2,國立高雄科技大學國際企業系; 國立高雄科技大學企業管理系
426,114,105047,國立高雄科技大學 國際企業系(一),68530005,蘇*倫,備取,—,—,未分發/放棄,2,國立高雄科技大學國際企業系; 國立高雄科技大學風險管理與保險系
427,114,105047,國立高雄科技大學 國際企業系(一),68530044,歐*淯,備取,—,—,未分發/放棄,2,國立高雄科技大學國際企業系; 國立高雄科技大學商務資訊應用系(資安人才)
428,114,105047,國立高雄科技大學 國際企業系(一),70030401,高*淩,正取,—,—,未分發/放棄,3,國立高雄科技大學國際企業系; 國立高雄科技大學應用英語系; 國立臺北商業大學國際商務系(臺北校區)
429,114,105047,國立高雄科技大學 國際企業系(一),70090437,嚴*瑀,正取,國立雲林科技大學,國立雲林科技大學企業管理系,其他學校錄取,4,國立高雄科技大學國際企業系; 國立雲林科技大學工業工程與管理系; 國立雲林科技大學企業管理系; 國立高雄科技大學企業管理系
430,114,105047,國立高雄科技大學 國際企業系(一),70090789,黄*,備取,—,—,未分發/放棄,2,國立高雄科技大學國際企業系; 國立高雄科技大學金融系
431,114,105047,國立高雄科技大學 國際企業系(一),70090861,陳*,備取,—,—,未分發/放棄,3,國立高雄科技大學國際企業系; 國立高雄科技大學財務管理系; 國立彰化師範大學財務金融技術學系
432,114,105048,國立高雄科技大學 國際企業系(二),74530023,陳*帆,正取,國立高雄科技大學,國立高雄科技大學國際企業系,原校系/本校留任,3,國立高雄科技大學國際企業系; 國立高雄科技大學財政稅務系; 國立臺中科技大學國際貿易與經營系
433,114,105048,國立高雄科技大學 國際企業系(二),65150029,蕭*女,正取,國立高雄科技大學,國立高雄科技大學航運管理系,原校系/本校留任,4,國立高雄科技大學國際企業系; 國立高雄科技大學運籌管理系; 國立高雄科技大學航運管理系; 國立虎尾科技大學企業管理系
434,114,105048,國立高雄科技大學 國際企業系(二),58150157,陳*慈,正取,國立雲林科技大學,國立雲林科技大學應用外語系,其他學校錄取,3,國立高雄科技大學國際企業系; 國立雲林科技大學應用外語系; 國立高雄科技大學行銷與流通管理系
435,114,105048,國立高雄科技大學 國際企業系(二),64150072,楊*,備取,國立高雄科技大學,國立高雄科技大學航運管理系,原校系/本校留任,6,國立高雄科技大學國際企業系; 國立高雄科技大學行銷與流通管理系; 國立高雄科技大學航運管理系; 國立虎尾科技大學企業管理系; 國立虎尾科技大學應用外語系; 國立高雄餐旅大學休閒暨遊憩管理系
436,114,105048,國立高雄科技大學 國際企業系(二),61150275,黄*,正取,—,—,未分發/放棄,5,國立高雄科技大學國際企業系; 國立高雄科技大學企業管理系; 國立虎尾科技大學企業管理系; 國立臺北護理健康大學運動保健系; 國立高雄餐旅大學航空暨運輸服務管理系
437,114,105048,國立高雄科技大學 國際企業系(二),52150214,李*,備取,—,—,未分發/放棄,3,國立高雄科技大學國際企業系; 國立高雄科技大學應用德語系; 國立臺北護理健康大學運動保健系
438,114,105048,國立高雄科技大學 國際企業系(二),57150057,胡*鈞,備取,—,—,未分發/放棄,2,國立高雄科技大學國際企業系; 國立高雄科技大學運籌管理系
439,114,105048,國立高雄科技大學 國際企業系(二),57150121,張*,備取,—,—,未分發/放棄,4,國立高雄科技大學國際企業系; 國立臺北護理健康大學語言治療與聽力學系; 國立臺北護理健康大學生死與健康心理諮商系; 國立高雄餐旅大學航空暨運輸服務管理系
440,114,105048,國立高雄科技大學 國際企業系(二),58150129,葉*穎,備取,—,—,未分發/放棄,5,國立高雄科技大學國際企業系; 國立臺北科技大學文化事業發展系; 國立高雄科技大學行銷與流通管理系; 國立虎尾科技大學財務金融系; 國立臺北護理健康大學運動保健系
441,114,105048,國立高雄科技大學 國際企業系(二),58530009,朱*瑞,備取,—,—,未分發/放棄,2,國立高雄科技大學國際企業系; 國立臺中科技大學保險金融管理系
442,114,105048,國立高雄科技大學 國際企業系(二),61150199,李*盲,備取,—,—,未分發/放棄,3,國立高雄科技大學國際企業系; 國立高雄科技大學風險管理與保險系; 國立臺中科技大學應用中文系
443,114,105048,國立高雄科技大學 國際企業系(二),64150019,李*,備取,國立虎尾科技大學,國立虎尾科技大學企業管理系,其他學校錄取,4,國立高雄科技大學國際企業系; 國立高雄科技大學企業管理系; 國立虎尾科技大學企業管理系; 國立勤益科技大學企業管理系
444,114,105048,國立高雄科技大學 國際企業系(二),64150032,葵*璇,備取,—,—,未分發/放棄,6,國立高雄科技大學國際企業系; 國立雲林科技大學企業管理系; 國立雲林科技大學應用外語系; 國立高雄科技大學航運管理系; 國立高雄科技大學應用英語系; 國立虎尾科技大學財務金融系
445,114,105048,國立高雄科技大學 國際企業系(二),64150068,葵*妤,正取,國立雲林科技大學,國立雲林科技大學應用外語系,其他學校錄取,5,國立高雄科技大學國際企業系; 國立雲林科技大學企業管理系; 國立雲林科技大學應用外語系; 國立高雄科技大學航運管理系; 國立高雄科技大學應用英語系
446,114,105048,國立高雄科技大學 國際企業系(二),64150074,朱*逸,備取,—,—,未分發/放棄,4,國立高雄科技大學國際企業系; 國立高雄科技大學應用英語系; 國立高雄科技大學應用德語系; 國立高雄餐旅大學航空暨運輸服務管理系
447,114,105048,國立高雄科技大學 國際企業系(二),66150007,陳*,備取,—,—,未分發/放棄,2,國立高雄科技大學國際企業系; 國立高雄科技大學風險管理與保險系
448,114,105048,國立高雄科技大學 國際企業系(二),66150038,陳*凱,備取,國立高雄科技大學,國立高雄科技大學航運管理系,原校系/本校留任,5,國立高雄科技大學國際企業系; 國立臺北科技大學文化事業發展系; 國立高雄科技大學行銷與流通管理系; 國立高雄科技大學航運管理系; 國立臺中科技大學保險金融管理系
449,114,105048,國立高雄科技大學 國際企業系(二),71530013,陳*,備取,—,—,未分發/放棄,5,國立高雄科技大學國際企業系; 國立高雄科技大學企業管理系; 國立虎尾科技大學企業管理系; 國立屏東大學國際經營與貿易學系; 國立屏東大學應用英語學系
450,114,105077,國立高雄科技大學 航運管理系(一),61090999,潘*淳,正取,國立高雄科技大學,國立高雄科技大學航運管理系,原校系/本校留任,6,國立高雄科技大學航運管理系; 國立雲林科技大學國際管理學士學位學程; 國立高雄科技大學國際企業系; 國立高雄科技大學財政稅務系; 國立臺中科技大學會計資訊系; 國立臺北商業大學國際商務系(臺北校區)
451,114,105077,國立高雄科技大學 航運管理系(一),64090411,許*婕,正取,國立高雄科技大學,國立高雄科技大學資訊管理系,原校系/本校留任,4,國立高雄科技大學航運管理系; 國立雲林科技大學國際管理學士學位學程; 國立高雄科技大學資訊管理系; 國立高雄科技大學智慧商務系
452,114,105077,國立高雄科技大學 航運管理系(一),68090470,林*誼,備取,國立雲林科技大學,國立雲林科技大學會計系,其他學校錄取,3,國立高雄科技大學航運管理系; 國立雲林科技大學會計系; 國立臺北商業大學財政稅務系(臺北校區)
453,114,105077,國立高雄科技大學 航運管理系(一),64090495,—,正取,國立高雄科技大學,國立高雄科技大學航運管理系,原校系/本校留任,4,國立高雄科技大學航運管理系; 國立高雄科技大學國際企業系; 國立高雄科技大學供應鏈管理系; 國立臺中科技大學國際貿易與經營系
454,114,105077,國立高雄科技大學 航運管理系(一),68530028,*翔,正取,國立高雄科技大學,國立高雄科技大學航運管理系,原校系/本校留任,5,國立高雄科技大學航運管理系; 國立高雄科技大學應用英語系; 國立虎尾科技大學企業管理系; 國立虎尾科技大學應用外語系; 國立臺中科技大學企業管理系
455,114,105077,國立高雄科技大學 航運管理系(一),64090264,許*,正取,國立高雄科技大學,國立高雄科技大學航運管理系,原校系/本校留任,2,國立高雄科技大學航運管理系; 中原大學資訊管理學系
456,114,105077,國立高雄科技大學 航運管理系(一),61090006,—,正取,銘傳大學,銘傳大學國際企業學系(台北校區),其他學校錄取,3,國立高雄科技大學航運管理系; 國立高雄科技大學商務資訊應用系; 銘傳大學國際企業學系(台北校區)
457,114,105077,國立高雄科技大學 航運管理系(一),61091127,張*淩,正取,國立高雄科技大學,國立高雄科技大學航運管理系,原校系/本校留任,2,國立高雄科技大學航運管理系; 國立虎尾科技大學財務金融系
458,114,105077,國立高雄科技大學 航運管理系(一),64090299,葵*,正取,國立高雄科技大學,國立高雄科技大學航運管理系,原校系/本校留任,4,國立高雄科技大學航運管理系; 國立雲林科技大學工業工程與管理系; 國立高雄科技大學商務資訊應用系; 國立臺中科技大學國際貿易與經營系
459,114,105077,國立高雄科技大學 航運管理系(一),68530024,楊*愷,備取,國立高雄科技大學,國立高雄科技大學航運管理系,原校系/本校留任,4,國立高雄科技大學航運管理系; 國立高雄科技大學運籌管理系; 國立高雄餐旅大學航空暨運輸服務管理系; 國立臺中科技大學保險金融管理系
460,114,105077,國立高雄科技大學 航運管理系(一),64030443,黄*彤,正取,國立高雄科技大學,國立高雄科技大學航運管理系,原校系/本校留任,4,國立高雄科技大學航運管理系; 國立高雄科技大學應用英語系; 國立高雄科技大學應用德語系; 國立虎尾科技大學應用外語系
461,114,105077,國立高雄科技大學 航運管理系(一),61090891,陳*彗,正取,國立臺中科技大學,國立臺中科技大學保險金融管理系,其他學校錄取,4,國立高雄科技大學航運管理系; 國立高雄科技大學金融系; 國立勤益科技大學企業管理系; 國立臺中科技大學保險金融管理系
462,114,105077,國立高雄科技大學 航運管理系(一),61091315,邱*,正取,國立臺中科技大學,國立臺中科技大學國際貿易與經營系,其他學校錄取,5,國立高雄科技大學航運管理系; 國立高雄科技大學國際企業系; 國立高雄科技大學航運技術系; 國立勤益科技大學行銷與流通管理系; 國立臺中科技大學國際貿易與經營系
463,114,105077,國立高雄科技大學 航運管理系(一),65090217,江*叡,正取,國立高雄科技大學,國立高雄科技大學航運管理系,原校系/本校留任,5,國立高雄科技大學航運管理系; 國立高雄科技大學運籌管理系; 國立高雄科技大學商務資訊應用系; 國立勤益科技大學行銷與流通管理系; 國立臺中科技大學會計資訊系
464,114,105077,國立高雄科技大學 航運管理系(一),61091597,陳*媛,正取,國立高雄科技大學,國立高雄科技大學航運管理系,原校系/本校留任,3,國立高雄科技大學航運管理系; 國立高雄科技大學財政稅務系; 國立臺中科技大學國際貿易與經營系
465,114,105077,國立高雄科技大學 航運管理系(一),EL006099,楊*,正取,國立高雄科技大學,國立高雄科技大學航運管理系,原校系/本校留任,2,國立高雄科技大學航運管理系; 國立高雄科技大學企業管理系
466,114,105077,國立高雄科技大學 航運管理系(一),68090154,*誼,正取,國立高雄科技大學,國立高雄科技大學航運管理系,原校系/本校留任,4,國立高雄科技大學航運管理系; 國立高雄科技大學運籌管理系; 國立澎湖科技大學航運管理系; 國立臺中科技大學國際貿易與經營系
467,114,105077,國立高雄科技大學 航運管理系(一),68090509,*儀,正取,國立高雄科技大學,國立高雄科技大學航運管理系,原校系/本校留任,1,國立高雄科技大學航運管理系
468,114,105077,國立高雄科技大學 航運管理系(一),52090377,吳*謙,正取,國立高雄科技大學,國立高雄科技大學航運技術系,原校系/本校留任,5,國立高雄科技大學航運管理系; 國立高雄科技大學應用日語系; 國立高雄科技大學航運技術系; 國立臺中科技大學國際貿易與經營系; 國立屏東大學國際經營與貿易學系
469,114,105077,國立高雄科技大學 航運管理系(一),68530050,江*君,備取,國立高雄科技大學,國立高雄科技大學國際企業系,原校系/本校留任,6,國立高雄科技大學航運管理系; 國立高雄科技大學國際企業系; 國立高雄科技大學金融系; 國立虎尾科技大學資訊管理系; 國立虎尾科技大學財務金融系; 國立臺中科技大學國際貿易與經營系
470,114,105077,國立高雄科技大學 航運管理系(一),68090665,葵*𨧤,備取,國立高雄科技大學,國立高雄科技大學航運管理系,原校系/本校留任,2,國立高雄科技大學航運管理系; 國立雲林科技大學工業工程與管理系
471,114,105077,國立高雄科技大學 航運管理系(一),61091605,徐*慈,正取,國立高雄科技大學,國立高雄科技大學航運管理系,原校系/本校留任,3,國立高雄科技大學航運管理系; 國立臺中科技大學國際貿易與經營系; 逢甲大學國際經營與貿易學系
472,114,105077,國立高雄科技大學 航運管理系(一),61091063,李*,正取,國立高雄科技大學,國立高雄科技大學航運管理系,原校系/本校留任,5,國立高雄科技大學航運管理系; 國立屏東科技大學財務金融國際學士學位學程; 國立高雄科技大學行銷與流通管理系; 國立臺中科技大學國際貿易與經營系; 國立屏東大學國際經營與貿易學系
473,114,105077,國立高雄科技大學 航運管理系(一),68090298,黄*,正取,國立高雄科技大學,國立高雄科技大學航運管理系,原校系/本校留任,2,國立高雄科技大學航運管理系; 國立高雄科技大學應用日語系
474,114,105077,國立高雄科技大學 航運管理系(一),64090263,張*,正取,國立高雄科技大學,國立高雄科技大學航運管理系,原校系/本校留任,4,國立高雄科技大學航運管理系; 國立高雄科技大學運籌管理系; 國立臺中科技大學國際貿易與經營系; 中原大學國際經營與貿易學系
475,114,105077,國立高雄科技大學 航運管理系(一),64090486,*琳,正取,國立高雄科技大學,國立高雄科技大學航運管理系,原校系/本校留任,4,國立高雄科技大學航運管理系; 國立高雄科技大學運籌管理系; 國立臺北護理健康大學生死與健康心理諮商系; 國立臺中科技大學國際貿易與經營系
476,114,105077,國立高雄科技大學 航運管理系(一),66090141,陳*妍,正取,國立高雄科技大學,國立高雄科技大學航運管理系,原校系/本校留任,2,國立高雄科技大學航運管理系; 國立臺中科技大學流通管理系
477,114,105077,國立高雄科技大學 航運管理系(一),67090346,吳*,正取,國立高雄科技大學,國立高雄科技大學航運管理系,原校系/本校留任,4,國立高雄科技大學航運管理系; 國立高雄科技大學行銷與流通管理系; 國立勤益科技大學行銷與流通管理系; 國立臺中科技大學財政稅務系
478,114,105077,國立高雄科技大學 航運管理系(一),61091729,葵*,正取,國立高雄科技大學,國立高雄科技大學航運管理系,原校系/本校留任,3,國立高雄科技大學航運管理系; 國立勤益科技大學企業管理系; 國立臺中科技大學國際貿易與經營系
479,114,105077,國立高雄科技大學 航運管理系(一),61091681,陳*亞,正取,國立高雄科技大學,國立高雄科技大學航運管理系,原校系/本校留任,3,國立高雄科技大學航運管理系; 國立高雄科技大學國際企業系; 國立高雄科技大學行銷與流通管理系
480,114,105077,國立高雄科技大學 航運管理系(一),68090078,黄*,正取,國立高雄科技大學,國立高雄科技大學航運管理系,原校系/本校留任,3,國立高雄科技大學航運管理系; 國立高雄科技大學風險管理與保險系; 國立屏東大學資訊管理學系
481,114,105077,國立高雄科技大學 航運管理系(一),61091323,維*筑,正取,逢甲大學,逢甲大學國際經營與貿易學系,其他學校錄取,5,國立高雄科技大學航運管理系; 國立高雄科技大學行銷與流通管理系; 國立臺中科技大學國際貿易與經營系; 逢甲大學國際經營與貿易學系; 逢甲大學合作經濟暨社會事業經營學系
482,114,105077,國立高雄科技大學 航運管理系(一),64090160,黄*,正取,國立高雄科技大學,國立高雄科技大學航運管理系,原校系/本校留任,2,國立高雄科技大學航運管理系; 國立高雄科技大學行銷與流通管理系
483,114,105077,國立高雄科技大學 航運管理系(一),59090017,黄*臻,正取,國立高雄科技大學,國立高雄科技大學航運管理系,原校系/本校留任,4,國立高雄科技大學航運管理系; 國立高雄科技大學運籌管理系; 逢甲大學國際經營與貿易學系; 逢甲大學合作經濟暨社會事業經營學系
484,114,105077,國立高雄科技大學 航運管理系(一),61090260,陳*燕,備取,國立高雄科技大學,國立高雄科技大學航運管理系,原校系/本校留任,4,國立高雄科技大學航運管理系; 國立高雄科技大學金融系; 國立高雄科技大學財政稅務系; 國立臺中科技大學財政稅務系
485,114,105077,國立高雄科技大學 航運管理系(一),61091215,林*逸,正取,國立高雄科技大學,國立高雄科技大學航運管理系,原校系/本校留任,5,國立高雄科技大學航運管理系; 國立高雄科技大學運籌管理系; 國立高雄科技大學商務資訊應用系; 國立虎尾科技大學財務金融系; 國立臺中科技大學保險金融管理系
486,114,105077,國立高雄科技大學 航運管理系(一),61091603,李*翔,正取,國立高雄科技大學,國立高雄科技大學航運管理系,原校系/本校留任,4,國立高雄科技大學航運管理系; 國立高雄科技大學智慧商務系; 國立虎尾科技大學資訊管理系; 國立臺中科技大學國際貿易與經營系
487,114,105077,國立高雄科技大學 航運管理系(一),74530005,高*軒,正取,國立高雄科技大學,國立高雄科技大學航運管理系,原校系/本校留任,3,國立高雄科技大學航運管理系; 國立臺北商業大學商業設計管理系(桃園校區); 朝陽科技大學資訊管理系資訊管理組
488,114,105077,國立高雄科技大學 航運管理系(一),64090031,林*庭,備取,國立高雄科技大學,國立高雄科技大學航運管理系,原校系/本校留任,4,國立高雄科技大學航運管理系; 國立雲林科技大學文化資產維護系; 國立高雄科技大學文化創意產業系; 國立臺中科技大學國際貿易與經營系
489,114,105077,國立高雄科技大學 航運管理系(一),68530008,張*𤨪,備取,國立高雄科技大學,國立高雄科技大學航運管理系,原校系/本校留任,4,國立高雄科技大學航運管理系; 國立高雄科技大學企業管理系; 國立虎尾科技大學工業管理系; 國立臺中科技大學企業管理系
490,114,105077,國立高雄科技大學 航運管理系(一),64090554,葵*璇,正取,國立高雄科技大學,國立高雄科技大學航運管理系,原校系/本校留任,2,國立高雄科技大學航運管理系; 高雄醫學大學醫務管理暨醫療資訊學系
491,114,105077,國立高雄科技大學 航運管理系(一),57530009,胡*桓,正取,國立高雄餐旅大學,國立高雄餐旅大學航空暨運輸服務管理系,其他學校錄取,5,國立高雄科技大學航運管理系; 國立雲林科技大學應用外語系; 國立高雄科技大學應用英語系; 國立勤益科技大學資訊管理系; 國立高雄餐旅大學航空暨運輸服務管理系
492,114,105077,國立高雄科技大學 航運管理系(一),64090403,黄*,正取,國立高雄科技大學,國立高雄科技大學航運管理系,原校系/本校留任,5,國立高雄科技大學航運管理系; 國立高雄科技大學國際企業系; 國立高雄科技大學行銷與流通管理系; 國立臺中科技大學國際貿易與經營系; 國立臺灣海洋大學海洋經營管理學士學位學程
493,114,105077,國立高雄科技大學 航運管理系(一),67090323,鄭*,備取,國立高雄科技大學,國立高雄科技大學航運管理系,原校系/本校留任,6,國立高雄科技大學航運管理系; 國立高雄科技大學運籌管理系; 國立高雄科技大學供應鏈管理系; 國立勤益科技大學行銷與流通管理系; 國立臺中科技大學國際貿易與經營系; 朝陽科技大學行銷與流通管理系
494,114,105077,國立高雄科技大學 航運管理系(一),70090837,許*柔,正取,國立臺中科技大學,國立臺中科技大學應用統計系,其他學校錄取,3,國立高雄科技大學航運管理系; 國立臺中科技大學應用統計系; 國立屏東大學資訊管理學系
495,114,105077,國立高雄科技大學 航運管理系(一),70090909,楊*,正取,國立高雄科技大學,國立高雄科技大學航運管理系,原校系/本校留任,4,國立高雄科技大學航運管理系; 國立高雄科技大學國際企業系; 國立臺中科技大學國際貿易與經營系; 南臺科技大學國際企業系
496,114,105077,國立高雄科技大學 航運管理系(一),68530048,*淮,備取,國立高雄科技大學,國立高雄科技大學航運管理系,原校系/本校留任,3,國立高雄科技大學航運管理系; 國立高雄科技大學運籌管理系; 國立臺中科技大學人工智慧應用工程學士學位學程
497,114,105077,國立高雄科技大學 航運管理系(一),70090209,吳*,正取,—,—,未分發/放棄,2,國立高雄科技大學航運管理系; 國立高雄科技大學運籌管理系
498,114,105077,國立高雄科技大學 航運管理系(一),61091303,陳*恩,備取,國立臺中科技大學,國立臺中科技大學國際貿易與經營系,其他學校錄取,5,國立高雄科技大學航運管理系; 國立高雄科技大學運籌管理系; 國立虎尾科技大學企業管理系; 國立臺中科技大學國際貿易與經營系; 逢甲大學國際經營與貿易學系
499,114,105077,國立高雄科技大學 航運管理系(一),61091701,吳*妍,正取,國立高雄科技大學,國立高雄科技大學航運管理系,原校系/本校留任,3,國立高雄科技大學航運管理系; 國立臺中科技大學國際貿易與經營系; 逢甲大學國際經營與貿易學系
500,114,105077,國立高雄科技大學 航運管理系(一),61090620,楊*,正取,逢甲大學,逢甲大學國際經營與貿易學系,其他學校錄取,2,國立高雄科技大學航運管理系; 逢甲大學國際經營與貿易學系
501,114,105077,國立高雄科技大學 航運管理系(一),64090158,*琳,正取,國立臺中科技大學,國立臺中科技大學國際貿易與經營系,其他學校錄取,4,國立高雄科技大學航運管理系; 國立高雄科技大學行銷與流通管理系; 國立勤益科技大學行銷與流通管理系; 國立臺中科技大學國際貿易與經營系
502,114,105077,國立高雄科技大學 航運管理系(一),61090931,蘇*淯,備取,國立高雄科技大學,國立高雄科技大學航運管理系,原校系/本校留任,4,國立高雄科技大學航運管理系; 國立高雄科技大學金融系; 逢甲大學國際經營與貿易學系; 逢甲大學經濟學系
503,114,105077,國立高雄科技大學 航運管理系(一),64090181,江*芳,備取,—,—,未分發/放棄,1,國立高雄科技大學航運管理系
504,114,105077,國立高雄科技大學 航運管理系(一),61091395,陳*瑄,正取,國立臺中科技大學,國立臺中科技大學資訊管理系,其他學校錄取,3,國立高雄科技大學航運管理系; 國立虎尾科技大學工業管理系; 國立臺中科技大學資訊管理系
505,114,105077,國立高雄科技大學 航運管理系(一),70090414,啓*禎,正取,國立高雄科技大學,國立高雄科技大學人力資源發展系,原校系/本校留任,5,國立高雄科技大學航運管理系; 國立高雄科技大學人力資源發展系; 國立高雄科技大學航運技術系; 國立虎尾科技大學應用外語系; 國立臺中科技大學應用英語系
506,114,105077,國立高雄科技大學 航運管理系(一),57090877,陳*柔,正取,國立高雄科技大學,國立高雄科技大學航運技術系,原校系/本校留任,2,國立高雄科技大學航運管理系; 國立高雄科技大學航運技術系
507,114,105077,國立高雄科技大學 航運管理系(一),70090966,陳*穎,備取,—,—,未分發/放棄,4,國立高雄科技大學航運管理系; 國立高雄科技大學運籌管理系; 國立高雄科技大學供應鏈管理系; 國立臺中科技大學流通管理系
508,114,105077,國立高雄科技大學 航運管理系(一),57090989,陳*婷,備取,—,—,未分發/放棄,4,國立高雄科技大學航運管理系; 國立高雄科技大學供應鏈管理系; 國立勤益科技大學資訊管理系; 國立臺中科技大學資訊管理系
509,114,105077,國立高雄科技大學 航運管理系(一),64090196,*潔,正取,國立臺中科技大學,國立臺中科技大學國際貿易與經營系,其他學校錄取,3,國立高雄科技大學航運管理系; 國立高雄科技大學智慧商務系; 國立臺中科技大學國際貿易與經營系
510,114,105077,國立高雄科技大學 航運管理系(一),52090550,潘*宏,備取,國立臺中科技大學,國立臺中科技大學國際貿易與經營系,其他學校錄取,2,國立高雄科技大學航運管理系; 國立臺中科技大學國際貿易與經營系
511,114,105077,國立高雄科技大學 航運管理系(一),52090910,鄭*恩,備取,銘傳大學,銘傳大學企業管理學系(台北校區),其他學校錄取,3,國立高雄科技大學航運管理系; 國立臺中科技大學資訊管理系; 銘傳大學企業管理學系(台北校區)
512,114,105077,國立高雄科技大學 航運管理系(一),61091083,林*均,備取,國立勤益科技大學,國立勤益科技大學企業管理系,其他學校錄取,5,國立高雄科技大學航運管理系; 國立高雄科技大學人力資源發展系; 國立虎尾科技大學企業管理系; 國立勤益科技大學企業管理系; 國立臺中科技大學企業管理系
513,114,105077,國立高雄科技大學 航運管理系(一),61091069,潘*良,正取,逢甲大學,逢甲大學會計學系,其他學校錄取,3,國立高雄科技大學航運管理系; 國立臺中科技大學財政稅務系; 逢甲大學會計學系
514,114,105077,國立高雄科技大學 航運管理系(一),58090093,梁*,備取,國立高雄科技大學,國立高雄科技大學人力資源發展系,原校系/本校留任,2,國立高雄科技大學航運管理系; 國立高雄科技大學人力資源發展系
515,114,105077,國立高雄科技大學 航運管理系(一),67090382,F*源,正取,國立勤益科技大學,國立勤益科技大學企業管理系,其他學校錄取,2,國立高雄科技大學航運管理系; 國立勤益科技大學企業管理系
516,114,105077,國立高雄科技大學 航運管理系(一),70030341,陳*恩,備取,—,—,未分發/放棄,1,國立高雄科技大學航運管理系
517,114,105077,國立高雄科技大學 航運管理系(一),52090259,吳*,備取,國立臺中科技大學,國立臺中科技大學企業管理系,其他學校錄取,2,國立高雄科技大學航運管理系; 國立臺中科技大學企業管理系
518,114,105077,國立高雄科技大學 航運管理系(一),64090141,李*,備取,—,—,未分發/放棄,2,國立高雄科技大學航運管理系; 國立虎尾科技大學工業管理系
519,114,105077,國立高雄科技大學 航運管理系(一),65090152,江*,備取,國立臺中科技大學,國立臺中科技大學國際貿易與經營系,其他學校錄取,5,國立高雄科技大學航運管理系; 國立高雄科技大學運籌管理系; 國立高雄科技大學商務資訊應用系; 國立虎尾科技大學工業管理系; 國立臺中科技大學國際貿易與經營系
520,114,105077,國立高雄科技大學 航運管理系(一),68090685,*清,備取,—,—,未分發/放棄,1,國立高雄科技大學航運管理系
521,114,105077,國立高雄科技大學 航運管理系(一),68090062,李*妗今,備取,國立臺中科技大學,國立臺中科技大學國際貿易與經營系,其他學校錄取,3,國立高雄科技大學航運管理系; 國立勤益科技大學工業工程與管理系; 國立臺中科技大學國際貿易與經營系
522,114,105077,國立高雄科技大學 航運管理系(一),64090104,邱*慈,備取,國立臺中科技大學,國立臺中科技大學國際貿易與經營系,其他學校錄取,3,國立高雄科技大學航運管理系; 國立虎尾科技大學企業管理系; 國立臺中科技大學國際貿易與經營系
523,114,105077,國立高雄科技大學 航運管理系(一),61091391,葵*喬,正取,國立高雄科技大學,國立高雄科技大學運籌管理系,原校系/本校留任,5,國立高雄科技大學航運管理系; 國立高雄科技大學運籌管理系; 國立高雄科技大學供應鏈管理系; 國立勤益科技大學工業工程與管理系; 國立臺中科技大學應用統計系
524,114,105077,國立高雄科技大學 航運管理系(一),70090205,陳*妍,備取,國立高雄科技大學,國立高雄科技大學人力資源發展系,原校系/本校留任,4,國立高雄科技大學航運管理系; 國立高雄科技大學人力資源發展系; 國立屏東大學商業大數據學系; 國立屏東大學行銷與流通管理學系
525,114,105077,國立高雄科技大學 航運管理系(一),59090116,*永,備取,國立高雄餐旅大學,國立高雄餐旅大學航空暨運輸服務管理系,其他學校錄取,6,國立高雄科技大學航運管理系; 國立澎湖科技大學航運管理系; 國立高雄餐旅大學航空暨運輸服務管理系; 國立臺中科技大學休閒事業經營系; 朝陽科技大學航空運務系; 靜宜大學觀光事業學系
526,114,105077,國立高雄科技大學 航運管理系(一),68530038,邱*軒,備取,—,—,未分發/放棄,3,國立高雄科技大學航運管理系; 國立高雄科技大學人力資源發展系; 國立高雄餐旅大學航空暨運輸服務管理系
527,114,105077,國立高雄科技大學 航運管理系(一),64090328,周*,備取,國立臺中科技大學,國立臺中科技大學多媒體設計系,其他學校錄取,5,國立高雄科技大學航運管理系; 國立雲林科技大學文化資產維護系; 國立高雄科技大學文化創意產業系; 國立臺中科技大學多媒體設計系; 逢甲大學國際經營與貿易學系
528,114,105077,國立高雄科技大學 航運管理系(一),57090073,周*慈,備取,國立臺中科技大學,國立臺中科技大學企業管理系,其他學校錄取,3,國立高雄科技大學航運管理系; 國立臺中科技大學企業管理系; 逢甲大學國際經營與貿易學系
529,114,105077,國立高雄科技大學 航運管理系(一),64090318,陳*鈞,正取,國立勤益科技大學,國立勤益科技大學工業工程與管理系,其他學校錄取,3,國立高雄科技大學航運管理系; 國立高雄科技大學運籌管理系; 國立勤益科技大學工業工程與管理系
530,114,105077,國立高雄科技大學 航運管理系(一),64090125,*蓉,備取,—,—,未分發/放棄,1,國立高雄科技大學航運管理系
531,114,105077,國立高雄科技大學 航運管理系(一),61091669,楊*玥,備取,國立雲林科技大學,國立雲林科技大學文化資產維護系,其他學校錄取,2,國立高雄科技大學航運管理系; 國立雲林科技大學文化資產維護系
532,114,105077,國立高雄科技大學 航運管理系(一),61091327,周*恩,正取,國立高雄科技大學,國立高雄科技大學人力資源發展系,原校系/本校留任,5,國立高雄科技大學航運管理系; 國立高雄科技大學人力資源發展系; 國立勤益科技大學企業管理系; 僑光科技大學國際貿易系; 國立屏東大學國際經營與貿易學系
533,114,105077,國立高雄科技大學 航運管理系(一),52090857,—,備取,—,—,未分發/放棄,4,國立高雄科技大學航運管理系; 國立勤益科技大學健康產業科技研發與管理系; 國立臺中科技大學國際貿易與經營系; 銘傳大學國際企業學系(台北校區)
534,114,105077,國立高雄科技大學 航運管理系(一),71090338,—,正取,國立屏東大學,國立屏東大學不動產經營學系,其他學校錄取,4,國立高雄科技大學航運管理系; 國立屏東科技大學財務金融國際學士學位學程; 國立高雄科技大學航運技術系; 國立屏東大學不動產經營學系
535,114,105077,國立高雄科技大學 航運管理系(一),65090277,黄*媗,備取,國立臺中科技大學,國立臺中科技大學應用英語系,其他學校錄取,4,國立高雄科技大學航運管理系; 國立虎尾科技大學企業管理系; 國立虎尾科技大學應用外語系; 國立臺中科技大學應用英語系
536,114,105077,國立高雄科技大學 航運管理系(一),70090421,謝*茗,正取,國立雲林科技大學,國立雲林科技大學文化資產維護系,其他學校錄取,4,國立高雄科技大學航運管理系; 國立雲林科技大學文化資產維護系; 國立高雄科技大學商務資訊應用系(資安人才); 國立屏東大學應用英語學系
537,114,105077,國立高雄科技大學 航運管理系(一),52090089,林*宇,備取,銘傳大學,銘傳大學國際企業學系(台北校區),其他學校錄取,4,國立高雄科技大學航運管理系; 國立勤益科技大學資訊管理系; 國立臺中科技大學國際貿易與經營系; 銘傳大學國際企業學系(台北校區)
538,114,105077,國立高雄科技大學 航運管理系(一),52090505,曹*允,備取,國立臺北商業大學,國立臺北商業大學會計資訊系(臺北校區),其他學校錄取,4,國立高雄科技大學航運管理系; 國立雲林科技大學會計系; 國立臺中科技大學會計資訊系; 國立臺北商業大學會計資訊系(臺北校區)
539,114,105077,國立高雄科技大學 航運管理系(一),54090033,陳*融,備取,—,—,未分發/放棄,3,國立高雄科技大學航運管理系; 國立虎尾科技大學財務金融系; 國立臺中科技大學會計資訊系
540,114,105077,國立高雄科技大學 航運管理系(一),54030085,陳*彦,備取,—,—,未分發/放棄,3,國立高雄科技大學航運管理系; 國立虎尾科技大學應用外語系; 致理科技大學應用日語系
541,114,105077,國立高雄科技大學 航運管理系(一),56090063,黄*,備取,國立臺北商業大學,國立臺北商業大學國際商務系(臺北校區),其他學校錄取,6,國立高雄科技大學航運管理系; 國立高雄科技大學風險管理與保險系; 國立虎尾科技大學財務金融系; 國立臺北護理健康大學健康事業管理系; 國立臺中科技大學保險金融管理系; 國立臺北商業大學國際商務系(臺北校區)
542,114,105077,國立高雄科技大學 航運管理系(一),56090344,余*,備取,—,—,未分發/放棄,3,國立高雄科技大學航運管理系; 國立高雄科技大學行銷與流通管理系; 國立臺中科技大學財務金融系
543,114,105077,國立高雄科技大學 航運管理系(一),56090364,F*儀,正取,—,—,未分發/放棄,5,國立高雄科技大學航運管理系; 國立高雄科技大學會計資訊系; 國立高雄科技大學財政稅務系; 國立勤益科技大學企業管理系; 國立臺中科技大學會計資訊系
544,114,105077,國立高雄科技大學 航運管理系(一),57090854,黄*雅,正取,中原大學,中原大學會計學系,其他學校錄取,3,國立高雄科技大學航運管理系; 國立臺灣海洋大學海洋經營管理學士學位學程; 中原大學會計學系
545,114,105077,國立高雄科技大學 航運管理系(一),57090913,*妤,備取,—,—,未分發/放棄,2,國立高雄科技大學航運管理系; 國立虎尾科技大學應用外語系
546,114,105077,國立高雄科技大學 航運管理系(一),61090455,黄*芦,備取,—,—,未分發/放棄,3,國立高雄科技大學航運管理系; 國立高雄科技大學人力資源發展系; 國立臺中科技大學財政稅務系
547,114,105077,國立高雄科技大學 航運管理系(一),61090485,涂*,備取,—,—,未分發/放棄,3,國立高雄科技大學航運管理系; 國立高雄科技大學企業管理系; 國立臺中科技大學企業管理系
548,114,105077,國立高雄科技大學 航運管理系(一),61090561,葵*昕,正取,國立臺中科技大學,國立臺中科技大學會計資訊系,其他學校錄取,2,國立高雄科技大學航運管理系; 國立臺中科技大學會計資訊系
549,114,105077,國立高雄科技大學 航運管理系(一),61090801,黄*妤,正取,國立雲林科技大學,國立雲林科技大學企業管理系,其他學校錄取,4,國立高雄科技大學航運管理系; 國立雲林科技大學企業管理系; 國立高雄科技大學金融系; 國立臺中科技大學財務金融系
550,114,105077,國立高雄科技大學 航運管理系(一),61090857,賴*,備取,國立雲林科技大學,國立雲林科技大學會計系,其他學校錄取,4,國立高雄科技大學航運管理系; 國立雲林科技大學會計系; 國立高雄科技大學財務管理系; 國立臺北商業大學會計資訊系(臺北校區)
551,114,105077,國立高雄科技大學 航運管理系(一),61090969,*兪,正取,國立臺中科技大學,國立臺中科技大學流通管理系,其他學校錄取,3,國立高雄科技大學航運管理系; 國立臺中科技大學流通管理系; 國立臺北商業大學數位多媒體設計系(桃園校區)
552,114,105077,國立高雄科技大學 航運管理系(一),61091055,鄭*,正取,國立臺北商業大學,國立臺北商業大學國際商務系(臺北校區),其他學校錄取,3,國立高雄科技大學航運管理系; 國立雲林科技大學國際管理學士學位學程; 國立臺北商業大學國際商務系(臺北校區)
553,114,105077,國立高雄科技大學 航運管理系(一),61091509,陳*凱,正取,國立臺灣海洋大學,國立臺灣海洋大學航運管理學系,其他學校錄取,4,國立高雄科技大學航運管理系; 國立雲林科技大學國際管理學士學位學程; 國立高雄科技大學國際企業系; 國立臺灣海洋大學航運管理學系
554,114,105077,國立高雄科技大學 航運管理系(一),61091549,鄒*沂,備取,—,—,未分發/放棄,2,國立高雄科技大學航運管理系; 國立臺北商業大學財政稅務系(臺北校區)
555,114,105077,國立高雄科技大學 航運管理系(一),61091625,*筠,備取,—,—,未分發/放棄,5,國立高雄科技大學航運管理系; 國立雲林科技大學文化資產維護系; 國立高雄科技大學運籌管理系; 國立高雄科技大學行銷與流通管理系; 國立臺中科技大學國際貿易與經營系
556,114,105077,國立高雄科技大學 航運管理系(一),61091633,張*育,正取,國立臺北商業大學,國立臺北商業大學國際商務系(臺北校區),其他學校錄取,5,國立高雄科技大學航運管理系; 國立高雄科技大學國際企業系; 國立高雄科技大學企業管理系; 國立臺中科技大學企業管理系; 國立臺北商業大學國際商務系(臺北校區)
557,114,105077,國立高雄科技大學 航運管理系(一),61091733,李*甄,備取,國立臺中科技大學,國立臺中科技大學國際貿易與經營系,其他學校錄取,5,國立高雄科技大學航運管理系; 國立雲林科技大學文化資產維護系; 國立高雄科技大學文化創意產業系; 國立勤益科技大學文化創意事業系; 國立臺中科技大學國際貿易與經營系
558,114,105077,國立高雄科技大學 航運管理系(一),64030059,吳*,備取,—,—,未分發/放棄,4,國立高雄科技大學航運管理系; 國立高雄科技大學資訊管理系; 國立臺中科技大學國際貿易與經營系; 逢甲大學國際經營與貿易學系
559,114,105077,國立高雄科技大學 航運管理系(一),64090144,吳*,備取,逢甲大學,逢甲大學會計學系,其他學校錄取,3,國立高雄科技大學航運管理系; 國立臺中科技大學財政稅務系; 逢甲大學會計學系
560,114,105077,國立高雄科技大學 航運管理系(一),64090291,陳*齊,備取,—,—,未分發/放棄,4,國立高雄科技大學航運管理系; 國立高雄科技大學運籌管理系; 國立高雄科技大學風險管理與保險系; 國立臺中科技大學保險金融管理系
561,114,105077,國立高雄科技大學 航運管理系(一),64090435,許*,備取,國立高雄科技大學,國立高雄科技大學工業工程與管理系,原校系/本校留任,5,國立高雄科技大學航運管理系; 國立雲林科技大學文化資產維護系; 國立高雄科技大學工業工程與管理系; 國立高雄科技大學國際企業系; 國立臺灣海洋大學海洋經營管理學士學位學程
562,114,105077,國立高雄科技大學 航運管理系(一),64090455,陳*廷,備取,國立高雄科技大學,國立高雄科技大學工業工程與管理系,原校系/本校留任,3,國立高雄科技大學航運管理系; 國立高雄科技大學工業工程與管理系; 國立高雄科技大學資訊管理系
563,114,105077,國立高雄科技大學 航運管理系(一),64090467,葵*妤,備取,—,—,未分發/放棄,3,國立高雄科技大學航運管理系; 國立雲林科技大學工業工程與管理系; 國立高雄科技大學工業工程與管理系
564,114,105077,國立高雄科技大學 航運管理系(一),68090106,鄭*,正取,國立屏東大學,國立屏東大學財務金融學系,其他學校錄取,4,國立高雄科技大學航運管理系; 國立高雄科技大學商務資訊應用系; 國立屏東大學國際經營與貿易學系; 國立屏東大學財務金融學系
565,114,105077,國立高雄科技大學 航運管理系(一),68090126,陳*沂,正取,國立雲林科技大學,國立雲林科技大學工業工程與管理系,其他學校錄取,5,國立高雄科技大學航運管理系; 國立雲林科技大學工業工程與管理系; 國立高雄科技大學工業工程與管理系; 國立臺中科技大學國際貿易與經營系; 國立臺北商業大學國際商務系(臺北校區)
566,114,105077,國立高雄科技大學 航運管理系(一),68090262,楊*蓉,正取,國立高雄科技大學,國立高雄科技大學財政稅務系,原校系/本校留任,6,國立高雄科技大學航運管理系; 國立高雄科技大學金融系; 國立高雄科技大學財政稅務系; 國立勤益科技大學企業管理系; 國立臺中科技大學財政稅務系; 國立屏東大學財務金融學系
567,114,105077,國立高雄科技大學 航運管理系(一),68090282,梁*,正取,國立雲林科技大學,國立雲林科技大學財務金融系,其他學校錄取,5,國立高雄科技大學航運管理系; 國立雲林科技大學工業工程與管理系; 國立雲林科技大學財務金融系; 國立高雄科技大學財政稅務系; 國立臺中科技大學財務金融系
568,114,105077,國立高雄科技大學 航運管理系(一),68090689,陳*妤,正取,國立高雄科技大學,國立高雄科技大學應用英語系,原校系/本校留任,4,國立高雄科技大學航運管理系; 國立高雄科技大學應用英語系; 國立勤益科技大學應用英語系; 國立臺中科技大學應用英語系
569,114,105077,國立高雄科技大學 航運管理系(一),70090877,李*德,備取,—,—,未分發/放棄,3,國立高雄科技大學航運管理系; 國立虎尾科技大學財務金融系; 國立勤益科技大學行銷與流通管理系
570,114,105077,國立高雄科技大學 航運管理系(一),70090893,*源,備取,國立高雄科技大學,國立高雄科技大學金融系,原校系/本校留任,2,國立高雄科技大學航運管理系; 國立高雄科技大學金融系
571,114,105077,國立高雄科技大學 航運管理系(一),76090049,黄*銘,正取,國立高雄科技大學,國立高雄科技大學財務管理系,原校系/本校留任,2,國立高雄科技大學航運管理系; 國立高雄科技大學財務管理系
572,114,105078,國立高雄科技大學 航運管理系(二),68150025,黄*眉,正取,國立高雄科技大學,國立高雄科技大學航運管理系,原校系/本校留任,4,國立高雄科技大學航運管理系; 國立高雄科技大學供應鏈管理系; 國立虎尾科技大學企業管理系; 國立虎尾科技大學應用外語系
573,114,105078,國立高雄科技大學 航運管理系(二),66150066,*展,正取,國立高雄科技大學,國立高雄科技大學航運管理系,原校系/本校留任,3,國立高雄科技大學航運管理系; 國立雲林科技大學應用外語系; 國立高雄科技大學應用德語系
574,114,105078,國立高雄科技大學 航運管理系(二),61150393,林*程,正取,國立雲林科技大學,國立雲林科技大學應用外語系,其他學校錄取,2,國立高雄科技大學航運管理系; 國立雲林科技大學應用外語系
575,114,105078,國立高雄科技大學 航運管理系(二),65150029,蕭*女,正取,國立高雄科技大學,國立高雄科技大學航運管理系,原校系/本校留任,4,國立高雄科技大學航運管理系; 國立高雄科技大學國際企業系; 國立高雄科技大學運籌管理系; 國立虎尾科技大學企業管理系
576,114,105078,國立高雄科技大學 航運管理系(二),58150063,—,正取,國立高雄科技大學,國立高雄科技大學航運管理系,原校系/本校留任,1,國立高雄科技大學航運管理系
577,114,105078,國立高雄科技大學 航運管理系(二),66150063,楊*羽,正取,國立高雄科技大學,國立高雄科技大學航運管理系,原校系/本校留任,4,國立高雄科技大學航運管理系; 國立雲林科技大學應用外語系; 國立高雄科技大學海洋休閒管理系; 國立臺北護理健康大學語言治療與聽力學系
578,114,105078,國立高雄科技大學 航運管理系(二),61530031,梁*雅,備取,國立雲林科技大學,國立雲林科技大學國際管理學士學位學程,其他學校錄取,4,國立高雄科技大學航運管理系; 國立雲林科技大學國際管理學士學位學程; 國立雲林科技大學應用外語系; 國立臺北科技大學文化事業發展系
579,114,105078,國立高雄科技大學 航運管理系(二),64150068,葵*妤,正取,國立雲林科技大學,國立雲林科技大學應用外語系,其他學校錄取,5,國立高雄科技大學航運管理系; 國立雲林科技大學企業管理系; 國立雲林科技大學應用外語系; 國立高雄科技大學國際企業系; 國立高雄科技大學應用英語系
580,114,105078,國立高雄科技大學 航運管理系(二),52150173,话*俐,正取,國立高雄科技大學,國立高雄科技大學航運管理系,原校系/本校留任,3,國立高雄科技大學航運管理系; 國立高雄科技大學運籌管理系; 國立臺北護理健康大學語言治療與聽力學系
581,114,105078,國立高雄科技大學 航運管理系(二),58150150,*臻,正取,國立高雄科技大學,國立高雄科技大學航運管理系,原校系/本校留任,4,國立高雄科技大學航運管理系; 國立雲林科技大學應用外語系; 國立高雄科技大學應用英語系; 國立勤益科技大學應用英語系
582,114,105078,國立高雄科技大學 航運管理系(二),58150045,林*永,備取,國立高雄科技大學,國立高雄科技大學航運管理系,原校系/本校留任,2,國立高雄科技大學航運管理系; 國立臺北科技大學應用英文系
583,114,105078,國立高雄科技大學 航運管理系(二),68150045,張*,正取,國立高雄科技大學,國立高雄科技大學航運管理系,原校系/本校留任,3,國立高雄科技大學航運管理系; 國立高雄科技大學應用英語系; 國立屏東大學應用英語學系
584,114,105078,國立高雄科技大學 航運管理系(二),56150036,楊*茹,正取,國立高雄科技大學,國立高雄科技大學航運管理系,原校系/本校留任,2,國立高雄科技大學航運管理系; 逢甲大學外國語文學系
585,114,105078,國立高雄科技大學 航運管理系(二),61530023,涂*穎,正取,國立高雄科技大學,國立高雄科技大學航運管理系,原校系/本校留任,2,國立高雄科技大學航運管理系; 國立臺中科技大學保險金融管理系
586,114,105078,國立高雄科技大學 航運管理系(二),67150051,葉*妍,正取,國立高雄科技大學,國立高雄科技大學航運管理系,原校系/本校留任,3,國立高雄科技大學航運管理系; 國立雲林科技大學應用外語系; 國立高雄科技大學應用德語系
587,114,105078,國立高雄科技大學 航運管理系(二),64150048,陳*語,正取,國立高雄科技大學,國立高雄科技大學航運管理系,原校系/本校留任,3,國立高雄科技大學航運管理系; 國立高雄科技大學行銷與流通管理系; 國立臺中科技大學財政稅務系
588,114,105078,國立高雄科技大學 航運管理系(二),58150073,汪*妤,正取,國立高雄科技大學,國立高雄科技大學航運管理系,原校系/本校留任,3,國立高雄科技大學航運管理系; 國立虎尾科技大學企業管理系; 國立屏東大學應用英語學系
589,114,105078,國立高雄科技大學 航運管理系(二),57530023,余*恩,正取,國立高雄科技大學,國立高雄科技大學供應鏈管理系,原校系/本校留任,3,國立高雄科技大學航運管理系; 國立高雄科技大學供應鏈管理系; 國立高雄餐旅大學航空暨運輸服務管理系
590,114,105078,國立高雄科技大學 航運管理系(二),52150090,—,正取,國立臺北科技大學,國立臺北科技大學文化事業發展系,其他學校錄取,6,國立高雄科技大學航運管理系; 國立雲林科技大學應用外語系; 國立臺北科技大學文化事業發展系; 國立高雄科技大學海洋休閒管理系; 國立臺北護理健康大學運動保健系; 國立臺中科技大學應用英語系
591,114,105078,國立高雄科技大學 航運管理系(二),55150035,潘*,正取,國立臺北科技大學,國立臺北科技大學應用英文系,其他學校錄取,6,國立高雄科技大學航運管理系; 國立臺灣科技大學應用外語系; 國立臺北科技大學應用英文系; 國立高雄科技大學應用英語系; 國立虎尾科技大學應用外語系; 國立臺中科技大學應用英語系
592,114,105078,國立高雄科技大學 航運管理系(二),61150177,李*慈,正取,國立高雄科技大學,國立高雄科技大學航運管理系,原校系/本校留任,4,國立高雄科技大學航運管理系; 國立高雄科技大學應用德語系; 國立虎尾科技大學應用外語系; 文藻外語大學國際事務系
593,114,105078,國立高雄科技大學 航運管理系(二),64150072,楊*,備取,國立高雄科技大學,國立高雄科技大學航運管理系,原校系/本校留任,6,國立高雄科技大學航運管理系; 國立高雄科技大學國際企業系; 國立高雄科技大學行銷與流通管理系; 國立虎尾科技大學企業管理系; 國立虎尾科技大學應用外語系; 國立高雄餐旅大學休閒暨遊憩管理系
594,114,105078,國立高雄科技大學 航運管理系(二),66150038,陳*凱,備取,國立高雄科技大學,國立高雄科技大學航運管理系,原校系/本校留任,5,國立高雄科技大學航運管理系; 國立臺北科技大學文化事業發展系; 國立高雄科技大學國際企業系; 國立高雄科技大學行銷與流通管理系; 國立臺中科技大學保險金融管理系
595,114,105078,國立高雄科技大學 航運管理系(二),68150010,林*,備取,國立臺中科技大學,國立臺中科技大學保險金融管理系,其他學校錄取,4,國立高雄科技大學航運管理系; 國立雲林科技大學應用外語系; 國立高雄科技大學應用英語系; 國立臺中科技大學保險金融管理系
596,114,105078,國立高雄科技大學 航運管理系(二),58150149,*華,正取,國立高雄科技大學,國立高雄科技大學航運管理系,原校系/本校留任,2,國立高雄科技大學航運管理系; 國立高雄科技大學供應鏈管理系
597,114,105078,國立高雄科技大學 航運管理系(二),64150003,吳*,備取,國立高雄科技大學,國立高雄科技大學航運管理系,原校系/本校留任,3,國立高雄科技大學航運管理系; 國立高雄科技大學行銷與流通管理系; 國立高雄科技大學應用德語系
598,114,105078,國立高雄科技大學 航運管理系(二),58150126,—,備取,國立高雄科技大學,國立高雄科技大學供應鏈管理系,原校系/本校留任,3,國立高雄科技大學航運管理系; 國立高雄科技大學風險管理與保險系; 國立高雄科技大學供應鏈管理系
599,114,105078,國立高雄科技大學 航運管理系(二),51150042,柯*慈,正取,國立雲林科技大學,國立雲林科技大學應用外語系,其他學校錄取,5,國立高雄科技大學航運管理系; 國立雲林科技大學應用外語系; 國立高雄科技大學應用英語系; 國立虎尾科技大學應用外語系; 國立高雄餐旅大學航空暨運輸服務管理系
600,114,105078,國立高雄科技大學 航運管理系(二),52150003,陳*住,備取,—,—,未分發/放棄,3,國立高雄科技大學航運管理系; 國立雲林科技大學應用外語系; 國立高雄餐旅大學航空暨運輸服務管理系
601,114,105078,國立高雄科技大學 航運管理系(二),52150117,林*,備取,—,—,未分發/放棄,3,國立高雄科技大學航運管理系; 國立高雄科技大學供應鏈管理系; 國立臺北護理健康大學語言治療與聽力學系
602,114,105078,國立高雄科技大學 航運管理系(二),52150144,林*,備取,—,—,未分發/放棄,1,國立高雄科技大學航運管理系
603,114,105078,國立高雄科技大學 航運管理系(二),56150171,簡*永,正取,國立臺北科技大學,國立臺北科技大學應用英文系,其他學校錄取,5,國立高雄科技大學航運管理系; 國立雲林科技大學應用外語系; 國立臺北科技大學應用英文系; 國立臺中科技大學應用英語系; 國立臺北商業大學應用外語系(臺北校區)
604,114,105078,國立高雄科技大學 航運管理系(二),57150002,張*賢,正取,—,—,未分發/放棄,3,國立高雄科技大學航運管理系; 國立高雄科技大學供應鏈管理系; 國立臺中科技大學國際貿易與經營系
605,114,105078,國立高雄科技大學 航運管理系(二),57530083,張*,備取,國立高雄科技大學,國立高雄科技大學應用英語系,原校系/本校留任,4,國立高雄科技大學航運管理系; 國立高雄科技大學應用英語系; 國立虎尾科技大學應用外語系; 國立勤益科技大學文化創意事業系
606,114,105078,國立高雄科技大學 航運管理系(二),58150010,—,正取,國立雲林科技大學,國立雲林科技大學應用外語系,其他學校錄取,5,國立高雄科技大學航運管理系; 國立雲林科技大學應用外語系; 國立虎尾科技大學企業管理系; 國立勤益科技大學企業管理系; 國立臺中科技大學企業管理系
607,114,105078,國立高雄科技大學 航運管理系(二),61150092,吳*潔,正取,國立臺北護理健康大學,國立臺北護理健康大學語言治療與聽力學系,其他學校錄取,4,國立高雄科技大學航運管理系; 國立臺北護理健康大學語言治療與聽力學系; 國立臺北護理健康大學生死與健康心理諮商系; 弘光科技大學語言治療與聽力學系
608,114,105078,國立高雄科技大學 航運管理系(二),61150112,邱*哈台,備取,—,—,未分發/放棄,5,國立高雄科技大學航運管理系; 國立臺灣科技大學應用外語系; 國立臺北科技大學應用英文系; 國立臺中科技大學應用英語系; 文藻外語大學日本語文系
609,114,105078,國立高雄科技大學 航運管理系(二),61150153,*婷,備取,國立雲林科技大學,國立雲林科技大學應用外語系,其他學校錄取,4,國立高雄科技大學航運管理系; 國立雲林科技大學應用外語系; 國立高雄科技大學應用英語系; 國立高雄科技大學應用德語系
610,114,105078,國立高雄科技大學 航運管理系(二),61150165,江*諭,備取,—,—,未分發/放棄,2,國立高雄科技大學航運管理系; 國立高雄科技大學應用英語系
611,114,105078,國立高雄科技大學 航運管理系(二),61150209,張*,正取,國立高雄餐旅大學,國立高雄餐旅大學航空暨運輸服務管理系,其他學校錄取,3,國立高雄科技大學航運管理系; 國立臺北科技大學應用英文系; 國立高雄餐旅大學航空暨運輸服務管理系
612,114,105078,國立高雄科技大學 航運管理系(二),61150219,*良,備取,—,—,未分發/放棄,5,國立高雄科技大學航運管理系; 國立臺北科技大學應用英文系; 國立高雄科技大學應用英語系; 國立臺中科技大學應用英語系; 國立臺北商業大學應用外語系(臺北校區)
613,114,105078,國立高雄科技大學 航運管理系(二),61150256,林*妤,正取,國立雲林科技大學,國立雲林科技大學應用外語系,其他學校錄取,5,國立高雄科技大學航運管理系; 國立臺灣科技大學應用外語系; 國立雲林科技大學企業管理系; 國立雲林科技大學應用外語系; 國立高雄科技大學應用英語系
614,114,105078,國立高雄科技大學 航運管理系(二),61150337,*智,備取,—,—,未分發/放棄,1,國立高雄科技大學航運管理系
615,114,105078,國立高雄科技大學 航運管理系(二),61150383,吳*瑀,正取,國立高雄餐旅大學,國立高雄餐旅大學航空暨運輸服務管理系,其他學校錄取,2,國立高雄科技大學航運管理系; 國立高雄餐旅大學航空暨運輸服務管理系
616,114,105078,國立高雄科技大學 航運管理系(二),61150387,葉*惠,備取,—,—,未分發/放棄,3,國立高雄科技大學航運管理系; 國立臺北科技大學應用英文系; 國立高雄科技大學應用德語系
617,114,105078,國立高雄科技大學 航運管理系(二),61150403,胡*綸,備取,—,—,未分發/放棄,4,國立高雄科技大學航運管理系; 國立高雄科技大學行銷與流通管理系; 國立高雄科技大學風險管理與保險系; 國立臺北護理健康大學生死與健康心理諮商系
618,114,105078,國立高雄科技大學 航運管理系(二),61150419,*綺,備取,—,—,未分發/放棄,1,國立高雄科技大學航運管理系
619,114,105078,國立高雄科技大學 航運管理系(二),61150423,張*棋,正取,國立高雄科技大學,國立高雄科技大學風險管理與保險系,原校系/本校留任,4,國立高雄科技大學航運管理系; 國立高雄科技大學風險管理與保險系; 國立高雄餐旅大學航空暨運輸服務管理系; 國立臺中科技大學財務金融系
620,114,105078,國立高雄科技大學 航運管理系(二),64150007,葵*,正取,國立臺北護理健康大學,國立臺北護理健康大學語言治療與聽力學系,其他學校錄取,3,國立高雄科技大學航運管理系; 國立臺北護理健康大學語言治療與聽力學系; 國立臺北護理健康大學運動保健系
621,114,105078,國立高雄科技大學 航運管理系(二),64150018,吳*叡,正取,國立勤益科技大學,國立勤益科技大學應用英語系,其他學校錄取,6,國立高雄科技大學航運管理系; 國立雲林科技大學應用外語系; 國立高雄科技大學應用英語系; 國立澎湖科技大學航運管理系; 國立澎湖科技大學應用外語系; 國立勤益科技大學應用英語系
622,114,105078,國立高雄科技大學 航運管理系(二),64150032,葵*璇,備取,—,—,未分發/放棄,6,國立高雄科技大學航運管理系; 國立雲林科技大學企業管理系; 國立雲林科技大學應用外語系; 國立高雄科技大學國際企業系; 國立高雄科技大學應用英語系; 國立虎尾科技大學財務金融系
623,114,105078,國立高雄科技大學 航運管理系(二),64150060,李*鈞,備取,國立臺灣科技大學,國立臺灣科技大學應用外語系,其他學校錄取,6,國立高雄科技大學航運管理系; 國立臺灣科技大學應用外語系; 國立雲林科技大學應用外語系; 國立臺北科技大學應用英文系; 國立高雄科技大學應用英語系; 國立中正大學外國語文學系
624,114,105078,國立高雄科技大學 航運管理系(二),64150069,柯*豫,正取,中原大學,中原大學國際經營與貿易學系,其他學校錄取,5,國立高雄科技大學航運管理系; 國立雲林科技大學應用外語系; 國立高雄科技大學應用英語系; 國立虎尾科技大學應用外語系; 中原大學國際經營與貿易學系
625,114,105078,國立高雄科技大學 航運管理系(二),64150082,—,正取,國立臺北護理健康大學,國立臺北護理健康大學語言治療與聽力學系,其他學校錄取,2,國立高雄科技大學航運管理系; 國立臺北護理健康大學語言治療與聽力學系
626,114,105078,國立高雄科技大學 航運管理系(二),64150086,李*羿,備取,—,—,未分發/放棄,1,國立高雄科技大學航運管理系
627,114,105078,國立高雄科技大學 航運管理系(二),65150017,林*佑,正取,國立高雄科技大學,國立高雄科技大學應用英語系,原校系/本校留任,2,國立高雄科技大學航運管理系; 國立高雄科技大學應用英語系
628,114,105078,國立高雄科技大學 航運管理系(二),66150004,*婷,備取,—,—,未分發/放棄,5,國立高雄科技大學航運管理系; 國立高雄科技大學企業管理系; 國立高雄科技大學運籌管理系; 國立臺北護理健康大學休閒產業與健康促進系; 國立臺中科技大學保險金融管理系
629,114,105078,國立高雄科技大學 航運管理系(二),68150047,林*恩,備取,—,—,未分發/放棄,2,國立高雄科技大學航運管理系; 國立臺灣科技大學應用外語系
630,114,105078,國立高雄科技大學 航運管理系(二),68150063,黄*,正取,弘光科技大學,弘光科技大學物理治療系,其他學校錄取,3,國立高雄科技大學航運管理系; 國立高雄科技大學運籌管理系; 弘光科技大學物理治療系
631,114,105078,國立高雄科技大學 航運管理系(二),68150066,吳*彦,備取,—,—,未分發/放棄,2,國立高雄科技大學航運管理系; 國立高雄科技大學運籌管理系
632,114,105078,國立高雄科技大學 航運管理系(二),68150082,李*J,備取,—,—,未分發/放棄,3,國立高雄科技大學航運管理系; 國立雲林科技大學企業管理系; 國立高雄科技大學風險管理與保險系
633,114,105078,國立高雄科技大學 航運管理系(二),68150086,楊*昕,備取,—,—,未分發/放棄,4,國立高雄科技大學航運管理系; 國立高雄科技大學行銷與流通管理系; 國立高雄科技大學供應鏈管理系; 國立臺北護理健康大學生死與健康心理諮商系
634,114,105078,國立高雄科技大學 航運管理系(二),70150026,伊*佈,備取,—,—,未分發/放棄,3,國立高雄科技大學航運管理系; 國立勤益科技大學企業管理系; 萬能科技大學航空暨運輸服務管理系
635,114,114004,國立臺北商業大學 國際商務系(一),61091187,*婕,正取,國立臺北商業大學,國立臺北商業大學國際商務系(臺北校區),原校系/本校留任,2,國立臺北商業大學國際商務系(臺北校區); 國立雲林科技大學國際管理學士學位學程
636,114,114004,國立臺北商業大學 國際商務系(一),52090417,何*穎,備取,國立臺北科技大學,國立臺北科技大學經營管理系,其他學校錄取,4,國立臺北商業大學國際商務系(臺北校區); 國立雲林科技大學財務金融系; 國立臺北科技大學經營管理系; 國立彰化師範大學財務金融技術學系
637,114,114004,國立臺北商業大學 國際商務系(一),61091055,鄭*,正取,國立臺北商業大學,國立臺北商業大學國際商務系(臺北校區),原校系/本校留任,3,國立臺北商業大學國際商務系(臺北校區); 國立雲林科技大學國際管理學士學位學程; 國立高雄科技大學航運管理系
638,114,114004,國立臺北商業大學 國際商務系(一),70030401,高*淩,正取,—,—,未分發/放棄,3,國立臺北商業大學國際商務系(臺北校區); 國立高雄科技大學國際企業系; 國立高雄科技大學應用英語系
639,114,114004,國立臺北商業大學 國際商務系(一),61090999,潘*淳,正取,國立高雄科技大學,國立高雄科技大學航運管理系,其他學校錄取,6,國立臺北商業大學國際商務系(臺北校區); 國立雲林科技大學國際管理學士學位學程; 國立高雄科技大學國際企業系; 國立高雄科技大學財政稅務系; 國立高雄科技大學航運管理系; 國立臺中科技大學會計資訊系
640,114,114004,國立臺北商業大學 國際商務系(一),52090917,余*,正取,國立臺北商業大學,國立臺北商業大學國際商務系(臺北校區),原校系/本校留任,2,國立臺北商業大學國際商務系(臺北校區); 國立彰化師範大學財務金融技術學系
641,114,114004,國立臺北商業大學 國際商務系(一),74530010,*滎,正取,國立臺北商業大學,國立臺北商業大學國際商務系(臺北校區),原校系/本校留任,3,國立臺北商業大學國際商務系(臺北校區); 國立雲林科技大學國際管理學士學位學程; 國立臺中科技大學國際貿易與經營系
642,114,114004,國立臺北商業大學 國際商務系(一),70090493,吳*伶,正取,—,—,未分發/放棄,1,國立臺北商業大學國際商務系(臺北校區)
643,114,114004,國立臺北商業大學 國際商務系(一),52090206,陳*晴,正取,國立臺北商業大學,國立臺北商業大學國際商務系(臺北校區),原校系/本校留任,3,國立臺北商業大學國際商務系(臺北校區); 國立臺北護理健康大學資訊管理系; 國立臺中科技大學財務金融系
644,114,114004,國立臺北商業大學 國際商務系(一),64090108,*善,正取,國立臺北商業大學,國立臺北商業大學國際商務系(臺北校區),原校系/本校留任,3,國立臺北商業大學國際商務系(臺北校區); 國立雲林科技大學資訊管理系; 國立雲林科技大學國際管理學士學位學程
645,114,114004,國立臺北商業大學 國際商務系(一),61090951,李*,正取,國立臺北商業大學,國立臺北商業大學國際商務系(臺北校區),原校系/本校留任,5,國立臺北商業大學國際商務系(臺北校區); 國立雲林科技大學國際管理學士學位學程; 國立高雄科技大學國際企業系; 國立高雄科技大學會計資訊系; 國立高雄科技大學財政稅務系
646,114,114004,國立臺北商業大學 國際商務系(一),68090126,陳*沂,正取,國立雲林科技大學,國立雲林科技大學工業工程與管理系,其他學校錄取,5,國立臺北商業大學國際商務系(臺北校區); 國立雲林科技大學工業工程與管理系; 國立高雄科技大學工業工程與管理系; 國立高雄科技大學航運管理系; 國立臺中科技大學國際貿易與經營系
647,114,114004,國立臺北商業大學 國際商務系(一),61091239,*𡤃,備取,國立臺北科技大學,國立臺北科技大學工業工程與管理系,其他學校錄取,6,國立臺北商業大學國際商務系(臺北校區); 國立雲林科技大學工業工程與管理系; 國立臺北科技大學工業工程與管理系; 國立臺北科技大學經營管理系; 國立彰化師範大學財務金融技術學系; 臺北醫學大學醫務管理學系
648,114,114004,國立臺北商業大學 國際商務系(一),67090231,董*璇,正取,國立高雄科技大學,國立高雄科技大學國際企業系,其他學校錄取,3,國立臺北商業大學國際商務系(臺北校區); 國立高雄科技大學國際企業系; 國立臺中科技大學國際貿易與經營系
649,114,114004,國立臺北商業大學 國際商務系(一),61091697,黄*,正取,國立臺北商業大學,國立臺北商業大學國際商務系(臺北校區),原校系/本校留任,2,國立臺北商業大學國際商務系(臺北校區); 國立雲林科技大學國際管理學士學位學程
650,114,114004,國立臺北商業大學 國際商務系(一),61091251,林*臻,正取,國立臺北商業大學,國立臺北商業大學國際商務系(臺北校區),原校系/本校留任,3,國立臺北商業大學國際商務系(臺北校區); 國立雲林科技大學企業管理系; 國立雲林科技大學國際管理學士學位學程
651,114,114004,國立臺北商業大學 國際商務系(一),70090389,陳*宇,正取,國立臺北商業大學,國立臺北商業大學國際商務系(臺北校區),原校系/本校留任,1,國立臺北商業大學國際商務系(臺北校區)
652,114,114004,國立臺北商業大學 國際商務系(一),59090013,徐*庭,正取,國立臺北商業大學,國立臺北商業大學國際商務系(臺北校區),原校系/本校留任,4,國立臺北商業大學國際商務系(臺北校區); 國立雲林科技大學國際管理學士學位學程; 國立臺北護理健康大學生死與健康心理諮商系; 國立臺中科技大學財務金融系
653,114,114004,國立臺北商業大學 國際商務系(一),64090475,葵*喬,正取,國立臺北商業大學,國立臺北商業大學國際商務系(臺北校區),原校系/本校留任,1,國立臺北商業大學國際商務系(臺北校區)
654,114,114004,國立臺北商業大學 國際商務系(一),70090897,周*日,備取,國立臺北科技大學,國立臺北科技大學經營管理系,其他學校錄取,4,國立臺北商業大學國際商務系(臺北校區); 國立臺灣科技大學企業管理系; 國立臺北科技大學經營管理系; 國立臺北科技大學資訊與財金管理系
655,114,114004,國立臺北商業大學 國際商務系(一),61091483,梁*,正取,國立雲林科技大學,國立雲林科技大學財務金融系,其他學校錄取,6,國立臺北商業大學國際商務系(臺北校區); 國立雲林科技大學企業管理系; 國立雲林科技大學財務金融系; 國立高雄科技大學金融系; 國立高雄科技大學財務管理系; 國立高雄科技大學財政稅務系
656,114,114004,國立臺北商業大學 國際商務系(一),55090077,陳*廷,正取,國立臺北商業大學,國立臺北商業大學國際商務系(臺北校區),原校系/本校留任,4,國立臺北商業大學國際商務系(臺北校區); 中原大學國際經營與貿易學系; 中原大學會計學系; 銘傳大學國際企業學系(台北校區)
657,114,114004,國立臺北商業大學 國際商務系(一),59090272,歐*妮,備取,國立臺北商業大學,國立臺北商業大學國際商務系(臺北校區),原校系/本校留任,5,國立臺北商業大學國際商務系(臺北校區); 國立雲林科技大學國際管理學士學位學程; 國立高雄科技大學資訊管理系; 國立高雄科技大學財務管理系; 國立彰化師範大學財務金融技術學系
658,114,114004,國立臺北商業大學 國際商務系(一),54030069,陳*,正取,國立臺北商業大學,國立臺北商業大學國際商務系(臺北校區),原校系/本校留任,5,國立臺北商業大學國際商務系(臺北校區); 國立雲林科技大學工業工程與管理系; 國立臺北護理健康大學健康事業管理系; 國立臺北護理健康大學資訊管理系; 國立暨南國際大學觀光休閒與餐旅管理學系觀光休閒組
659,114,114004,國立臺北商業大學 國際商務系(一),68090093,—,正取,國立臺北商業大學,國立臺北商業大學國際商務系(臺北校區),原校系/本校留任,3,國立臺北商業大學國際商務系(臺北校區); 國立雲林科技大學工業工程與管理系; 國立臺中科技大學財務金融系
660,114,114004,國立臺北商業大學 國際商務系(一),58090336,顏*恩,正取,國立臺北科技大學,國立臺北科技大學經營管理系,其他學校錄取,6,國立臺北商業大學國際商務系(臺北校區); 國立臺灣科技大學企業管理系; 國立雲林科技大學會計系; 國立臺北科技大學經營管理系; 國立高雄科技大學國際企業系; 國立臺中科技大學會計資訊系
661,114,114004,國立臺北商業大學 國際商務系(一),61091633,張*育,正取,國立臺北商業大學,國立臺北商業大學國際商務系(臺北校區),原校系/本校留任,5,國立臺北商業大學國際商務系(臺北校區); 國立高雄科技大學國際企業系; 國立高雄科技大學企業管理系; 國立高雄科技大學航運管理系; 國立臺中科技大學企業管理系
662,114,114004,國立臺北商業大學 國際商務系(一),76090036,薛*臻,備取,國立臺北科技大學,國立臺北科技大學經營管理系,其他學校錄取,4,國立臺北商業大學國際商務系(臺北校區); 國立臺北科技大學經營管理系; 國立臺北科技大學資訊與財金管理系; 國立臺中科技大學財務金融系
663,114,114004,國立臺北商業大學 國際商務系(一),77090025,李*,正取,國立臺北科技大學,國立臺北科技大學經營管理系,其他學校錄取,6,國立臺北商業大學國際商務系(臺北校區); 國立臺灣科技大學企業管理系; 國立臺北科技大學經營管理系; 國立勤益科技大學企業管理系; 國立臺中科技大學國際貿易與經營系; 國立金門大學企業管理學系
664,114,114004,國立臺北商業大學 國際商務系(一),77090021,林*禎,備取,國立臺中科技大學,國立臺中科技大學國際貿易與經營系,其他學校錄取,3,國立臺北商業大學國際商務系(臺北校區); 國立臺中科技大學國際貿易與經營系; 國立金門大學觀光管理學系
665,114,114004,國立臺北商業大學 國際商務系(一),58090229,柯*妤,備取,國立臺北商業大學,國立臺北商業大學國際商務系(臺北校區),原校系/本校留任,3,國立臺北商業大學國際商務系(臺北校區); 國立雲林科技大學國際管理學士學位學程; 國立臺中科技大學財政稅務系
666,114,114004,國立臺北商業大學 國際商務系(一),57090589,陳*諠,備取,國立臺北商業大學,國立臺北商業大學國際商務系(臺北校區),原校系/本校留任,1,國立臺北商業大學國際商務系(臺北校區)
667,114,114004,國立臺北商業大學 國際商務系(一),64090209,吳*,備取,國立臺北商業大學,國立臺北商業大學國際商務系(臺北校區),原校系/本校留任,1,國立臺北商業大學國際商務系(臺北校區)
668,114,114004,國立臺北商業大學 國際商務系(一),68090230,張*,正取,國立高雄科技大學,國立高雄科技大學工業工程與管理系,其他學校錄取,4,國立臺北商業大學國際商務系(臺北校區); 國立高雄科技大學工業工程與管理系; 國立高雄科技大學行銷與流通管理系; 國立臺中科技大學財政稅務系
669,114,114004,國立臺北商業大學 國際商務系(一),68090426,趙*晴,正取,國立臺北商業大學,國立臺北商業大學國際商務系(臺北校區),原校系/本校留任,2,國立臺北商業大學國際商務系(臺北校區); 國立雲林科技大學工業工程與管理系
670,114,114004,國立臺北商業大學 國際商務系(一),57090190,高*婷,備取,國立臺北商業大學,國立臺北商業大學國際商務系(臺北校區),原校系/本校留任,6,國立臺北商業大學國際商務系(臺北校區); 國立雲林科技大學國際管理學士學位學程; 國立高雄科技大學國際企業系; 國立高雄科技大學企業管理系; 國立臺中科技大學國際貿易與經營系; 中原大學國際經營與貿易學系
671,114,114004,國立臺北商業大學 國際商務系(一),68090002,陳*,備取,國立臺北商業大學,國立臺北商業大學國際商務系(臺北校區),原校系/本校留任,2,國立臺北商業大學國際商務系(臺北校區); 國立雲林科技大學企業管理系
672,114,114004,國立臺北商業大學 國際商務系(一),53090142,*甄,正取,國立臺北商業大學,國立臺北商業大學國際商務系(臺北校區),原校系/本校留任,4,國立臺北商業大學國際商務系(臺北校區); 國立臺北護理健康大學資訊管理系; 國立臺中科技大學資訊管理系; 銘傳大學國際企業學系(台北校區)
673,114,114004,國立臺北商業大學 國際商務系(一),56090063,黄*,正取,國立臺北商業大學,國立臺北商業大學國際商務系(臺北校區),原校系/本校留任,6,國立臺北商業大學國際商務系(臺北校區); 國立高雄科技大學風險管理與保險系; 國立高雄科技大學航運管理系; 國立虎尾科技大學財務金融系; 國立臺北護理健康大學健康事業管理系; 國立臺中科技大學保險金融管理系
674,114,114004,國立臺北商業大學 國際商務系(一),55090310,黄*凱,正取,國立臺北商業大學,國立臺北商業大學國際商務系(臺北校區),原校系/本校留任,3,國立臺北商業大學國際商務系(臺北校區); 國立高雄科技大學金融系; 國立臺中科技大學財務金融系
675,114,114004,國立臺北商業大學 國際商務系(一),56090193,*毫,正取,國立臺中科技大學,國立臺中科技大學財務金融系,其他學校錄取,4,國立臺北商業大學國際商務系(臺北校區); 國立高雄科技大學會計資訊系; 國立高雄科技大學應用日語系; 國立臺中科技大學財務金融系
676,114,114004,國立臺北商業大學 國際商務系(一),61091521,歐*庭,備取,—,—,未分發/放棄,1,國立臺北商業大學國際商務系(臺北校區)
677,114,114004,國立臺北商業大學 國際商務系(一),57091003,邱*婷,正取,—,—,未分發/放棄,4,國立臺北商業大學國際商務系(臺北校區); 國立高雄科技大學運籌管理系; 國立高雄科技大學供應鏈管理系; 國立臺中科技大學流通管理系
678,114,114004,國立臺北商業大學 國際商務系(一),56090316,陳*瑜,正取,—,—,未分發/放棄,2,國立臺北商業大學國際商務系(臺北校區); 國立臺北護理健康大學健康事業管理系
679,114,114004,國立臺北商業大學 國際商務系(一),68090138,吳*穎,正取,國立雲林科技大學,國立雲林科技大學工業工程與管理系,其他學校錄取,4,國立臺北商業大學國際商務系(臺北校區); 國立雲林科技大學工業工程與管理系; 國立雲林科技大學企業管理系; 國立高雄科技大學工業工程與管理系
680,114,114004,國立臺北商業大學 國際商務系(一),67090200,吳*瑜,正取,國立雲林科技大學,國立雲林科技大學企業管理系,其他學校錄取,4,國立臺北商業大學國際商務系(臺北校區); 國立雲林科技大學企業管理系; 國立高雄科技大學金融系; 國立高雄科技大學財政稅務系
681,114,114004,國立臺北商業大學 國際商務系(一),65090078,許*珍,備取,—,—,未分發/放棄,3,國立臺北商業大學國際商務系(臺北校區); 國立臺中科技大學財務金融系; 國立臺中教育大學國際企業學系
682,114,114004,國立臺北商業大學 國際商務系(一),52090498,陳*,正取,中原大學,中原大學資訊管理學系,其他學校錄取,4,國立臺北商業大學國際商務系(臺北校區); 中原大學資訊管理學系; 逢甲大學國際經營與貿易學系; 逢甲大學經濟學系
683,114,114004,國立臺北商業大學 國際商務系(一),69090117,湯*,正取,國立臺中科技大學,國立臺中科技大學國際貿易與經營系,其他學校錄取,2,國立臺北商業大學國際商務系(臺北校區); 國立臺中科技大學國際貿易與經營系
684,114,114004,國立臺北商業大學 國際商務系(一),61090873,*祐,備取,國立高雄科技大學,國立高雄科技大學財政稅務系,其他學校錄取,2,國立臺北商業大學國際商務系(臺北校區); 國立高雄科技大學財政稅務系
685,114,114004,國立臺北商業大學 國際商務系(一),58090340,*顏,正取,國立雲林科技大學,國立雲林科技大學國際管理學士學位學程,其他學校錄取,4,國立臺北商業大學國際商務系(臺北校區); 國立雲林科技大學國際管理學士學位學程; 國立雲林科技大學應用外語系; 國立臺中科技大學財務金融系
686,114,114004,國立臺北商業大學 國際商務系(一),68090022,黄*,備取,國立雲林科技大學,國立雲林科技大學企業管理系,其他學校錄取,3,國立臺北商業大學國際商務系(臺北校區); 國立雲林科技大學企業管理系; 逢甲大學財稅學系
687,114,114004,國立臺北商業大學 國際商務系(一),52090581,—,備取,—,—,未分發/放棄,1,國立臺北商業大學國際商務系(臺北校區)
688,114,114004,國立臺北商業大學 國際商務系(一),64090295,李*吴,備取,—,—,未分發/放棄,3,國立臺北商業大學國際商務系(臺北校區); 國立高雄科技大學國際企業系; 國立臺中科技大學國際貿易與經營系
689,114,114004,國立臺北商業大學 國際商務系(一),70090067,葵*學,正取,國立雲林科技大學,國立雲林科技大學工業工程與管理系,其他學校錄取,3,國立臺北商業大學國際商務系(臺北校區); 國立雲林科技大學工業工程與管理系; 國立雲林科技大學企業管理系
690,114,114004,國立臺北商業大學 國際商務系(一),61090339.,*綸,備取,—,—,未分發/放棄,1,國立臺北商業大學國際商務系(臺北校區)
691,114,114004,國立臺北商業大學 國際商務系(一),57090194,徐*,備取,中原大學,中原大學國際經營與貿易學系,其他學校錄取,3,國立臺北商業大學國際商務系(臺北校區); 國立雲林科技大學國際管理學士學位學程; 中原大學國際經營與貿易學系
692,114,114004,國立臺北商業大學 國際商務系(一),65090126,謝*,備取,—,—,未分發/放棄,2,國立臺北商業大學國際商務系(臺北校區); 國立虎尾科技大學財務金融系
693,114,114004,國立臺北商業大學 國際商務系(一),59090014,陳*奕,備取,—,—,未分發/放棄,1,國立臺北商業大學國際商務系(臺北校區)
694,114,114004,國立臺北商業大學 國際商務系(一),68090709,徐*妤,備取,—,—,未分發/放棄,1,國立臺北商業大學國際商務系(臺北校區)
695,114,114004,國立臺北商業大學 國際商務系(一),59090405,陸*硯,備取,—,—,未分發/放棄,1,國立臺北商業大學國際商務系(臺北校區)
696,114,114004,國立臺北商業大學 國際商務系(一),52090231,陳*融,備取,國立臺北護理健康大學,國立臺北護理健康大學資訊管理系,其他學校錄取,5,國立臺北商業大學國際商務系(臺北校區); 國立臺北護理健康大學資訊管理系; 國立臺中科技大學財務金融系; 國立臺灣海洋大學航運管理學系; 中原大學資訊管理學系
697,114,114004,國立臺北商業大學 國際商務系(一),70090261,黄*哲,正取,國立臺中科技大學,國立臺中科技大學財政稅務系,其他學校錄取,3,國立臺北商業大學國際商務系(臺北校區); 國立高雄科技大學智慧商務系; 國立臺中科技大學財政稅務系
698,114,114004,國立臺北商業大學 國際商務系(一),61090849,*女,備取,國立雲林科技大學,國立雲林科技大學企業管理系,其他學校錄取,4,國立臺北商業大學國際商務系(臺北校區); 國立雲林科技大學企業管理系; 國立高雄科技大學金融系; 國立高雄科技大學財政稅務系
699,114,114004,國立臺北商業大學 國際商務系(一),57090677,A*,備取,中原大學,中原大學會計學系,其他學校錄取,3,國立臺北商業大學國際商務系(臺北校區); 中原大學國際經營與貿易學系; 中原大學會計學系
700,114,114004,國立臺北商業大學 國際商務系(一),59090316,陳*庭,備取,—,—,未分發/放棄,5,國立臺北商業大學國際商務系(臺北校區); 國立雲林科技大學應用外語系; 國立高雄科技大學財政稅務系; 國立臺北護理健康大學生死與健康心理諮商系; 中原大學會計學系
701,114,114004,國立臺北商業大學 國際商務系(一),58090317,陳*岑,備取,—,—,未分發/放棄,3,國立臺北商業大學國際商務系(臺北校區); 國立勤益科技大學工業工程與管理系; 國立臺中科技大學資訊管理系
702,114,114004,國立臺北商業大學 國際商務系(一),60090033,陳*,備取,—,—,未分發/放棄,2,國立臺北商業大學國際商務系(臺北校區); 國立雲林科技大學工業工程與管理系
703,114,114004,國立臺北商業大學 國際商務系(一),54090385,郭*如,備取,致理科技大學,致理科技大學財務金融系,其他學校錄取,4,國立臺北商業大學國際商務系(臺北校區); 龍華科技大學企業管理系; 明志科技大學經營管理系; 致理科技大學財務金融系
704,114,114004,國立臺北商業大學 國際商務系(一),75090004,周*姿,備取,國立臺北商業大學,國立臺北商業大學國際商務系(臺北校區),原校系/本校留任,3,國立臺北商業大學國際商務系(臺北校區); 朝陽科技大學企業管理系; 南臺科技大學國際企業系
705,114,114004,國立臺北商業大學 國際商務系(一),51090001,魏*震,備取,國立臺北科技大學,國立臺北科技大學工業工程與管理系,其他學校錄取,2,國立臺北商業大學國際商務系(臺北校區); 國立臺北科技大學工業工程與管理系
706,114,114004,國立臺北商業大學 國際商務系(一),51090243,黄*,備取,—,—,未分發/放棄,3,國立臺北商業大學國際商務系(臺北校區); 國立臺北科技大學經營管理系; 臺北醫學大學醫務管理學系
707,114,114004,國立臺北商業大學 國際商務系(一),55090037,謝*女,備取,—,—,未分發/放棄,4,國立臺北商業大學國際商務系(臺北校區); 國立雲林科技大學應用外語系; 國立雲林科技大學文化資產維護系; 國立臺北護理健康大學生死與健康心理諮商系
708,114,114004,國立臺北商業大學 國際商務系(一),58090180,黄*瑄,正取,國立雲林科技大學,國立雲林科技大學工業工程與管理系,其他學校錄取,5,國立臺北商業大學國際商務系(臺北校區); 國立雲林科技大學工業工程與管理系; 國立高雄科技大學工業工程與管理系; 國立高雄科技大學資訊管理系; 國立高雄科技大學運籌管理系
709,114,114004,國立臺北商業大學 國際商務系(一),58090185,余*彤,備取,—,—,未分發/放棄,3,國立臺北商業大學國際商務系(臺北校區); 國立高雄科技大學資訊管理系; 國立臺中科技大學財務金融系
710,114,114004,國立臺北商業大學 國際商務系(一),58090196,*𨦼,備取,—,—,未分發/放棄,2,國立臺北商業大學國際商務系(臺北校區); 國立高雄科技大學運籌管理系
711,114,114004,國立臺北商業大學 國際商務系(一),61090601,林*逸,正取,—,—,未分發/放棄,4,國立臺北商業大學國際商務系(臺北校區); 國立臺灣科技大學企業管理系; 國立雲林科技大學企業管理系; 國立臺北科技大學經營管理系
712,114,114004,國立臺北商業大學 國際商務系(一),61090829,橋*5,備取,—,—,未分發/放棄,4,國立臺北商業大學國際商務系(臺北校區); 國立雲林科技大學工業工程與管理系; 國立雲林科技大學國際管理學士學位學程; 逢甲大學經濟學系
713,114,114004,國立臺北商業大學 國際商務系(一),61091757,楊*臻,正取,—,—,未分發/放棄,4,國立臺北商業大學國際商務系(臺北校區); 國立雲林科技大學企業管理系; 國立高雄科技大學金融系; 國立高雄科技大學財務管理系
714,114,114004,國立臺北商業大學 國際商務系(一),68090121,*竣,正取,國立臺北科技大學,國立臺北科技大學經營管理系,其他學校錄取,4,國立臺北商業大學國際商務系(臺北校區); 國立臺灣科技大學企業管理系; 國立雲林科技大學國際管理學士學位學程; 國立臺北科技大學經營管理系
715,114,114004,國立臺北商業大學 國際商務系(一),68530071,林*淳,備取,國立高雄科技大學,國立高雄科技大學運籌管理系,其他學校錄取,4,國立臺北商業大學國際商務系(臺北校區); 國立高雄科技大學運籌管理系; 國立虎尾科技大學財務金融系; 國立臺中科技大學財務金融系
716,114,114004,國立臺北商業大學 國際商務系(一),70030061,袁*淯,備取,—,—,未分發/放棄,1,國立臺北商業大學國際商務系(臺北校區)
717,114,114005,國立臺北商業大學 國際商務系(二),55150039,許*橙,備取,國立臺北科技大學,國立臺北科技大學應用英文系,其他學校錄取,3,國立臺北商業大學國際商務系(臺北校區); 國立雲林科技大學企業管理系; 國立臺北科技大學應用英文系
718,114,114005,國立臺北商業大學 國際商務系(二),58150071,倪*婷,備取,—,—,未分發/放棄,5,國立臺北商業大學國際商務系(臺北校區); 國立臺灣科技大學應用外語系; 國立雲林科技大學企業管理系; 國立臺北科技大學應用英文系; 國立臺北護理健康大學語言治療與聽力學系
719,114,114005,國立臺北商業大學 國際商務系(二),58150075,朱*誼,備取,—,—,未分發/放棄,3,國立臺北商業大學國際商務系(臺北校區); 國立臺灣科技大學應用外語系; 國立臺北科技大學應用英文系
720,114,114005,國立臺北商業大學 國際商務系(二),58530001,唐*謙,備取,—,—,未分發/放棄,5,國立臺北商業大學國際商務系(臺北校區); 國立雲林科技大學企業管理系; 國立雲林科技大學國際管理學士學位學程; 國立臺北科技大學應用英文系; 中原大學國際經營與貿易學系
721,114,114005,國立臺北商業大學 國際商務系(二),61150220,謝*,備取,國立臺北科技大學,國立臺北科技大學應用英文系,其他學校錄取,4,國立臺北商業大學國際商務系(臺北校區); 國立雲林科技大學企業管理系; 國立雲林科技大學應用外語系; 國立臺北科技大學應用英文系
722,114,114005,國立臺北商業大學 國際商務系(二),61150221,陳*婕,備取,—,—,未分發/放棄,5,國立臺北商業大學國際商務系(臺北校區); 國立臺北科技大學應用英文系; 國立臺北科技大學文化事業發展系; 國立高雄科技大學行銷與流通管理系; 國立臺中科技大學應用英語系
723,115,105044,國立高雄科技大學 國際企業系(一),68090544,黄*婷,正取,國立高雄科技大學,國立高雄科技大學國際企業系,原校系/本校留任,4,國立高雄科技大學國際企業系; 國立高雄科技大學行銷與流通管理系; 國立高雄科技大學人力資源發展系; 國立臺中科技大學國際貿易與經營系
724,115,105044,國立高雄科技大學 國際企業系(一),70090873,姜*筑,正取,國立高雄科技大學,國立高雄科技大學國際企業系,原校系/本校留任,1,國立高雄科技大學國際企業系
725,115,105044,國立高雄科技大學 國際企業系(一),59090005,郭*如,正取,國立雲林科技大學,國立雲林科技大學企業管理系,其他學校錄取,4,國立高雄科技大學國際企業系; 國立雲林科技大學企業管理系; 國立高雄科技大學工業工程與管理系; 國立臺中科技大學資訊管理系
726,115,105044,國立高雄科技大學 國際企業系(一),57090505,黄*縈,正取,國立臺北商業大學,國立臺北商業大學企業管理系(臺北校區),其他學校錄取,5,國立高雄科技大學國際企業系; 國立高雄科技大學企業管理系; 國立臺北商業大學財政稅務系(臺北校區); 國立臺北商業大學企業管理系(臺北校區); 中原大學國際經營與貿易學系
727,115,105044,國立高雄科技大學 國際企業系(一),61090176,*羚,備取,銘傳大學,銘傳大學國際企業學系(台北校區),其他學校錄取,5,國立高雄科技大學國際企業系; 國立高雄科技大學企業管理系; 致理科技大學財務金融系; 銘傳大學國際企業學系(台北校區); 實踐大學財務金融學系(臺北校區)
728,115,105044,國立高雄科技大學 國際企業系(一),62090017,黄*蓉,正取,國立高雄科技大學,國立高雄科技大學國際企業系,原校系/本校留任,3,國立高雄科技大學國際企業系; 國立勤益科技大學資訊管理系; 國立臺中科技大學國際貿易與經營系
729,115,105044,國立高雄科技大學 國際企業系(一),61091463,李*芩,正取,國立臺中教育大學,國立臺中教育大學國際企業學系,其他學校錄取,3,國立高雄科技大學國際企業系; 國立高雄科技大學應用英語系; 國立臺中教育大學國際企業學系
730,115,105044,國立高雄科技大學 國際企業系(一),64090403,鄭*榛,正取,國立臺中科技大學,國立臺中科技大學國際貿易與經營系,其他學校錄取,3,國立高雄科技大學國際企業系; 國立高雄科技大學航運管理系; 國立臺中科技大學國際貿易與經營系
731,115,105044,國立高雄科技大學 國際企業系(一),61090130,張*茗,正取,國立高雄科技大學,國立高雄科技大學國際企業系,原校系/本校留任,4,國立高雄科技大學國際企業系; 國立高雄科技大學金融系; 國立高雄科技大學財政稅務系; 國立臺中科技大學國際貿易與經營系
732,115,105044,國立高雄科技大學 國際企業系(一),64090482,柯*,正取,國立高雄科技大學,國立高雄科技大學航運管理系,原校系/本校留任,4,國立高雄科技大學國際企業系; 國立高雄科技大學運籌管理系; 國立高雄科技大學航運管理系; 國立臺中科技大學國際貿易與經營系
733,115,105044,國立高雄科技大學 國際企業系(一),59090012,黄*渝,正取,國立高雄科技大學,國立高雄科技大學國際企業系,原校系/本校留任,3,國立高雄科技大學國際企業系; 國立高雄科技大學人力資源發展系; 國立臺中科技大學國際貿易與經營系
734,115,105044,國立高雄科技大學 國際企業系(一),64090411,張*雅,正取,逢甲大學,逢甲大學國際經營與貿易學系,其他學校錄取,3,國立高雄科技大學國際企業系; 國立臺中科技大學國際貿易與經營系; 逢甲大學國際經營與貿易學系
735,115,105044,國立高雄科技大學 國際企業系(一),57530061,黄*羽,備取,國立高雄科技大學,國立高雄科技大學國際企業系,原校系/本校留任,3,國立高雄科技大學國際企業系; 國立臺中科技大學國際貿易與經營系; 銘傳大學國際企業學系(台北校區)
736,115,105044,國立高雄科技大學 國際企業系(一),67090107,許*邦,正取,國立虎尾科技大學,國立虎尾科技大學財務金融系,其他學校錄取,3,國立高雄科技大學國際企業系; 國立高雄科技大學航運管理系; 國立虎尾科技大學財務金融系
737,115,105044,國立高雄科技大學 國際企業系(一),61090652,—,正取,—,—,未分發/放棄,4,國立高雄科技大學國際企業系; 國立雲林科技大學應用外語系; 國立高雄科技大學應用英語系; 國立臺中科技大學國際貿易與經營系
738,115,105044,國立高雄科技大學 國際企業系(一),68090386,徐*禎,正取,國立高雄科技大學,國立高雄科技大學國際企業系,原校系/本校留任,4,國立高雄科技大學國際企業系; 國立高雄科技大學人力資源發展系; 國立虎尾科技大學應用外語系; 國立屏東大學國際經營與貿易學系
739,115,105044,國立高雄科技大學 國際企業系(一),61090638,林*廷,備取,逢甲大學,逢甲大學會計學系,其他學校錄取,4,國立高雄科技大學國際企業系; 國立高雄科技大學會計資訊系; 中原大學會計學系; 逢甲大學會計學系
740,115,105044,國立高雄科技大學 國際企業系(一),58540006,趙*芦,備取,—,—,未分發/放棄,3,國立高雄科技大學國際企業系; 國立雲林科技大學國際管理學士學位學程; 國立臺北商業大學國際商務系(臺北校區)
741,115,105044,國立高雄科技大學 國際企業系(一),57530025,*佑,備取,國立臺北商業大學,國立臺北商業大學國際商務系(臺北校區),其他學校錄取,4,國立高雄科技大學國際企業系; 國立高雄科技大學應用英語系; 國立虎尾科技大學應用外語系; 國立臺北商業大學國際商務系(臺北校區)
742,115,105044,國立高雄科技大學 國際企業系(一),76090049,鄭*君,正取,國立高雄科技大學,國立高雄科技大學工業工程與管理系,原校系/本校留任,6,國立高雄科技大學國際企業系; 國立雲林科技大學企業管理系; 國立屏東科技大學企業管理系; 國立臺北科技大學經營管理系; 國立高雄科技大學工業工程與管理系; 國立高雄科技大學企業管理系
743,115,105044,國立高雄科技大學 國際企業系(一),76090019,許*,正取,國立高雄科技大學,國立高雄科技大學國際企業系,原校系/本校留任,6,國立高雄科技大學國際企業系; 國立高雄科技大學企業管理系; 國立高雄科技大學財務管理系; 國立虎尾科技大學資訊管理系; 國立勤益科技大學資訊管理系; 國立臺中科技大學多媒體設計系
744,115,105044,國立高雄科技大學 國際企業系(一),76090056,朱*羽,正取,國立高雄科技大學,國立高雄科技大學國際企業系,原校系/本校留任,6,國立高雄科技大學國際企業系; 國立高雄科技大學企業管理系; 國立高雄科技大學智慧商務系; 正修科技大學企業管理系; 正修科技大學金融管理系; 正修科技大學餐飲管理系
745,115,105044,國立高雄科技大學 國際企業系(一),67090260,蕭*諺,正取,國立高雄科技大學,國立高雄科技大學航運管理系,原校系/本校留任,4,國立高雄科技大學國際企業系; 國立高雄科技大學航運管理系; 國立虎尾科技大學財務金融系; 國立臺中科技大學國際貿易與經營系
746,115,105044,國立高雄科技大學 國際企業系(一),57090685,—,備取,中原大學,中原大學國際經營與貿易學系,其他學校錄取,5,國立高雄科技大學國際企業系; 國立高雄科技大學金融系; 國立臺中科技大學國際貿易與經營系; 中原大學國際經營與貿易學系; 中原大學會計學系
747,115,105044,國立高雄科技大學 國際企業系(一),65090226,曹*洳,正取,國立高雄科技大學,國立高雄科技大學運籌管理系,原校系/本校留任,4,國立高雄科技大學國際企業系; 國立高雄科技大學運籌管理系; 國立高雄科技大學航運管理系; 國立臺中科技大學國際貿易與經營系
748,115,105044,國立高雄科技大學 國際企業系(一),59090022,*柔,正取,國立高雄科技大學,國立高雄科技大學航運技術系,原校系/本校留任,3,國立高雄科技大學國際企業系; 國立高雄科技大學航運管理系; 國立高雄科技大學航運技術系
749,115,105044,國立高雄科技大學 國際企業系(一),57530009,*欣,正取,國立高雄科技大學,國立高雄科技大學國際企業系,原校系/本校留任,4,國立高雄科技大學國際企業系; 國立高雄科技大學應用德語系; 國立虎尾科技大學企業管理系; 國立虎尾科技大學應用外語系
750,115,105044,國立高雄科技大學 國際企業系(一),64090499,黄*,正取,國立高雄科技大學,國立高雄科技大學航運管理系,原校系/本校留任,2,國立高雄科技大學國際企業系; 國立高雄科技大學航運管理系
751,115,105044,國立高雄科技大學 國際企業系(一),59530016,蘇*柔,備取,國立高雄科技大學,國立高雄科技大學國際企業系,原校系/本校留任,4,國立高雄科技大學國際企業系; 致理科技大學國際貿易系; 銘傳大學國際企業學系(台北校區); 實踐大學國際經營與貿易學系(臺北校區)
752,115,105044,國立高雄科技大學 國際企業系(一),64090409,單*喧,正取,國立高雄科技大學,國立高雄科技大學航運管理系,原校系/本校留任,3,國立高雄科技大學國際企業系; 國立高雄科技大學航運管理系; 國立臺中科技大學國際貿易與經營系
753,115,105044,國立高雄科技大學 國際企業系(一),68090524,郭*宏,正取,國立高雄科技大學,國立高雄科技大學商務資訊應用系,原校系/本校留任,6,國立高雄科技大學國際企業系; 國立高雄科技大學航運管理系; 國立高雄科技大學商務資訊應用系; 國立虎尾科技大學企業管理系; 國立勤益科技大學行銷與流通管理系; 國立臺中科技大學國際貿易與經營系
754,115,105044,國立高雄科技大學 國際企業系(一),61090354,林*宇,備取,國立高雄科技大學,國立高雄科技大學應用英語系,原校系/本校留任,3,國立高雄科技大學國際企業系; 國立高雄科技大學應用英語系; 國立高雄科技大學應用日語系
755,115,105044,國立高雄科技大學 國際企業系(一),68090438,林*鴻,備取,國立高雄科技大學,國立高雄科技大學航運管理系,原校系/本校留任,4,國立高雄科技大學國際企業系; 國立高雄科技大學行銷與流通管理系; 國立高雄科技大學航運管理系; 國立虎尾科技大學資訊管理系
756,115,105044,國立高雄科技大學 國際企業系(一),61091190,李*鉲,正取,國立臺中科技大學,國立臺中科技大學國際貿易與經營系,其他學校錄取,2,國立高雄科技大學國際企業系; 國立臺中科技大學國際貿易與經營系
757,115,105044,國立高雄科技大學 國際企業系(一),59090013,方*,正取,國立高雄科技大學,國立高雄科技大學國際企業系,原校系/本校留任,5,國立高雄科技大學國際企業系; 國立高雄科技大學智慧商務系; 國立高雄科技大學商務資訊應用系; 國立勤益科技大學工業工程與管理系; 國立臺中科技大學資訊管理系
758,115,105044,國立高雄科技大學 國際企業系(一),58090233,沈*,正取,國立高雄科技大學,國立高雄科技大學國際企業系,原校系/本校留任,3,國立高雄科技大學國際企業系; 國立高雄科技大學企業管理系; 國立臺中科技大學應用英語系
759,115,105044,國立高雄科技大學 國際企業系(一),58090275,郭*,正取,國立勤益科技大學,國立勤益科技大學行銷與流通管理系,其他學校錄取,5,國立高雄科技大學國際企業系; 國立高雄科技大學風險管理與保險系; 國立高雄科技大學供應鏈管理系; 國立勤益科技大學行銷與流通管理系; 致理科技大學國際貿易系
760,115,105044,國立高雄科技大學 國際企業系(一),64090160,吳*,備取,國立高雄科技大學,國立高雄科技大學國際企業系,原校系/本校留任,3,國立高雄科技大學國際企業系; 國立高雄科技大學航運管理系; 國立臺中科技大學國際貿易與經營系
761,115,105044,國立高雄科技大學 國際企業系(一),74090089,葵*凌,正取,國立高雄科技大學,國立高雄科技大學應用日語系,原校系/本校留任,6,國立高雄科技大學國際企業系; 國立高雄科技大學應用日語系; 國立臺中科技大學應用日語系; 南臺科技大學國際企業系; 南臺科技大學應用日語系; 國立屏東大學應用日語學系
762,115,105044,國立高雄科技大學 國際企業系(一),76090024,*媗,備取,國立雲林科技大學,國立雲林科技大學企業管理系,其他學校錄取,6,國立高雄科技大學國際企業系; 國立雲林科技大學企業管理系; 國立屏東科技大學企業管理系; 國立高雄科技大學企業管理系; 國立臺中科技大學財務金融系; 國立臺北商業大學企業管理系(臺北校區)
763,115,105044,國立高雄科技大學 國際企業系(一),76090028,林*翔,備取,國立高雄科技大學,國立高雄科技大學國際企業系,原校系/本校留任,4,國立高雄科技大學國際企業系; 國立高雄科技大學資訊管理系; 國立高雄科技大學智慧商務系; 國立臺中科技大學多媒體設計系
764,115,105044,國立高雄科技大學 國際企業系(一),57090478,許*瑜,備取,國立臺北商業大學,國立臺北商業大學國際商務系(臺北校區),其他學校錄取,5,國立高雄科技大學國際企業系; 國立雲林科技大學企業管理系; 國立臺中科技大學國際貿易與經營系; 國立臺北商業大學國際商務系(臺北校區); 中原大學國際經營與貿易學系
765,115,105044,國立高雄科技大學 國際企業系(一),58090061,余*,正取,國立高雄科技大學,國立高雄科技大學應用英語系,原校系/本校留任,3,國立高雄科技大學國際企業系; 國立高雄科技大學航運管理系; 國立高雄科技大學應用英語系
766,115,105044,國立高雄科技大學 國際企業系(一),58090205,吳*怩,備取,—,—,未分發/放棄,1,國立高雄科技大學國際企業系
767,115,105044,國立高雄科技大學 國際企業系(一),59090101,許*,備取,—,—,未分發/放棄,3,國立高雄科技大學國際企業系; 國立高雄科技大學商務資訊應用系; 國立臺中科技大學國際貿易與經營系
768,115,105044,國立高雄科技大學 國際企業系(一),59090239,范*羽,備取,國立虎尾科技大學,國立虎尾科技大學應用外語系,其他學校錄取,5,國立高雄科技大學國際企業系; 國立高雄科技大學人力資源發展系; 國立高雄科技大學智慧商務系; 國立虎尾科技大學應用外語系; 國立勤益科技大學行銷與流通管理系
769,115,105044,國立高雄科技大學 國際企業系(一),61090194,游*惠,備取,—,—,未分發/放棄,4,國立高雄科技大學國際企業系; 國立高雄科技大學企業管理系; 國立高雄科技大學人力資源發展系; 國立臺中科技大學休閒事業經營系
770,115,105044,國立高雄科技大學 國際企業系(一),61090282,*婷,備取,—,—,未分發/放棄,3,國立高雄科技大學國際企業系; 國立高雄科技大學財政稅務系; 國立虎尾科技大學財務金融系
771,115,105044,國立高雄科技大學 國際企業系(一),61090429,蘇*威,備取,—,—,未分發/放棄,3,國立高雄科技大學國際企業系; 國立高雄科技大學航運管理系; 國立臺中科技大學財政稅務系
772,115,105044,國立高雄科技大學 國際企業系(一),61090687,陳*,備取,—,—,未分發/放棄,4,國立高雄科技大學國際企業系; 國立雲林科技大學工業工程與管理系; 國立高雄科技大學航運管理系; 國立臺中科技大學企業管理系
773,115,105044,國立高雄科技大學 國際企業系(一),61091073,李*盈,備取,—,—,未分發/放棄,3,國立高雄科技大學國際企業系; 國立高雄科技大學航運管理系; 國立臺北商業大學商業設計管理系(桃園校區)
774,115,105044,國立高雄科技大學 國際企業系(一),61091093,楊*蓉,備取,—,—,未分發/放棄,5,國立高雄科技大學國際企業系; 國立雲林科技大學工業工程與管理系; 國立高雄科技大學運籌管理系; 國立高雄科技大學航運管理系; 國立臺中科技大學企業管理系
775,115,105044,國立高雄科技大學 國際企業系(一),61091154,翁*雅,備取,—,—,未分發/放棄,4,國立高雄科技大學國際企業系; 國立雲林科技大學企業管理系; 國立高雄科技大學企業管理系; 國立高雄科技大學行銷與流通管理系
776,115,105044,國立高雄科技大學 國際企業系(一),64090037,林*恩,備取,—,—,未分發/放棄,6,國立高雄科技大學國際企業系; 國立雲林科技大學國際管理學士學位學程; 國立高雄科技大學金融系; 國立高雄科技大學航運管理系; 國立臺中科技大學國際貿易與經營系; 文藻外語大學國際企業管理系
777,115,105044,國立高雄科技大學 國際企業系(一),64090399,徐*洧,備取,—,—,未分發/放棄,5,國立高雄科技大學國際企業系; 國立雲林科技大學工業工程與管理系; 國立高雄科技大學工業工程與管理系; 國立高雄科技大學資訊管理系; 國立臺北商業大學國際商務系(臺北校區)
778,115,105044,國立高雄科技大學 國際企業系(一),65090131,賴*愷,正取,國立臺中科技大學,國立臺中科技大學國際貿易與經營系,其他學校錄取,3,國立高雄科技大學國際企業系; 國立臺中科技大學國際貿易與經營系; 國立臺中教育大學國際企業學系
779,115,105044,國立高雄科技大學 國際企業系(一),66090170,張*,備取,—,—,未分發/放棄,2,國立高雄科技大學國際企業系; 國立高雄科技大學應用英語系
780,115,105044,國立高雄科技大學 國際企業系(一),67090254,徐*,正取,國立雲林科技大學,國立雲林科技大學企業管理系,其他學校錄取,5,國立高雄科技大學國際企業系; 國立雲林科技大學企業管理系; 國立高雄科技大學行銷與流通管理系; 國立高雄科技大學金融系; 國立虎尾科技大學財務金融系
781,115,105044,國立高雄科技大學 國際企業系(一),68090029,顏*洋,備取,國立高雄科技大學,國立高雄科技大學金融系,原校系/本校留任,2,國立高雄科技大學國際企業系; 國立高雄科技大學金融系
782,115,105044,國立高雄科技大學 國際企業系(一),68090197,黄*倫,備取,—,—,未分發/放棄,3,國立高雄科技大學國際企業系; 國立高雄科技大學企業管理系; 國立臺中科技大學國際貿易與經營系
783,115,105044,國立高雄科技大學 國際企業系(一),68090460,魏*羽,備取,—,—,未分發/放棄,4,國立高雄科技大學國際企業系; 國立高雄科技大學航運管理系; 國立高雄科技大學應用英語系; 逢甲大學國際經營與貿易學系
784,115,105044,國立高雄科技大學 國際企業系(一),70090658,*恩,備取,國立雲林科技大學,國立雲林科技大學國際管理學士學位學程,其他學校錄取,5,國立高雄科技大學國際企業系; 國立雲林科技大學國際管理學士學位學程; 國立臺北科技大學經營管理系; 國立臺中科技大學國際貿易與經營系; 國立臺北商業大學國際商務系(臺北校區)
785,115,105044,國立高雄科技大學 國際企業系(一),70090677,李*瑄,正取,國立雲林科技大學,國立雲林科技大學工業工程與管理系,其他學校錄取,5,國立高雄科技大學國際企業系; 國立雲林科技大學工業工程與管理系; 國立雲林科技大學企業管理系; 國立高雄科技大學工業工程與管理系; 國立高雄科技大學金融系
786,115,105044,國立高雄科技大學 國際企業系(一),71090317,鄭*揚,備取,國立雲林科技大學,國立雲林科技大學國際管理學士學位學程,其他學校錄取,3,國立高雄科技大學國際企業系; 國立雲林科技大學工業工程與管理系; 國立雲林科技大學國際管理學士學位學程
787,115,105044,國立高雄科技大學 國際企業系(一),74530031,蘇*毓,正取,文藻外語大學,文藻外語大學國際企業管理系,其他學校錄取,3,國立高雄科技大學國際企業系; 國立臺中科技大學國際貿易與經營系; 文藻外語大學國際企業管理系
788,115,105044,國立高雄科技大學 國際企業系(一),76090015,陳*彤,備取,—,—,未分發/放棄,2,國立高雄科技大學國際企業系; 國立高雄科技大學企業管理系
789,115,105044,國立高雄科技大學 國際企業系(一),76090039,楊*蓉,備取,—,—,未分發/放棄,4,國立高雄科技大學國際企業系; 國立屏東科技大學企業管理系; 國立高雄科技大學企業管理系; 國立高雄科技大學財務管理系
790,115,105044,國立高雄科技大學 國際企業系(一),76090040,—,備取,—,—,未分發/放棄,6,國立高雄科技大學國際企業系; 國立屏東科技大學企業管理系; 國立屏東科技大學社會工作系; 國立臺北科技大學經營管理系; 國立高雄科技大學企業管理系; 國立高雄科技大學財務管理系
791,115,105044,國立高雄科技大學 國際企業系(一),76090043,*侑,備取,—,—,未分發/放棄,6,國立高雄科技大學國際企業系; 國立屏東科技大學企業管理系; 國立屏東科技大學社會工作系; 國立屏東科技大學休閒運動健康系; 國立高雄科技大學企業管理系; 國立高雄科技大學智慧商務系
792,115,105044,國立高雄科技大學 國際企業系(一),76090053,夏*歆,正取,國立高雄科技大學,國立高雄科技大學智慧商務系,原校系/本校留任,5,國立高雄科技大學國際企業系; 國立高雄科技大學資訊管理系; 國立高雄科技大學智慧商務系; 正修科技大學觀光遊憩系; 正修科技大學數位多媒體設計系
793,115,105044,國立高雄科技大學 國際企業系(一),76090054,宋*,正取,國立澎湖科技大學,國立澎湖科技大學應用外語系,其他學校錄取,6,國立高雄科技大學國際企業系; 國立屏東科技大學企業管理系; 國立高雄科技大學工業工程與管理系; 國立高雄科技大學財務管理系; 國立澎湖科技大學行銷與物流管理系; 國立澎湖科技大學應用外語系
794,115,105045,國立高雄科技大學 國際企業系(二),57150046,*永,正取,國立臺北護理健康大學,國立臺北護理健康大學語言治療與聽力學系,其他學校錄取,4,國立高雄科技大學國際企業系; 國立雲林科技大學應用外語系; 國立臺北護理健康大學語言治療與聽力學系; 國立高雄餐旅大學航空暨運輸服務管理系
795,115,105045,國立高雄科技大學 國際企業系(二),61150052,陳*柔,正取,國立高雄科技大學,國立高雄科技大學國際企業系,原校系/本校留任,6,國立高雄科技大學國際企業系; 國立高雄科技大學應用英語系; 國立虎尾科技大學應用外語系; 國立勤益科技大學應用英語系; 國立臺中科技大學應用英語系; 逢甲大學外國語文學系
796,115,105045,國立高雄科技大學 國際企業系(二),68150032,—,正取,國立高雄科技大學,國立高雄科技大學國際企業系,原校系/本校留任,4,國立高雄科技大學國際企業系; 國立雲林科技大學應用外語系; 國立臺北科技大學應用英文系; 國立高雄科技大學應用英語系
797,115,105045,國立高雄科技大學 國際企業系(二),65150017,孫*,正取,國立高雄科技大學,國立高雄科技大學國際企業系,原校系/本校留任,2,國立高雄科技大學國際企業系; 國立高雄科技大學應用英語系
798,115,105045,國立高雄科技大學 國際企業系(二),65150010,鄧*翔,正取,國立高雄科技大學,國立高雄科技大學應用英語系,原校系/本校留任,3,國立高雄科技大學國際企業系; 國立高雄科技大學應用英語系; 國立虎尾科技大學應用外語系
799,115,105045,國立高雄科技大學 國際企業系(二),68150009,陳*婕,正取,南臺科技大學,南臺科技大學國際企業系,其他學校錄取,4,國立高雄科技大學國際企業系; 國立高雄科技大學運籌管理系; 南臺科技大學行銷與流通管理系; 南臺科技大學國際企業系
800,115,105045,國立高雄科技大學 國際企業系(二),51150034,林*佑,正取,國立臺灣科技大學,國立臺灣科技大學應用外語系,其他學校錄取,4,國立高雄科技大學國際企業系; 國立臺灣科技大學應用外語系; 國立雲林科技大學應用外語系; 國立臺北科技大學應用英文系
801,115,105045,國立高雄科技大學 國際企業系(二),51150042,林*,正取,國立高雄科技大學,國立高雄科技大學航運管理系,原校系/本校留任,4,國立高雄科技大學國際企業系; 國立高雄科技大學航運管理系; 國立臺北護理健康大學生死與健康心理諮商系; 國立高雄餐旅大學航空暨運輸服務管理系
802,115,105045,國立高雄科技大學 國際企業系(二),55150066,魏*諺,備取,—,—,未分發/放棄,5,國立高雄科技大學國際企業系; 國立雲林科技大學企業管理系; 國立雲林科技大學國際管理學士學位學程; 國立臺北科技大學應用英文系; 國立臺北商業大學應用外語系(臺北校區)
803,115,105045,國立高雄科技大學 國際企業系(二),56530013,高*和,備取,—,—,未分發/放棄,3,國立高雄科技大學國際企業系; 國立高雄科技大學運籌管理系; 國立高雄科技大學行銷與流通管理系
804,115,105045,國立高雄科技大學 國際企業系(二),58150002,郭*妮,備取,—,—,未分發/放棄,3,國立高雄科技大學國際企業系; 國立雲林科技大學國際管理學士學位學程; 國立臺北科技大學文化事業發展系
805,115,105045,國立高雄科技大學 國際企業系(二),58150070,吳*婕,正取,國立臺北科技大學,國立臺北科技大學應用英文系,其他學校錄取,4,國立高雄科技大學國際企業系; 國立雲林科技大學應用外語系; 國立臺北科技大學應用英文系; 國立臺中科技大學國際貿易與經營系
806,115,105045,國立高雄科技大學 國際企業系(二),58150137,*庭,備取,—,—,未分發/放棄,1,國立高雄科技大學國際企業系
807,115,105045,國立高雄科技大學 國際企業系(二),58150148,陳*,正取,國立臺北科技大學,國立臺北科技大學應用英文系,其他學校錄取,6,國立高雄科技大學國際企業系; 國立臺灣科技大學應用外語系; 國立臺北科技大學應用英文系; 國立高雄科技大學應用英語系; 國立臺北商業大學國際商務系(臺北校區); 國立臺北商業大學應用外語系(臺北校區)
808,115,105045,國立高雄科技大學 國際企業系(二),58150158,余*,備取,—,—,未分發/放棄,2,國立高雄科技大學國際企業系; 國立高雄科技大學應用英語系
809,115,105045,國立高雄科技大學 國際企業系(二),61150111,張*毅,備取,—,—,未分發/放棄,4,國立高雄科技大學國際企業系; 國立高雄科技大學供應鏈管理系; 國立臺北護理健康大學健康事業管理系; 國立臺北護理健康大學生死與健康心理諮商系
810,115,105045,國立高雄科技大學 國際企業系(二),65150029,游*永,正取,國立高雄科技大學,國立高雄科技大學航運管理系,原校系/本校留任,3,國立高雄科技大學國際企業系; 國立高雄科技大學航運管理系; 國立高雄科技大學應用英語系
811,115,105045,國立高雄科技大學 國際企業系(二),68150076,張*曦,備取,—,—,未分發/放棄,4,國立高雄科技大學國際企業系; 國立臺灣科技大學應用外語系; 國立雲林科技大學國際管理學士學位學程; 國立高雄科技大學運籌管理系
812,115,105046,國立高雄科技大學 國際企業系(三),58160008,邱*,備取,東吳大學,東吳大學日本語文學系,其他學校錄取,5,國立高雄科技大學國際企業系; 國立高雄科技大學應用日語系; 國立臺中科技大學應用日語系; 東吳大學日本語文學系; 靜宜大學日本語文學系
813,115,105046,國立高雄科技大學 國際企業系(三),58540010,—,備取,國立臺中科技大學,國立臺中科技大學應用日語系,其他學校錄取,5,國立高雄科技大學國際企業系; 國立雲林科技大學企業管理系; 國立高雄科技大學行銷與流通管理系; 國立臺中科技大學應用日語系; 東吳大學日本語文學系
814,115,105046,國立高雄科技大學 國際企業系(三),57160044,邱*儀,備取,國立高雄科技大學,國立高雄科技大學國際企業系,原校系/本校留任,2,國立高雄科技大學國際企業系; 國立臺中科技大學應用日語系
815,115,105046,國立高雄科技大學 國際企業系(三),51550001,F*柔,正取,—,—,未分發/放棄,2,國立高雄科技大學國際企業系; 國立雲林科技大學企業管理系
816,115,105046,國立高雄科技大學 國際企業系(三),52169901,袁*智,備取,—,—,未分發/放棄,5,國立高雄科技大學國際企業系; 國立高雄科技大學應用日語系; 國立高雄餐旅大學應用日語系; 東海大學日本語言文化學系; 東吳大學日本語文學系
817,115,105046,國立高雄科技大學 國際企業系(三),58160011,陳*赫,正取,臺北城市科技大學,臺北城市科技大學應用外語系,其他學校錄取,6,國立高雄科技大學國際企業系; 國立高雄科技大學行銷與流通管理系; 國立高雄科技大學應用日語系; 國立高雄餐旅大學應用日語系; 國立臺中科技大學應用日語系; 臺北城市科技大學應用外語系
818,115,105046,國立高雄科技大學 國際企業系(三),58160056,蕭*岑,正取,國立雲林科技大學,國立雲林科技大學企業管理系,其他學校錄取,6,國立高雄科技大學國際企業系; 國立雲林科技大學企業管理系; 國立高雄科技大學行銷與流通管理系; 國立高雄科技大學應用日語系; 國立臺中科技大學應用日語系; 東吳大學日本語文學系
819,115,105046,國立高雄科技大學 國際企業系(三),58540002,簡*鉲,正取,東吳大學,東吳大學日本語文學系,其他學校錄取,6,國立高雄科技大學國際企業系; 國立雲林科技大學企業管理系; 國立高雄科技大學行銷與流通管理系; 國立高雄科技大學應用日語系; 國立臺中科技大學應用日語系; 東吳大學日本語文學系
820,115,105046,國立高雄科技大學 國際企業系(三),58540014,林*,備取,—,—,未分發/放棄,5,國立高雄科技大學國際企業系; 國立高雄科技大學行銷與流通管理系; 國立高雄科技大學觀光管理系; 國立高雄餐旅大學應用日語系; 國立臺中科技大學財政稅務系
821,115,105046,國立高雄科技大學 國際企業系(三),61160039,李*,正取,國立高雄科技大學,國立高雄科技大學應用日語系,原校系/本校留任,3,國立高雄科技大學國際企業系; 國立雲林科技大學企業管理系; 國立高雄科技大學應用日語系
822,115,105046,國立高雄科技大學 國際企業系(三),61540055,*誠,正取,國立高雄科技大學,國立高雄科技大學應用日語系,原校系/本校留任,5,國立高雄科技大學國際企業系; 國立高雄科技大學應用日語系; 國立高雄餐旅大學應用日語系; 南臺科技大學應用日語系; 文藻外語大學日本語文系
823,115,105046,國立高雄科技大學 國際企業系(三),73540030,吳*,正取,國立高雄科技大學,國立高雄科技大學應用日語系,原校系/本校留任,2,國立高雄科技大學國際企業系; 國立高雄科技大學應用日語系
824,115,105075,國立高雄科技大學 航運管理系(一),68090514,楊*柔,正取,國立高雄科技大學,國立高雄科技大學航運管理系,原校系/本校留任,5,國立高雄科技大學航運管理系; 國立高雄科技大學運籌管理系; 國立高雄科技大學商務資訊應用系; 國立勤益科技大學資訊管理系; 國立臺中科技大學國際貿易與經營系
825,115,105075,國立高雄科技大學 航運管理系(一),61530015,張*瑄,備取,國立高雄科技大學,國立高雄科技大學航運管理系,原校系/本校留任,3,國立高雄科技大學航運管理系; 國立高雄科技大學運籌管理系; 國立高雄科技大學金融系
826,115,105075,國立高雄科技大學 航運管理系(一),70090309,薛*潔,備取,國立臺灣海洋大學,國立臺灣海洋大學航運管理學系,其他學校錄取,5,國立高雄科技大學航運管理系; 國立高雄科技大學運籌管理系; 國立臺北商業大學國際商務系(臺北校區); 國立臺灣海洋大學航運管理學系; 臺北醫學大學醫務管理學系
827,115,105075,國立高雄科技大學 航運管理系(一),61091101,張*恩,正取,國立高雄科技大學,國立高雄科技大學航運管理系,原校系/本校留任,2,國立高雄科技大學航運管理系; 國立高雄科技大學金融系
828,115,105075,國立高雄科技大學 航運管理系(一),68090289,許*茹,正取,國立高雄科技大學,國立高雄科技大學航運管理系,原校系/本校留任,4,國立高雄科技大學航運管理系; 國立高雄科技大學運籌管理系; 國立虎尾科技大學企業管理系; 國立臺中科技大學財政稅務系
829,115,105075,國立高雄科技大學 航運管理系(一),55090370,藍*齊,備取,—,—,未分發/放棄,4,國立高雄科技大學航運管理系; 國立臺中科技大學資訊管理系; 中原大學資訊管理學系; 實踐大學資訊科技與管理學系(臺北校區)
830,115,105075,國立高雄科技大學 航運管理系(一),69090107,沈*潔,正取,國立高雄科技大學,國立高雄科技大學航運管理系,原校系/本校留任,3,國立高雄科技大學航運管理系; 國立高雄科技大學工業工程與管理系; 國立高雄餐旅大學航空暨運輸服務管理系
831,115,105075,國立高雄科技大學 航運管理系(一),57090257,*瑜,正取,國立高雄科技大學,國立高雄科技大學航運管理系,原校系/本校留任,3,國立高雄科技大學航運管理系; 逢甲大學會計學系; 逢甲大學國際經營與貿易學系
832,115,105075,國立高雄科技大學 航運管理系(一),68090547,黄*瑄,正取,國立高雄科技大學,國立高雄科技大學航運管理系,原校系/本校留任,3,國立高雄科技大學航運管理系; 國立雲林科技大學資訊管理系; 國立高雄科技大學人力資源發展系
833,115,105075,國立高雄科技大學 航運管理系(一),64090403,鄭*榛,正取,國立臺中科技大學,國立臺中科技大學國際貿易與經營系,其他學校錄取,3,國立高雄科技大學航運管理系; 國立高雄科技大學國際企業系; 國立臺中科技大學國際貿易與經營系
834,115,105075,國立高雄科技大學 航運管理系(一),61090774,*稚,正取,國立高雄科技大學,國立高雄科技大學航運管理系,原校系/本校留任,4,國立高雄科技大學航運管理系; 國立雲林科技大學文化資產維護系; 國立高雄科技大學海洋休閒管理系; 國立臺北商業大學商業設計管理系(桃園校區)
835,115,105075,國立高雄科技大學 航運管理系(一),68530058,陳*臻,正取,國立雲林科技大學,國立雲林科技大學工業工程與管理系,其他學校錄取,5,國立高雄科技大學航運管理系; 國立雲林科技大學工業工程與管理系; 國立雲林科技大學企業管理系; 國立高雄科技大學企業管理系; 國立高雄科技大學運籌管理系
836,115,105075,國立高雄科技大學 航運管理系(一),70090639,黄*筠,備取,國立高雄科技大學,國立高雄科技大學航運管理系,原校系/本校留任,6,國立高雄科技大學航運管理系; 國立雲林科技大學國際管理學士學位學程; 國立高雄科技大學金融系; 國立高雄科技大學航運技術系; 國立臺灣海洋大學航運管理學系; 國立臺灣海洋大學海洋經營管理學士學位學程
837,115,105075,國立高雄科技大學 航運管理系(一),61090750,黄*潔,正取,國立高雄科技大學,國立高雄科技大學航運管理系,原校系/本校留任,2,國立高雄科技大學航運管理系; 國立臺北護理健康大學生死與健康心理諮商系
838,115,105075,國立高雄科技大學 航運管理系(一),64090431,賴*,正取,國立高雄科技大學,國立高雄科技大學航運管理系,原校系/本校留任,1,國立高雄科技大學航運管理系
839,115,105075,國立高雄科技大學 航運管理系(一),61090690,潘*賢,正取,國立高雄科技大學,國立高雄科技大學航運管理系,原校系/本校留任,4,國立高雄科技大學航運管理系; 國立高雄科技大學行銷與流通管理系; 國立高雄科技大學海洋休閒管理系; 國立高雄餐旅大學航空暨運輸服務管理系
840,115,105075,國立高雄科技大學 航運管理系(一),67090107,許*邦,正取,國立虎尾科技大學,國立虎尾科技大學財務金融系,其他學校錄取,3,國立高雄科技大學航運管理系; 國立高雄科技大學國際企業系; 國立虎尾科技大學財務金融系
841,115,105075,國立高雄科技大學 航運管理系(一),61090356,—,備取,逢甲大學,逢甲大學國際經營與貿易學系,其他學校錄取,5,國立高雄科技大學航運管理系; 國立臺中科技大學國際貿易與經營系; 國立臺中教育大學國際企業學系; 中原大學國際經營與貿易學系; 逢甲大學國際經營與貿易學系
842,115,105075,國立高雄科技大學 航運管理系(一),57090855,黄*,備取,國立高雄科技大學,國立高雄科技大學航運管理系,原校系/本校留任,4,國立高雄科技大學航運管理系; 國立高雄科技大學運籌管理系; 國立勤益科技大學工業工程與管理系; 國立高雄餐旅大學航空暨運輸服務管理系
843,115,105075,國立高雄科技大學 航運管理系(一),68530077,楊*,正取,國立高雄科技大學,國立高雄科技大學航運管理系,原校系/本校留任,3,國立高雄科技大學航運管理系; 國立高雄科技大學商務資訊應用系; 國立虎尾科技大學財務金融系
844,115,105075,國立高雄科技大學 航運管理系(一),57090829,陳*妤,正取,國立高雄科技大學,國立高雄科技大學航運管理系,原校系/本校留任,5,國立高雄科技大學航運管理系; 國立高雄科技大學運籌管理系; 國立臺中科技大學國際貿易與經營系; 國立臺灣海洋大學航運管理學系; 中原大學國際經營與貿易學系
845,115,105075,國立高雄科技大學 航運管理系(一),66090057,—,正取,國立高雄科技大學,國立高雄科技大學航運管理系,原校系/本校留任,1,國立高雄科技大學航運管理系
846,115,105075,國立高雄科技大學 航運管理系(一),68090545,*均,正取,國立高雄餐旅大學,國立高雄餐旅大學航空暨運輸服務管理系,其他學校錄取,5,國立高雄科技大學航運管理系; 國立高雄科技大學運籌管理系; 國立高雄科技大學金融系; 國立高雄餐旅大學航空暨運輸服務管理系; 國立臺中科技大學國際貿易與經營系
847,115,105075,國立高雄科技大學 航運管理系(一),61091085,陳*玟,正取,國立高雄科技大學,國立高雄科技大學航運管理系,原校系/本校留任,2,國立高雄科技大學航運管理系; 國立高雄科技大學運籌管理系
848,115,105075,國立高雄科技大學 航運管理系(一),61090426,李*恩,正取,國立虎尾科技大學,國立虎尾科技大學工業管理系,其他學校錄取,5,國立高雄科技大學航運管理系; 國立虎尾科技大學工業管理系; 國立勤益科技大學行銷與流通管理系; 國立臺中科技大學財務金融系; 朝陽科技大學環境工程與管理系
849,115,105075,國立高雄科技大學 航運管理系(一),61090352,郭*,正取,國立虎尾科技大學,國立虎尾科技大學資訊管理系,其他學校錄取,4,國立高雄科技大學航運管理系; 國立高雄科技大學運籌管理系; 國立虎尾科技大學資訊管理系; 國立臺中科技大學國際貿易與經營系
850,115,105075,國立高雄科技大學 航運管理系(一),64090475,黄*詒,正取,國立高雄科技大學,國立高雄科技大學航運管理系,原校系/本校留任,1,國立高雄科技大學航運管理系
851,115,105075,國立高雄科技大學 航運管理系(一),61090586,林*誼,正取,國立高雄科技大學,國立高雄科技大學航運管理系,原校系/本校留任,4,國立高雄科技大學航運管理系; 國立高雄科技大學人力資源發展系; 國立虎尾科技大學工業管理系; 國立臺中科技大學國際貿易與經營系
852,115,105075,國立高雄科技大學 航運管理系(一),65090226,曹*洳,正取,國立高雄科技大學,國立高雄科技大學運籌管理系,原校系/本校留任,4,國立高雄科技大學航運管理系; 國立高雄科技大學國際企業系; 國立高雄科技大學運籌管理系; 國立臺中科技大學國際貿易與經營系
853,115,105075,國立高雄科技大學 航運管理系(一),67090260,蕭*諺,正取,國立高雄科技大學,國立高雄科技大學航運管理系,原校系/本校留任,4,國立高雄科技大學航運管理系; 國立高雄科技大學國際企業系; 國立虎尾科技大學財務金融系; 國立臺中科技大學國際貿易與經營系
854,115,105075,國立高雄科技大學 航運管理系(一),68530002,江*豪,正取,國立高雄科技大學,國立高雄科技大學航運管理系,原校系/本校留任,2,國立高雄科技大學航運管理系; 國立高雄科技大學航運技術系
855,115,105075,國立高雄科技大學 航運管理系(一),64090379,黄*永,正取,國立高雄科技大學,國立高雄科技大學航運管理系,原校系/本校留任,3,國立高雄科技大學航運管理系; 國立高雄科技大學人力資源發展系; 國立臺中科技大學國際貿易與經營系
856,115,105075,國立高雄科技大學 航運管理系(一),67090184,楊*珊,正取,國立高雄科技大學,國立高雄科技大學航運管理系,原校系/本校留任,4,國立高雄科技大學航運管理系; 國立高雄科技大學資訊管理系; 國立高雄科技大學運籌管理系; 國立臺中科技大學國際貿易與經營系
857,115,105075,國立高雄科技大學 航運管理系(一),64090409,單*喧,正取,國立高雄科技大學,國立高雄科技大學航運管理系,原校系/本校留任,3,國立高雄科技大學航運管理系; 國立高雄科技大學國際企業系; 國立臺中科技大學國際貿易與經營系
858,115,105075,國立高雄科技大學 航運管理系(一),61090758,何*彤,備取,國立高雄科技大學,國立高雄科技大學航運管理系,原校系/本校留任,3,國立高雄科技大學航運管理系; 國立臺中科技大學企業管理系; 靜宜大學法律學系
859,115,105075,國立高雄科技大學 航運管理系(一),64090499,黄*,備取,國立高雄科技大學,國立高雄科技大學航運管理系,原校系/本校留任,2,國立高雄科技大學航運管理系; 國立高雄科技大學國際企業系
860,115,105075,國立高雄科技大學 航運管理系(一),74530006,江*瑜,正取,國立高雄科技大學,國立高雄科技大學航運管理系,原校系/本校留任,3,國立高雄科技大學航運管理系; 朝陽科技大學航空運務系; 致理科技大學行銷與流通管理系
861,115,105075,國立高雄科技大學 航運管理系(一),64090445,張*,備取,國立高雄科技大學,國立高雄科技大學航運管理系,原校系/本校留任,6,國立高雄科技大學航運管理系; 國立高雄科技大學運籌管理系; 國立高雄科技大學供應鏈管理系; 國立虎尾科技大學工業管理系; 國立臺中科技大學老人服務事業管理系; 長榮大學航運管理學系
862,115,105075,國立高雄科技大學 航運管理系(一),64090482,柯*,正取,國立高雄科技大學,國立高雄科技大學航運管理系,原校系/本校留任,4,國立高雄科技大學航運管理系; 國立高雄科技大學國際企業系; 國立高雄科技大學運籌管理系; 國立臺中科技大學國際貿易與經營系
863,115,105075,國立高雄科技大學 航運管理系(一),68090488,盧*瑄,備取,—,—,未分發/放棄,4,國立高雄科技大學航運管理系; 國立勤益科技大學企業管理系; 國立臺中科技大學國際貿易與經營系; 國立屏東大學財務金融學系
864,115,105075,國立高雄科技大學 航運管理系(一),61090012,顏*芳,正取,國立臺中科技大學,國立臺中科技大學國際貿易與經營系,其他學校錄取,4,國立高雄科技大學航運管理系; 國立臺中科技大學國際貿易與經營系; 逢甲大學合作經濟暨社會事業經營學系; 靜宜大學國際企業學系
865,115,105075,國立高雄科技大學 航運管理系(一),68090041,*伶,正取,國立高雄科技大學,國立高雄科技大學觀光管理系,原校系/本校留任,2,國立高雄科技大學航運管理系; 國立高雄科技大學觀光管理系
866,115,105075,國立高雄科技大學 航運管理系(一),70090775,葵*瑄,備取,國立高雄科技大學,國立高雄科技大學航運管理系,原校系/本校留任,1,國立高雄科技大學航運管理系
867,115,105075,國立高雄科技大學 航運管理系(一),68090438,林*鴻,備取,國立高雄科技大學,國立高雄科技大學航運管理系,原校系/本校留任,4,國立高雄科技大學航運管理系; 國立高雄科技大學國際企業系; 國立高雄科技大學行銷與流通管理系; 國立虎尾科技大學資訊管理系
868,115,105075,國立高雄科技大學 航運管理系(一),61090490,賴*,正取,國立高雄科技大學,國立高雄科技大學航運管理系,原校系/本校留任,4,國立高雄科技大學航運管理系; 國立高雄科技大學人力資源發展系; 國立高雄科技大學財政稅務系; 國立臺中科技大學財政稅務系
869,115,105075,國立高雄科技大學 航運管理系(一),61090433,林*,備取,國立高雄科技大學,國立高雄科技大學航運管理系,原校系/本校留任,5,國立高雄科技大學航運管理系; 國立雲林科技大學文化資產維護系; 國立高雄科技大學航運技術系; 國立勤益科技大學行銷與流通管理系; 國立臺中科技大學國際貿易與經營系
870,115,105075,國立高雄科技大學 航運管理系(一),59090022,*柔,正取,國立高雄科技大學,國立高雄科技大學航運技術系,原校系/本校留任,3,國立高雄科技大學航運管理系; 國立高雄科技大學國際企業系; 國立高雄科技大學航運技術系
871,115,105075,國立高雄科技大學 航運管理系(一),57090719,吳*,備取,國立高雄科技大學,國立高雄科技大學航運管理系,原校系/本校留任,3,國立高雄科技大學航運管理系; 逢甲大學合作經濟暨社會事業經營學系; 銘傳大學國際企業學系(台北校區)
872,115,105075,國立高雄科技大學 航運管理系(一),65090246,強*筑,備取,國立高雄科技大學,國立高雄科技大學航運管理系,原校系/本校留任,1,國立高雄科技大學航運管理系
873,115,105075,國立高雄科技大學 航運管理系(一),57090823,陳*,備取,國立高雄科技大學,國立高雄科技大學航運管理系,原校系/本校留任,4,國立高雄科技大學航運管理系; 國立臺中科技大學國際貿易與經營系; 逢甲大學國際經營與貿易學系; 銘傳大學國際企業學系(台北校區)
874,115,105075,國立高雄科技大學 航運管理系(一),59090153,陳*翔,備取,國立高雄科技大學,國立高雄科技大學商務資訊應用系,原校系/本校留任,2,國立高雄科技大學航運管理系; 國立高雄科技大學商務資訊應用系
875,115,105075,國立高雄科技大學 航運管理系(一),61090134,陳*昕,備取,國立臺中科技大學,國立臺中科技大學國際貿易與經營系,其他學校錄取,4,國立高雄科技大學航運管理系; 國立虎尾科技大學應用外語系; 國立勤益科技大學企業管理系; 國立臺中科技大學國際貿易與經營系
876,115,105075,國立高雄科技大學 航運管理系(一),70090696,F*,備取,國立高雄科技大學,國立高雄科技大學航運管理系,原校系/本校留任,1,國立高雄科技大學航運管理系
877,115,105075,國立高雄科技大學 航運管理系(一),61090610,陳*妤,正取,國立高雄科技大學,國立高雄科技大學會計資訊系,原校系/本校留任,5,國立高雄科技大學航運管理系; 國立高雄科技大學行銷與流通管理系; 國立高雄科技大學會計資訊系; 國立虎尾科技大學財務金融系; 國立勤益科技大學行銷與流通管理系
878,115,105075,國立高雄科技大學 航運管理系(一),70090501,陳*宇,備取,國立高雄科技大學,國立高雄科技大學航運管理系,原校系/本校留任,5,國立高雄科技大學航運管理系; 國立高雄科技大學應用英語系; 國立高雄科技大學航運技術系; 國立臺中科技大學國際貿易與經營系; 國立屏東大學國際經營與貿易學系
879,115,105075,國立高雄科技大學 航運管理系(一),61091188,*柔,正取,國立勤益科技大學,國立勤益科技大學企業管理系,其他學校錄取,3,國立高雄科技大學航運管理系; 國立高雄科技大學航運技術系; 國立勤益科技大學企業管理系
880,115,105075,國立高雄科技大學 航運管理系(一),57090942,林*永,備取,國立高雄科技大學,國立高雄科技大學供應鏈管理系,原校系/本校留任,6,國立高雄科技大學航運管理系; 國立高雄科技大學供應鏈管理系; 國立高雄科技大學應用英語系; 國立虎尾科技大學應用外語系; 國立勤益科技大學資訊管理系; 國立臺中科技大學國際貿易與經營系
881,115,105075,國立高雄科技大學 航運管理系(一),68090520,*綸,正取,國立高雄科技大學,國立高雄科技大學運籌管理系,原校系/本校留任,4,國立高雄科技大學航運管理系; 國立屏東科技大學工業管理系; 國立高雄科技大學運籌管理系; 國立高雄科技大學商務資訊應用系
882,115,105075,國立高雄科技大學 航運管理系(一),61090110,許*,備取,—,—,未分發/放棄,3,國立高雄科技大學航運管理系; 國立高雄科技大學金融系; 國立虎尾科技大學財務金融系
883,115,105075,國立高雄科技大學 航運管理系(一),65090018,張*恩,備取,—,—,未分發/放棄,2,國立高雄科技大學航運管理系; 國立臺中科技大學財政稅務系
884,115,105075,國立高雄科技大學 航運管理系(一),64090160,吳*,備取,國立高雄科技大學,國立高雄科技大學國際企業系,原校系/本校留任,3,國立高雄科技大學航運管理系; 國立高雄科技大學國際企業系; 國立臺中科技大學國際貿易與經營系
885,115,105075,國立高雄科技大學 航運管理系(一),68090321,林*米,備取,國立臺中科技大學,國立臺中科技大學財政稅務系,其他學校錄取,2,國立高雄科技大學航運管理系; 國立臺中科技大學財政稅務系
886,115,105075,國立高雄科技大學 航運管理系(一),68090524,郭*宏,正取,國立高雄科技大學,國立高雄科技大學商務資訊應用系,原校系/本校留任,6,國立高雄科技大學航運管理系; 國立高雄科技大學國際企業系; 國立高雄科技大學商務資訊應用系; 國立虎尾科技大學企業管理系; 國立勤益科技大學行銷與流通管理系; 國立臺中科技大學國際貿易與經營系
887,115,105075,國立高雄科技大學 航運管理系(一),56090247,李*紜,正取,國立勤益科技大學,國立勤益科技大學行銷與流通管理系,其他學校錄取,3,國立高雄科技大學航運管理系; 國立勤益科技大學行銷與流通管理系; 國立臺北護理健康大學高齡健康照護系
888,115,105075,國立高雄科技大學 航運管理系(一),61090570,胡*瑜,備取,國立勤益科技大學,國立勤益科技大學資訊管理系,其他學校錄取,4,國立高雄科技大學航運管理系; 國立勤益科技大學資訊管理系; 國立臺北護理健康大學護理系; 國立臺中科技大學國際貿易與經營系
889,115,105075,國立高雄科技大學 航運管理系(一),64090480,柯*,正取,國立高雄科技大學,國立高雄科技大學運籌管理系,原校系/本校留任,4,國立高雄科技大學航運管理系; 國立高雄科技大學運籌管理系; 國立勤益科技大學企業管理系; 國立臺中科技大學國際貿易與經營系
890,115,105075,國立高雄科技大學 航運管理系(一),61090890,*琪,備取,國立臺中科技大學,國立臺中科技大學國際貿易與經營系,其他學校錄取,2,國立高雄科技大學航運管理系; 國立臺中科技大學國際貿易與經營系
891,115,105075,國立高雄科技大學 航運管理系(一),54030454,胡*,正取,—,—,未分發/放棄,3,國立高雄科技大學航運管理系; 國立臺中科技大學國際貿易與經營系; 銘傳大學國際企業學系(台北校區)
892,115,105075,國立高雄科技大學 航運管理系(一),61090068,許*芮,正取,國立勤益科技大學,國立勤益科技大學行銷與流通管理系,其他學校錄取,4,國立高雄科技大學航運管理系; 國立高雄科技大學人力資源發展系; 國立虎尾科技大學應用外語系; 國立勤益科技大學行銷與流通管理系
893,115,105075,國立高雄科技大學 航運管理系(一),61090602,—,正取,國立高雄科技大學,國立高雄科技大學人力資源發展系,原校系/本校留任,2,國立高雄科技大學航運管理系; 國立高雄科技大學人力資源發展系
894,115,105075,國立高雄科技大學 航運管理系(一),70030411,郭*呈,備取,—,—,未分發/放棄,3,國立高雄科技大學航運管理系; 國立高雄科技大學供應鏈管理系; 國立臺中科技大學國際貿易與經營系
895,115,105075,國立高雄科技大學 航運管理系(一),64090454,*淳,正取,國立高雄科技大學,國立高雄科技大學運籌管理系,原校系/本校留任,4,國立高雄科技大學航運管理系; 國立高雄科技大學運籌管理系; 國立高雄科技大學風險管理與保險系; 國立臺中科技大學保險金融管理系
896,115,105075,國立高雄科技大學 航運管理系(一),64090479,周*媛,正取,國立高雄科技大學,國立高雄科技大學智慧商務系,原校系/本校留任,3,國立高雄科技大學航運管理系; 國立高雄科技大學智慧商務系; 國立臺中科技大學人工智慧應用工程學士學位學程
897,115,105075,國立高雄科技大學 航運管理系(一),56090235,游*瑜,正取,國立臺北護理健康大學,國立臺北護理健康大學健康事業管理系,其他學校錄取,5,國立高雄科技大學航運管理系; 國立高雄科技大學行銷與流通管理系; 國立勤益科技大學企業管理系; 國立臺北護理健康大學健康事業管理系; 國立臺中科技大學財政稅務系
898,115,105075,國立高雄科技大學 航運管理系(一),52090370,陳*瑜,備取,—,—,未分發/放棄,2,國立高雄科技大學航運管理系; 國立臺中科技大學國際貿易與經營系
899,115,105075,國立高雄科技大學 航運管理系(一),68090502,黄*媛,備取,—,—,未分發/放棄,4,國立高雄科技大學航運管理系; 國立屏東科技大學資訊管理系; 國立虎尾科技大學工業管理系; 國立臺中科技大學財政稅務系
900,115,105075,國立高雄科技大學 航運管理系(一),68530062,許*悠,正取,國立高雄科技大學,國立高雄科技大學應用德語系,原校系/本校留任,5,國立高雄科技大學航運管理系; 國立高雄科技大學人力資源發展系; 國立高雄科技大學應用德語系; 國立臺中科技大學國際貿易與經營系; 國立屏東大學商業大數據學系
901,115,105075,國立高雄科技大學 航運管理系(一),70530013,*庭,備取,—,—,未分發/放棄,4,國立高雄科技大學航運管理系; 國立屏東科技大學社會工作系; 文藻外語大學國際企業管理系; 國立屏東大學企業管理學系
902,115,105075,國立高雄科技大學 航運管理系(一),57090962,謝*,正取,國立臺中科技大學,國立臺中科技大學國際貿易與經營系,其他學校錄取,4,國立高雄科技大學航運管理系; 國立高雄科技大學運籌管理系; 國立虎尾科技大學工業管理系; 國立臺中科技大學國際貿易與經營系
903,115,105075,國立高雄科技大學 航運管理系(一),55090460,張*瑄,正取,國立高雄科技大學,國立高雄科技大學風險管理與保險系,原校系/本校留任,3,國立高雄科技大學航運管理系; 國立高雄科技大學風險管理與保險系; 實踐大學風險管理與保險學系(臺北校區)
904,115,105075,國立高雄科技大學 航運管理系(一),53090020,林*,備取,—,—,未分發/放棄,3,國立高雄科技大學航運管理系; 國立高雄科技大學應用德語系; 國立虎尾科技大學企業管理系
905,115,105075,國立高雄科技大學 航運管理系(一),57090265,黄*淇,正取,國立高雄科技大學,國立高雄科技大學觀光管理系,原校系/本校留任,5,國立高雄科技大學航運管理系; 國立高雄科技大學觀光管理系; 國立高雄科技大學商務資訊應用系; 國立虎尾科技大學應用外語系; 國立勤益科技大學行銷與流通管理系
906,115,105075,國立高雄科技大學 航運管理系(一),58090061,余*,正取,國立高雄科技大學,國立高雄科技大學應用英語系,原校系/本校留任,3,國立高雄科技大學航運管理系; 國立高雄科技大學國際企業系; 國立高雄科技大學應用英語系
907,115,105075,國立高雄科技大學 航運管理系(一),58090154,夏*琪,正取,—,—,未分發/放棄,6,國立高雄科技大學航運管理系; 國立高雄科技大學資訊管理系; 國立勤益科技大學資訊管理系; 國立臺中科技大學資訊管理系; 中原大學資訊管理學系; 靜宜大學資訊管理學系
908,115,105075,國立高雄科技大學 航運管理系(一),59090282,江*軒,正取,國立臺中科技大學,國立臺中科技大學應用英語系,其他學校錄取,5,國立高雄科技大學航運管理系; 國立高雄科技大學航運技術系; 國立虎尾科技大學資訊管理系; 國立勤益科技大學行銷與流通管理系; 國立臺中科技大學應用英語系
909,115,105075,國立高雄科技大學 航運管理系(一),59090308,邱*,備取,—,—,未分發/放棄,2,國立高雄科技大學航運管理系; 國立雲林科技大學企業管理系
910,115,105075,國立高雄科技大學 航運管理系(一),61090008,邱*,備取,國立臺中科技大學,國立臺中科技大學財務金融系,其他學校錄取,4,國立高雄科技大學航運管理系; 國立高雄科技大學行銷與流通管理系; 國立虎尾科技大學財務金融系; 國立臺中科技大學財務金融系
911,115,105075,國立高雄科技大學 航運管理系(一),61090024,蘇*歆,備取,—,—,未分發/放棄,2,國立高雄科技大學航運管理系; 國立澎湖科技大學航運管理系
912,115,105075,國立高雄科技大學 航運管理系(一),61090153,吳*,備取,—,—,未分發/放棄,1,國立高雄科技大學航運管理系
913,115,105075,國立高雄科技大學 航運管理系(一),61090297,黄*琪,備取,—,—,未分發/放棄,1,國立高雄科技大學航運管理系
914,115,105075,國立高雄科技大學 航運管理系(一),61090429,蘇*威,備取,—,—,未分發/放棄,3,國立高雄科技大學航運管理系; 國立高雄科技大學國際企業系; 國立臺中科技大學財政稅務系
915,115,105075,國立高雄科技大學 航運管理系(一),61090440,邱*,正取,國立雲林科技大學,國立雲林科技大學資訊管理系,其他學校錄取,5,國立高雄科技大學航運管理系; 國立雲林科技大學資訊管理系; 國立高雄科技大學資訊管理系; 國立臺北護理健康大學資訊管理系; 國立高雄餐旅大學航空暨運輸服務管理系
916,115,105075,國立高雄科技大學 航運管理系(一),61090687,陳*,備取,—,—,未分發/放棄,4,國立高雄科技大學航運管理系; 國立雲林科技大學工業工程與管理系; 國立高雄科技大學國際企業系; 國立臺中科技大學企業管理系
917,115,105075,國立高雄科技大學 航運管理系(一),61090699,許*哲,備取,—,—,未分發/放棄,4,國立高雄科技大學航運管理系; 國立勤益科技大學資訊管理系; 國立臺中科技大學企業管理系; 靜宜大學法律學系
918,115,105075,國立高雄科技大學 航運管理系(一),61090734,*權,正取,國立臺中科技大學,國立臺中科技大學企業管理系,其他學校錄取,6,國立高雄科技大學航運管理系; 國立勤益科技大學企業管理系; 國立臺中科技大學企業管理系; 逢甲大學土地管理學系; 靜宜大學財務金融學系; 亞洲大學財務金融學系
919,115,105075,國立高雄科技大學 航運管理系(一),61091073,李*盈,備取,—,—,未分發/放棄,3,國立高雄科技大學航運管理系; 國立高雄科技大學國際企業系; 國立臺北商業大學商業設計管理系(桃園校區)
920,115,105075,國立高雄科技大學 航運管理系(一),61091093,楊*蓉,備取,—,—,未分發/放棄,5,國立高雄科技大學航運管理系; 國立雲林科技大學工業工程與管理系; 國立高雄科技大學國際企業系; 國立高雄科技大學運籌管理系; 國立臺中科技大學企業管理系
921,115,105075,國立高雄科技大學 航運管理系(一),61091133,謝*丞,正取,—,—,未分發/放棄,4,國立高雄科技大學航運管理系; 國立高雄科技大學工業工程與管理系; 國立虎尾科技大學工業管理系; 國立勤益科技大學工業工程與管理系
922,115,105075,國立高雄科技大學 航運管理系(一),61091506,林*妤,備取,—,—,未分發/放棄,2,國立高雄科技大學航運管理系; 國立臺中科技大學國際貿易與經營系
923,115,105075,國立高雄科技大學 航運管理系(一),63090117,郭*盈,備取,國立臺北商業大學,國立臺北商業大學國際商務系(臺北校區),其他學校錄取,2,國立高雄科技大學航運管理系; 國立臺北商業大學國際商務系(臺北校區)
924,115,105075,國立高雄科技大學 航運管理系(一),64090037,林*恩,備取,—,—,未分發/放棄,6,國立高雄科技大學航運管理系; 國立雲林科技大學國際管理學士學位學程; 國立高雄科技大學國際企業系; 國立高雄科技大學金融系; 國立臺中科技大學國際貿易與經營系; 文藻外語大學國際企業管理系
925,115,105075,國立高雄科技大學 航運管理系(一),64090287,葵*宏,正取,國立臺中科技大學,國立臺中科技大學財務金融系,其他學校錄取,3,國立高雄科技大學航運管理系; 國立臺中科技大學財務金融系; 逢甲大學財稅學系
926,115,105075,國立高雄科技大學 航運管理系(一),64090473,謝*永,備取,國立臺中科技大學,國立臺中科技大學財務金融系,其他學校錄取,5,國立高雄科技大學航運管理系; 國立臺中科技大學財務金融系; 國立臺北商業大學國際商務系(臺北校區); 逢甲大學國際經營與貿易學系; 逢甲大學財務金融學系
927,115,105075,國立高雄科技大學 航運管理系(一),65090240,葵*,正取,國立臺中科技大學,國立臺中科技大學保險金融管理系,其他學校錄取,6,國立高雄科技大學航運管理系; 國立高雄科技大學風險管理與保險系; 國立高雄科技大學財務管理系; 國立虎尾科技大學財務金融系; 國立勤益科技大學行銷與流通管理系; 國立臺中科技大學保險金融管理系
928,115,105075,國立高雄科技大學 航運管理系(一),67090377,陳*嫚,正取,國立高雄科技大學,國立高雄科技大學智慧商務系,原校系/本校留任,3,國立高雄科技大學航運管理系; 國立高雄科技大學人力資源發展系; 國立高雄科技大學智慧商務系
929,115,105075,國立高雄科技大學 航運管理系(一),68090410,—,正取,國立雲林科技大學,國立雲林科技大學文化資產維護系,其他學校錄取,4,國立高雄科技大學航運管理系; 國立雲林科技大學會計系; 國立雲林科技大學文化資產維護系; 國立臺中科技大學應用中文系
930,115,105075,國立高雄科技大學 航運管理系(一),68090430,鄭*心,正取,國立高雄科技大學,國立高雄科技大學金融系,原校系/本校留任,3,國立高雄科技大學航運管理系; 國立雲林科技大學企業管理系; 國立高雄科技大學金融系
931,115,105075,國立高雄科技大學 航運管理系(一),68090436,*妤,正取,國立臺中科技大學,國立臺中科技大學財政稅務系,其他學校錄取,5,國立高雄科技大學航運管理系; 國立高雄科技大學金融系; 國立高雄科技大學財政稅務系; 國立臺中科技大學財政稅務系; 國立臺北商業大學商業設計管理系(桃園校區)
932,115,105075,國立高雄科技大學 航運管理系(一),68090460,魏*羽,備取,—,—,未分發/放棄,4,國立高雄科技大學航運管理系; 國立高雄科技大學國際企業系; 國立高雄科技大學應用英語系; 逢甲大學國際經營與貿易學系
933,115,105075,國立高雄科技大學 航運管理系(一),68090501,吳*,備取,—,—,未分發/放棄,4,國立高雄科技大學航運管理系; 國立雲林科技大學工業工程與管理系; 國立雲林科技大學資訊管理系; 國立臺北科技大學工業工程與管理系
934,115,105075,國立高雄科技大學 航運管理系(一),68090534,黄*,備取,—,—,未分發/放棄,5,國立高雄科技大學航運管理系; 國立屏東科技大學應用外語系; 國立高雄科技大學應用英語系; 國立高雄科技大學應用德語系; 國立屏東大學應用英語學系
935,115,105075,國立高雄科技大學 航運管理系(一),68090540,沈*瑱,正取,國立臺北科技大學,國立臺北科技大學工業工程與管理系,其他學校錄取,3,國立高雄科技大學航運管理系; 國立臺北科技大學工業工程與管理系; 國立高雄科技大學金融系
936,115,105075,國立高雄科技大學 航運管理系(一),70090653,魏*綺,備取,—,—,未分發/放棄,1,國立高雄科技大學航運管理系
937,115,105075,國立高雄科技大學 航運管理系(一),70090756,鄔*莎,備取,—,—,未分發/放棄,2,國立高雄科技大學航運管理系; 國立高雄科技大學金融資訊系
938,115,105076,國立高雄科技大學 航運管理系(二),61150131,張*瑄,正取,國立高雄科技大學,國立高雄科技大學航運管理系,原校系/本校留任,3,國立高雄科技大學航運管理系; 國立高雄科技大學應用英語系; 國立臺北商業大學應用外語系(臺北校區)
939,115,105076,國立高雄科技大學 航運管理系(二),65150029,游*永,正取,國立高雄科技大學,國立高雄科技大學航運管理系,原校系/本校留任,3,國立高雄科技大學航運管理系; 國立高雄科技大學國際企業系; 國立高雄科技大學應用英語系
940,115,105076,國立高雄科技大學 航運管理系(二),56150039,林*妤,正取,國立高雄科技大學,國立高雄科技大學航運管理系,原校系/本校留任,4,國立高雄科技大學航運管理系; 國立高雄科技大學海洋休閒管理系; 國立高雄科技大學應用英語系; 國立臺北護理健康大學語言治療與聽力學系
941,115,105076,國立高雄科技大學 航運管理系(二),61150153,吳*,正取,國立高雄科技大學,國立高雄科技大學航運管理系,原校系/本校留任,2,國立高雄科技大學航運管理系; 國立高雄科技大學海洋休閒管理系
942,115,105076,國立高雄科技大學 航運管理系(二),63550005,蕭*永,正取,國立高雄科技大學,國立高雄科技大學航運管理系,原校系/本校留任,3,國立高雄科技大學航運管理系; 國立雲林科技大學應用外語系; 朝陽科技大學航空運務系
943,115,105076,國立高雄科技大學 航運管理系(二),63150029,吳*宇,正取,國立雲林科技大學,國立雲林科技大學應用外語系,其他學校錄取,2,國立高雄科技大學航運管理系; 國立雲林科技大學應用外語系
944,115,105076,國立高雄科技大學 航運管理系(二),68150070,楊*,備取,國立高雄科技大學,國立高雄科技大學航運管理系,原校系/本校留任,3,國立高雄科技大學航運管理系; 國立高雄科技大學運籌管理系; 國立高雄餐旅大學航空暨運輸服務管理系
945,115,105076,國立高雄科技大學 航運管理系(二),58150013,翁*綺,正取,國立高雄科技大學,國立高雄科技大學航運管理系,原校系/本校留任,1,國立高雄科技大學航運管理系
946,115,105076,國立高雄科技大學 航運管理系(二),64150076,薛*𨧤,正取,國立高雄科技大學,國立高雄科技大學航運管理系,原校系/本校留任,3,國立高雄科技大學航運管理系; 國立臺灣科技大學應用外語系; 國立臺北護理健康大學語言治療與聽力學系
947,115,105076,國立高雄科技大學 航運管理系(二),64150047,*惠,正取,國立高雄科技大學,國立高雄科技大學航運管理系,原校系/本校留任,1,國立高雄科技大學航運管理系
948,115,105076,國立高雄科技大學 航運管理系(二),60150032,覃*,正取,國立高雄科技大學,國立高雄科技大學航運管理系,原校系/本校留任,3,國立高雄科技大學航運管理系; 國立雲林科技大學應用外語系; 國立高雄科技大學應用德語系
949,115,105076,國立高雄科技大學 航運管理系(二),65150002,林*,正取,國立高雄科技大學,國立高雄科技大學航運管理系,原校系/本校留任,1,國立高雄科技大學航運管理系
950,115,105076,國立高雄科技大學 航運管理系(二),61530080,蘇*心,正取,國立高雄科技大學,國立高雄科技大學航運管理系,原校系/本校留任,3,國立高雄科技大學航運管理系; 國立高雄科技大學運籌管理系; 國立臺中科技大學國際貿易與經營系
951,115,105076,國立高雄科技大學 航運管理系(二),57530021,陳*綸,正取,—,—,未分發/放棄,5,國立高雄科技大學航運管理系; 國立雲林科技大學應用外語系; 國立高雄科技大學應用德語系; 國立虎尾科技大學應用外語系; 國立澎湖科技大學航運管理系
952,115,105076,國立高雄科技大學 航運管理系(二),51150042,林*,正取,國立高雄科技大學,國立高雄科技大學航運管理系,原校系/本校留任,4,國立高雄科技大學航運管理系; 國立高雄科技大學國際企業系; 國立臺北護理健康大學生死與健康心理諮商系; 國立高雄餐旅大學航空暨運輸服務管理系
953,115,105076,國立高雄科技大學 航運管理系(二),65150023,*永,正取,國立高雄科技大學,國立高雄科技大學航運管理系,原校系/本校留任,2,國立高雄科技大學航運管理系; 國立高雄科技大學應用英語系
954,115,105076,國立高雄科技大學 航運管理系(二),57150030,温*褀,正取,國立高雄科技大學,國立高雄科技大學航運管理系,原校系/本校留任,2,國立高雄科技大學航運管理系; 國立高雄科技大學供應鏈管理系
955,115,105076,國立高雄科技大學 航運管理系(二),68150077,陳*甯,正取,國立高雄科技大學,國立高雄科技大學航運管理系,原校系/本校留任,3,國立高雄科技大學航運管理系; 國立雲林科技大學應用外語系; 國立高雄科技大學行銷與流通管理系
956,115,105076,國立高雄科技大學 航運管理系(二),58150128,胡*女,備取,國立高雄科技大學,國立高雄科技大學航運管理系,原校系/本校留任,1,國立高雄科技大學航運管理系
957,115,105076,國立高雄科技大學 航運管理系(二),57150055,*妮,備取,國立高雄科技大學,國立高雄科技大學航運管理系,原校系/本校留任,4,國立高雄科技大學航運管理系; 國立高雄科技大學應用英語系; 國立虎尾科技大學應用外語系; 國立高雄餐旅大學旅運管理系
958,115,105076,國立高雄科技大學 航運管理系(二),64150058,陳*,備取,—,—,未分發/放棄,2,國立高雄科技大學航運管理系; 國立高雄餐旅大學餐旅暨會展行銷管理系
959,115,105076,國立高雄科技大學 航運管理系(二),58150043,陳*,備取,國立臺中科技大學,國立臺中科技大學應用英語系,其他學校錄取,2,國立高雄科技大學航運管理系; 國立臺中科技大學應用英語系
960,115,105076,國立高雄科技大學 航運管理系(二),56150068,朱*,正取,國立勤益科技大學,國立勤益科技大學企業管理系,其他學校錄取,5,國立高雄科技大學航運管理系; 國立虎尾科技大學企業管理系; 國立勤益科技大學企業管理系; 國立高雄餐旅大學旅運管理系; 朝陽科技大學航空運務系
961,115,105076,國立高雄科技大學 航運管理系(二),56150141,陳*穎,正取,國立虎尾科技大學,國立虎尾科技大學應用外語系,其他學校錄取,3,國立高雄科技大學航運管理系; 國立虎尾科技大學應用外語系; 國立勤益科技大學應用英語系
962,115,105076,國立高雄科技大學 航運管理系(二),61150128,—,正取,—,—,未分發/放棄,4,國立高雄科技大學航運管理系; 國立雲林科技大學應用外語系; 國立高雄科技大學應用英語系; 國立勤益科技大學企業管理系
963,115,105076,國立高雄科技大學 航運管理系(二),57150057,徐*帆,正取,文藻外語大學,文藻外語大學外語教學系,其他學校錄取,3,國立高雄科技大學航運管理系; 文藻外語大學英國語文系; 文藻外語大學外語教學系
964,115,105076,國立高雄科技大學 航運管理系(二),61150075,—,備取,—,—,未分發/放棄,1,國立高雄科技大學航運管理系
965,115,105076,國立高雄科技大學 航運管理系(二),51150043,簡*,正取,醒吾科技大學,醒吾科技大學旅運管理系航空服務管理組,其他學校錄取,4,國立高雄科技大學航運管理系; 長庚科技大學護理系(林口校區); 醒吾科技大學旅運管理系航空服務管理組; 致理科技大學應用英語系
966,115,105076,國立高雄科技大學 航運管理系(二),56150032,許*銓,備取,—,—,未分發/放棄,5,國立高雄科技大學航運管理系; 國立高雄科技大學運籌管理系; 國立高雄科技大學行銷與流通管理系; 國立臺北護理健康大學生死與健康心理諮商系; 國立臺中科技大學財政稅務系
967,115,105076,國立高雄科技大學 航運管理系(二),56150126,吳*豪,正取,國立臺中科技大學,國立臺中科技大學應用英語系,其他學校錄取,3,國立高雄科技大學航運管理系; 國立高雄科技大學海洋休閒管理系; 國立臺中科技大學應用英語系
968,115,105076,國立高雄科技大學 航運管理系(二),58150011,陳*,備取,—,—,未分發/放棄,5,國立高雄科技大學航運管理系; 國立雲林科技大學應用外語系; 國立臺北科技大學應用英文系; 國立臺北護理健康大學語言治療與聽力學系; 國立臺北商業大學應用外語系(臺北校區)
969,115,105076,國立高雄科技大學 航運管理系(二),58150038,維*,備取,—,—,未分發/放棄,2,國立高雄科技大學航運管理系; 國立高雄科技大學企業管理系
970,115,105076,國立高雄科技大學 航運管理系(二),58150118,鄧*皓,正取,國立臺北護理健康大學,國立臺北護理健康大學護理系,其他學校錄取,4,國立高雄科技大學航運管理系; 國立臺北護理健康大學護理系; 弘光科技大學物理治療系; 長庚科技大學護理系(林口校區)
971,115,105076,國立高雄科技大學 航運管理系(二),58150132,陳*永,備取,—,—,未分發/放棄,6,國立高雄科技大學航運管理系; 國立臺灣科技大學應用外語系; 國立雲林科技大學企業管理系; 國立雲林科技大學國際管理學士學位學程; 國立臺北科技大學應用英文系; 國立臺北護理健康大學語言治療與聽力學系
972,115,105076,國立高雄科技大學 航運管理系(二),60150006,邱*,正取,國立臺北護理健康大學,國立臺北護理健康大學護理系,其他學校錄取,3,國立高雄科技大學航運管理系; 國立臺北護理健康大學護理系; 靜宜大學法律學系
973,115,105076,國立高雄科技大學 航運管理系(二),61150054,楊*綺,備取,—,—,未分發/放棄,3,國立高雄科技大學航運管理系; 國立雲林科技大學應用外語系; 國立虎尾科技大學應用外語系
974,115,105076,國立高雄科技大學 航運管理系(二),61150055,李*,備取,—,—,未分發/放棄,1,國立高雄科技大學航運管理系
975,115,105076,國立高雄科技大學 航運管理系(二),61150074,陳*瑾,正取,國立臺中科技大學,國立臺中科技大學應用中文系,其他學校錄取,4,國立高雄科技大學航運管理系; 國立虎尾科技大學應用外語系; 國立勤益科技大學文化創意事業系; 國立臺中科技大學應用中文系
976,115,105076,國立高雄科技大學 航運管理系(二),61150078,徐*潔,正取,逢甲大學,逢甲大學外國語文學系,其他學校錄取,6,國立高雄科技大學航運管理系; 國立臺北護理健康大學休閒產業與健康促進系; 國立臺中科技大學應用英語系; 僑光科技大學應用外語系; 逢甲大學外國語文學系; 靜宜大學英國語文學系
977,115,105076,國立高雄科技大學 航運管理系(二),61150119,張*瑜,備取,國立高雄科技大學,國立高雄科技大學應用英語系,原校系/本校留任,3,國立高雄科技大學航運管理系; 國立雲林科技大學應用外語系; 國立高雄科技大學應用英語系
978,115,105076,國立高雄科技大學 航運管理系(二),61150146,盧*岑,正取,國立臺北護理健康大學,國立臺北護理健康大學語言治療與聽力學系,其他學校錄取,5,國立高雄科技大學航運管理系; 國立臺北護理健康大學語言治療與聽力學系; 國立臺北護理健康大學生死與健康心理諮商系; 弘光科技大學物理治療系; 弘光科技大學語言治療與聽力學系
979,115,105076,國立高雄科技大學 航運管理系(二),61150214,周*,正取,逢甲大學,逢甲大學外國語文學系,其他學校錄取,4,國立高雄科技大學航運管理系; 國立雲林科技大學應用外語系; 逢甲大學外國語文學系; 靜宜大學英國語文學系
980,115,105076,國立高雄科技大學 航運管理系(二),61530018,崔*姍,備取,—,—,未分發/放棄,3,國立高雄科技大學航運管理系; 國立勤益科技大學企業管理系; 僑光科技大學國際貿易系
981,115,105076,國立高雄科技大學 航運管理系(二),61530041,胡*,正取,國立雲林科技大學,國立雲林科技大學應用外語系,其他學校錄取,6,國立高雄科技大學航運管理系; 國立雲林科技大學應用外語系; 國立屏東科技大學應用外語系; 國立高雄科技大學運籌管理系; 國立虎尾科技大學應用外語系; 國立臺中科技大學應用英語系
982,115,105076,國立高雄科技大學 航運管理系(二),64150022,柯*,正取,國立臺灣科技大學,國立臺灣科技大學應用外語系,其他學校錄取,5,國立高雄科技大學航運管理系; 國立臺灣科技大學應用外語系; 國立雲林科技大學應用外語系; 國立臺北科技大學應用英文系; 國立臺中科技大學應用英語系
983,115,105076,國立高雄科技大學 航運管理系(二),64150042,陳*,備取,—,—,未分發/放棄,5,國立高雄科技大學航運管理系; 國立臺灣科技大學應用外語系; 國立臺北科技大學應用英文系; 國立高雄科技大學企業管理系; 國立高雄科技大學應用英語系
984,115,105076,國立高雄科技大學 航運管理系(二),64150064,陳*永,備取,國立高雄科技大學,國立高雄科技大學應用英語系,原校系/本校留任,5,國立高雄科技大學航運管理系; 國立雲林科技大學應用外語系; 國立高雄科技大學應用英語系; 國立臺北護理健康大學語言治療與聽力學系; 國立臺北商業大學應用外語系(臺北校區)
985,115,105076,國立高雄科技大學 航運管理系(二),64150066,*恩,備取,—,—,未分發/放棄,1,國立高雄科技大學航運管理系
986,115,105076,國立高雄科技大學 航運管理系(二),64150070,翁*,備取,—,—,未分發/放棄,3,國立高雄科技大學航運管理系; 國立雲林科技大學應用外語系; 國立虎尾科技大學應用外語系
987,115,105076,國立高雄科技大學 航運管理系(二),65150020,林*珮,備取,—,—,未分發/放棄,3,國立高雄科技大學航運管理系; 國立高雄科技大學行銷與流通管理系; 國立高雄科技大學供應鏈管理系
988,115,105076,國立高雄科技大學 航運管理系(二),66150044,—,正取,國立雲林科技大學,國立雲林科技大學應用外語系,其他學校錄取,3,國立高雄科技大學航運管理系; 國立雲林科技大學應用外語系; 弘光科技大學語言治療與聽力學系
989,115,105076,國立高雄科技大學 航運管理系(二),66150054,陳*恩,備取,—,—,未分發/放棄,5,國立高雄科技大學航運管理系; 國立臺灣科技大學應用外語系; 國立臺北科技大學應用英文系; 國立臺北科技大學文化事業發展系; 國立臺北護理健康大學語言治療與聽力學系
990,115,105076,國立高雄科技大學 航運管理系(二),68150038,黄*,正取,國立高雄科技大學,國立高雄科技大學運籌管理系,原校系/本校留任,4,國立高雄科技大學航運管理系; 國立高雄科技大學運籌管理系; 國立高雄科技大學行銷與流通管理系; 國立高雄餐旅大學休閒暨遊憩管理系
991,115,105076,國立高雄科技大學 航運管理系(二),68150082,李*樂,正取,—,—,未分發/放棄,5,國立高雄科技大學航運管理系; 國立雲林科技大學企業管理系; 國立高雄科技大學運籌管理系; 國立高雄科技大學行銷與流通管理系; 國立高雄餐旅大學航空暨運輸服務管理系
992,115,105076,國立高雄科技大學 航運管理系(二),68150084,吳*璘,正取,國立臺北護理健康大學,國立臺北護理健康大學語言治療與聽力學系,其他學校錄取,6,國立高雄科技大學航運管理系; 國立雲林科技大學企業管理系; 國立高雄科技大學運籌管理系; 國立臺北護理健康大學語言治療與聽力學系; 國立臺中科技大學企業管理系; 輔英科技大學物理治療系
993,115,114004,國立臺北商業大學 國際商務系(一),56090087,陳*筠,正取,國立臺灣科技大學,國立臺灣科技大學企業管理系,其他學校錄取,6,國立臺北商業大學國際商務系(臺北校區); 國立臺灣科技大學企業管理系; 國立臺北科技大學經營管理系; 國立臺北科技大學資訊與財金管理系; 國立臺北商業大學財務金融系(臺北校區); 國立臺北商業大學財政稅務系(臺北校區)
994,115,114004,國立臺北商業大學 國際商務系(一),55090330,李*誼,正取,國立臺灣科技大學,國立臺灣科技大學企業管理系,其他學校錄取,4,國立臺北商業大學國際商務系(臺北校區); 國立臺灣科技大學企業管理系; 國立臺北科技大學經營管理系; 國立臺北商業大學企業管理系(臺北校區)
995,115,114004,國立臺北商業大學 國際商務系(一),56090105,李*祐,正取,國立臺灣科技大學,國立臺灣科技大學企業管理系,其他學校錄取,6,國立臺北商業大學國際商務系(臺北校區); 國立臺灣科技大學企業管理系; 國立臺北科技大學經營管理系; 國立臺北科技大學資訊與財金管理系; 國立臺北商業大學財務金融系(臺北校區); 國立臺北商業大學企業管理系(臺北校區)
996,115,114004,國立臺北商業大學 國際商務系(一),68090537,葵*慈,正取,國立臺北科技大學,國立臺北科技大學經營管理系,其他學校錄取,4,國立臺北商業大學國際商務系(臺北校區); 國立臺北科技大學經營管理系; 國立高雄科技大學行銷與流通管理系; 國立高雄科技大學金融系
997,115,114004,國立臺北商業大學 國際商務系(一),54090434,彭*,正取,國立臺北科技大學,國立臺北科技大學經營管理系,其他學校錄取,3,國立臺北商業大學國際商務系(臺北校區); 國立臺北科技大學經營管理系; 致理科技大學應用日語系
998,115,114004,國立臺北商業大學 國際商務系(一),57090683,葉*妡,備取,國立臺北商業大學,國立臺北商業大學財政稅務系(臺北校區),原校系/本校留任,6,國立臺北商業大學國際商務系(臺北校區); 國立雲林科技大學會計系; 國立臺北科技大學經營管理系; 國立臺北商業大學會計資訊系(臺北校區); 國立臺北商業大學財政稅務系(臺北校區); 中原大學會計學系
999,115,114004,國立臺北商業大學 國際商務系(一),52090022,陳*,正取,中原大學,中原大學會計學系,其他學校錄取,5,國立臺北商業大學國際商務系(臺北校區); 國立雲林科技大學資訊管理系; 國立雲林科技大學國際管理學士學位學程; 國立彰化師範大學財務金融技術學系; 中原大學會計學系
1000,115,114004,國立臺北商業大學 國際商務系(一),58090234,葉*,備取,國立臺北商業大學,國立臺北商業大學財政稅務系(臺北校區),原校系/本校留任,4,國立臺北商業大學國際商務系(臺北校區); 國立雲林科技大學資訊管理系; 國立臺北商業大學財政稅務系(臺北校區); 國立彰化師範大學財務金融技術學系
1001,115,114004,國立臺北商業大學 國際商務系(一),64030443,*茹,正取,國立臺北商業大學,國立臺北商業大學財政稅務系(臺北校區),原校系/本校留任,3,國立臺北商業大學國際商務系(臺北校區); 國立臺中科技大學財務金融系; 國立臺北商業大學財政稅務系(臺北校區)
1002,115,114004,國立臺北商業大學 國際商務系(一),58090534,*妤,正取,國立臺北科技大學,國立臺北科技大學經營管理系,其他學校錄取,4,國立臺北商業大學國際商務系(臺北校區); 國立臺北科技大學經營管理系; 國立臺中科技大學財務金融系; 國立臺北商業大學財政稅務系(臺北校區)
1003,115,114004,國立臺北商業大學 國際商務系(一),57090141,*畇,備取,—,—,未分發/放棄,2,國立臺北商業大學國際商務系(臺北校區); 國立臺北科技大學工業工程與管理系
1004,115,114004,國立臺北商業大學 國際商務系(一),52090461,張*,正取,國立臺北商業大學,國立臺北商業大學國際商務系(臺北校區),原校系/本校留任,1,國立臺北商業大學國際商務系(臺北校區)
1005,115,114004,國立臺北商業大學 國際商務系(一),55090366,張*瑜,正取,國立臺北商業大學,國立臺北商業大學國際商務系(臺北校區),原校系/本校留任,3,國立臺北商業大學國際商務系(臺北校區); 國立臺北護理健康大學健康事業管理系; 國立臺中科技大學國際貿易與經營系
1006,115,114004,國立臺北商業大學 國際商務系(一),61090217,張*,正取,國立臺北科技大學,國立臺北科技大學工業工程與管理系,其他學校錄取,3,國立臺北商業大學國際商務系(臺北校區); 國立臺北科技大學工業工程與管理系; 逢甲大學國際經營與貿易學系
1007,115,114004,國立臺北商業大學 國際商務系(一),57090532,李*錡,正取,國立臺北商業大學,國立臺北商業大學財政稅務系(臺北校區),原校系/本校留任,4,國立臺北商業大學國際商務系(臺北校區); 國立臺中科技大學財務金融系; 國立臺北商業大學財政稅務系(臺北校區); 國立彰化師範大學財務金融技術學系
1008,115,114004,國立臺北商業大學 國際商務系(一),57090478,許*瑜,備取,國立臺北商業大學,國立臺北商業大學國際商務系(臺北校區),原校系/本校留任,5,國立臺北商業大學國際商務系(臺北校區); 國立雲林科技大學企業管理系; 國立高雄科技大學國際企業系; 國立臺中科技大學國際貿易與經營系; 中原大學國際經營與貿易學系
1009,115,114004,國立臺北商業大學 國際商務系(一),70090309,薛*潔,備取,國立臺灣海洋大學,國立臺灣海洋大學航運管理學系,其他學校錄取,5,國立臺北商業大學國際商務系(臺北校區); 國立高雄科技大學運籌管理系; 國立高雄科技大學航運管理系; 國立臺灣海洋大學航運管理學系; 臺北醫學大學醫務管理學系
1010,115,114004,國立臺北商業大學 國際商務系(一),68090390,—,正取,國立臺北商業大學,國立臺北商業大學國際商務系(臺北校區),原校系/本校留任,6,國立臺北商業大學國際商務系(臺北校區); 國立雲林科技大學企業管理系; 國立雲林科技大學會計系; 國立高雄科技大學金融系; 國立臺北商業大學財政稅務系(臺北校區); 國立臺北商業大學企業管理系(臺北校區)
1011,115,114004,國立臺北商業大學 國際商務系(一),57090659,林*瑾,正取,中原大學,中原大學會計學系,其他學校錄取,4,國立臺北商業大學國際商務系(臺北校區); 中原大學國際經營與貿易學系; 中原大學會計學系; 銘傳大學會計學系(台北校區)
1012,115,114004,國立臺北商業大學 國際商務系(一),70090620,郭*翔,正取,國立臺北商業大學,國立臺北商業大學國際商務系(臺北校區),原校系/本校留任,2,國立臺北商業大學國際商務系(臺北校區); 國立高雄科技大學財務管理系
1013,115,114004,國立臺北商業大學 國際商務系(一),59090121,邱*妍,正取,國立臺北商業大學,國立臺北商業大學國際商務系(臺北校區),原校系/本校留任,3,國立臺北商業大學國際商務系(臺北校區); 國立雲林科技大學國際管理學士學位學程; 國立臺中科技大學國際貿易與經營系
1014,115,114004,國立臺北商業大學 國際商務系(一),53090052,黄*,正取,國立雲林科技大學,國立雲林科技大學國際管理學士學位學程,其他學校錄取,3,國立臺北商業大學國際商務系(臺北校區); 國立雲林科技大學國際管理學士學位學程; 國立臺中科技大學國際貿易與經營系
1015,115,114004,國立臺北商業大學 國際商務系(一),67090266,徐*潔,正取,國立高雄科技大學,國立高雄科技大學資訊管理系,其他學校錄取,4,國立臺北商業大學國際商務系(臺北校區); 國立高雄科技大學資訊管理系; 國立高雄科技大學商務資訊應用系; 國立臺中科技大學財政稅務系
1016,115,114004,國立臺北商業大學 國際商務系(一),68090531,龍*女,正取,國立臺北商業大學,國立臺北商業大學國際商務系(臺北校區),原校系/本校留任,2,國立臺北商業大學國際商務系(臺北校區); 國立高雄科技大學金融系
1017,115,114004,國立臺北商業大學 國際商務系(一),68090606,葵*珍,正取,國立臺北商業大學,國立臺北商業大學國際商務系(臺北校區),原校系/本校留任,2,國立臺北商業大學國際商務系(臺北校區); 國立雲林科技大學企業管理系
1018,115,114004,國立臺北商業大學 國際商務系(一),51090273,項*,正取,國立臺北商業大學,國立臺北商業大學國際商務系(臺北校區),原校系/本校留任,2,國立臺北商業大學國際商務系(臺北校區); 銘傳大學國際企業學系(台北校區)
1019,115,114004,國立臺北商業大學 國際商務系(一),57090592,黄*,正取,國立臺北商業大學,國立臺北商業大學國際商務系(臺北校區),原校系/本校留任,2,國立臺北商業大學國際商務系(臺北校區); 國立臺灣科技大學企業管理系
1020,115,114004,國立臺北商業大學 國際商務系(一),78090017,陳*,正取,國立臺北科技大學,國立臺北科技大學經營管理系,其他學校錄取,6,國立臺北商業大學國際商務系(臺北校區); 國立臺北科技大學經營管理系; 國立臺北科技大學資訊與財金管理系; 國立臺北商業大學財務金融系(臺北校區); 國立臺北商業大學資訊管理系(臺北校區); 致理科技大學財務金融系
1021,115,114004,國立臺北商業大學 國際商務系(一),52090105,李*,正取,—,—,未分發/放棄,5,國立臺北商業大學國際商務系(臺北校區); 國立臺灣科技大學企業管理系; 國立臺北科技大學經營管理系; 國立臺北商業大學會計資訊系(臺北校區); 國立臺北商業大學企業管理系(臺北校區)
1022,115,114004,國立臺北商業大學 國際商務系(一),57090065,林*,備取,國立臺北商業大學,國立臺北商業大學國際商務系(臺北校區),原校系/本校留任,1,國立臺北商業大學國際商務系(臺北校區)
1023,115,114004,國立臺北商業大學 國際商務系(一),59090021,—,正取,國立臺北商業大學,國立臺北商業大學國際商務系(臺北校區),原校系/本校留任,2,國立臺北商業大學國際商務系(臺北校區); 國立雲林科技大學資訊管理系
1024,115,114004,國立臺北商業大學 國際商務系(一),70090658,*恩,正取,國立雲林科技大學,國立雲林科技大學國際管理學士學位學程,其他學校錄取,5,國立臺北商業大學國際商務系(臺北校區); 國立雲林科技大學國際管理學士學位學程; 國立臺北科技大學經營管理系; 國立高雄科技大學國際企業系; 國立臺中科技大學國際貿易與經營系
1025,115,114004,國立臺北商業大學 國際商務系(一),57090625,李*潔,備取,國立臺北商業大學,國立臺北商業大學國際商務系(臺北校區),原校系/本校留任,2,國立臺北商業大學國際商務系(臺北校區); 國立雲林科技大學企業管理系
1026,115,114004,國立臺北商業大學 國際商務系(一),52090062,潘*廷,備取,國立臺北商業大學,國立臺北商業大學國際商務系(臺北校區),原校系/本校留任,1,國立臺北商業大學國際商務系(臺北校區)
1027,115,114004,國立臺北商業大學 國際商務系(一),68090503,温*甯,備取,國立臺北商業大學,國立臺北商業大學國際商務系(臺北校區),原校系/本校留任,3,國立臺北商業大學國際商務系(臺北校區); 國立雲林科技大學企業管理系; 國立高雄科技大學企業管理系
1028,115,114004,國立臺北商業大學 國際商務系(一),58090053,黄*珊,備取,國立臺北商業大學,國立臺北商業大學財政稅務系(臺北校區),原校系/本校留任,3,國立臺北商業大學國際商務系(臺北校區); 國立臺北商業大學財政稅務系(臺北校區); 國立臺北商業大學商業設計管理系(桃園校區)
1029,115,114004,國立臺北商業大學 國際商務系(一),57090739,吳*誼,備取,國立臺北商業大學,國立臺北商業大學國際商務系(臺北校區),原校系/本校留任,2,國立臺北商業大學國際商務系(臺北校區); 國立臺北商業大學財政稅務系(臺北校區)
1030,115,114004,國立臺北商業大學 國際商務系(一),64090458,鄞*雅,備取,國立臺北商業大學,國立臺北商業大學國際商務系(臺北校區),原校系/本校留任,1,國立臺北商業大學國際商務系(臺北校區)
1031,115,114004,國立臺北商業大學 國際商務系(一),58090136,—,正取,國立雲林科技大學,國立雲林科技大學國際管理學士學位學程,其他學校錄取,2,國立臺北商業大學國際商務系(臺北校區); 國立雲林科技大學國際管理學士學位學程
1032,115,114004,國立臺北商業大學 國際商務系(一),57090289,楊*,備取,國立臺北商業大學,國立臺北商業大學國際商務系(臺北校區),原校系/本校留任,4,國立臺北商業大學國際商務系(臺北校區); 國立雲林科技大學國際管理學士學位學程; 國立彰化師範大學財務金融技術學系; 中原大學會計學系
1033,115,114004,國立臺北商業大學 國際商務系(一),56090366,楊*,備取,國立臺北商業大學,國立臺北商業大學國際商務系(臺北校區),原校系/本校留任,2,國立臺北商業大學國際商務系(臺北校區); 國立臺中科技大學財務金融系
1034,115,114004,國立臺北商業大學 國際商務系(一),58090272,顏*珊,備取,國立臺北商業大學,國立臺北商業大學國際商務系(臺北校區),原校系/本校留任,2,國立臺北商業大學國際商務系(臺北校區); 國立雲林科技大學應用外語系
1035,115,114004,國立臺北商業大學 國際商務系(一),61530011,徐*君,備取,國立臺北商業大學,國立臺北商業大學國際商務系(臺北校區),原校系/本校留任,1,國立臺北商業大學國際商務系(臺北校區)
1036,115,114004,國立臺北商業大學 國際商務系(一),57090333,蕭*倫,備取,國立臺北商業大學,國立臺北商業大學國際商務系(臺北校區),原校系/本校留任,3,國立臺北商業大學國際商務系(臺北校區); 國立臺北商業大學財政稅務系(臺北校區); 中原大學資訊管理學系
1037,115,114004,國立臺北商業大學 國際商務系(一),61091033,李*,備取,國立臺北商業大學,國立臺北商業大學國際商務系(臺北校區),原校系/本校留任,2,國立臺北商業大學國際商務系(臺北校區); 國立臺中科技大學財務金融系
1038,115,114004,國立臺北商業大學 國際商務系(一),63090117,郭*盈,備取,國立臺北商業大學,國立臺北商業大學國際商務系(臺北校區),原校系/本校留任,2,國立臺北商業大學國際商務系(臺北校區); 國立高雄科技大學航運管理系
1039,115,114004,國立臺北商業大學 國際商務系(一),61090842,—,正取,國立臺灣海洋大學,國立臺灣海洋大學航運管理學系,其他學校錄取,4,國立臺北商業大學國際商務系(臺北校區); 國立雲林科技大學企業管理系; 國立臺灣海洋大學航運管理學系; 國立臺灣海洋大學海洋經營管理學士學位學程
1040,115,114004,國立臺北商業大學 國際商務系(一),51090094,陳*嬅,備取,國立臺北商業大學,國立臺北商業大學國際商務系(臺北校區),原校系/本校留任,1,國立臺北商業大學國際商務系(臺北校區)
1041,115,114004,國立臺北商業大學 國際商務系(一),68530016,吳*甄,正取,國立雲林科技大學,國立雲林科技大學國際管理學士學位學程,其他學校錄取,5,國立臺北商業大學國際商務系(臺北校區); 國立雲林科技大學資訊管理系; 國立雲林科技大學國際管理學士學位學程; 國立高雄科技大學資訊管理系; 國立高雄科技大學運籌管理系
1042,115,114004,國立臺北商業大學 國際商務系(一),59090173,吳*,備取,國立臺北商業大學,國立臺北商業大學國際商務系(臺北校區),原校系/本校留任,1,國立臺北商業大學國際商務系(臺北校區)
1043,115,114004,國立臺北商業大學 國際商務系(一),52090386,吳*澔,備取,—,—,未分發/放棄,2,國立臺北商業大學國際商務系(臺北校區); 國立臺灣海洋大學航運管理學系
1044,115,114004,國立臺北商業大學 國際商務系(一),57090864,吳*縈,備取,中原大學,中原大學會計學系,其他學校錄取,3,國立臺北商業大學國際商務系(臺北校區); 國立高雄科技大學金融系; 中原大學會計學系
1045,115,114004,國立臺北商業大學 國際商務系(一),57090617,林*橙,正取,臺北醫學大學,臺北醫學大學醫務管理學系,其他學校錄取,4,國立臺北商業大學國際商務系(臺北校區); 國立臺北護理健康大學生死與健康心理諮商系; 國立臺北商業大學財政稅務系(臺北校區); 臺北醫學大學醫務管理學系
1046,115,114004,國立臺北商業大學 國際商務系(一),74530017,陳*熙,備取,—,—,未分發/放棄,1,國立臺北商業大學國際商務系(臺北校區)
1047,115,114004,國立臺北商業大學 國際商務系(一),68090392,葵*郁,備取,國立高雄科技大學,國立高雄科技大學金融系,其他學校錄取,3,國立臺北商業大學國際商務系(臺北校區); 國立雲林科技大學企業管理系; 國立高雄科技大學金融系
1048,115,114004,國立臺北商業大學 國際商務系(一),64090473,謝*永,備取,國立臺中科技大學,國立臺中科技大學財務金融系,其他學校錄取,5,國立臺北商業大學國際商務系(臺北校區); 國立高雄科技大學航運管理系; 國立臺中科技大學財務金融系; 逢甲大學國際經營與貿易學系; 逢甲大學財務金融學系
1049,115,114004,國立臺北商業大學 國際商務系(一),67090252,陳*謙,備取,—,—,未分發/放棄,2,國立臺北商業大學國際商務系(臺北校區); 國立雲林科技大學國際管理學士學位學程
1050,115,114004,國立臺北商業大學 國際商務系(一),53090070,*女,備取,—,—,未分發/放棄,3,國立臺北商業大學國際商務系(臺北校區); 國立高雄科技大學財政稅務系; 國立臺中科技大學財務金融系
1051,115,114004,國立臺北商業大學 國際商務系(一),70090410,陳*諺,備取,—,—,未分發/放棄,1,國立臺北商業大學國際商務系(臺北校區)
1052,115,114004,國立臺北商業大學 國際商務系(一),57090876,林*豪,正取,中原大學,中原大學會計學系,其他學校錄取,3,國立臺北商業大學國際商務系(臺北校區); 中原大學國際經營與貿易學系; 中原大學會計學系
1053,115,114004,國立臺北商業大學 國際商務系(一),52090685,陳*威,正取,國立臺北商業大學,國立臺北商業大學資訊管理系(臺北校區),原校系/本校留任,4,國立臺北商業大學國際商務系(臺北校區); 國立臺北科技大學經營管理系; 國立臺北商業大學資訊管理系(臺北校區); 致理科技大學國際貿易系
1054,115,114004,國立臺北商業大學 國際商務系(一),58540006,趙*芦,正取,—,—,未分發/放棄,3,國立臺北商業大學國際商務系(臺北校區); 國立雲林科技大學國際管理學士學位學程; 國立高雄科技大學國際企業系
1055,115,114004,國立臺北商業大學 國際商務系(一),78090010,陳*毅,備取,國立臺北商業大學,國立臺北商業大學國際商務系(臺北校區),原校系/本校留任,5,國立臺北商業大學國際商務系(臺北校區); 國立雲林科技大學企業管理系; 國立臺中科技大學財務金融系; 國立臺北商業大學企業管理系(臺北校區); 國立臺北商業大學資訊管理系(臺北校區)
1056,115,114004,國立臺北商業大學 國際商務系(一),78090006,林*,正取,國立臺北商業大學,國立臺北商業大學資訊管理系(臺北校區),原校系/本校留任,6,國立臺北商業大學國際商務系(臺北校區); 國立臺北科技大學經營管理系; 國立臺北科技大學資訊與財金管理系; 國立臺北商業大學資訊管理系(臺北校區); 朝陽科技大學企業管理系; 致理科技大學資訊管理系
1057,115,114004,國立臺北商業大學 國際商務系(一),78090018,陳*錤,備取,國立臺中科技大學,國立臺中科技大學國際貿易與經營系,其他學校錄取,5,國立臺北商業大學國際商務系(臺北校區); 國立臺北科技大學經營管理系; 國立臺中科技大學國際貿易與經營系; 致理科技大學應用英語系; 實踐大學風險管理與保險學系(臺北校區)
1058,115,114004,國立臺北商業大學 國際商務系(一),65090148,吳*永,備取,國立臺北商業大學,國立臺北商業大學國際商務系(臺北校區),原校系/本校留任,4,國立臺北商業大學國際商務系(臺北校區); 國立雲林科技大學工業工程與管理系; 國立臺灣海洋大學航運管理學系; 國立臺灣海洋大學海洋經營管理學士學位學程
1059,115,114004,國立臺北商業大學 國際商務系(一),61091438,龍*,正取,國立雲林科技大學,國立雲林科技大學財務金融系,其他學校錄取,5,國立臺北商業大學國際商務系(臺北校區); 國立雲林科技大學企業管理系; 國立雲林科技大學財務金融系; 國立屏東科技大學財務金融國際學士學位學程; 國立高雄科技大學金融系
1060,115,114004,國立臺北商業大學 國際商務系(一),51090082,李*臻,備取,國立臺灣科技大學,國立臺灣科技大學企業管理系,其他學校錄取,4,國立臺北商業大學國際商務系(臺北校區); 國立臺灣科技大學企業管理系; 國立臺北科技大學經營管理系; 國立臺北商業大學財政稅務系(臺北校區)
1061,115,114004,國立臺北商業大學 國際商務系(一),56090384,張*奕,備取,—,—,未分發/放棄,2,國立臺北商業大學國際商務系(臺北校區); 國立臺中科技大學財務金融系
1062,115,114004,國立臺北商業大學 國際商務系(一),57090169,吳*瑜,正取,中原大學,中原大學國際經營與貿易學系,其他學校錄取,4,國立臺北商業大學國際商務系(臺北校區); 國立臺中科技大學國際貿易與經營系; 中原大學國際經營與貿易學系; 中原大學會計學系
1063,115,114004,國立臺北商業大學 國際商務系(一),57090731,*瑄,備取,國立臺北科技大學,國立臺北科技大學經營管理系,其他學校錄取,4,國立臺北商業大學國際商務系(臺北校區); 國立雲林科技大學國際管理學士學位學程; 國立臺北科技大學經營管理系; 國立臺北商業大學財政稅務系(臺北校區)
1064,115,114004,國立臺北商業大學 國際商務系(一),57090835,陳*,正取,國立臺灣科技大學,國立臺灣科技大學企業管理系,其他學校錄取,5,國立臺北商業大學國際商務系(臺北校區); 國立臺灣科技大學企業管理系; 國立臺北科技大學經營管理系; 國立彰化師範大學財務金融技術學系; 中原大學國際經營與貿易學系
1065,115,114004,國立臺北商業大學 國際商務系(一),57090865,*琪,備取,國立臺北科技大學,國立臺北科技大學經營管理系,其他學校錄取,5,國立臺北商業大學國際商務系(臺北校區); 國立雲林科技大學企業管理系; 國立雲林科技大學財務金融系; 國立臺北科技大學工業工程與管理系; 國立臺北科技大學經營管理系
1066,115,114004,國立臺北商業大學 國際商務系(一),58090093,黄*芮,備取,—,—,未分發/放棄,2,國立臺北商業大學國際商務系(臺北校區); 中原大學國際經營與貿易學系
1067,115,114004,國立臺北商業大學 國際商務系(一),58090137,張*婷,正取,國立臺北科技大學,國立臺北科技大學工業工程與管理系,其他學校錄取,4,國立臺北商業大學國際商務系(臺北校區); 國立臺灣科技大學企業管理系; 國立臺北科技大學工業工程與管理系; 國立臺北科技大學經營管理系
1068,115,114004,國立臺北商業大學 國際商務系(一),58090177,管*永,正取,國立臺北科技大學,國立臺北科技大學經營管理系,其他學校錄取,6,國立臺北商業大學國際商務系(臺北校區); 國立臺灣科技大學企業管理系; 國立臺北科技大學經營管理系; 國立臺北科技大學資訊與財金管理系; 國立臺北商業大學財務金融系(臺北校區); 國立臺北商業大學企業管理系(臺北校區)
1069,115,114004,國立臺北商業大學 國際商務系(一),58090225,陳*穎,備取,—,—,未分發/放棄,2,國立臺北商業大學國際商務系(臺北校區); 國立雲林科技大學企業管理系
1070,115,114004,國立臺北商業大學 國際商務系(一),58090532,郭*妤,正取,逢甲大學,逢甲大學工業工程與系統管理學系,其他學校錄取,4,國立臺北商業大學國際商務系(臺北校區); 國立臺中科技大學資訊工程系; 中原大學會計學系; 逢甲大學工業工程與系統管理學系
1071,115,114004,國立臺北商業大學 國際商務系(一),59090130,何*,備取,國立臺北商業大學,國立臺北商業大學會計資訊系(臺北校區),原校系/本校留任,4,國立臺北商業大學國際商務系(臺北校區); 國立雲林科技大學會計系; 國立臺中科技大學財務金融系; 國立臺北商業大學會計資訊系(臺北校區)
1072,115,114004,國立臺北商業大學 國際商務系(一),61090022,—,備取,—,—,未分發/放棄,1,國立臺北商業大學國際商務系(臺北校區)
1073,115,114004,國立臺北商業大學 國際商務系(一),61091127,*之,正取,國立彰化師範大學,國立彰化師範大學財務金融技術學系,其他學校錄取,2,國立臺北商業大學國際商務系(臺北校區); 國立彰化師範大學財務金融技術學系
1074,115,114004,國立臺北商業大學 國際商務系(一),61091223,—,備取,國立臺北科技大學,國立臺北科技大學資訊與財金管理系,其他學校錄取,6,國立臺北商業大學國際商務系(臺北校區); 國立臺灣科技大學企業管理系; 國立雲林科技大學財務金融系; 國立臺北科技大學經營管理系; 國立臺北科技大學資訊與財金管理系; 國立臺北商業大學財務金融系(臺北校區)
1075,115,114004,國立臺北商業大學 國際商務系(一),64090399,徐*洧,備取,—,—,未分發/放棄,5,國立臺北商業大學國際商務系(臺北校區); 國立雲林科技大學工業工程與管理系; 國立高雄科技大學工業工程與管理系; 國立高雄科技大學國際企業系; 國立高雄科技大學資訊管理系
1076,115,114004,國立臺北商業大學 國際商務系(一),64090514,*菁,正取,國立雲林科技大學,國立雲林科技大學財務金融系,其他學校錄取,4,國立臺北商業大學國際商務系(臺北校區); 國立雲林科技大學企業管理系; 國立雲林科技大學財務金融系; 國立臺北商業大學資訊管理系(臺北校區)
1077,115,114004,國立臺北商業大學 國際商務系(一),66090018,楊*蓓,備取,國立臺灣科技大學,國立臺灣科技大學企業管理系,其他學校錄取,5,國立臺北商業大學國際商務系(臺北校區); 國立臺灣科技大學企業管理系; 國立臺灣科技大學資訊管理系; 國立臺北科技大學經營管理系; 國立臺北科技大學資訊與財金管理系
1078,115,114004,國立臺北商業大學 國際商務系(一),68090366,*芳,正取,國立高雄科技大學,國立高雄科技大學金融系,其他學校錄取,6,國立臺北商業大學國際商務系(臺北校區); 國立雲林科技大學企業管理系; 國立高雄科技大學企業管理系; 國立高雄科技大學風險管理與保險系; 國立高雄科技大學金融系; 國立臺中科技大學財務金融系
1079,115,114004,國立臺北商業大學 國際商務系(一),68090538,翁*瑄,正取,國立臺北科技大學,國立臺北科技大學工業工程與管理系,其他學校錄取,5,國立臺北商業大學國際商務系(臺北校區); 國立雲林科技大學企業管理系; 國立臺北科技大學工業工程與管理系; 國立臺北科技大學經營管理系; 國立臺北商業大學企業管理系(臺北校區)
1080,115,114004,國立臺北商業大學 國際商務系(一),68090589,鄭*,備取,—,—,未分發/放棄,1,國立臺北商業大學國際商務系(臺北校區)
1081,115,114004,國立臺北商業大學 國際商務系(一),68090618,許*喆,備取,—,—,未分發/放棄,6,國立臺北商業大學國際商務系(臺北校區); 國立臺灣科技大學企業管理系; 國立雲林科技大學資訊管理系; 國立臺北科技大學經營管理系; 國立臺北科技大學資訊與財金管理系; 國立臺北商業大學資訊管理系(臺北校區)
1082,115,114004,國立臺北商業大學 國際商務系(一),68530064,李*庭,備取,國立高雄科技大學,國立高雄科技大學工業工程與管理系,其他學校錄取,3,國立臺北商業大學國際商務系(臺北校區); 國立高雄科技大學工業工程與管理系; 國立高雄科技大學資訊管理系
1083,115,114005,國立臺北商業大學 國際商務系(二),57530049,黄*,正取,國立勤益科技大學,國立勤益科技大學人工智慧應用工程系,其他學校錄取,6,國立臺北商業大學國際商務系(臺北校區); 國立高雄科技大學智慧商務系; 國立勤益科技大學人工智慧應用工程系; 國立臺中科技大學財政稅務系; 國立屏東大學商業大數據學系; 國立屏東大學資訊管理學系
1084,115,114005,國立臺北商業大學 國際商務系(二),52150213,林*如,正取,國立臺北商業大學,國立臺北商業大學國際商務系(臺北校區),原校系/本校留任,1,國立臺北商業大學國際商務系(臺北校區)
1085,115,114005,國立臺北商業大學 國際商務系(二),52150029,仲*,正取,國立臺北商業大學,國立臺北商業大學應用外語系(臺北校區),原校系/本校留任,4,國立臺北商業大學國際商務系(臺北校區); 國立臺北科技大學文化事業發展系; 國立臺北護理健康大學語言治療與聽力學系; 國立臺北商業大學應用外語系(臺北校區)
1086,115,114005,國立臺北商業大學 國際商務系(二),57530060,沈*皓,正取,國立臺北科技大學,國立臺北科技大學應用英文系,其他學校錄取,5,國立臺北商業大學國際商務系(臺北校區); 國立臺北科技大學應用英文系; 國立臺北護理健康大學語言治療與聽力學系; 國立臺中科技大學國際貿易與經營系; 國立臺北商業大學應用外語系(臺北校區)
1087,115,114005,國立臺北商業大學 國際商務系(二),68150066,—,備取,國立臺北商業大學,國立臺北商業大學國際商務系(臺北校區),原校系/本校留任,4,國立臺北商業大學國際商務系(臺北校區); 國立臺北護理健康大學運動保健系; 國立臺中科技大學財務金融系; 國立臺北商業大學應用外語系(臺北校區)
1088,115,114005,國立臺北商業大學 國際商務系(二),57530025,*佑,正取,國立臺北商業大學,國立臺北商業大學國際商務系(臺北校區),原校系/本校留任,4,國立臺北商業大學國際商務系(臺北校區); 國立高雄科技大學國際企業系; 國立高雄科技大學應用英語系; 國立虎尾科技大學應用外語系
1089,115,114005,國立臺北商業大學 國際商務系(二),52150243,周*理,備取,—,—,未分發/放棄,3,國立臺北商業大學國際商務系(臺北校區); 國立臺北科技大學應用英文系; 國立臺北商業大學應用外語系(臺北校區)
1090,115,114005,國立臺北商業大學 國際商務系(二),58150148,陳*,正取,國立臺北科技大學,國立臺北科技大學應用英文系,其他學校錄取,6,國立臺北商業大學國際商務系(臺北校區); 國立臺灣科技大學應用外語系; 國立臺北科技大學應用英文系; 國立高雄科技大學國際企業系; 國立高雄科技大學應用英語系; 國立臺北商業大學應用外語系(臺北校區)
1091,115,114005,國立臺北商業大學 國際商務系(二),61150050,葵*昇,正取,國立臺北科技大學,國立臺北科技大學應用英文系,其他學校錄取,6,國立臺北商業大學國際商務系(臺北校區); 國立臺灣科技大學應用外語系; 國立雲林科技大學應用外語系; 國立臺北科技大學應用英文系; 國立臺中科技大學應用英語系; 國立臺北商業大學應用外語系(臺北校區)
1092,115,114005,國立臺北商業大學 國際商務系(二),61150167,何*庭,正取,國立臺灣科技大學,國立臺灣科技大學應用外語系,其他學校錄取,3,國立臺北商業大學國際商務系(臺北校區); 國立臺灣科技大學應用外語系; 國立臺北科技大學應用英文系
1093,115,114005,國立臺北商業大學 國際商務系(二),68530018,張*宏,備取,國立雲林科技大學,國立雲林科技大學工業工程與管理系,其他學校錄取,5,國立臺北商業大學國際商務系(臺北校區); 國立雲林科技大學工業工程與管理系; 國立臺北護理健康大學語言治療與聽力學系; 國立臺中科技大學資訊工程系; 國立臺北商業大學應用外語系(臺北校區)
