id,year,school_key,origin_dept,exam_no,name,status,dest_school,dest_dept,category
NUTC_0,113,nutc_itm,中科大 國際貿易與經營系,61091265,陳*瑄,正取,國立臺北商業大學,國立臺北商業大學國際商務系(臺北校區),其他學校錄取
NUTC_1,113,nutc_itm,中科大 國際貿易與經營系,65090431,錢*君,正取,國立高雄科技大學,國立高雄科技大學國際企業系,其他學校錄取
NUTC_2,113,nutc_itm,中科大 國際貿易與經營系,64090494,陳*儀,正取,國立臺中科技大學,國立臺中科技大學國際貿易與經營系,原校系/本校留任
NUTC_3,113,nutc_itm,中科大 國際貿易與經營系,66090093,邱*态,正取,國立臺中科技大學,國立臺中科技大學國際貿易與經營系,原校系/本校留任
NUTC_4,113,nutc_itm,中科大 國際貿易與經營系,61091157,陳*筑,正取,國立臺中教育大學,國立臺中教育大學國際企業學系,其他學校錄取
NUTC_5,113,nutc_itm,中科大 國際貿易與經營系,66090130,李*萱,正取,國立高雄科技大學,國立高雄科技大學行銷與流通管理系,其他學校錄取
NUTC_6,113,nutc_itm,中科大 國際貿易與經營系,61091500,劉*岑,正取,國立臺中科技大學,國立臺中科技大學國際貿易與經營系,原校系/本校留任
NUTC_7,113,nutc_itm,中科大 國際貿易與經營系,57090881,*媛,正取,中原大學,中原大學國際經營與貿易學系,其他學校錄取
NUTC_8,113,nutc_itm,中科大 國際貿易與經營系,67090259,黃*珊,正取,國立臺中科技大學,國立臺中科技大學國際貿易與經營系,原校系/本校留任
NUTC_9,113,nutc_itm,中科大 國際貿易與經營系,61091591,陳*臻,正取,國立臺中科技大學,國立臺中科技大學國際貿易與經營系,原校系/本校留任
NUTC_10,113,nutc_itm,中科大 國際貿易與經營系,52090453,張*妍,正取,國立臺中科技大學,國立臺中科技大學國際貿易與經營系,原校系/本校留任
NUTC_11,113,nutc_itm,中科大 國際貿易與經營系,64090559,陳*宜,正取,國立臺中科技大學,國立臺中科技大學國際貿易與經營系,原校系/本校留任
NUTC_12,113,nutc_itm,中科大 國際貿易與經營系,57090023,吳*,正取,國立臺中科技大學,國立臺中科技大學國際貿易與經營系,原校系/本校留任
NUTC_13,113,nutc_itm,中科大 國際貿易與經營系,55090339,吳*翰,正取,國立臺北商業大學,國立臺北商業大學國際商務系(臺北校區),其他學校錄取
NUTC_14,113,nutc_itm,中科大 國際貿易與經營系,64090475,粘*瑄,正取,國立臺中科技大學,國立臺中科技大學國際貿易與經營系,原校系/本校留任
NUTC_15,113,nutc_itm,中科大 國際貿易與經營系,61091583,鍾*,正取,國立臺中科技大學,國立臺中科技大學國際貿易與經營系,原校系/本校留任
NUTC_16,113,nutc_itm,中科大 國際貿易與經營系,64090096,尤*筠,正取,國立臺中科技大學,國立臺中科技大學國際貿易與經營系,原校系/本校留任
NUTC_17,113,nutc_itm,中科大 國際貿易與經營系,65090325,李*瑜,正取,國立臺中科技大學,國立臺中科技大學國際貿易與經營系,原校系/本校留任
NUTC_18,113,nutc_itm,中科大 國際貿易與經營系,66090089,林*慈,正取,國立高雄科技大學,國立高雄科技大學國際企業系,其他學校錄取
NUTC_19,113,nutc_itm,中科大 國際貿易與經營系,61091227,李*穎,正取,國立臺中科技大學,國立臺中科技大學國際貿易與經營系,原校系/本校留任
NUTC_20,113,nutc_itm,中科大 國際貿易與經營系,64090491,沈*暄,正取,國立雲林科技大學,國立雲林科技大學工業工程與管理系,其他學校錄取
NUTC_21,113,nutc_itm,中科大 國際貿易與經營系,61091725,陳*伃,正取,國立高雄科技大學,國立高雄科技大學航運管理系,其他學校錄取
NUTC_22,113,nutc_itm,中科大 國際貿易與經營系,56090518,劉*言,正取,國立虎尾科技大學,國立虎尾科技大學財務金融系,其他學校錄取
NUTC_23,113,nutc_itm,中科大 國際貿易與經營系,61090535,藍*鈺,正取,國立臺中科技大學,國立臺中科技大學國際貿易與經營系,原校系/本校留任
NUTC_24,113,nutc_itm,中科大 國際貿易與經營系,61090055,許*茜,正取,逢甲大學,逢甲大學國際經營與貿易學系,其他學校錄取
NUTC_25,113,nutc_itm,中科大 國際貿易與經營系,70090805,蕭*蓁,正取,國立高雄科技大學,國立高雄科技大學航運管理系,其他學校錄取
NUTC_26,113,nutc_itm,中科大 國際貿易與經營系,61091790,彭*熏,正取,國立臺中科技大學,國立臺中科技大學國際貿易與經營系,原校系/本校留任
NUTC_27,113,nutc_itm,中科大 國際貿易與經營系,61530114,許*茜,正取,國立臺中科技大學,國立臺中科技大學國際貿易與經營系,原校系/本校留任
NUTC_28,113,nutc_itm,中科大 國際貿易與經營系,66090249,許*綾,正取,國立高雄科技大學,國立高雄科技大學行銷與流通管理系,其他學校錄取
NUTC_29,113,nutc_itm,中科大 國際貿易與經營系,54090333,陳*涵,正取,國立臺中科技大學,國立臺中科技大學國際貿易與經營系,原校系/本校留任
NUTC_30,113,nutc_itm,中科大 國際貿易與經營系,58090373,劉*仰,正取,國立臺北護理健康大學,國立臺北護理健康大學資訊管理系,其他學校錄取
NUTC_31,113,nutc_itm,中科大 國際貿易與經營系,59090257,戴*玲,正取,國立臺中科技大學,國立臺中科技大學國際貿易與經營系,原校系/本校留任
NUTC_32,113,nutc_itm,中科大 國際貿易與經營系,61090032,馬*,正取,國立臺中科技大學,國立臺中科技大學國際貿易與經營系,原校系/本校留任
NUTC_33,113,nutc_itm,中科大 國際貿易與經營系,64090507,楊*雅,正取,逢甲大學,逢甲大學國際經營與貿易學系,其他學校錄取
NUTC_34,113,nutc_itm,中科大 國際貿易與經營系,64090060,張*庭,正取,國立臺中科技大學,國立臺中科技大學國際貿易與經營系,原校系/本校留任
NUTC_35,113,nutc_itm,中科大 國際貿易與經營系,64090082,陳*妤,正取,國立臺中科技大學,國立臺中科技大學國際貿易與經營系,原校系/本校留任
NUTC_36,113,nutc_itm,中科大 國際貿易與經營系,65090142,楊*晴,正取,國立臺中科技大學,國立臺中科技大學國際貿易與經營系,原校系/本校留任
NUTC_37,113,nutc_itm,中科大 國際貿易與經營系,52090802,陳*态,正取,國立臺北護理健康大學,國立臺北護理健康大學健康事業管理系,其他學校錄取
NUTC_38,113,nutc_itm,中科大 國際貿易與經營系,65090429,陳*妤,正取,國立臺中科技大學,國立臺中科技大學國際貿易與經營系,原校系/本校留任
NUTC_39,113,nutc_itm,中科大 國際貿易與經營系,65090425,蕭*宴,正取,國立臺中科技大學,國立臺中科技大學國際貿易與經營系,原校系/本校留任
NUTC_40,113,nutc_itm,中科大 國際貿易與經營系,69530005,—,正取,國立臺中科技大學,國立臺中科技大學國際貿易與經營系,原校系/本校留任
NUTC_41,113,nutc_itm,中科大 國際貿易與經營系,61090612,傅*态,正取,國立臺中科技大學,國立臺中科技大學國際貿易與經營系,原校系/本校留任
NUTC_42,113,nutc_itm,中科大 國際貿易與經營系,61090672,柯*璇,正取,國立臺中科技大學,國立臺中科技大學國際貿易與經營系,原校系/本校留任
NUTC_43,113,nutc_itm,中科大 國際貿易與經營系,61091143,陳*涵,正取,國立高雄科技大學,國立高雄科技大學行銷與流通管理系,其他學校錄取
NUTC_44,113,nutc_itm,中科大 國際貿易與經營系,58090033,劉*言,正取,國立高雄科技大學,國立高雄科技大學航運管理系,其他學校錄取
NUTC_45,113,nutc_itm,中科大 國際貿易與經營系,65090226,李*庭,正取,國立臺中科技大學,國立臺中科技大學國際貿易與經營系,原校系/本校留任
NUTC_46,113,nutc_itm,中科大 國際貿易與經營系,64090483,賴*郁,正取,國立臺中科技大學,國立臺中科技大學國際貿易與經營系,原校系/本校留任
NUTC_47,113,nutc_itm,中科大 國際貿易與經營系,61090092,洪*芫,正取,國立臺中科技大學,國立臺中科技大學國際貿易與經營系,原校系/本校留任
NUTC_48,113,nutc_itm,中科大 國際貿易與經營系,61090689,林*筠,正取,國立臺中科技大學,國立臺中科技大學國際貿易與經營系,原校系/本校留任
NUTC_49,113,nutc_itm,中科大 國際貿易與經營系,61090667,簡*靜,正取,國立臺中科技大學,國立臺中科技大學國際貿易與經營系,原校系/本校留任
NUTC_50,113,nutc_itm,中科大 國際貿易與經營系,57090533,梁*樂,正取,國立臺中科技大學,國立臺中科技大學國際貿易與經營系,原校系/本校留任
NUTC_51,113,nutc_itm,中科大 國際貿易與經營系,74090094,何*蕎,正取,國立臺中科技大學,國立臺中科技大學國際貿易與經營系,原校系/本校留任
NUTC_52,113,nutc_itm,中科大 國際貿易與經營系,75090093,楊*揚,正取,國立臺中科技大學,國立臺中科技大學國際貿易與經營系,原校系/本校留任
NUTC_53,113,nutc_itm,中科大 國際貿易與經營系,75090049,陳*儒,正取,國立臺中科技大學,國立臺中科技大學國際貿易與經營系,原校系/本校留任
NUTC_54,113,nutc_itm,中科大 國際貿易與經營系,57090521,衛*諠,正取,國立臺中科技大學,國立臺中科技大學國際貿易與經營系,原校系/本校留任
NUTC_55,113,nutc_itm,中科大 國際貿易與經營系,68090689,林*,備取1,國立臺中科技大學,國立臺中科技大學國際貿易與經營系,原校系/本校留任
NUTC_56,113,nutc_itm,中科大 國際貿易與經營系,71090258,楊*蓁,備取2,國立高雄科技大學,國立高雄科技大學運籌管理系,其他學校錄取
NUTC_57,113,nutc_itm,中科大 國際貿易與經營系,64090515,黃*穎,備取3,國立高雄科技大學,國立高雄科技大學運籌管理系,其他學校錄取
NUTC_58,113,nutc_itm,中科大 國際貿易與經營系,55090125,李*侑,備取4,—,—,未分發/放棄
NUTC_59,113,nutc_itm,中科大 國際貿易與經營系,61090312,黃*,備取5,國立高雄科技大學,國立高雄科技大學航運管理系,其他學校錄取
NUTC_60,113,nutc_itm,中科大 國際貿易與經營系,57090943,莊*菱,備取6,中原大學,中原大學會計學系,其他學校錄取
NUTC_61,113,nutc_itm,中科大 國際貿易與經營系,57090055,吳*瑋,備取7,國立臺北護理健康大學,國立臺北護理健康大學健康事業管理系,其他學校錄取
NUTC_62,113,nutc_itm,中科大 國際貿易與經營系,55090077,陳*心,備取8,國立臺中科技大學,國立臺中科技大學國際貿易與經營系,原校系/本校留任
NUTC_63,113,nutc_itm,中科大 國際貿易與經營系,70090565,柴*倩,備取9,國立高雄科技大學,國立高雄科技大學金融資訊系,其他學校錄取
NUTC_64,113,nutc_itm,中科大 國際貿易與經營系,64090403,*伶,備取10,國立臺中科技大學,國立臺中科技大學國際貿易與經營系,原校系/本校留任
NUTC_65,113,nutc_itm,中科大 國際貿易與經營系,65090095,黃*筑,備取11,國立臺中科技大學,國立臺中科技大學國際貿易與經營系,原校系/本校留任
NUTC_66,113,nutc_itm,中科大 國際貿易與經營系,57090621,許*瑜,備取12,中原大學,中原大學國際經營與貿易學系,其他學校錄取
NUTC_67,113,nutc_itm,中科大 國際貿易與經營系,66090237,孫*涵,備取13,國立高雄科技大學,國立高雄科技大學航運管理系,其他學校錄取
NUTC_68,113,nutc_itm,中科大 國際貿易與經營系,56090205,吳*涵,備取14,國立臺中科技大學,國立臺中科技大學國際貿易與經營系,原校系/本校留任
NUTC_69,113,nutc_itm,中科大 國際貿易與經營系,70090285,鄭*易,備取15,國立臺中科技大學,國立臺中科技大學國際貿易與經營系,原校系/本校留任
NUTC_70,113,nutc_itm,中科大 國際貿易與經營系,58090081,吳*态,備取16,國立臺中科技大學,國立臺中科技大學國際貿易與經營系,原校系/本校留任
NUTC_71,113,nutc_itm,中科大 國際貿易與經營系,56090046,鄭*涵,備取17,國立臺中科技大學,國立臺中科技大學國際貿易與經營系,原校系/本校留任
NUTC_72,113,nutc_itm,中科大 國際貿易與經營系,57090995,謝*慧,備取18,國立臺中科技大學,國立臺中科技大學國際貿易與經營系,原校系/本校留任
NUTC_73,113,nutc_itm,中科大 國際貿易與經營系,59090443,*祺褀,備取19,逢甲大學,逢甲大學國際經營與貿易學系,其他學校錄取
NUTC_74,113,nutc_itm,中科大 國際貿易與經營系,57090037,黃*睿,備取20,國立臺中科技大學,國立臺中科技大學國際貿易與經營系,原校系/本校留任
NUTC_75,113,nutc_itm,中科大 國際貿易與經營系,61091555,劉*得,備取21,國立臺中科技大學,國立臺中科技大學國際貿易與經營系,原校系/本校留任
NUTC_76,113,nutc_itm,中科大 國際貿易與經營系,64090319,潘*安,備取22,國立雲林科技大學,國立雲林科技大學文化資產維護系,其他學校錄取
NUTC_77,113,nutc_itm,中科大 國際貿易與經營系,56090342,邱*涵,備取23,國立臺北護理健康大學,國立臺北護理健康大學健康事業管理系,其他學校錄取
NUTC_78,113,nutc_itm,中科大 國際貿易與經營系,70090473,楊*婕,備取24,國立臺中科技大學,國立臺中科技大學國際貿易與經營系,原校系/本校留任
NUTC_79,113,nutc_itm,中科大 國際貿易與經營系,74090189,林*丞,備取25,國立臺中科技大學,國立臺中科技大學國際貿易與經營系,原校系/本校留任
NUTC_80,113,nutc_itm,中科大 國際貿易與經營系,62090106,洪*馨,備取26,國立臺中科技大學,國立臺中科技大學國際貿易與經營系,原校系/本校留任
NUTC_81,113,nutc_itm,中科大 國際貿易與經營系,68090086,魏*綺,備取27,國立高雄科技大學,國立高雄科技大學行銷與流通管理系,其他學校錄取
NUTC_82,113,nutc_itm,中科大 國際貿易與經營系,65090031,吳*丞,備取28,國立臺中科技大學,國立臺中科技大學國際貿易與經營系,原校系/本校留任
NUTC_83,113,nutc_itm,中科大 國際貿易與經營系,65090345,*睿,備取29,國立臺中科技大學,國立臺中科技大學國際貿易與經營系,原校系/本校留任
NUTC_84,113,nutc_itm,中科大 國際貿易與經營系,58090313,胡*銓,備取30,國立臺中科技大學,國立臺中科技大學國際貿易與經營系,原校系/本校留任
NUTC_85,113,nutc_itm,中科大 國際貿易與經營系,57091073,劉*丞,備取31,國立臺中科技大學,國立臺中科技大學國際貿易與經營系,原校系/本校留任
NUTC_86,113,nutc_itm,中科大 國際貿易與經營系,55090113,*綸,備取32,國立高雄科技大學,國立高雄科技大學金融資訊系,其他學校錄取
NUTC_87,113,nutc_itm,中科大 國際貿易與經營系,70090245,吳*萱,備取33,—,—,未分發/放棄
NUTC_88,113,nutc_itm,中科大 國際貿易與經營系,51090020,黃*霆,備取34,國立高雄科技大學,國立高雄科技大學行銷與流通管理系,其他學校錄取
NUTC_89,113,nutc_itm,中科大 國際貿易與經營系,68090189,施*育,備取35,國立高雄科技大學,國立高雄科技大學人力資源發展系,其他學校錄取
NUTC_90,113,nutc_itm,中科大 國際貿易與經營系,57090937,鍾*庭,備取36,國立臺北商業大學,國立臺北商業大學數位多媒體設計系(桃園校區),其他學校錄取
NUTC_91,113,nutc_itm,中科大 國際貿易與經營系,58090141,𨭐*真,備取37,國立高雄科技大學,國立高雄科技大學智慧商務系,其他學校錄取
NUTC_92,113,nutc_itm,中科大 國際貿易與經營系,55090093,李*婷,備取38,銘傳大學,銘傳大學國際企業學系(台北校區),其他學校錄取
NUTC_93,113,nutc_itm,中科大 國際貿易與經營系,68530007,李*,備取39,—,—,未分發/放棄
NUTC_94,113,nutc_itm,中科大 國際貿易與經營系,61090525,*臻,備取40,—,—,未分發/放棄
NUTC_95,113,nutc_itm,中科大 國際貿易與經營系,57090035,林*盲,備取41,—,—,未分發/放棄
NUTC_96,113,nutc_itm,中科大 國際貿易與經營系,61090100,陳*,備取42,國立勤益科技大學,國立勤益科技大學流通管理系,其他學校錄取
NUTC_97,113,nutc_itm,中科大 國際貿易與經營系,58090269,廖*閔,備取43,國立高雄科技大學,國立高雄科技大學行銷與流通管理系,其他學校錄取
NUTC_98,113,nutc_itm,中科大 國際貿易與經營系,57090514,鄒*庭,備取44,國立勤益科技大學,國立勤益科技大學健康產業科技研發與管理系,其他學校錄取
NUTC_99,113,nutc_itm,中科大 國際貿易與經營系,71090318,陳*美,備取45,—,—,未分發/放棄
NUTC_100,113,nutc_itm,中科大 國際貿易與經營系,52090878,吳*璇,備取46,銘傳大學,銘傳大學企業管理學系(台北校區),其他學校錄取
NUTC_101,113,nutc_itm,中科大 國際貿易與經營系,68090257,施*,備取2,國立高雄科技大學,國立高雄科技大學供應鏈管理系,其他學校錄取
NUTC_102,113,nutc_itm,中科大 國際貿易與經營系,56090296,林*,備取3,國立澎湖科技大學,國立澎湖科技大學行銷與物流管理系,其他學校錄取
NUTC_103,113,nutc_itm,中科大 國際貿易與經營系,68090333,*期,備取4,—,—,未分發/放棄
NUTC_104,113,nutc_itm,中科大 國際貿易與經營系,52090226,陳*伶,正取,中原大學,中原大學國際經營與貿易學系,其他學校錄取
NUTC_105,113,nutc_itm,中科大 國際貿易與經營系,56530019,詹*睿,正取,—,—,未分發/放棄
NUTC_106,113,nutc_itm,中科大 國際貿易與經營系,57090525,鄭*彤,正取,國立高雄科技大學,國立高雄科技大學工業工程與管理系,其他學校錄取
NUTC_107,113,nutc_itm,中科大 國際貿易與經營系,57090618,劉*翎,正取,—,—,未分發/放棄
NUTC_108,113,nutc_itm,中科大 國際貿易與經營系,57090633,黎*君,正取,逢甲大學,逢甲大學會計學系,其他學校錄取
NUTC_109,113,nutc_itm,中科大 國際貿易與經營系,57090705,范*希,正取,中原大學,中原大學會計學系,其他學校錄取
NUTC_110,113,nutc_itm,中科大 國際貿易與經營系,57090781,間*琦,正取,—,—,未分發/放棄
NUTC_111,113,nutc_itm,中科大 國際貿易與經營系,58090073,徐*,正取,—,—,未分發/放棄
NUTC_112,113,nutc_itm,中科大 國際貿易與經營系,58090089,賴*廷,正取,中原大學,中原大學國際經營與貿易學系,其他學校錄取
NUTC_113,113,nutc_itm,中科大 國際貿易與經營系,58090533,張*勻,正取,—,—,未分發/放棄
NUTC_114,113,nutc_itm,中科大 國際貿易與經營系,59090020,劉*婕,正取,—,—,未分發/放棄
NUTC_115,113,nutc_itm,中科大 國際貿易與經營系,59090049,陳*慈,正取,國立臺北商業大學,國立臺北商業大學國際商務系(臺北校區),其他學校錄取
NUTC_116,113,nutc_itm,中科大 國際貿易與經營系,59090050,温*博,正取,—,—,未分發/放棄
NUTC_117,113,nutc_itm,中科大 國際貿易與經營系,60090171,金*善,正取,—,—,未分發/放棄
NUTC_118,113,nutc_itm,中科大 國際貿易與經營系,61090054,吳*大,正取,國立臺北商業大學,國立臺北商業大學國際商務系(臺北校區),其他學校錄取
NUTC_119,113,nutc_itm,中科大 國際貿易與經營系,61091263,吳*婷,正取,國立臺北商業大學,國立臺北商業大學國際商務系(臺北校區),其他學校錄取
NUTC_120,113,nutc_itm,中科大 國際貿易與經營系,61091415,吳*妤,正取,國立高雄科技大學,國立高雄科技大學國際企業系,其他學校錄取
NUTC_121,113,nutc_itm,中科大 國際貿易與經營系,61091463,林*頡,正取,國立高雄科技大學,國立高雄科技大學航運管理系,其他學校錄取
NUTC_122,113,nutc_itm,中科大 國際貿易與經營系,61091495,景*慧,正取,—,—,未分發/放棄
NUTC_123,113,nutc_itm,中科大 國際貿易與經營系,61091551,黃*妤,正取,國立雲林科技大學,國立雲林科技大學國際管理學士學位學程,其他學校錄取
NUTC_124,113,nutc_itm,中科大 國際貿易與經營系,61091559,許*态,正取,逢甲大學,逢甲大學國際經營與貿易學系,其他學校錄取
NUTC_125,113,nutc_itm,中科大 國際貿易與經營系,61091587,蘇*婷,正取,國立高雄科技大學,國立高雄科技大學金融系,其他學校錄取
NUTC_126,113,nutc_itm,中科大 國際貿易與經營系,61091645,游*宇,正取,國立高雄科技大學,國立高雄科技大學航運管理系,其他學校錄取
NUTC_127,113,nutc_itm,中科大 國際貿易與經營系,61091677,魏*蓓,正取,國立高雄科技大學,國立高雄科技大學航運管理系,其他學校錄取
NUTC_128,113,nutc_itm,中科大 國際貿易與經營系,61091721,陳*嫻,正取,—,—,未分發/放棄
NUTC_129,113,nutc_itm,中科大 國際貿易與經營系,61091741,陳*樺,正取,—,—,未分發/放棄
NUTC_130,113,nutc_itm,中科大 國際貿易與經營系,62090086,蘇*方,正取,—,—,未分發/放棄
NUTC_131,113,nutc_itm,中科大 國際貿易與經營系,64090004,林*态,正取,國立高雄科技大學,國立高雄科技大學航運管理系,其他學校錄取
NUTC_132,113,nutc_itm,中科大 國際貿易與經營系,64090108,*赫,正取,—,—,未分發/放棄
NUTC_133,113,nutc_itm,中科大 國際貿易與經營系,64090160,沈*茜,正取,逢甲大學,逢甲大學國際經營與貿易學系,其他學校錄取
NUTC_134,113,nutc_itm,中科大 國際貿易與經營系,64090203,詹*銘,正取,—,—,未分發/放棄
NUTC_135,113,nutc_itm,中科大 國際貿易與經營系,64090249,張*皓,正取,—,—,未分發/放棄
NUTC_136,113,nutc_itm,中科大 國際貿易與經營系,64090251,宋*琪,正取,—,—,未分發/放棄
NUTC_137,113,nutc_itm,中科大 國際貿易與經營系,64090343,李*瑄,正取,國立高雄科技大學,國立高雄科技大學航運管理系,其他學校錄取
NUTC_138,113,nutc_itm,中科大 國際貿易與經營系,64090387,林*妤,正取,國立高雄科技大學,國立高雄科技大學國際企業系,其他學校錄取
NUTC_139,113,nutc_itm,中科大 國際貿易與經營系,64090467,劉*倫,正取,國立高雄科技大學,國立高雄科技大學國際企業系,其他學校錄取
NUTC_140,113,nutc_itm,中科大 國際貿易與經營系,64090487,謝*哲,正取,國立高雄科技大學,國立高雄科技大學國際企業系,其他學校錄取
NUTC_141,113,nutc_itm,中科大 國際貿易與經營系,64090523,*廷,正取,國立高雄科技大學,國立高雄科技大學國際企業系,其他學校錄取
NUTC_142,113,nutc_itm,中科大 國際貿易與經營系,64090571,何*真,正取,國立高雄科技大學,國立高雄科技大學運籌管理系,其他學校錄取
NUTC_143,113,nutc_itm,中科大 國際貿易與經營系,65090019,陳*豪,正取,—,—,未分發/放棄
NUTC_144,113,nutc_itm,中科大 國際貿易與經營系,65090217,陳*甄,正取,—,—,未分發/放棄
NUTC_145,113,nutc_itm,中科大 國際貿易與經營系,65090238,洪*,正取,—,—,未分發/放棄
NUTC_146,113,nutc_itm,中科大 國際貿易與經營系,65090446,林*妤,正取,國立高雄科技大學,國立高雄科技大學運籌管理系,其他學校錄取
NUTC_147,113,nutc_itm,中科大 國際貿易與經營系,65090459,吳*,正取,—,—,未分發/放棄
NUTC_148,113,nutc_itm,中科大 國際貿易與經營系,66090149,張*瑄,正取,國立高雄科技大學,國立高雄科技大學航運管理系,其他學校錄取
NUTC_149,113,nutc_itm,中科大 國際貿易與經營系,66090233,林*有,正取,逢甲大學,逢甲大學國際經營與貿易學系,其他學校錄取
NUTC_150,113,nutc_itm,中科大 國際貿易與經營系,67090119,楊*絜,正取,—,—,未分發/放棄
NUTC_151,113,nutc_itm,中科大 國際貿易與經營系,67090123,楊*,正取,國立高雄科技大學,國立高雄科技大學國際企業系,其他學校錄取
NUTC_152,113,nutc_itm,中科大 國際貿易與經營系,67090205,陳*薋,正取,—,—,未分發/放棄
NUTC_153,113,nutc_itm,中科大 國際貿易與經營系,67090251,黃*,正取,中原大學,中原大學國際經營與貿易學系,其他學校錄取
NUTC_154,113,nutc_itm,中科大 國際貿易與經營系,67090279,吳*,正取,國立高雄科技大學,國立高雄科技大學行銷與流通管理系,其他學校錄取
NUTC_155,113,nutc_itm,中科大 國際貿易與經營系,67090438,郭*婷,正取,—,—,未分發/放棄
NUTC_156,113,nutc_itm,中科大 國際貿易與經營系,68090146,楊*晴,正取,致理科技大學,致理科技大學國際貿易系,其他學校錄取
NUTC_157,113,nutc_itm,中科大 國際貿易與經營系,68090501,李*逸,正取,國立高雄科技大學,國立高雄科技大學風險管理與保險系,其他學校錄取
NUTC_158,113,nutc_itm,中科大 國際貿易與經營系,69530002,余*瑜,正取,國立高雄科技大學,國立高雄科技大學應用日語系,其他學校錄取
NUTC_159,113,nutc_itm,中科大 國際貿易與經營系,70090434,陳*宏,正取,國立高雄科技大學,國立高雄科技大學國際企業系,其他學校錄取
NUTC_160,113,nutc_itm,中科大 國際貿易與經營系,70090657,童*婷,正取,—,—,未分發/放棄
NUTC_161,113,nutc_itm,中科大 國際貿易與經營系,70090797,喻*儒,正取,—,—,未分發/放棄
NUTC_162,113,nutc_itm,中科大 國際貿易與經營系,74090001,黃*伶,正取,—,—,未分發/放棄
NUTC_163,113,nutc_itm,中科大 國際貿易與經營系,56530023,廖*彤,正取,國立臺中科技大學,國立臺中科技大學國際貿易與經營系,原校系/本校留任
NUTC_164,113,nutc_itm,中科大 國際貿易與經營系,58150033,羅*馨,正取,國立臺北護理健康大學,國立臺北護理健康大學語言治療與聽力學系,其他學校錄取
NUTC_165,113,nutc_itm,中科大 國際貿易與經營系,56530012,李*瑜,正取,國立雲林科技大學,國立雲林科技大學企業管理系,其他學校錄取
NUTC_166,113,nutc_itm,中科大 國際貿易與經營系,58150029,謝*芳,正取,國立臺北科技大學,國立臺北科技大學文化事業發展系,其他學校錄取
NUTC_167,113,nutc_itm,中科大 國際貿易與經營系,58150097,李*緣,正取,—,—,未分發/放棄
NUTC_168,113,nutc_itm,中科大 國際貿易與經營系,58539901,李*儒,正取,—,—,未分發/放棄
NUTC_169,113,nutc_itm,中科大 國際貿易與經營系,61150237,*琪,正取,—,—,未分發/放棄
NUTC_170,113,nutc_itm,中科大 國際貿易與經營系,61150264,林*萱,正取,國立高雄科技大學,國立高雄科技大學航運管理系,其他學校錄取
NUTC_171,113,nutc_itm,中科大 國際貿易與經營系,68150057,蘇*璇,正取,國立雲林科技大學,國立雲林科技大學應用外語系,其他學校錄取
NUTC_2458,114,nutc_itm,中科大 國際貿易與經營系,74530010,劉*滎,正取,國立臺北商業大學,國立臺北商業大學國際商務系(臺北校區),其他學校錄取
NUTC_2459,114,nutc_itm,中科大 國際貿易與經營系,56090348,林*軒,正取,國立臺中科技大學,國立臺中科技大學國際貿易與經營系,原校系/本校留任
NUTC_2460,114,nutc_itm,中科大 國際貿易與經營系,65530001,曹*珊,正取,國立臺中科技大學,國立臺中科技大學國際貿易與經營系,原校系/本校留任
NUTC_2461,114,nutc_itm,中科大 國際貿易與經營系,61090635,鄭*厶,正取,國立高雄科技大學,國立高雄科技大學國際企業系,其他學校錄取
NUTC_2462,114,nutc_itm,中科大 國際貿易與經營系,57090805,董*汝,正取,國立臺中科技大學,國立臺中科技大學國際貿易與經營系,原校系/本校留任
NUTC_2463,114,nutc_itm,中科大 國際貿易與經營系,67090231,董*璇,正取,國立高雄科技大學,國立高雄科技大學國際企業系,其他學校錄取
NUTC_2464,114,nutc_itm,中科大 國際貿易與經營系,64090495,廖*舷,正取,國立高雄科技大學,國立高雄科技大學航運管理系,其他學校錄取
NUTC_2465,114,nutc_itm,中科大 國際貿易與經營系,57090190,高*婷,正取,國立臺北商業大學,國立臺北商業大學國際商務系(臺北校區),其他學校錄取
NUTC_2466,114,nutc_itm,中科大 國際貿易與經營系,54090261,梁*筑,正取,國立臺中科技大學,國立臺中科技大學國際貿易與經營系,原校系/本校留任
NUTC_2467,114,nutc_itm,中科大 國際貿易與經營系,74530023,陳*帆,正取,國立高雄科技大學,國立高雄科技大學國際企業系,其他學校錄取
NUTC_2468,114,nutc_itm,中科大 國際貿易與經營系,67090191,吳*黛,正取,國立臺中科技大學,國立臺中科技大學國際貿易與經營系,原校系/本校留任
NUTC_2469,114,nutc_itm,中科大 國際貿易與經營系,68090693,李*寧,正取,國立高雄科技大學,國立高雄科技大學工業工程與管理系,其他學校錄取
NUTC_2470,114,nutc_itm,中科大 國際貿易與經營系,68530010,郭*,正取,國立臺中科技大學,國立臺中科技大學國際貿易與經營系,原校系/本校留任
NUTC_2471,114,nutc_itm,中科大 國際貿易與經營系,69090117,湯*勳,正取,國立臺中科技大學,國立臺中科技大學國際貿易與經營系,原校系/本校留任
NUTC_2472,114,nutc_itm,中科大 國際貿易與經營系,52090202,廖*誼,正取,國立臺北科技大學,國立臺北科技大學經營管理系,其他學校錄取
NUTC_2473,114,nutc_itm,中科大 國際貿易與經營系,56090182,黃*,正取,國立臺中科技大學,國立臺中科技大學國際貿易與經營系,原校系/本校留任
NUTC_2474,114,nutc_itm,中科大 國際貿易與經營系,61091315,邱*,正取,國立臺中科技大學,國立臺中科技大學國際貿易與經營系,原校系/本校留任
NUTC_2475,114,nutc_itm,中科大 國際貿易與經營系,63090293,林*安,正取,國立臺中科技大學,國立臺中科技大學國際貿易與經營系,原校系/本校留任
NUTC_2476,114,nutc_itm,中科大 國際貿易與經營系,57090078,張*葳,正取,中原大學,中原大學國際經營與貿易學系,其他學校錄取
NUTC_2477,114,nutc_itm,中科大 國際貿易與經營系,64090027,陳*坐,正取,逢甲大學,逢甲大學國際經營與貿易學系,其他學校錄取
NUTC_2478,114,nutc_itm,中科大 國際貿易與經營系,61091323,羅*筑,正取,逢甲大學,逢甲大學國際經營與貿易學系,其他學校錄取
NUTC_2479,114,nutc_itm,中科大 國際貿易與經營系,61091729,*坐,正取,國立高雄科技大學,國立高雄科技大學航運管理系,其他學校錄取
NUTC_2480,114,nutc_itm,中科大 國際貿易與經營系,61091603,李*翔,正取,國立高雄科技大學,國立高雄科技大學航運管理系,其他學校錄取
NUTC_2481,114,nutc_itm,中科大 國際貿易與經營系,68090705,*霓,正取,國立臺北護理健康大學,國立臺北護理健康大學健康事業管理系,其他學校錄取
NUTC_2482,114,nutc_itm,中科大 國際貿易與經營系,61090010,鄭*昀,正取,逢甲大學,逢甲大學國際經營與貿易學系,其他學校錄取
NUTC_2483,114,nutc_itm,中科大 國際貿易與經營系,58090173,陳*妮,正取,逢甲大學,逢甲大學國際經營與貿易學系,其他學校錄取
NUTC_2484,114,nutc_itm,中科大 國際貿易與經營系,61091545,黃*萱,正取,國立臺中科技大學,國立臺中科技大學國際貿易與經營系,原校系/本校留任
NUTC_2485,114,nutc_itm,中科大 國際貿易與經營系,64090326,許*婷,正取,國立臺北護理健康大學,國立臺北護理健康大學資訊管理系,其他學校錄取
NUTC_2486,114,nutc_itm,中科大 國際貿易與經營系,57090957,陳*昀,正取,逢甲大學,逢甲大學國際經營與貿易學系,其他學校錄取
NUTC_2487,114,nutc_itm,中科大 國際貿易與經營系,64090023,許*焴,正取,國立臺中科技大學,國立臺中科技大學國際貿易與經營系,原校系/本校留任
NUTC_2488,114,nutc_itm,中科大 國際貿易與經營系,61091303,陳*态,正取,國立臺中科技大學,國立臺中科技大學國際貿易與經營系,原校系/本校留任
NUTC_2489,114,nutc_itm,中科大 國際貿易與經營系,66090205,*柔,正取,國立高雄科技大學,國立高雄科技大學國際企業系,其他學校錄取
NUTC_2490,114,nutc_itm,中科大 國際貿易與經營系,56090328,林*珈,正取,國立臺中科技大學,國立臺中科技大學國際貿易與經營系,原校系/本校留任
NUTC_2491,114,nutc_itm,中科大 國際貿易與經營系,61091701,吳*妍,正取,國立高雄科技大學,國立高雄科技大學航運管理系,其他學校錄取
NUTC_2492,114,nutc_itm,中科大 國際貿易與經營系,64090158,戴*琳,正取,國立臺中科技大學,國立臺中科技大學國際貿易與經營系,原校系/本校留任
NUTC_2493,114,nutc_itm,中科大 國際貿易與經營系,64090196,*潔,正取,國立臺中科技大學,國立臺中科技大學國際貿易與經營系,原校系/本校留任
NUTC_2494,114,nutc_itm,中科大 國際貿易與經營系,71090037,穆*翎,正取,國立高雄科技大學,國立高雄科技大學行銷與流通管理系,其他學校錄取
NUTC_2495,114,nutc_itm,中科大 國際貿易與經營系,52090209,陳*楓,正取,國立臺中科技大學,國立臺中科技大學國際貿易與經營系,原校系/本校留任
NUTC_2496,114,nutc_itm,中科大 國際貿易與經營系,52090545,陳*涵,正取,國立臺灣海洋大學,國立臺灣海洋大學海洋經營管理學士學位學程,其他學校錄取
NUTC_2497,114,nutc_itm,中科大 國際貿易與經營系,68530006,*蕾,正取,—,—,未分發/放棄
NUTC_2498,114,nutc_itm,中科大 國際貿易與經營系,61091348,林*岑,正取,國立臺中科技大學,國立臺中科技大學國際貿易與經營系,原校系/本校留任
NUTC_2499,114,nutc_itm,中科大 國際貿易與經營系,70090657,郭*态,正取,國立高雄科技大學,國立高雄科技大學應用德語系,其他學校錄取
NUTC_2500,114,nutc_itm,中科大 國際貿易與經營系,58090109,余*蓁,正取,國立臺中科技大學,國立臺中科技大學國際貿易與經營系,原校系/本校留任
NUTC_2501,114,nutc_itm,中科大 國際貿易與經營系,61091025,洪*态,正取,逢甲大學,逢甲大學國際經營與貿易學系,其他學校錄取
NUTC_2502,114,nutc_itm,中科大 國際貿易與經營系,61090867,劉*妤,正取,國立臺中科技大學,國立臺中科技大學國際貿易與經營系,原校系/本校留任
NUTC_2503,114,nutc_itm,中科大 國際貿易與經營系,61091017,陳*,正取,國立臺中科技大學,國立臺中科技大學國際貿易與經營系,原校系/本校留任
NUTC_2504,114,nutc_itm,中科大 國際貿易與經營系,51090192,吳*臻,正取,國立臺中科技大學,國立臺中科技大學國際貿易與經營系,原校系/本校留任
NUTC_2505,114,nutc_itm,中科大 國際貿易與經營系,61091063,李*,正取,國立高雄科技大學,國立高雄科技大學航運管理系,其他學校錄取
NUTC_2506,114,nutc_itm,中科大 國際貿易與經營系,67090219,陳*淩,正取,國立臺中科技大學,國立臺中科技大學國際貿易與經營系,原校系/本校留任
NUTC_2507,114,nutc_itm,中科大 國際貿易與經營系,58090113,鄭*,正取,國立高雄科技大學,國立高雄科技大學行銷與流通管理系,其他學校錄取
NUTC_2508,114,nutc_itm,中科大 國際貿易與經營系,57090901,*亦,正取,國立臺中科技大學,國立臺中科技大學國際貿易與經營系,原校系/本校留任
NUTC_2509,114,nutc_itm,中科大 國際貿易與經營系,57091005,林*庭,正取,國立臺中科技大學,國立臺中科技大學國際貿易與經營系,原校系/本校留任
NUTC_2510,114,nutc_itm,中科大 國際貿易與經營系,59090282,徐*伶,正取,國立臺中科技大學,國立臺中科技大學國際貿易與經營系,原校系/本校留任
NUTC_2511,114,nutc_itm,中科大 國際貿易與經營系,63090138,洪*lan,正取,國立臺中科技大學,國立臺中科技大學國際貿易與經營系,原校系/本校留任
NUTC_2512,114,nutc_itm,中科大 國際貿易與經營系,75090121,張*柔,正取,國立臺中科技大學,國立臺中科技大學國際貿易與經營系,原校系/本校留任
NUTC_2513,114,nutc_itm,中科大 國際貿易與經營系,77090025,李*,正取,國立臺北科技大學,國立臺北科技大學經營管理系,其他學校錄取
NUTC_2514,114,nutc_itm,中科大 國際貿易與經營系,61090705,吳*萱,正取,國立臺中科技大學,國立臺中科技大學國際貿易與經營系,原校系/本校留任
NUTC_2515,114,nutc_itm,中科大 國際貿易與經營系,70090438,伍*瑄,備取1,國立高雄科技大學,國立高雄科技大學運籌管理系,其他學校錄取
NUTC_2516,114,nutc_itm,中科大 國際貿易與經營系,58090091,楊*屏,備取2,國立臺中科技大學,國立臺中科技大學國際貿易與經營系,原校系/本校留任
NUTC_2517,114,nutc_itm,中科大 國際貿易與經營系,61090002,林*嫻,備取3,—,—,未分發/放棄
NUTC_2518,114,nutc_itm,中科大 國際貿易與經營系,57090689,陳*蓁,備取4,國立臺中科技大學,國立臺中科技大學國際貿易與經營系,原校系/本校留任
NUTC_2519,114,nutc_itm,中科大 國際貿易與經營系,52090541,*蕙,備取5,國立高雄科技大學,國立高雄科技大學運籌管理系,其他學校錄取
NUTC_2520,114,nutc_itm,中科大 國際貿易與經營系,61090835,唐*淳,備取7,國立臺中科技大學,國立臺中科技大學國際貿易與經營系,原校系/本校留任
NUTC_2521,114,nutc_itm,中科大 國際貿易與經營系,70090825,戴*苓,備取8,國立高雄科技大學,國立高雄科技大學國際企業系,其他學校錄取
NUTC_2522,114,nutc_itm,中科大 國際貿易與經營系,54530002,詹*儒,備取9,國立高雄科技大學,國立高雄科技大學商務資訊應用系,其他學校錄取
NUTC_2523,114,nutc_itm,中科大 國際貿易與經營系,57090062,宋*筠,備取10,銘傳大學,銘傳大學國際企業學系(台北校區),其他學校錄取
NUTC_2524,114,nutc_itm,中科大 國際貿易與經營系,66090429,李*藇,備取11,國立臺中科技大學,國立臺中科技大學國際貿易與經營系,原校系/本校留任
NUTC_2525,114,nutc_itm,中科大 國際貿易與經營系,64090551,陸*,備取12,國立體育大學,國立體育大學休閒產業經營學系,其他學校錄取
NUTC_2526,114,nutc_itm,中科大 國際貿易與經營系,59090173,宋*凌,備取13,國立臺中科技大學,國立臺中科技大學國際貿易與經營系,原校系/本校留任
NUTC_2527,114,nutc_itm,中科大 國際貿易與經營系,61090858,李*,備取14,國立臺中科技大學,國立臺中科技大學國際貿易與經營系,原校系/本校留任
NUTC_2528,114,nutc_itm,中科大 國際貿易與經營系,67090075,賴*妤,備取15,國立高雄科技大學,國立高雄科技大學供應鏈管理系,其他學校錄取
NUTC_2529,114,nutc_itm,中科大 國際貿易與經營系,61090579,李*臻,備取16,國立臺中科技大學,國立臺中科技大學國際貿易與經營系,原校系/本校留任
NUTC_2530,114,nutc_itm,中科大 國際貿易與經營系,59090093,劉*卉,備取17,國立高雄科技大學,國立高雄科技大學行銷與流通管理系,其他學校錄取
NUTC_2531,114,nutc_itm,中科大 國際貿易與經營系,57090027,廖*萱,備取18,國立臺中科技大學,國立臺中科技大學國際貿易與經營系,原校系/本校留任
NUTC_2532,114,nutc_itm,中科大 國際貿易與經營系,59090353,陳*妮,備取19,逢甲大學,逢甲大學國際經營與貿易學系,其他學校錄取
NUTC_2533,114,nutc_itm,中科大 國際貿易與經營系,65090152,江*蓁,備取20,國立臺中科技大學,國立臺中科技大學國際貿易與經營系,原校系/本校留任
NUTC_2534,114,nutc_itm,中科大 國際貿易與經營系,64090104,邱*慈,備取21,國立臺中科技大學,國立臺中科技大學國際貿易與經營系,原校系/本校留任
NUTC_2535,114,nutc_itm,中科大 國際貿易與經營系,68090341,*态,備取22,國立高雄科技大學,國立高雄科技大學人力資源發展系,其他學校錄取
NUTC_2536,114,nutc_itm,中科大 國際貿易與經營系,57090874,*茜,備取23,國立臺中科技大學,國立臺中科技大學國際貿易與經營系,原校系/本校留任
NUTC_2537,114,nutc_itm,中科大 國際貿易與經營系,63090413,林*婕,備取24,國立臺中科技大學,國立臺中科技大學國際貿易與經營系,原校系/本校留任
NUTC_2538,114,nutc_itm,中科大 國際貿易與經營系,61091725,羅*媛,備取25,國立臺中科技大學,國立臺中科技大學國際貿易與經營系,原校系/本校留任
NUTC_2539,114,nutc_itm,中科大 國際貿易與經營系,70090397,賴*妤,備取26,國立臺中科技大學,國立臺中科技大學國際貿易與經營系,原校系/本校留任
NUTC_2540,114,nutc_itm,中科大 國際貿易與經營系,64090124,林*彤,備取27,國立臺中科技大學,國立臺中科技大學國際貿易與經營系,原校系/本校留任
NUTC_2541,114,nutc_itm,中科大 國際貿易與經營系,57090785,楊*歆,備取28,國立臺中科技大學,國立臺中科技大學國際貿易與經營系,原校系/本校留任
NUTC_2542,114,nutc_itm,中科大 國際貿易與經營系,68090062,李*,備取29,國立臺中科技大學,國立臺中科技大學國際貿易與經營系,原校系/本校留任
NUTC_2543,114,nutc_itm,中科大 國際貿易與經營系,52090706,黃*維,備取30,國立臺中科技大學,國立臺中科技大學國際貿易與經營系,原校系/本校留任
NUTC_2544,114,nutc_itm,中科大 國際貿易與經營系,59090132,彭*禎,備取32,國立臺中科技大學,國立臺中科技大學國際貿易與經營系,原校系/本校留任
NUTC_2545,114,nutc_itm,中科大 國際貿易與經營系,68530082,陳*靚,備取33,國立高雄餐旅大學,國立高雄餐旅大學航空暨運輸服務管理系,其他學校錄取
NUTC_2546,114,nutc_itm,中科大 國際貿易與經營系,59090313,鄒*耘,備取34,國立臺中科技大學,國立臺中科技大學國際貿易與經營系,原校系/本校留任
NUTC_2547,114,nutc_itm,中科大 國際貿易與經營系,51090255,方*晴,備取35,國立臺中科技大學,國立臺中科技大學國際貿易與經營系,原校系/本校留任
NUTC_2548,114,nutc_itm,中科大 國際貿易與經營系,52090301,*芩,備取36,國立臺中科技大學,國立臺中科技大學國際貿易與經營系,原校系/本校留任
NUTC_2549,114,nutc_itm,中科大 國際貿易與經營系,52090550,潘*宏,備取37,國立臺中科技大學,國立臺中科技大學國際貿易與經營系,原校系/本校留任
NUTC_2550,114,nutc_itm,中科大 國際貿易與經營系,61090820,*愷,備取38,國立臺中科技大學,國立臺中科技大學國際貿易與經營系,原校系/本校留任
NUTC_2551,114,nutc_itm,中科大 國際貿易與經營系,58090072,張*芯,備取39,國立臺中科技大學,國立臺中科技大學國際貿易與經營系,原校系/本校留任
NUTC_2552,114,nutc_itm,中科大 國際貿易與經營系,60090297,陳*銨,備取40,國立勤益科技大學,國立勤益科技大學行銷與流通管理系,其他學校錄取
NUTC_2553,114,nutc_itm,中科大 國際貿易與經營系,59090117,張*榛,備取41,銘傳大學,銘傳大學會計學系(台北校區),其他學校錄取
NUTC_2554,114,nutc_itm,中科大 國際貿易與經營系,57090717,黃*筑,備取42,國立臺中科技大學,國立臺中科技大學國際貿易與經營系,原校系/本校留任
NUTC_2555,114,nutc_itm,中科大 國際貿易與經營系,61090605,—,備取43,—,—,未分發/放棄
NUTC_2556,114,nutc_itm,中科大 國際貿易與經營系,64090396,間*英,備取44,—,—,未分發/放棄
NUTC_2557,114,nutc_itm,中科大 國際貿易與經營系,57090013,賴*霆,備取45,—,—,未分發/放棄
NUTC_2558,114,nutc_itm,中科大 國際貿易與經營系,52090177,鄭*,備取46,—,—,未分發/放棄
NUTC_2559,114,nutc_itm,中科大 國際貿易與經營系,57090593,*仠,備取48,—,—,未分發/放棄
NUTC_2560,114,nutc_itm,中科大 國際貿易與經營系,52090857,劉*儒,備取49,—,—,未分發/放棄
NUTC_2561,114,nutc_itm,中科大 國際貿易與經營系,51530007,林*有,備取1,朝陽科技大學,朝陽科技大學企業管理系,其他學校錄取
NUTC_2562,114,nutc_itm,中科大 國際貿易與經營系,77090021,林*禎,備取1,國立臺中科技大學,國立臺中科技大學國際貿易與經營系,原校系/本校留任
NUTC_2563,114,nutc_itm,中科大 國際貿易與經營系,64090031,林*庭,備取1,國立高雄科技大學,國立高雄科技大學航運管理系,其他學校錄取
NUTC_2564,114,nutc_itm,中科大 國際貿易與經營系,61091733,李*甄,備取2,國立臺中科技大學,國立臺中科技大學國際貿易與經營系,原校系/本校留任
NUTC_2565,114,nutc_itm,中科大 國際貿易與經營系,52090298,李*瑋,備取3,銘傳大學,銘傳大學企業管理學系(台北校區),其他學校錄取
NUTC_2566,114,nutc_itm,中科大 國際貿易與經營系,66090129,劉*玲,備取5,—,—,未分發/放棄
NUTC_2567,114,nutc_itm,中科大 國際貿易與經營系,51090004,林*榛,正取,靜宜大學,靜宜大學行銷與數位經營管理學系,其他學校錄取
NUTC_2568,114,nutc_itm,中科大 國際貿易與經營系,51090067,謝*,正取,德明財經科技大學,德明財經科技大學財務金融系,其他學校錄取
NUTC_2569,114,nutc_itm,中科大 國際貿易與經營系,51090172,黃*勛,正取,國立高雄科技大學,國立高雄科技大學行銷與流通管理系,其他學校錄取
NUTC_2570,114,nutc_itm,中科大 國際貿易與經營系,52090026,林*蕙,正取,國立臺北護理健康大學,國立臺北護理健康大學高齡健康照護系,其他學校錄取
NUTC_2571,114,nutc_itm,中科大 國際貿易與經營系,52090089,林*宇,正取,銘傳大學,銘傳大學國際企業學系(台北校區),其他學校錄取
NUTC_2572,114,nutc_itm,中科大 國際貿易與經營系,52090174,劉*惠,正取,銘傳大學,銘傳大學國際企業學系(台北校區),其他學校錄取
NUTC_2573,114,nutc_itm,中科大 國際貿易與經營系,52090211,黃*騰,正取,—,—,未分發/放棄
NUTC_2574,114,nutc_itm,中科大 國際貿易與經營系,52090246,陳*妤,正取,國立高雄科技大學,國立高雄科技大學人力資源發展系,其他學校錄取
NUTC_2575,114,nutc_itm,中科大 國際貿易與經營系,52090251,陳*涵,正取,中原大學,中原大學國際經營與貿易學系,其他學校錄取
NUTC_2576,114,nutc_itm,中科大 國際貿易與經營系,52090294,胡*芯,正取,國立臺北商業大學,國立臺北商業大學商業設計管理系(桃園校區),其他學校錄取
NUTC_2577,114,nutc_itm,中科大 國際貿易與經營系,52090377,吳*謙,正取,國立高雄科技大學,國立高雄科技大學航運技術系,其他學校錄取
NUTC_2578,114,nutc_itm,中科大 國際貿易與經營系,52090582,梁*芳,正取,—,—,未分發/放棄
NUTC_2579,114,nutc_itm,中科大 國際貿易與經營系,55090298,林*儀,正取,國立臺北護理健康大學,國立臺北護理健康大學健康事業管理系,其他學校錄取
NUTC_2580,114,nutc_itm,中科大 國際貿易與經營系,55090362,盧*慈,正取,—,—,未分發/放棄
NUTC_2581,114,nutc_itm,中科大 國際貿易與經營系,55090477,宋*穎,正取,—,—,未分發/放棄
NUTC_2582,114,nutc_itm,中科大 國際貿易與經營系,56090196,陳*諭,正取,—,—,未分發/放棄
NUTC_2583,114,nutc_itm,中科大 國際貿易與經營系,56090368,江*錡,正取,—,—,未分發/放棄
NUTC_2584,114,nutc_itm,中科大 國際貿易與經營系,57090066,吳*芩,正取,國立臺北商業大學,國立臺北商業大學企業管理系(臺北校區),其他學校錄取
NUTC_2585,114,nutc_itm,中科大 國際貿易與經營系,57090174,*晴,正取,—,—,未分發/放棄
NUTC_2586,114,nutc_itm,中科大 國際貿易與經營系,57090921,黃*道,正取,國立高雄科技大學,國立高雄科技大學風險管理與保險系,其他學校錄取
NUTC_2587,114,nutc_itm,中科大 國際貿易與經營系,57090953,林*臻,正取,中原大學,中原大學會計學系,其他學校錄取
NUTC_2588,114,nutc_itm,中科大 國際貿易與經營系,58090210,李*璇,正取,—,—,未分發/放棄
NUTC_2589,114,nutc_itm,中科大 國際貿易與經營系,58090536,韓*軒,正取,國立雲林科技大學,國立雲林科技大學工業工程與管理系,其他學校錄取
NUTC_2590,114,nutc_itm,中科大 國際貿易與經營系,59090178,鄭*婷,正取,—,—,未分發/放棄
NUTC_2591,114,nutc_itm,中科大 國際貿易與經營系,59090397,李*俊,正取,—,—,未分發/放棄
NUTC_2592,114,nutc_itm,中科大 國際貿易與經營系,61090549,廖*皓,正取,逢甲大學,逢甲大學土地管理學系,其他學校錄取
NUTC_2593,114,nutc_itm,中科大 國際貿易與經營系,61090721,廖*,正取,—,—,未分發/放棄
NUTC_2594,114,nutc_itm,中科大 國際貿易與經營系,61091079,翁*,正取,國立高雄科技大學,國立高雄科技大學金融系,其他學校錄取
NUTC_2595,114,nutc_itm,中科大 國際貿易與經營系,61091247,何*蓁,正取,—,—,未分發/放棄
NUTC_2596,114,nutc_itm,中科大 國際貿易與經營系,61091276,盧*靜,正取,—,—,未分發/放棄
NUTC_2597,114,nutc_itm,中科大 國際貿易與經營系,61091553,張*芯,正取,—,—,未分發/放棄
NUTC_2598,114,nutc_itm,中科大 國際貿易與經營系,61091597,陳*媛,正取,國立高雄科技大學,國立高雄科技大學航運管理系,其他學校錄取
NUTC_2599,114,nutc_itm,中科大 國際貿易與經營系,61091605,徐*慈,正取,國立高雄科技大學,國立高雄科技大學航運管理系,其他學校錄取
NUTC_2600,114,nutc_itm,中科大 國際貿易與經營系,61091625,童*筠,正取,—,—,未分發/放棄
NUTC_2601,114,nutc_itm,中科大 國際貿易與經營系,63090045,陳*璇,正取,國立高雄科技大學,國立高雄科技大學供應鏈管理系,其他學校錄取
NUTC_2602,114,nutc_itm,中科大 國際貿易與經營系,63090117,陳*榛,正取,國立臺北護理健康大學,國立臺北護理健康大學生死與健康心理諮商系,其他學校錄取
NUTC_2603,114,nutc_itm,中科大 國際貿易與經營系,63090473,余*珮,正取,—,—,未分發/放棄
NUTC_2604,114,nutc_itm,中科大 國際貿易與經營系,63090489,讼*岑,正取,—,—,未分發/放棄
NUTC_2605,114,nutc_itm,中科大 國際貿易與經營系,64090059,吳*澤,正取,—,—,未分發/放棄
NUTC_2606,114,nutc_itm,中科大 國際貿易與經營系,64090062,許*倫,正取,國立雲林科技大學,國立雲林科技大學資訊管理系,其他學校錄取
NUTC_2607,114,nutc_itm,中科大 國際貿易與經營系,64090105,黃*婷,正取,國立高雄科技大學,國立高雄科技大學航運技術系,其他學校錄取
NUTC_2608,114,nutc_itm,中科大 國際貿易與經營系,64090213,張*銘,正取,國立高雄科技大學,國立高雄科技大學運籌管理系,其他學校錄取
NUTC_2609,114,nutc_itm,中科大 國際貿易與經營系,64090263,張*厶,正取,國立高雄科技大學,國立高雄科技大學航運管理系,其他學校錄取
NUTC_2610,114,nutc_itm,中科大 國際貿易與經營系,64090295,李*吴,正取,—,—,未分發/放棄
NUTC_2611,114,nutc_itm,中科大 國際貿易與經營系,64090299,*宸,正取,國立高雄科技大學,國立高雄科技大學航運管理系,其他學校錄取
NUTC_2612,114,nutc_itm,中科大 國際貿易與經營系,64090403,黃*嘉,正取,國立高雄科技大學,國立高雄科技大學航運管理系,其他學校錄取
NUTC_2613,114,nutc_itm,中科大 國際貿易與經營系,64090486,洪*琳,正取,國立高雄科技大學,國立高雄科技大學航運管理系,其他學校錄取
NUTC_2614,114,nutc_itm,中科大 國際貿易與經營系,65090030,戴*靜,正取,國立高雄科技大學,國立高雄科技大學運籌管理系,其他學校錄取
NUTC_2615,114,nutc_itm,中科大 國際貿易與經營系,65090086,楊*珊,正取,—,—,未分發/放棄
NUTC_2616,114,nutc_itm,中科大 國際貿易與經營系,67090323,鄭*蓁,正取,國立高雄科技大學,國立高雄科技大學航運管理系,其他學校錄取
NUTC_2617,114,nutc_itm,中科大 國際貿易與經營系,68090074,*蓁,正取,—,—,未分發/放棄
NUTC_2618,114,nutc_itm,中科大 國際貿易與經營系,68090084,李*珊,正取,國立屏東大學,國立屏東大學財務金融學系,其他學校錄取
NUTC_2619,114,nutc_itm,中科大 國際貿易與經營系,68090126,陳*沂,正取,國立雲林科技大學,國立雲林科技大學工業工程與管理系,其他學校錄取
NUTC_2620,114,nutc_itm,中科大 國際貿易與經營系,68090154,廖*誼,正取,國立高雄科技大學,國立高雄科技大學航運管理系,其他學校錄取
NUTC_2621,114,nutc_itm,中科大 國際貿易與經營系,68090258,*箏,正取,—,—,未分發/放棄
NUTC_2622,114,nutc_itm,中科大 國際貿易與經營系,68530003,郭*倚,正取,國立高雄科技大學,國立高雄科技大學金融系,其他學校錄取
NUTC_2623,114,nutc_itm,中科大 國際貿易與經營系,68530050,江*君,正取,國立高雄科技大學,國立高雄科技大學國際企業系,其他學校錄取
NUTC_2624,114,nutc_itm,中科大 國際貿易與經營系,70090765,李*熙,正取,國立高雄科技大學,國立高雄科技大學國際企業系,其他學校錄取
NUTC_2625,114,nutc_itm,中科大 國際貿易與經營系,70090797,曹*安,正取,—,—,未分發/放棄
NUTC_2626,114,nutc_itm,中科大 國際貿易與經營系,70090909,楊*霓,正取,國立高雄科技大學,國立高雄科技大學航運管理系,其他學校錄取
NUTC_2627,114,nutc_itm,中科大 國際貿易與經營系,74090147,陳*𠎀,正取,國立臺北商業大學,國立臺北商業大學財政稅務系(臺北校區),其他學校錄取
NUTC_2628,114,nutc_itm,中科大 國際貿易與經營系,75090006,朱*慈,正取,朝陽科技大學,朝陽科技大學保險金融管理系,其他學校錄取
NUTC_2629,114,nutc_itm,中科大 國際貿易與經營系,75090108,*儿,正取,國立高雄科技大學,國立高雄科技大學金融系,其他學校錄取
NUTC_2630,114,nutc_itm,中科大 國際貿易與經營系,57150002,張*,正取,—,—,未分發/放棄
NUTC_2631,114,nutc_itm,中科大 國際貿易與經營系,68150030,蘇*穎,正取,國立臺中科技大學,國立臺中科技大學國際貿易與經營系,原校系/本校留任
NUTC_2632,114,nutc_itm,中科大 國際貿易與經營系,61150271,吳*潾,備取1,國立臺北護理健康大學,國立臺北護理健康大學語言治療與聽力學系,其他學校錄取
NUTC_2633,114,nutc_itm,中科大 國際貿易與經營系,63150003,許*忻,備取2,國立高雄科技大學,國立高雄科技大學行銷與流通管理系,其他學校錄取
NUTC_2634,114,nutc_itm,中科大 國際貿易與經營系,58150017,楊*日,正取,—,—,未分發/放棄
NUTC_2635,114,nutc_itm,中科大 國際貿易與經營系,64150044,杜*蓁,正取,—,—,未分發/放棄
NUTC_5116,115,nutc_itm,中科大 國際貿易與經營系,53090052,黃*熏,正取,國立雲林科技大學,國立雲林科技大學國際管理學士學位學程,其他學校錄取
NUTC_5117,115,nutc_itm,中科大 國際貿易與經營系,59090121,邱*妍,正取,國立臺北商業大學,國立臺北商業大學國際商務系(臺北校區),其他學校錄取
NUTC_5118,115,nutc_itm,中科大 國際貿易與經營系,68090514,楊*柔,正取,國立高雄科技大學,國立高雄科技大學航運管理系,其他學校錄取
NUTC_5119,115,nutc_itm,中科大 國際貿易與經營系,64090300,陳*涵,正取,國立臺中科技大學,國立臺中科技大學國際貿易與經營系,原校系/本校留任
NUTC_5120,115,nutc_itm,中科大 國際貿易與經營系,57090777,何*靚,正取,國立臺中科技大學,國立臺中科技大學國際貿易與經營系,原校系/本校留任
NUTC_5121,115,nutc_itm,中科大 國際貿易與經營系,64090224,間*妘,正取,國立臺中科技大學,國立臺中科技大學國際貿易與經營系,原校系/本校留任
NUTC_5122,115,nutc_itm,中科大 國際貿易與經營系,61090130,張*茗,正取,國立高雄科技大學,國立高雄科技大學國際企業系,其他學校錄取
NUTC_5123,115,nutc_itm,中科大 國際貿易與經營系,61090140,方*菲,正取,國立臺中科技大學,國立臺中科技大學國際貿易與經營系,原校系/本校留任
NUTC_5124,115,nutc_itm,中科大 國際貿易與經營系,64090409,單*喧,正取,國立高雄科技大學,國立高雄科技大學航運管理系,其他學校錄取
NUTC_5125,115,nutc_itm,中科大 國際貿易與經營系,61090336,薛*安,正取,—,—,未分發/放棄
NUTC_5126,115,nutc_itm,中科大 國際貿易與經營系,61090739,*慈,正取,逢甲大學,逢甲大學會計學系,其他學校錄取
NUTC_5127,115,nutc_itm,中科大 國際貿易與經營系,60090324,張*淩,正取,國立臺中科技大學,國立臺中科技大學國際貿易與經營系,原校系/本校留任
NUTC_5128,115,nutc_itm,中科大 國際貿易與經營系,64090411,張*雅,正取,逢甲大學,逢甲大學國際經營與貿易學系,其他學校錄取
NUTC_5129,115,nutc_itm,中科大 國際貿易與經營系,61090766,*蓁,正取,逢甲大學,逢甲大學國際經營與貿易學系,其他學校錄取
NUTC_5130,115,nutc_itm,中科大 國際貿易與經營系,61090168,*溱,正取,國立臺中科技大學,國立臺中科技大學國際貿易與經營系,原校系/本校留任
NUTC_5131,115,nutc_itm,中科大 國際貿易與經營系,64090387,林*慈,正取,逢甲大學,逢甲大學國際經營與貿易學系,其他學校錄取
NUTC_5132,115,nutc_itm,中科大 國際貿易與經營系,64090433,蔣*卉,正取,國立臺中科技大學,國立臺中科技大學國際貿易與經營系,原校系/本校留任
NUTC_5133,115,nutc_itm,中科大 國際貿易與經營系,61091190,李*鈺,正取,國立臺中科技大學,國立臺中科技大學國際貿易與經營系,原校系/本校留任
NUTC_5134,115,nutc_itm,中科大 國際貿易與經營系,56090427,邱*慧,正取,國立臺中科技大學,國立臺中科技大學國際貿易與經營系,原校系/本校留任
NUTC_5135,115,nutc_itm,中科大 國際貿易與經營系,64090478,林*蓁,正取,國立臺中科技大學,國立臺中科技大學國際貿易與經營系,原校系/本校留任
NUTC_5136,115,nutc_itm,中科大 國際貿易與經營系,61090652,洪*菱,正取,—,—,未分發/放棄
NUTC_5137,115,nutc_itm,中科大 國際貿易與經營系,57090685,*慧,正取,中原大學,中原大學國際經營與貿易學系,其他學校錄取
NUTC_5138,115,nutc_itm,中科大 國際貿易與經營系,64090482,柯*萱,正取,國立高雄科技大學,國立高雄科技大學航運管理系,其他學校錄取
NUTC_5139,115,nutc_itm,中科大 國際貿易與經營系,63090228,林*羽,正取,國立臺中科技大學,國立臺中科技大學國際貿易與經營系,原校系/本校留任
NUTC_5140,115,nutc_itm,中科大 國際貿易與經營系,52090366,賴*穎,正取,—,—,未分發/放棄
NUTC_5141,115,nutc_itm,中科大 國際貿易與經營系,57090565,陳*卉,正取,國立臺中科技大學,國立臺中科技大學國際貿易與經營系,原校系/本校留任
NUTC_5142,115,nutc_itm,中科大 國際貿易與經營系,55090293,許*瑀,正取,國立臺中科技大學,國立臺中科技大學國際貿易與經營系,原校系/本校留任
NUTC_5143,115,nutc_itm,中科大 國際貿易與經營系,61090012,顏*芳,正取,國立臺中科技大學,國立臺中科技大學國際貿易與經營系,原校系/本校留任
NUTC_5144,115,nutc_itm,中科大 國際貿易與經營系,61090882,鄒*渝,正取,國立臺中科技大學,國立臺中科技大學國際貿易與經營系,原校系/本校留任
NUTC_5145,115,nutc_itm,中科大 國際貿易與經營系,65090131,賴*愷,正取,國立臺中科技大學,國立臺中科技大學國際貿易與經營系,原校系/本校留任
NUTC_5146,115,nutc_itm,中科大 國際貿易與經營系,61090352,郭*慷,正取,國立虎尾科技大學,國立虎尾科技大學資訊管理系,其他學校錄取
NUTC_5147,115,nutc_itm,中科大 國際貿易與經營系,62090017,黃*蓉,正取,國立高雄科技大學,國立高雄科技大學國際企業系,其他學校錄取
NUTC_5148,115,nutc_itm,中科大 國際貿易與經營系,58090531,李*萱,正取,國立臺中科技大學,國立臺中科技大學國際貿易與經營系,原校系/本校留任
NUTC_5149,115,nutc_itm,中科大 國際貿易與經營系,61090076,陳*錡,正取,國立臺中科技大學,國立臺中科技大學國際貿易與經營系,原校系/本校留任
NUTC_5150,115,nutc_itm,中科大 國際貿易與經營系,57090815,徐*豪,正取,國立臺中科技大學,國立臺中科技大學國際貿易與經營系,原校系/本校留任
NUTC_5151,115,nutc_itm,中科大 國際貿易與經營系,62090107,劉*汝,正取,國立臺中科技大學,國立臺中科技大學國際貿易與經營系,原校系/本校留任
NUTC_5152,115,nutc_itm,中科大 國際貿易與經營系,62090045,花*,正取,國立臺中科技大學,國立臺中科技大學國際貿易與經營系,原校系/本校留任
NUTC_5153,115,nutc_itm,中科大 國際貿易與經營系,59090085,吳*泓,正取,國立高雄科技大學,國立高雄科技大學資訊管理系,其他學校錄取
NUTC_5154,115,nutc_itm,中科大 國際貿易與經營系,64090480,柯*熏,正取,國立高雄科技大學,國立高雄科技大學運籌管理系,其他學校錄取
NUTC_5155,115,nutc_itm,中科大 國際貿易與經營系,56090378,江*蓁,正取,國立臺中科技大學,國立臺中科技大學國際貿易與經營系,原校系/本校留任
NUTC_5156,115,nutc_itm,中科大 國際貿易與經營系,59090141,陳*樂,正取,國立高雄科技大學,國立高雄科技大學人力資源發展系,其他學校錄取
NUTC_5157,115,nutc_itm,中科大 國際貿易與經營系,61090586,林*誼,正取,國立高雄科技大學,國立高雄科技大學航運管理系,其他學校錄取
NUTC_5158,115,nutc_itm,中科大 國際貿易與經營系,55090525,陳*蓉,正取,國立臺中科技大學,國立臺中科技大學國際貿易與經營系,原校系/本校留任
NUTC_5159,115,nutc_itm,中科大 國際貿易與經營系,64090403,鄭*榛,正取,國立臺中科技大學,國立臺中科技大學國際貿易與經營系,原校系/本校留任
NUTC_5160,115,nutc_itm,中科大 國際貿易與經營系,59090012,黃*渝,正取,國立高雄科技大學,國立高雄科技大學國際企業系,其他學校錄取
NUTC_5161,115,nutc_itm,中科大 國際貿易與經營系,57090858,*鋐,正取,逢甲大學,逢甲大學國際經營與貿易學系,其他學校錄取
NUTC_5162,115,nutc_itm,中科大 國際貿易與經營系,58090211,鄭*妤,正取,國立臺中科技大學,國立臺中科技大學國際貿易與經營系,原校系/本校留任
NUTC_5163,115,nutc_itm,中科大 國際貿易與經營系,61091390,*祐,正取,國立臺中科技大學,國立臺中科技大學國際貿易與經營系,原校系/本校留任
NUTC_5164,115,nutc_itm,中科大 國際貿易與經營系,61090418,賴*歆,正取,國立臺中科技大學,國立臺中科技大學國際貿易與經營系,原校系/本校留任
NUTC_5165,115,nutc_itm,中科大 國際貿易與經營系,64090201,洪*芯,正取,逢甲大學,逢甲大學經濟學系,其他學校錄取
NUTC_5166,115,nutc_itm,中科大 國際貿易與經營系,57090651,張*稚,正取,國立臺中科技大學,國立臺中科技大學國際貿易與經營系,原校系/本校留任
NUTC_5167,115,nutc_itm,中科大 國際貿易與經營系,67090260,蕭*諺,正取,國立高雄科技大學,國立高雄科技大學航運管理系,其他學校錄取
NUTC_5168,115,nutc_itm,中科大 國際貿易與經營系,74090067,潘*芷,正取,國立屏東大學,國立屏東大學國際經營與貿易學系,其他學校錄取
NUTC_5169,115,nutc_itm,中科大 國際貿易與經營系,68090492,何*倢,正取,國立臺中科技大學,國立臺中科技大學國際貿易與經營系,原校系/本校留任
NUTC_5170,115,nutc_itm,中科大 國際貿易與經營系,78090018,陳*錤,正取,國立臺中科技大學,國立臺中科技大學國際貿易與經營系,原校系/本校留任
NUTC_5171,115,nutc_itm,中科大 國際貿易與經營系,57090962,謝*,正取,國立臺中科技大學,國立臺中科技大學國際貿易與經營系,原校系/本校留任
NUTC_5172,115,nutc_itm,中科大 國際貿易與經營系,65090204,吳*瑜,正取,國立臺中科技大學,國立臺中科技大學國際貿易與經營系,原校系/本校留任
NUTC_5173,115,nutc_itm,中科大 國際貿易與經營系,68090539,杜*惠,備取1,國立高雄科技大學,國立高雄科技大學金融系,其他學校錄取
NUTC_5174,115,nutc_itm,中科大 國際貿易與經營系,67090286,吳*諺,備取2,—,—,未分發/放棄
NUTC_5175,115,nutc_itm,中科大 國際貿易與經營系,73090110,楊*沛,備取3,國立臺中科技大學,國立臺中科技大學國際貿易與經營系,原校系/本校留任
NUTC_5176,115,nutc_itm,中科大 國際貿易與經營系,65090284,陳*方,備取4,逢甲大學,逢甲大學國際經營與貿易學系,其他學校錄取
NUTC_5177,115,nutc_itm,中科大 國際貿易與經營系,55090002,吳*叡,備取5,國立臺中科技大學,國立臺中科技大學國際貿易與經營系,原校系/本校留任
NUTC_5178,115,nutc_itm,中科大 國際貿易與經營系,61090578,謝*丞,備取7,國立臺中科技大學,國立臺中科技大學國際貿易與經營系,原校系/本校留任
NUTC_5179,115,nutc_itm,中科大 國際貿易與經營系,57090102,劉*睿,備取8,國立高雄科技大學,國立高雄科技大學運籌管理系,其他學校錄取
NUTC_5180,115,nutc_itm,中科大 國際貿易與經營系,62090019,陳*安,備取9,逢甲大學,逢甲大學國際經營與貿易學系,其他學校錄取
NUTC_5181,115,nutc_itm,中科大 國際貿易與經營系,57090823,陳*蓁,備取10,國立高雄科技大學,國立高雄科技大學航運管理系,其他學校錄取
NUTC_5182,115,nutc_itm,中科大 國際貿易與經營系,61090134,陳*昕,備取11,國立臺中科技大學,國立臺中科技大學國際貿易與經營系,原校系/本校留任
NUTC_5183,115,nutc_itm,中科大 國際貿易與經營系,61091172,*晏,備取12,國立臺中科技大學,國立臺中科技大學國際貿易與經營系,原校系/本校留任
NUTC_5184,115,nutc_itm,中科大 國際貿易與經營系,59090330,劉*,備取13,國立臺中科技大學,國立臺中科技大學國際貿易與經營系,原校系/本校留任
NUTC_5185,115,nutc_itm,中科大 國際貿易與經營系,64090519,黃*婷,備取14,國立臺中科技大學,國立臺中科技大學國際貿易與經營系,原校系/本校留任
NUTC_5186,115,nutc_itm,中科大 國際貿易與經營系,61090208,陳*潔,備取15,國立臺中科技大學,國立臺中科技大學國際貿易與經營系,原校系/本校留任
NUTC_5187,115,nutc_itm,中科大 國際貿易與經營系,57090942,林*涵,備取16,國立高雄科技大學,國立高雄科技大學供應鏈管理系,其他學校錄取
NUTC_5188,115,nutc_itm,中科大 國際貿易與經營系,69090105,林*如,備取17,國立高雄科技大學,國立高雄科技大學智慧商務系,其他學校錄取
NUTC_5189,115,nutc_itm,中科大 國際貿易與經營系,65090051,張*宜,備取18,靜宜大學,靜宜大學法律學系,其他學校錄取
NUTC_5190,115,nutc_itm,中科大 國際貿易與經營系,61090626,蕭*宜,備取19,國立臺中科技大學,國立臺中科技大學國際貿易與經營系,原校系/本校留任
NUTC_5191,115,nutc_itm,中科大 國際貿易與經營系,61090221,劉*玫,備取20,國立臺中科技大學,國立臺中科技大學國際貿易與經營系,原校系/本校留任
NUTC_5192,115,nutc_itm,中科大 國際貿易與經營系,61090534,蕭*瑾,備取21,國立臺中科技大學,國立臺中科技大學國際貿易與經營系,原校系/本校留任
NUTC_5193,115,nutc_itm,中科大 國際貿易與經營系,68090394,*姿,備取22,國立臺中科技大學,國立臺中科技大學國際貿易與經營系,原校系/本校留任
NUTC_5194,115,nutc_itm,中科大 國際貿易與經營系,57530061,黃*羽,備取23,國立高雄科技大學,國立高雄科技大學國際企業系,其他學校錄取
NUTC_5195,115,nutc_itm,中科大 國際貿易與經營系,67090226,蕭*馨,備取24,國立臺中科技大學,國立臺中科技大學國際貿易與經營系,原校系/本校留任
NUTC_5196,115,nutc_itm,中科大 國際貿易與經營系,58090076,陳*,備取25,國立臺中科技大學,國立臺中科技大學國際貿易與經營系,原校系/本校留任
NUTC_5197,115,nutc_itm,中科大 國際貿易與經營系,61090570,胡*瑜,備取26,國立勤益科技大學,國立勤益科技大學資訊管理系,其他學校錄取
NUTC_5198,115,nutc_itm,中科大 國際貿易與經營系,67090248,李*穎,備取27,國立虎尾科技大學,國立虎尾科技大學工業管理系,其他學校錄取
NUTC_5199,115,nutc_itm,中科大 國際貿易與經營系,64090241,李*宸,備取29,國立臺中科技大學,國立臺中科技大學國際貿易與經營系,原校系/本校留任
NUTC_5200,115,nutc_itm,中科大 國際貿易與經營系,61090890,*琪,備取30,國立臺中科技大學,國立臺中科技大學國際貿易與經營系,原校系/本校留任
NUTC_5201,115,nutc_itm,中科大 國際貿易與經營系,57090862,陳*臻,備取31,國立臺中科技大學,國立臺中科技大學國際貿易與經營系,原校系/本校留任
NUTC_5202,115,nutc_itm,中科大 國際貿易與經營系,53090168,莊*玲,備取32,國立臺北護理健康大學,國立臺北護理健康大學健康事業管理系,其他學校錄取
NUTC_5203,115,nutc_itm,中科大 國際貿易與經營系,67090061,黃*律,備取33,國立勤益科技大學,國立勤益科技大學資訊管理系,其他學校錄取
NUTC_5204,115,nutc_itm,中科大 國際貿易與經營系,61090410,*菲,備取34,國立臺中科技大學,國立臺中科技大學國際貿易與經營系,原校系/本校留任
NUTC_5205,115,nutc_itm,中科大 國際貿易與經營系,59090315,*翔,備取35,國立臺中科技大學,國立臺中科技大學國際貿易與經營系,原校系/本校留任
NUTC_5206,115,nutc_itm,中科大 國際貿易與經營系,59090023,陳*希,備取36,國立臺中科技大學,國立臺中科技大學國際貿易與經營系,原校系/本校留任
NUTC_5207,115,nutc_itm,中科大 國際貿易與經營系,61090256,張*嘉,備取37,國立臺中科技大學,國立臺中科技大學國際貿易與經營系,原校系/本校留任
NUTC_5208,115,nutc_itm,中科大 國際貿易與經營系,61090580,陳*倪,備取38,國立高雄科技大學,國立高雄科技大學智慧商務系,其他學校錄取
NUTC_5209,115,nutc_itm,中科大 國際貿易與經營系,70090891,歐*哲,備取39,國立臺中科技大學,國立臺中科技大學國際貿易與經營系,原校系/本校留任
NUTC_5210,115,nutc_itm,中科大 國際貿易與經營系,61090416,鄭*妘,備取40,—,—,未分發/放棄
NUTC_5211,115,nutc_itm,中科大 國際貿易與經營系,65090214,張*程,備取42,國立虎尾科技大學,國立虎尾科技大學工業管理系,其他學校錄取
NUTC_5212,115,nutc_itm,中科大 國際貿易與經營系,59530008,林*安,備取43,—,—,未分發/放棄
NUTC_5213,115,nutc_itm,中科大 國際貿易與經營系,52090125,涂*禎,備取44,銘傳大學,銘傳大學國際企業學系(台北校區),其他學校錄取
NUTC_5214,115,nutc_itm,中科大 國際貿易與經營系,59090243,徐*妘,備取45,國立高雄科技大學,國立高雄科技大學應用英語系,其他學校錄取
NUTC_5215,115,nutc_itm,中科大 國際貿易與經營系,53090040,林*彣,備取46,國立高雄科技大學,國立高雄科技大學文化創意產業系,其他學校錄取
NUTC_5216,115,nutc_itm,中科大 國際貿易與經營系,54090454,胡*睿,備取47,—,—,未分發/放棄
NUTC_5217,115,nutc_itm,中科大 國際貿易與經營系,52090370,陳*瑜,備取48,—,—,未分發/放棄
NUTC_5218,115,nutc_itm,中科大 國際貿易與經營系,55090199,張*祁,備取49,—,—,未分發/放棄
NUTC_5219,115,nutc_itm,中科大 國際貿易與經營系,56090198,柯*杰,備取50,—,—,未分發/放棄
NUTC_5220,115,nutc_itm,中科大 國際貿易與經營系,68530062,許*悠,備取51,國立高雄科技大學,國立高雄科技大學應用德語系,其他學校錄取
NUTC_5221,115,nutc_itm,中科大 國際貿易與經營系,64090160,吳*,備取52,國立高雄科技大學,國立高雄科技大學國際企業系,其他學校錄取
NUTC_5222,115,nutc_itm,中科大 國際貿易與經營系,68090634,黃*勻,備取53,國立高雄科技大學,國立高雄科技大學應用英語系,其他學校錄取
NUTC_5223,115,nutc_itm,中科大 國際貿易與經營系,64090172,許*翔,備取54,—,—,未分發/放棄
NUTC_5224,115,nutc_itm,中科大 國際貿易與經營系,78090015,劉*𡢃,備取1,致理科技大學,致理科技大學企業管理系,其他學校錄取
NUTC_5225,115,nutc_itm,中科大 國際貿易與經營系,55090483,林*,備取1,國立臺中科技大學,國立臺中科技大學國際貿易與經營系,原校系/本校留任
NUTC_5226,115,nutc_itm,中科大 國際貿易與經營系,51090253,南*源,備取2,國立臺中科技大學,國立臺中科技大學國際貿易與經營系,原校系/本校留任
NUTC_5227,115,nutc_itm,中科大 國際貿易與經營系,52090133,陳*余,正取,中原大學,中原大學資訊管理學系,其他學校錄取
NUTC_5228,115,nutc_itm,中科大 國際貿易與經營系,52090482,*均,正取,—,—,未分發/放棄
NUTC_5229,115,nutc_itm,中科大 國際貿易與經營系,54090378,吳*銓,正取,—,—,未分發/放棄
NUTC_5230,115,nutc_itm,中科大 國際貿易與經營系,55090331,黃*媗,正取,—,—,未分發/放棄
NUTC_5231,115,nutc_itm,中科大 國際貿易與經營系,55090337,劉*岑,正取,銘傳大學,銘傳大學國際企業學系(台北校區),其他學校錄取
NUTC_5232,115,nutc_itm,中科大 國際貿易與經營系,55090366,張*瑜,正取,國立臺北商業大學,國立臺北商業大學國際商務系(臺北校區),其他學校錄取
NUTC_5233,115,nutc_itm,中科大 國際貿易與經營系,57090049,陳*态,正取,—,—,未分發/放棄
NUTC_5234,115,nutc_itm,中科大 國際貿易與經營系,57090169,吳*瑜,正取,中原大學,中原大學國際經營與貿易學系,其他學校錄取
NUTC_5235,115,nutc_itm,中科大 國際貿易與經營系,57090197,彭*偉,正取,—,—,未分發/放棄
NUTC_5236,115,nutc_itm,中科大 國際貿易與經營系,57090363,吳*,正取,國立高雄科技大學,國立高雄科技大學金融系,其他學校錄取
NUTC_5237,115,nutc_itm,中科大 國際貿易與經營系,57090478,許*瑜,正取,國立臺北商業大學,國立臺北商業大學國際商務系(臺北校區),其他學校錄取
NUTC_5238,115,nutc_itm,中科大 國際貿易與經營系,57090689,楊*琪,正取,—,—,未分發/放棄
NUTC_5239,115,nutc_itm,中科大 國際貿易與經營系,57090829,陳*妤,正取,國立高雄科技大學,國立高雄科技大學航運管理系,其他學校錄取
NUTC_5240,115,nutc_itm,中科大 國際貿易與經營系,57090957,黃*婕,正取,—,—,未分發/放棄
NUTC_5241,115,nutc_itm,中科大 國際貿易與經營系,58090001,何*歆,正取,—,—,未分發/放棄
NUTC_5242,115,nutc_itm,中科大 國際貿易與經營系,58090036,陳*慈,正取,—,—,未分發/放棄
NUTC_5243,115,nutc_itm,中科大 國際貿易與經營系,58090249,*愷,正取,—,—,未分發/放棄
NUTC_5244,115,nutc_itm,中科大 國際貿易與經營系,59090101,許*嘉,正取,—,—,未分發/放棄
NUTC_5245,115,nutc_itm,中科大 國際貿易與經營系,59090157,楊*嫻,正取,—,—,未分發/放棄
NUTC_5246,115,nutc_itm,中科大 國際貿易與經營系,59090334,戴*綸,正取,—,—,未分發/放棄
NUTC_5247,115,nutc_itm,中科大 國際貿易與經營系,59090419,古*豪,正取,—,—,未分發/放棄
NUTC_5248,115,nutc_itm,中科大 國際貿易與經營系,61090005,賴*暄,正取,逢甲大學,逢甲大學會計學系,其他學校錄取
NUTC_5249,115,nutc_itm,中科大 國際貿易與經營系,61090238,郭*福,正取,—,—,未分發/放棄
NUTC_5250,115,nutc_itm,中科大 國際貿易與經營系,61090294,魏*玲,正取,—,—,未分發/放棄
NUTC_5251,115,nutc_itm,中科大 國際貿易與經營系,61090356,石*,正取,逢甲大學,逢甲大學國際經營與貿易學系,其他學校錄取
NUTC_5252,115,nutc_itm,中科大 國際貿易與經營系,61090433,林*妍,正取,國立高雄科技大學,國立高雄科技大學航運管理系,其他學校錄取
NUTC_5253,115,nutc_itm,中科大 國際貿易與經營系,61090461,陳*庭,正取,—,—,未分發/放棄
NUTC_5254,115,nutc_itm,中科大 國際貿易與經營系,61090686,歐*妘,正取,—,—,未分發/放棄
NUTC_5255,115,nutc_itm,中科大 國際貿易與經營系,61091046,林*義,正取,逢甲大學,逢甲大學會計學系,其他學校錄取
NUTC_5256,115,nutc_itm,中科大 國際貿易與經營系,61091506,林*妤,正取,—,—,未分發/放棄
NUTC_5257,115,nutc_itm,中科大 國際貿易與經營系,64090037,林*态,正取,—,—,未分發/放棄
NUTC_5258,115,nutc_itm,中科大 國際貿易與經營系,64090375,蕭*潔,正取,國立高雄科技大學,國立高雄科技大學運籌管理系,其他學校錄取
NUTC_5259,115,nutc_itm,中科大 國際貿易與經營系,64090379,黃*涵,正取,國立高雄科技大學,國立高雄科技大學航運管理系,其他學校錄取
NUTC_5260,115,nutc_itm,中科大 國際貿易與經營系,64090407,江*妍,正取,—,—,未分發/放棄
NUTC_5261,115,nutc_itm,中科大 國際貿易與經營系,64090492,*婷,正取,—,—,未分發/放棄
NUTC_5262,115,nutc_itm,中科大 國際貿易與經營系,65090180,賴*叡,正取,國立高雄科技大學,國立高雄科技大學行銷與流通管理系,其他學校錄取
NUTC_5263,115,nutc_itm,中科大 國際貿易與經營系,65090226,曹*洳,正取,國立高雄科技大學,國立高雄科技大學運籌管理系,其他學校錄取
NUTC_5264,115,nutc_itm,中科大 國際貿易與經營系,65090300,*茜,正取,國立高雄科技大學,國立高雄科技大學會計資訊系,其他學校錄取
NUTC_5265,115,nutc_itm,中科大 國際貿易與經營系,67090184,楊*珊,正取,國立高雄科技大學,國立高雄科技大學航運管理系,其他學校錄取
NUTC_5266,115,nutc_itm,中科大 國際貿易與經營系,68090165,吳*态,正取,—,—,未分發/放棄
NUTC_5267,115,nutc_itm,中科大 國際貿易與經營系,68090197,黃*倫,正取,—,—,未分發/放棄
NUTC_5268,115,nutc_itm,中科大 國際貿易與經營系,68090257,李*錡,正取,—,—,未分發/放棄
NUTC_5269,115,nutc_itm,中科大 國際貿易與經營系,68090400,鄭*卉,正取,—,—,未分發/放棄
NUTC_5270,115,nutc_itm,中科大 國際貿易與經營系,68090488,盧*瑄,正取,—,—,未分發/放棄
NUTC_5271,115,nutc_itm,中科大 國際貿易與經營系,68090500,梅*婕,正取,國立屏東大學,國立屏東大學行銷與流通管理學系,其他學校錄取
NUTC_5272,115,nutc_itm,中科大 國際貿易與經營系,68090524,郭*宏,正取,國立高雄科技大學,國立高雄科技大學商務資訊應用系,其他學校錄取
NUTC_5273,115,nutc_itm,中科大 國際貿易與經營系,68090544,黃*婷,正取,國立高雄科技大學,國立高雄科技大學國際企業系,其他學校錄取
NUTC_5274,115,nutc_itm,中科大 國際貿易與經營系,68090545,劉*均,正取,國立高雄餐旅大學,國立高雄餐旅大學航空暨運輸服務管理系,其他學校錄取
NUTC_5275,115,nutc_itm,中科大 國際貿易與經營系,70090121,吳*樺,正取,—,—,未分發/放棄
NUTC_5276,115,nutc_itm,中科大 國際貿易與經營系,70090274,*庭,正取,—,—,未分發/放棄
NUTC_5277,115,nutc_itm,中科大 國際貿易與經營系,70090411,郭*呈,正取,—,—,未分發/放棄
NUTC_5278,115,nutc_itm,中科大 國際貿易與經營系,70090501,陳*宇,正取,國立高雄科技大學,國立高雄科技大學航運管理系,其他學校錄取
NUTC_5279,115,nutc_itm,中科大 國際貿易與經營系,70090632,許*,正取,國立高雄科技大學,國立高雄科技大學人力資源發展系,其他學校錄取
NUTC_5280,115,nutc_itm,中科大 國際貿易與經營系,70090658,施*态,正取,國立雲林科技大學,國立雲林科技大學國際管理學士學位學程,其他學校錄取
NUTC_5281,115,nutc_itm,中科大 國際貿易與經營系,70090767,吳*慈,正取,—,—,未分發/放棄
NUTC_5282,115,nutc_itm,中科大 國際貿易與經營系,70090885,陳*安,正取,國立高雄科技大學,國立高雄科技大學財政稅務系,其他學校錄取
NUTC_5283,115,nutc_itm,中科大 國際貿易與經營系,74530023,商*瑜,正取,僑光科技大學,僑光科技大學國際貿易系,其他學校錄取
NUTC_5284,115,nutc_itm,中科大 國際貿易與經營系,74530031,蘇*毓,正取,文藻外語大學,文藻外語大學國際企業管理系,其他學校錄取
NUTC_5285,115,nutc_itm,中科大 國際貿易與經營系,58150070,吳*婕,正取,國立臺北科技大學,國立臺北科技大學應用英文系,其他學校錄取
NUTC_5286,115,nutc_itm,中科大 國際貿易與經營系,51150011,謝*宸,正取,—,—,未分發/放棄
NUTC_5287,115,nutc_itm,中科大 國際貿易與經營系,57530060,沈*皓,正取,國立臺北科技大學,國立臺北科技大學應用英文系,其他學校錄取
NUTC_5288,115,nutc_itm,中科大 國際貿易與經營系,58150061,*萱,正取,國立臺灣科技大學,國立臺灣科技大學應用外語系,其他學校錄取
NUTC_5289,115,nutc_itm,中科大 國際貿易與經營系,61150228,賴*,正取,—,—,未分發/放棄
NUTC_5290,115,nutc_itm,中科大 國際貿易與經營系,61530080,蘇*心,正取,國立高雄科技大學,國立高雄科技大學航運管理系,其他學校錄取
COM_0,113,nkust_ib,高科大 國際企業系,55090230,林*堃,正取,國立高雄科技大學,國立高雄科技大學國際企業系,原校系/本校留任
COM_1,113,nkust_ib,高科大 國際企業系,70090418,吳*縈,正取,國立高雄科技大學,國立高雄科技大學金融系,原校系/本校留任
COM_2,113,nkust_ib,高科大 國際企業系,66090193,范*琪,正取,國立高雄科技大學,國立高雄科技大學航運管理系,原校系/本校留任
COM_3,113,nkust_ib,高科大 國際企業系,61091415,吳*妤,正取,國立高雄科技大學,國立高雄科技大學國際企業系,原校系/本校留任
COM_4,113,nkust_ib,高科大 國際企業系,74530027,李*,正取,國立高雄科技大學,國立高雄科技大學航運管理系,原校系/本校留任
COM_5,113,nkust_ib,高科大 國際企業系,61090967,陳*,備取,國立雲林科技大學,國立雲林科技大學國際管理學士學位學程,其他學校錄取
COM_6,113,nkust_ib,高科大 國際企業系,61091265,陳*瑄,正取,國立臺北商業大學,國立臺北商業大學國際商務系(臺北校區),其他學校錄取
COM_7,113,nkust_ib,高科大 國際企業系,67090119,楊*絜,正取,—,—,未分發/放棄
COM_8,113,nkust_ib,高科大 國際企業系,65090431,*君,正取,國立高雄科技大學,國立高雄科技大學國際企業系,原校系/本校留任
COM_9,113,nkust_ib,高科大 國際企業系,66090241,張*,正取,國立高雄科技大學,國立高雄科技大學國際企業系,原校系/本校留任
COM_10,113,nkust_ib,高科大 國際企業系,66090093,邱*恩,正取,國立臺中科技大學,國立臺中科技大學國際貿易與經營系,其他學校錄取
COM_11,113,nkust_ib,高科大 國際企業系,61090054,吳*,備取,國立臺北商業大學,國立臺北商業大學國際商務系(臺北校區),其他學校錄取
COM_12,113,nkust_ib,高科大 國際企業系,61090535,藍*鉲,正取,國立臺中科技大學,國立臺中科技大學國際貿易與經營系,其他學校錄取
COM_13,113,nkust_ib,高科大 國際企業系,70091005,葵*翔,正取,國立雲林科技大學,國立雲林科技大學工業工程與管理系,其他學校錄取
COM_14,113,nkust_ib,高科大 國際企業系,59090022,張*雅,正取,國立高雄科技大學,國立高雄科技大學國際企業系,原校系/本校留任
COM_15,113,nkust_ib,高科大 國際企業系,66090089,林*慈,正取,國立高雄科技大學,國立高雄科技大學國際企業系,原校系/本校留任
COM_16,113,nkust_ib,高科大 國際企業系,61090641,邱*瑜,正取,國立高雄科技大學,國立高雄科技大學國際企業系,原校系/本校留任
COM_17,113,nkust_ib,高科大 國際企業系,68090142,吳*昀,正取,國立高雄科技大學,國立高雄科技大學國際企業系,原校系/本校留任
COM_18,113,nkust_ib,高科大 國際企業系,67090123,楊*淇,備取,國立高雄科技大學,國立高雄科技大學國際企業系,原校系/本校留任
COM_19,113,nkust_ib,高科大 國際企業系,70090673,康*瑄,正取,國立高雄科技大學,國立高雄科技大學國際企業系,原校系/本校留任
COM_20,113,nkust_ib,高科大 國際企業系,51090295,賴*庭,正取,國立雲林科技大學,國立雲林科技大學應用外語系,其他學校錄取
COM_21,113,nkust_ib,高科大 國際企業系,68090785,*永,正取,國立高雄科技大學,國立高雄科技大學國際企業系,原校系/本校留任
COM_22,113,nkust_ib,高科大 國際企業系,61091725,陳*,正取,國立高雄科技大學,國立高雄科技大學航運管理系,原校系/本校留任
COM_23,113,nkust_ib,高科大 國際企業系,64090156,胡*僑,備取,國立高雄科技大學,國立高雄科技大學金融系,原校系/本校留任
COM_24,113,nkust_ib,高科大 國際企業系,70090925,宋*琦,正取,國立高雄科技大學,國立高雄科技大學國際企業系,原校系/本校留任
COM_25,113,nkust_ib,高科大 國際企業系,61090793,李*,正取,國立高雄科技大學,國立高雄科技大學國際企業系,原校系/本校留任
COM_26,113,nkust_ib,高科大 國際企業系,60090251,*真,正取,國立高雄科技大學,國立高雄科技大學金融系,原校系/本校留任
COM_27,113,nkust_ib,高科大 國際企業系,64090407,林*,備取,國立高雄科技大學,國立高雄科技大學國際企業系,原校系/本校留任
COM_28,113,nkust_ib,高科大 國際企業系,64090439,—,備取,國立高雄科技大學,國立高雄科技大學國際企業系,原校系/本校留任
COM_29,113,nkust_ib,高科大 國際企業系,64090507,楊*雅,正取,逢甲大學,逢甲大學國際經營與貿易學系,其他學校錄取
COM_30,113,nkust_ib,高科大 國際企業系,64090343,李*瑄,正取,國立高雄科技大學,國立高雄科技大學航運管理系,原校系/本校留任
COM_31,113,nkust_ib,高科大 國際企業系,58090089,賴*廷,正取,中原大學,中原大學國際經營與貿易學系,其他學校錄取
COM_32,113,nkust_ib,高科大 國際企業系,64090119,鄭*玲,正取,國立高雄科技大學,國立高雄科技大學金融資訊系,原校系/本校留任
COM_33,113,nkust_ib,高科大 國際企業系,59090130,何*欣,正取,國立高雄科技大學,國立高雄科技大學商務資訊應用系,原校系/本校留任
COM_34,113,nkust_ib,高科大 國際企業系,58090033,*言,備取,國立高雄科技大學,國立高雄科技大學航運管理系,原校系/本校留任
COM_35,113,nkust_ib,高科大 國際企業系,61091665,何*任,正取,逢甲大學,逢甲大學國際經營與貿易學系,其他學校錄取
COM_36,113,nkust_ib,高科大 國際企業系,64090387,林*妤,備取,國立高雄科技大學,國立高雄科技大學國際企業系,原校系/本校留任
COM_37,113,nkust_ib,高科大 國際企業系,57090526,陳*縈,備取,—,—,未分發/放棄
COM_38,113,nkust_ib,高科大 國際企業系,66090237,孫*永,備取,國立高雄科技大學,國立高雄科技大學航運管理系,原校系/本校留任
COM_39,113,nkust_ib,高科大 國際企業系,59090002,熊*羽,正取,國立高雄科技大學,國立高雄科技大學商務資訊應用系,原校系/本校留任
COM_40,113,nkust_ib,高科大 國際企業系,56090046,鄭*永,備取,國立臺中科技大學,國立臺中科技大學國際貿易與經營系,其他學校錄取
COM_41,113,nkust_ib,高科大 國際企業系,70030434,陳*宏,備取,國立高雄科技大學,國立高雄科技大學國際企業系,原校系/本校留任
COM_42,113,nkust_ib,高科大 國際企業系,57090525,鄭*彤,正取,國立高雄科技大學,國立高雄科技大學工業工程與管理系,原校系/本校留任
COM_43,113,nkust_ib,高科大 國際企業系,64090523,葉*廷,備取,國立高雄科技大學,國立高雄科技大學國際企業系,原校系/本校留任
COM_44,113,nkust_ib,高科大 國際企業系,68090146,楊*晴,正取,致理科技大學,致理科技大學國際貿易系,其他學校錄取
COM_45,113,nkust_ib,高科大 國際企業系,64090319,潘*女,備取,國立雲林科技大學,國立雲林科技大學文化資產維護系,其他學校錄取
COM_46,113,nkust_ib,高科大 國際企業系,61090300,許*淳,備取,逢甲大學,逢甲大學國際經營與貿易學系,其他學校錄取
COM_47,113,nkust_ib,高科大 國際企業系,65090449,范*珊,備取,國立高雄科技大學,國立高雄科技大學國際企業系,原校系/本校留任
COM_48,113,nkust_ib,高科大 國際企業系,64090487,謝*哲,正取,國立高雄科技大學,國立高雄科技大學國際企業系,原校系/本校留任
COM_49,113,nkust_ib,高科大 國際企業系,68090646,黄*豪,備取,國立高雄科技大學,國立高雄科技大學智慧商務系,原校系/本校留任
COM_50,113,nkust_ib,高科大 國際企業系,64090467,*倫,備取,國立高雄科技大學,國立高雄科技大學國際企業系,原校系/本校留任
COM_51,113,nkust_ib,高科大 國際企業系,70090597,吳*,正取,國立高雄科技大學,國立高雄科技大學行銷與流通管理系,原校系/本校留任
COM_52,113,nkust_ib,高科大 國際企業系,58530020,余*,正取,國立高雄科技大學,國立高雄科技大學高瞻科技不分系學士學位學程,原校系/本校留任
COM_53,113,nkust_ib,高科大 國際企業系,55090113,葵*綸,備取,國立高雄科技大學,國立高雄科技大學金融資訊系,原校系/本校留任
COM_54,113,nkust_ib,高科大 國際企業系,56530008,林*丞,備取,—,—,未分發/放棄
COM_55,113,nkust_ib,高科大 國際企業系,57090633,黎*君,備取,逢甲大學,逢甲大學會計學系,其他學校錄取
COM_56,113,nkust_ib,高科大 國際企業系,57090750,*珊,正取,國立雲林科技大學,國立雲林科技大學文化資產維護系,其他學校錄取
COM_57,113,nkust_ib,高科大 國際企業系,57090881,*媛,正取,中原大學,中原大學國際經營與貿易學系,其他學校錄取
COM_58,113,nkust_ib,高科大 國際企業系,57530078,許*妍,備取,—,—,未分發/放棄
COM_59,113,nkust_ib,高科大 國際企業系,58090309,闕*竹,正取,國立雲林科技大學,國立雲林科技大學工業工程與管理系,其他學校錄取
COM_60,113,nkust_ib,高科大 國際企業系,59090377,*熒,備取,—,—,未分發/放棄
COM_61,113,nkust_ib,高科大 國際企業系,61091271,陳*姍,備取,—,—,未分發/放棄
COM_62,113,nkust_ib,高科大 國際企業系,61091277,陳*帆,正取,國立高雄科技大學,國立高雄科技大學資訊管理系,原校系/本校留任
COM_63,113,nkust_ib,高科大 國際企業系,61091343,吳*恬,備取,國立雲林科技大學,國立雲林科技大學工業工程與管理系,其他學校錄取
COM_64,113,nkust_ib,高科大 國際企業系,61091583,—,正取,國立臺中科技大學,國立臺中科技大學國際貿易與經營系,其他學校錄取
COM_65,113,nkust_ib,高科大 國際企業系,61091591,陳*臻,正取,國立臺中科技大學,國立臺中科技大學國際貿易與經營系,其他學校錄取
COM_66,113,nkust_ib,高科大 國際企業系,61091627,*君,備取,—,—,未分發/放棄
COM_67,113,nkust_ib,高科大 國際企業系,61530004,葵*瑀,正取,國立雲林科技大學,國立雲林科技大學應用外語系,其他學校錄取
COM_68,113,nkust_ib,高科大 國際企業系,62090086,蘇*方,備取,—,—,未分發/放棄
COM_69,113,nkust_ib,高科大 國際企業系,64030060,張*庭,正取,國立臺中科技大學,國立臺中科技大學國際貿易與經營系,其他學校錄取
COM_70,113,nkust_ib,高科大 國際企業系,64090076,趙*如,正取,逢甲大學,逢甲大學會計學系,其他學校錄取
COM_71,113,nkust_ib,高科大 國際企業系,64090144,周*如,正取,國立雲林科技大學,國立雲林科技大學企業管理系,其他學校錄取
COM_72,113,nkust_ib,高科大 國際企業系,64090547,*晴,正取,國立臺北商業大學,國立臺北商業大學國際商務系(臺北校區),其他學校錄取
COM_73,113,nkust_ib,高科大 國際企業系,64090559,陳*,正取,國立臺中科技大學,國立臺中科技大學國際貿易與經營系,其他學校錄取
COM_74,113,nkust_ib,高科大 國際企業系,64090587,黄*諺,正取,國立臺北商業大學,國立臺北商業大學國際商務系(臺北校區),其他學校錄取
COM_75,113,nkust_ib,高科大 國際企業系,64090611,粘*騰,備取,—,—,未分發/放棄
COM_76,113,nkust_ib,高科大 國際企業系,65090110,*榕,正取,國立雲林科技大學,國立雲林科技大學國際管理學士學位學程,其他學校錄取
COM_77,113,nkust_ib,高科大 國際企業系,65090265,陳*航,備取,國立高雄科技大學,國立高雄科技大學金融系,原校系/本校留任
COM_78,113,nkust_ib,高科大 國際企業系,66090189,吳*褕,備取,國立高雄科技大學,國立高雄科技大學運籌管理系,原校系/本校留任
COM_79,113,nkust_ib,高科大 國際企業系,66090225,陳*昕,正取,國立臺北商業大學,國立臺北商業大學國際商務系(臺北校區),其他學校錄取
COM_80,113,nkust_ib,高科大 國際企業系,67090238,陳*杉,備取,—,—,未分發/放棄
COM_81,113,nkust_ib,高科大 國際企業系,68090126,陳*君,備取,—,—,未分發/放棄
COM_82,113,nkust_ib,高科大 國際企業系,68090525,*昕,備取,—,—,未分發/放棄
COM_83,113,nkust_ib,高科大 國際企業系,70090585,*榕,正取,國立雲林科技大學,國立雲林科技大學應用外語系,其他學校錄取
COM_84,113,nkust_ib,高科大 國際企業系,70090665,葵*恩,備取,—,—,未分發/放棄
COM_85,113,nkust_ship,高科大 航運管理系,74530027,李*,正取,國立高雄科技大學,國立高雄科技大學航運管理系,原校系/本校留任
COM_86,113,nkust_ship,高科大 航運管理系,64090363,郭*育,正取,國立高雄科技大學,國立高雄科技大學航運管理系,原校系/本校留任
COM_87,113,nkust_ship,高科大 航運管理系,67090119,楊*絜,正取,—,—,未分發/放棄
COM_88,113,nkust_ship,高科大 航運管理系,68090194,陳*,正取,國立高雄科技大學,國立高雄科技大學航運管理系,原校系/本校留任
COM_89,113,nkust_ship,高科大 航運管理系,b9006069,顏*恩,正取,國立高雄科技大學,國立高雄科技大學航運管理系,原校系/本校留任
COM_90,113,nkust_ship,高科大 航運管理系,64090503,F*,正取,國立高雄科技大學,國立高雄科技大學航運管理系,原校系/本校留任
COM_91,113,nkust_ship,高科大 航運管理系,61091725,陳*,正取,國立高雄科技大學,國立高雄科技大學航運管理系,原校系/本校留任
COM_92,113,nkust_ship,高科大 航運管理系,66090193,范*琪,正取,國立高雄科技大學,國立高雄科技大學航運管理系,原校系/本校留任
COM_93,113,nkust_ship,高科大 航運管理系,64090343,李*瑄,正取,國立高雄科技大學,國立高雄科技大學航運管理系,原校系/本校留任
COM_94,113,nkust_ship,高科大 航運管理系,70090805,蕭*,正取,國立高雄科技大學,國立高雄科技大學航運管理系,原校系/本校留任
COM_95,113,nkust_ship,高科大 航運管理系,59090041,吳*絜,正取,國立高雄科技大學,國立高雄科技大學航運管理系,原校系/本校留任
COM_96,113,nkust_ship,高科大 航運管理系,70091005,葵*翔,正取,國立雲林科技大學,國立雲林科技大學工業工程與管理系,其他學校錄取
COM_97,113,nkust_ship,高科大 航運管理系,57090065,張*禎,正取,國立高雄科技大學,國立高雄科技大學航運管理系,原校系/本校留任
COM_98,113,nkust_ship,高科大 航運管理系,61090609,賴*靜,正取,國立高雄科技大學,國立高雄科技大學航運管理系,原校系/本校留任
COM_99,113,nkust_ship,高科大 航運管理系,61091645,游*宇,備取,國立高雄科技大學,國立高雄科技大學航運管理系,原校系/本校留任
COM_100,113,nkust_ship,高科大 航運管理系,61091737,*甄,正取,國立高雄科技大學,國立高雄科技大學航運管理系,原校系/本校留任
COM_101,113,nkust_ship,高科大 航運管理系,70090386,葵*妤,正取,國立高雄科技大學,國立高雄科技大學運籌管理系,原校系/本校留任
COM_102,113,nkust_ship,高科大 航運管理系,61090589,*伶,正取,國立高雄科技大學,國立高雄科技大學航運管理系,原校系/本校留任
COM_103,113,nkust_ship,高科大 航運管理系,61091677,魏*蓓,正取,國立高雄科技大學,國立高雄科技大學航運管理系,原校系/本校留任
COM_104,113,nkust_ship,高科大 航運管理系,68090334,趙*瀠,正取,國立高雄科技大學,國立高雄科技大學智慧商務系,原校系/本校留任
COM_105,113,nkust_ship,高科大 航運管理系,64090276,—,正取,國立雲林科技大學,國立雲林科技大學工業工程與管理系,其他學校錄取
COM_106,113,nkust_ship,高科大 航運管理系,58090033,*言,備取,國立高雄科技大學,國立高雄科技大學航運管理系,原校系/本校留任
COM_107,113,nkust_ship,高科大 航運管理系,ES006099,鄭*,備取,國立雲林科技大學,國立雲林科技大學工業工程與管理系,其他學校錄取
COM_108,113,nkust_ship,高科大 航運管理系,67090458,黄*穎,備取,國立高雄科技大學,國立高雄科技大學航運管理系,原校系/本校留任
COM_109,113,nkust_ship,高科大 航運管理系,69090056,—,正取,國立高雄科技大學,國立高雄科技大學航運管理系,原校系/本校留任
COM_110,113,nkust_ship,高科大 航運管理系,61530090,*翔,正取,國立高雄科技大學,國立高雄科技大學航運管理系,原校系/本校留任
COM_111,113,nkust_ship,高科大 航運管理系,64090535,葵*臻,正取,國立高雄科技大學,國立高雄科技大學航運管理系,原校系/本校留任
COM_112,113,nkust_ship,高科大 航運管理系,60090327,吳*綾,正取,國立高雄科技大學,國立高雄科技大學航運管理系,原校系/本校留任
COM_113,113,nkust_ship,高科大 航運管理系,67090267,侯*妤,備取,國立高雄科技大學,國立高雄科技大學航運管理系,原校系/本校留任
COM_114,113,nkust_ship,高科大 航運管理系,63090258,林*筠,正取,國立高雄科技大學,國立高雄科技大學航運管理系,原校系/本校留任
COM_115,113,nkust_ship,高科大 航運管理系,65090425,蕭*,正取,國立臺中科技大學,國立臺中科技大學國際貿易與經營系,其他學校錄取
COM_116,113,nkust_ship,高科大 航運管理系,66090149,張*瑄,正取,國立高雄科技大學,國立高雄科技大學航運管理系,原校系/本校留任
COM_117,113,nkust_ship,高科大 航運管理系,53090021,黄*,正取,國立高雄科技大學,國立高雄科技大學航運管理系,原校系/本校留任
COM_118,113,nkust_ship,高科大 航運管理系,60090315,張*瑜,正取,國立高雄科技大學,國立高雄科技大學航運管理系,原校系/本校留任
COM_119,113,nkust_ship,高科大 航運管理系,61090873,*恩,正取,國立臺灣海洋大學,國立臺灣海洋大學海洋經營管理學士學位學程,其他學校錄取
COM_120,113,nkust_ship,高科大 航運管理系,66090237,孫*永,備取,國立高雄科技大學,國立高雄科技大學航運管理系,原校系/本校留任
COM_121,113,nkust_ship,高科大 航運管理系,59090188,維*宇,備取,國立高雄科技大學,國立高雄科技大學金融系,原校系/本校留任
COM_122,113,nkust_ship,高科大 航運管理系,76090017,歐*含,正取,國立高雄科技大學,國立高雄科技大學航運管理系,原校系/本校留任
COM_123,113,nkust_ship,高科大 航運管理系,65090261,陳*妤,正取,國立高雄科技大學,國立高雄科技大學航運管理系,原校系/本校留任
COM_124,113,nkust_ship,高科大 航運管理系,64090004,林*恩,備取,國立高雄科技大學,國立高雄科技大學航運管理系,原校系/本校留任
COM_125,113,nkust_ship,高科大 航運管理系,68530094,林*岑,正取,國立高雄科技大學,國立高雄科技大學航運管理系,原校系/本校留任
COM_126,113,nkust_ship,高科大 航運管理系,52090139,陳*永,備取,國立高雄科技大學,國立高雄科技大學航運管理系,原校系/本校留任
COM_127,113,nkust_ship,高科大 航運管理系,61090312,黄*,備取,國立高雄科技大學,國立高雄科技大學航運管理系,原校系/本校留任
COM_128,113,nkust_ship,高科大 航運管理系,64090160,沈*茜,正取,逢甲大學,逢甲大學國際經營與貿易學系,其他學校錄取
COM_129,113,nkust_ship,高科大 航運管理系,61091463,林*頡,備取,國立高雄科技大學,國立高雄科技大學航運管理系,原校系/本校留任
COM_130,113,nkust_ship,高科大 航運管理系,64090598,林*庭,備取,國立高雄科技大學,國立高雄科技大學航運管理系,原校系/本校留任
COM_131,113,nkust_ship,高科大 航運管理系,70090953,*慈,備取,國立高雄科技大學,國立高雄科技大學航運管理系,原校系/本校留任
COM_132,113,nkust_ship,高科大 航運管理系,65090449,范*珊,備取,國立高雄科技大學,國立高雄科技大學國際企業系,原校系/本校留任
COM_133,113,nkust_ship,高科大 航運管理系,66090157,吳*宇,備取,國立高雄科技大學,國立高雄科技大學航運管理系,原校系/本校留任
COM_134,113,nkust_ship,高科大 航運管理系,61091663,*瑜,正取,亞洲大學,亞洲大學健康產業管理學系,其他學校錄取
COM_135,113,nkust_ship,高科大 航運管理系,67090186,許*彦,備取,—,—,未分發/放棄
COM_136,113,nkust_ship,高科大 航運管理系,64090096,尤*筠,備取,國立臺中科技大學,國立臺中科技大學國際貿易與經營系,其他學校錄取
COM_137,113,nkust_ship,高科大 航運管理系,61090300,許*淳,備取,逢甲大學,逢甲大學國際經營與貿易學系,其他學校錄取
COM_138,113,nkust_ship,高科大 航運管理系,58090141,*真,備取,國立高雄科技大學,國立高雄科技大學智慧商務系,原校系/本校留任
COM_139,113,nkust_ship,高科大 航運管理系,55090125,李*侑,備取,—,—,未分發/放棄
COM_140,113,nkust_ship,高科大 航運管理系,71090350,昍*,正取,國立高雄科技大學,國立高雄科技大學人力資源發展系,原校系/本校留任
COM_141,113,nkust_ship,高科大 航運管理系,64090387,林*妤,備取,國立高雄科技大學,國立高雄科技大學國際企業系,原校系/本校留任
COM_142,113,nkust_ship,高科大 航運管理系,61091399,張*婕,正取,逢甲大學,逢甲大學國際經營與貿易學系,其他學校錄取
COM_143,113,nkust_ship,高科大 航運管理系,71090258,楊*,備取,國立高雄科技大學,國立高雄科技大學運籌管理系,原校系/本校留任
COM_144,113,nkust_ship,高科大 航運管理系,67090259,黄*珊,正取,國立臺中科技大學,國立臺中科技大學國際貿易與經營系,其他學校錄取
COM_145,113,nkust_ship,高科大 航運管理系,61091032,林*亮,正取,國立勤益科技大學,國立勤益科技大學企業管理系,其他學校錄取
COM_146,113,nkust_ship,高科大 航運管理系,65090077,朱*𡤃,正取,—,—,未分發/放棄
COM_147,113,nkust_ship,高科大 航運管理系,67090279,吳*,備取,國立高雄科技大學,國立高雄科技大學行銷與流通管理系,原校系/本校留任
COM_148,113,nkust_ship,高科大 航運管理系,67090207,陳*妤,正取,國立高雄科技大學,國立高雄科技大學運籌管理系,原校系/本校留任
COM_149,113,nkust_ship,高科大 航運管理系,52090500,鄭*丞,備取,—,—,未分發/放棄
COM_150,113,nkust_ship,高科大 航運管理系,64090467,*倫,備取,國立高雄科技大學,國立高雄科技大學國際企業系,原校系/本校留任
COM_151,113,nkust_ship,高科大 航運管理系,70090853,蘇*甯,備取,—,—,未分發/放棄
COM_152,113,nkust_ship,高科大 航運管理系,69090031,葵*軒,備取,—,—,未分發/放棄
COM_153,113,nkust_ship,高科大 航運管理系,64090515,黄*穎,備取,國立高雄科技大學,國立高雄科技大學運籌管理系,原校系/本校留任
COM_154,113,nkust_ship,高科大 航運管理系,70090473,楊*婕,備取,國立臺中科技大學,國立臺中科技大學國際貿易與經營系,其他學校錄取
COM_155,113,nkust_ship,高科大 航運管理系,65090018,*彣,備取,—,—,未分發/放棄
COM_156,113,nkust_ship,高科大 航運管理系,65090277,黄*慈,備取,—,—,未分發/放棄
COM_157,113,nkust_ship,高科大 航運管理系,65090229,鄭*,備取,國立高雄科技大學,國立高雄科技大學行銷與流通管理系,原校系/本校留任
COM_158,113,nkust_ship,高科大 航運管理系,61091329,陳*,正取,國立高雄科技大學,國立高雄科技大學人力資源發展系,原校系/本校留任
COM_159,113,nkust_ship,高科大 航運管理系,61091205,鄭*,備取,國立高雄科技大學,國立高雄科技大學漁業科技與管理系,原校系/本校留任
COM_160,113,nkust_ship,高科大 航運管理系,65090305,張*榕,備取,國立臺中科技大學,國立臺中科技大學企業管理系,其他學校錄取
COM_161,113,nkust_ship,高科大 航運管理系,70090678,葵*庭,正取,國立屏東大學,國立屏東大學商業大數據學系,其他學校錄取
COM_162,113,nkust_ship,高科大 航運管理系,52090617,*勛,正取,國立臺北護理健康大學,國立臺北護理健康大學生死與健康心理諮商系,其他學校錄取
COM_163,113,nkust_ship,高科大 航運管理系,65090433,蕭*,正取,朝陽科技大學,朝陽科技大學飛行與民航人員技術系,其他學校錄取
COM_164,113,nkust_ship,高科大 航運管理系,68090418,沈*庭,正取,國立高雄科技大學,國立高雄科技大學智慧商務系,原校系/本校留任
COM_165,113,nkust_ship,高科大 航運管理系,70090462,陳*恩,備取,國立屏東大學,國立屏東大學行銷與流通管理學系,其他學校錄取
COM_166,113,nkust_ship,高科大 航運管理系,61090100,陳*聿,正取,國立勤益科技大學,國立勤益科技大學流通管理系,其他學校錄取
COM_167,113,nkust_ship,高科大 航運管理系,74090121,陳*甯,備取,國立高雄科技大學,國立高雄科技大學航運管理系,原校系/本校留任
COM_168,113,nkust_ship,高科大 航運管理系,59090229,陳*愷,備取,靜宜大學,靜宜大學法律學系,其他學校錄取
COM_169,113,nkust_ship,高科大 航運管理系,76090009,鄭*,正取,正修科技大學,正修科技大學金融管理系,其他學校錄取
COM_170,113,nkust_ship,高科大 航運管理系,61091345,周*有,備取,國立高雄科技大學,國立高雄科技大學企業管理系,原校系/本校留任
COM_171,113,nkust_ship,高科大 航運管理系,52090534,夏*淩,備取,國立臺灣海洋大學,國立臺灣海洋大學航運管理學系,其他學校錄取
COM_172,113,nkust_ship,高科大 航運管理系,52090554,郭*君,正取,國立臺北商業大學,國立臺北商業大學商業設計管理系(桃園校區),其他學校錄取
COM_173,113,nkust_ship,高科大 航運管理系,56090372,陳*,備取,—,—,未分發/放棄
COM_174,113,nkust_ship,高科大 航運管理系,60090145,*婕,正取,國立虎尾科技大學,國立虎尾科技大學資訊管理系,其他學校錄取
COM_175,113,nkust_ship,高科大 航運管理系,60090295,賴*城,正取,—,—,未分發/放棄
COM_176,113,nkust_ship,高科大 航運管理系,61090236,林*凱,備取,—,—,未分發/放棄
COM_177,113,nkust_ship,高科大 航運管理系,61091161,*榕,正取,國立臺中科技大學,國立臺中科技大學老人服務事業管理系,其他學校錄取
COM_178,113,nkust_ship,高科大 航運管理系,61091221,潘*兒,正取,國立臺中科技大學,國立臺中科技大學流通管理系,其他學校錄取
COM_179,113,nkust_ship,高科大 航運管理系,61091665,何*任,正取,逢甲大學,逢甲大學國際經營與貿易學系,其他學校錄取
COM_180,113,nkust_ship,高科大 航運管理系,61091721,陳*,備取,—,—,未分發/放棄
COM_181,113,nkust_ship,高科大 航運管理系,61091741,陳*,備取,—,—,未分發/放棄
COM_182,113,nkust_ship,高科大 航運管理系,61091786,徐*哲,正取,國立臺中科技大學,國立臺中科技大學休閒事業經營系,其他學校錄取
COM_183,113,nkust_ship,高科大 航運管理系,62090106,—,備取,國立臺中科技大學,國立臺中科技大學國際貿易與經營系,其他學校錄取
COM_184,113,nkust_ship,高科大 航運管理系,64090115,黄*,備取,—,—,未分發/放棄
COM_185,113,nkust_ship,高科大 航運管理系,64090124,*慈,正取,國立高雄科技大學,國立高雄科技大學航運技術系,原校系/本校留任
COM_186,113,nkust_ship,高科大 航運管理系,64090267,張*紘,備取,國立高雄科技大學,國立高雄科技大學金融系,原校系/本校留任
COM_187,113,nkust_ship,高科大 航運管理系,64090271,侯*J,正取,國立高雄科技大學,國立高雄科技大學財政稅務系,原校系/本校留任
COM_188,113,nkust_ship,高科大 航運管理系,64090311,蕭*,正取,國立雲林科技大學,國立雲林科技大學文化資產維護系,其他學校錄取
COM_189,113,nkust_ship,高科大 航運管理系,64090471,楊*姈,備取,—,—,未分發/放棄
COM_190,113,nkust_ship,高科大 航運管理系,64530006,楊*儐,備取,國立臺北護理健康大學,國立臺北護理健康大學資訊管理系,其他學校錄取
COM_191,113,nkust_ship,高科大 航運管理系,65090325,李*瑜,正取,國立臺中科技大學,國立臺中科技大學國際貿易與經營系,其他學校錄取
COM_192,113,nkust_ship,高科大 航運管理系,65090413,林*,備取,—,—,未分發/放棄
COM_193,113,nkust_ship,高科大 航運管理系,66090061,謝*庭,備取,—,—,未分發/放棄
COM_194,113,nkust_ship,高科大 航運管理系,66090089,林*慈,正取,國立高雄科技大學,國立高雄科技大學國際企業系,原校系/本校留任
COM_195,113,nkust_ship,高科大 航運管理系,66090169,張*庭,備取,—,—,未分發/放棄
COM_196,113,nkust_ship,高科大 航運管理系,67090342,*逸,備取,—,—,未分發/放棄
COM_197,113,nkust_ship,高科大 航運管理系,67090438,郭*婷,備取,—,—,未分發/放棄
COM_198,113,nkust_ship,高科大 航運管理系,68090238,吳*妤,正取,國立高雄科技大學,國立高雄科技大學人力資源發展系,原校系/本校留任
COM_199,113,nkust_ship,高科大 航運管理系,69090040,蘇*寶,備取,國立臺中科技大學,國立臺中科技大學會計資訊系,其他學校錄取
COM_200,113,nkust_ship,高科大 航運管理系,70090266,許*瀚,備取,—,—,未分發/放棄
COM_201,113,nkust_ship,高科大 航運管理系,70090410,朱*恩,備取,國立臺中科技大學,國立臺中科技大學財務金融系,其他學校錄取
COM_202,113,nkust_ship,高科大 航運管理系,70090966,葵*融,備取,—,—,未分發/放棄
COM_203,113,nkust_ship,高科大 航運管理系,70091100,巴*甯,正取,國立臺北科技大學,國立臺北科技大學工業工程與管理系,其他學校錄取
COM_204,113,nkust_ship,高科大 航運管理系,71090346,黄*哲,備取,—,—,未分發/放棄
COM_205,113,nkust_ship,高科大 航運管理系,76090021,葵*小,備取,—,—,未分發/放棄
COM_206,113,nkust_ship,高科大 航運管理系,76090040,趙*,備取,—,—,未分發/放棄
COM_207,113,nkust_ship,高科大 航運管理系,76090054,許*凱,備取,—,—,未分發/放棄
COM_208,113,nkust_ship,高科大 航運管理系,76090055,許*,正取,國立澎湖科技大學,國立澎湖科技大學觀光休閒系,其他學校錄取
COM_209,113,nkust_ship,高科大 航運管理系,58150007,—,正取,國立臺北護理健康大學,國立臺北護理健康大學生死與健康心理諮商系,其他學校錄取
COM_210,113,nkust_ship,高科大 航運管理系,61150156,—,正取,—,—,未分發/放棄
COM_211,113,nkust_ship,高科大 航運管理系,66150031,林*貞,正取,國立高雄科技大學,國立高雄科技大學航運管理系,原校系/本校留任
COM_212,113,nkust_ship,高科大 航運管理系,66150077,*晴,正取,國立高雄科技大學,國立高雄科技大學航運管理系,原校系/本校留任
COM_213,113,nkust_ship,高科大 航運管理系,66150078,謝*穎,正取,國立高雄科技大學,國立高雄科技大學航運管理系,原校系/本校留任
COM_214,113,nkust_ship,高科大 航運管理系,64150070,張*婕,正取,國立高雄科技大學,國立高雄科技大學航運管理系,原校系/本校留任
COM_215,113,nkust_ship,高科大 航運管理系,64150011,黄*鈞,正取,國立高雄科技大學,國立高雄科技大學航運管理系,原校系/本校留任
COM_216,113,nkust_ship,高科大 航運管理系,68150041,—,正取,國立高雄科技大學,國立高雄科技大學航運管理系,原校系/本校留任
COM_217,113,nkust_ship,高科大 航運管理系,61150244,*慈,正取,國立高雄科技大學,國立高雄科技大學航運管理系,原校系/本校留任
COM_218,113,nkust_ship,高科大 航運管理系,57150122,鄧*方,正取,國立高雄科技大學,國立高雄科技大學航運管理系,原校系/本校留任
COM_219,113,nkust_ship,高科大 航運管理系,61150002,蘇*恩,正取,國立臺北科技大學,國立臺北科技大學應用英文系,其他學校錄取
COM_220,113,nkust_ship,高科大 航運管理系,63530021,葵*,正取,國立高雄科技大學,國立高雄科技大學航運管理系,原校系/本校留任
COM_221,113,nkust_ship,高科大 航運管理系,61150264,林*,備取,國立高雄科技大學,國立高雄科技大學航運管理系,原校系/本校留任
COM_222,113,nkust_ship,高科大 航運管理系,64530003,葵*臻,正取,國立高雄科技大學,國立高雄科技大學航運管理系,原校系/本校留任
COM_223,113,nkust_ship,高科大 航運管理系,61150172,陳*彤,正取,國立高雄科技大學,國立高雄科技大學航運管理系,原校系/本校留任
COM_224,113,nkust_ship,高科大 航運管理系,58150029,謝*芳,正取,國立臺北科技大學,國立臺北科技大學文化事業發展系,其他學校錄取
COM_225,113,nkust_ship,高科大 航運管理系,67150066,高*珊,正取,國立高雄科技大學,國立高雄科技大學航運管理系,原校系/本校留任
COM_226,113,nkust_ship,高科大 航運管理系,65150050,黄*軒,正取,國立高雄科技大學,國立高雄科技大學航運管理系,原校系/本校留任
COM_227,113,nkust_ship,高科大 航運管理系,65150057,賴*宏,備取,國立臺北科技大學,國立臺北科技大學應用英文系,其他學校錄取
COM_228,113,nkust_ship,高科大 航運管理系,64150034,*敬,正取,國立高雄科技大學,國立高雄科技大學航運管理系,原校系/本校留任
COM_229,113,nkust_ship,高科大 航運管理系,63150002,吳*,備取,國立高雄科技大學,國立高雄科技大學航運管理系,原校系/本校留任
COM_230,113,nkust_ship,高科大 航運管理系,64150065,李*,備取,國立高雄科技大學,國立高雄科技大學航運管理系,原校系/本校留任
COM_231,113,nkust_ship,高科大 航運管理系,57150118,邱*盛,正取,—,—,未分發/放棄
COM_232,113,nkust_ship,高科大 航運管理系,61150084,徐*蕙,備取,國立高雄科技大學,國立高雄科技大學航運管理系,原校系/本校留任
COM_233,113,nkust_ship,高科大 航運管理系,61150237,*琪,備取,—,—,未分發/放棄
COM_234,113,nkust_ship,高科大 航運管理系,66150029,楊*,備取,—,—,未分發/放棄
COM_235,113,nkust_ship,高科大 航運管理系,66150039,陳*,正取,國立高雄科技大學,國立高雄科技大學應用英語系,原校系/本校留任
COM_236,113,nkust_ship,高科大 航運管理系,61150109,*岑,備取,國立雲林科技大學,國立雲林科技大學應用外語系,其他學校錄取
COM_237,113,nkust_ship,高科大 航運管理系,52530051,張*,備取,國立雲林科技大學,國立雲林科技大學應用外語系,其他學校錄取
COM_238,113,nkust_ship,高科大 航運管理系,65150038,林*,備取,國立高雄科技大學,國立高雄科技大學航運管理系,原校系/本校留任
COM_239,113,nkust_ship,高科大 航運管理系,69150004,吳*祐,備取,—,—,未分發/放棄
COM_240,113,nkust_ship,高科大 航運管理系,51150022,簡*庭,備取,—,—,未分發/放棄
COM_241,113,nkust_ship,高科大 航運管理系,52150022,葵*緁,正取,國立臺北護理健康大學,國立臺北護理健康大學語言治療與聽力學系,其他學校錄取
COM_242,113,nkust_ship,高科大 航運管理系,52150173,朱*桐,備取,國立臺北科技大學,國立臺北科技大學應用英文系,其他學校錄取
COM_243,113,nkust_ship,高科大 航運管理系,56150146,*綾,正取,國立雲林科技大學,國立雲林科技大學應用外語系,其他學校錄取
COM_244,113,nkust_ship,高科大 航運管理系,56530008,林*丞,備取,—,—,未分發/放棄
COM_245,113,nkust_ship,高科大 航運管理系,56530036,張*永,正取,—,—,未分發/放棄
COM_246,113,nkust_ship,高科大 航運管理系,58150155,楊*欣,備取,—,—,未分發/放棄
COM_247,113,nkust_ship,高科大 航運管理系,58530005,吳*恩,正取,朝陽科技大學,朝陽科技大學飛行與民航人員技術系,其他學校錄取
COM_248,113,nkust_ship,高科大 航運管理系,60530001,林*虹,備取,—,—,未分發/放棄
COM_249,113,nkust_ship,高科大 航運管理系,61150052,F*臻,正取,國立雲林科技大學,國立雲林科技大學應用外語系,其他學校錄取
COM_250,113,nkust_ship,高科大 航運管理系,61150145,張*庭,正取,國立臺北科技大學,國立臺北科技大學文化事業發展系,其他學校錄取
COM_251,113,nkust_ship,高科大 航運管理系,61150379,黄*,正取,國立臺北護理健康大學,國立臺北護理健康大學運動保健系,其他學校錄取
COM_252,113,nkust_ship,高科大 航運管理系,64150007,楊*,備取,—,—,未分發/放棄
COM_253,113,nkust_ship,高科大 航運管理系,64150015,陳*弘,備取,—,—,未分發/放棄
COM_254,113,nkust_ship,高科大 航運管理系,64150016,黄*珍,備取,—,—,未分發/放棄
COM_255,113,nkust_ship,高科大 航運管理系,64150035,陳*大,備取,國立臺灣科技大學,國立臺灣科技大學應用外語系,其他學校錄取
COM_256,113,nkust_ship,高科大 航運管理系,64150056,邱*柔,正取,國立臺北護理健康大學,國立臺北護理健康大學運動保健系,其他學校錄取
COM_257,113,nkust_ship,高科大 航運管理系,65150006,鄭*,備取,—,—,未分發/放棄
COM_258,113,nkust_ship,高科大 航運管理系,65150023,蕭*,正取,國立臺中科技大學,國立臺中科技大學保險金融管理系,其他學校錄取
COM_259,113,nkust_ship,高科大 航運管理系,65150024,葉*豪,備取,國立高雄科技大學,國立高雄科技大學運籌管理系,原校系/本校留任
COM_260,113,nkust_ship,高科大 航運管理系,66150006,張*,正取,國立臺北護理健康大學,國立臺北護理健康大學語言治療與聽力學系,其他學校錄取
COM_261,113,nkust_ship,高科大 航運管理系,66150018,趙*瑄,備取,—,—,未分發/放棄
COM_262,113,nkust_ship,高科大 航運管理系,66150066,陳*,備取,—,—,未分發/放棄
COM_263,113,nkust_ship,高科大 航運管理系,66150089,鄭*倫,備取,—,—,未分發/放棄
COM_264,113,nkust_ship,高科大 航運管理系,67150063,許*家,備取,—,—,未分發/放棄
COM_265,113,nkust_ship,高科大 航運管理系,68150017,鄭*潔,備取,—,—,未分發/放棄
COM_266,113,nkust_ship,高科大 航運管理系,68150029,黄*德,備取,—,—,未分發/放棄
COM_267,113,nkust_ship,高科大 航運管理系,68150085,鄭*岑,備取,—,—,未分發/放棄
COM_268,113,ntub_ib,北商大 國際商務系,66090205,—,正取,國立高雄科技大學,國立高雄科技大學金融系,其他學校錄取
COM_269,113,ntub_ib,北商大 國際商務系,52090965,張*永,正取,國立臺北商業大學,國立臺北商業大學國際商務系(臺北校區),原校系/本校留任
COM_270,113,ntub_ib,北商大 國際商務系,69530007,尤*嫚,正取,—,—,未分發/放棄
COM_271,113,ntub_ib,北商大 國際商務系,52090442,李*,正取,國立臺北商業大學,國立臺北商業大學國際商務系(臺北校區),原校系/本校留任
COM_272,113,ntub_ib,北商大 國際商務系,59090049,陳*慈,備取,國立臺北商業大學,國立臺北商業大學國際商務系(臺北校區),原校系/本校留任
COM_273,113,ntub_ib,北商大 國際商務系,58090529,郭*昕,正取,國立臺北商業大學,國立臺北商業大學國際商務系(臺北校區),原校系/本校留任
COM_274,113,ntub_ib,北商大 國際商務系,66090225,陳*昕,正取,國立臺北商業大學,國立臺北商業大學國際商務系(臺北校區),原校系/本校留任
COM_275,113,ntub_ib,北商大 國際商務系,57090334,袁*,正取,國立臺北商業大學,國立臺北商業大學國際商務系(臺北校區),原校系/本校留任
COM_276,113,ntub_ib,北商大 國際商務系,70090857,馮*家,正取,國立雲林科技大學,國立雲林科技大學國際管理學士學位學程,其他學校錄取
COM_277,113,ntub_ib,北商大 國際商務系,61090971,*軒,正取,國立臺北商業大學,國立臺北商業大學國際商務系(臺北校區),原校系/本校留任
COM_278,113,ntub_ib,北商大 國際商務系,65090213,謝*君,正取,國立臺北商業大學,國立臺北商業大學國際商務系(臺北校區),原校系/本校留任
COM_279,113,ntub_ib,北商大 國際商務系,61091263,吳*婷,正取,國立臺北商業大學,國立臺北商業大學國際商務系(臺北校區),原校系/本校留任
COM_280,113,ntub_ib,北商大 國際商務系,59090445,江*,備取,國立臺北商業大學,國立臺北商業大學企業管理系(臺北校區),原校系/本校留任
COM_281,113,ntub_ib,北商大 國際商務系,61091625,徐*彤,正取,國立臺北商業大學,國立臺北商業大學國際商務系(臺北校區),原校系/本校留任
COM_282,113,ntub_ib,北商大 國際商務系,61091223,李*,備取,國立雲林科技大學,國立雲林科技大學國際管理學士學位學程,其他學校錄取
COM_283,113,ntub_ib,北商大 國際商務系,59090455,駱*婕,正取,國立臺北商業大學,國立臺北商業大學國際商務系(臺北校區),原校系/本校留任
COM_284,113,ntub_ib,北商大 國際商務系,52090154,周*喬,正取,國立臺北商業大學,國立臺北商業大學國際商務系(臺北校區),原校系/本校留任
COM_285,113,ntub_ib,北商大 國際商務系,52090437,—,備取,國立臺北科技大學,國立臺北科技大學工業工程與管理系,其他學校錄取
COM_286,113,ntub_ib,北商大 國際商務系,61090074,葵*恩,正取,國立臺北商業大學,國立臺北商業大學國際商務系(臺北校區),原校系/本校留任
COM_287,113,ntub_ib,北商大 國際商務系,57090881,*媛,正取,中原大學,中原大學國際經營與貿易學系,其他學校錄取
COM_288,113,ntub_ib,北商大 國際商務系,64090579,游*臻,正取,國立臺北商業大學,國立臺北商業大學國際商務系(臺北校區),原校系/本校留任
COM_289,113,ntub_ib,北商大 國際商務系,65090082,陳*哈台,正取,國立臺北商業大學,國立臺北商業大學國際商務系(臺北校區),原校系/本校留任
COM_290,113,ntub_ib,北商大 國際商務系,52090761,李*,備取,國立臺北商業大學,國立臺北商業大學財政稅務系(臺北校區),原校系/本校留任
COM_291,113,ntub_ib,北商大 國際商務系,64090547,*晴,正取,國立臺北商業大學,國立臺北商業大學國際商務系(臺北校區),原校系/本校留任
COM_292,113,ntub_ib,北商大 國際商務系,54030009,郭*妤,正取,國立臺北商業大學,國立臺北商業大學國際商務系(臺北校區),原校系/本校留任
COM_293,113,ntub_ib,北商大 國際商務系,61091265,陳*瑄,備取,國立臺北商業大學,國立臺北商業大學國際商務系(臺北校區),原校系/本校留任
COM_294,113,ntub_ib,北商大 國際商務系,65090073,郭*瑜,備取,國立臺北商業大學,國立臺北商業大學國際商務系(臺北校區),原校系/本校留任
COM_295,113,ntub_ib,北商大 國際商務系,64090587,黄*諺,正取,國立臺北商業大學,國立臺北商業大學國際商務系(臺北校區),原校系/本校留任
COM_296,113,ntub_ib,北商大 國際商務系,71090072,梁*愷,正取,國立臺北商業大學,國立臺北商業大學財政稅務系(臺北校區),原校系/本校留任
COM_297,113,ntub_ib,北商大 國際商務系,60090014,黄*綸,正取,國立臺北商業大學,國立臺北商業大學國際商務系(臺北校區),原校系/本校留任
COM_298,113,ntub_ib,北商大 國際商務系,76090036,*真,正取,國立臺北商業大學,國立臺北商業大學財務金融系(臺北校區),原校系/本校留任
COM_299,113,ntub_ib,北商大 國際商務系,63090541,李*諮,備取,國立臺北商業大學,國立臺北商業大學國際商務系(臺北校區),原校系/本校留任
COM_300,113,ntub_ib,北商大 國際商務系,59090101,謝*旋,備取,國立臺北科技大學,國立臺北科技大學工業工程與管理系,其他學校錄取
COM_301,113,ntub_ib,北商大 國際商務系,57090029,陳*,正取,國立臺北商業大學,國立臺北商業大學國際商務系(臺北校區),原校系/本校留任
COM_302,113,ntub_ib,北商大 國際商務系,56090161,F*,備取,國立臺北商業大學,國立臺北商業大學國際商務系(臺北校區),原校系/本校留任
COM_303,113,ntub_ib,北商大 國際商務系,58090026,陳*羽,備取,國立臺北商業大學,國立臺北商業大學國際商務系(臺北校區),原校系/本校留任
COM_304,113,ntub_ib,北商大 國際商務系,55090339,吳*,正取,國立臺北商業大學,國立臺北商業大學國際商務系(臺北校區),原校系/本校留任
COM_305,113,ntub_ib,北商大 國際商務系,59090082,徐*恩,備取,國立臺北商業大學,國立臺北商業大學國際商務系(臺北校區),原校系/本校留任
COM_306,113,ntub_ib,北商大 國際商務系,64090140,顏*,備取,國立臺北科技大學,國立臺北科技大學工業工程與管理系,其他學校錄取
COM_307,113,ntub_ib,北商大 國際商務系,65090249,黄*,備取,國立臺北商業大學,國立臺北商業大學國際商務系(臺北校區),原校系/本校留任
COM_308,113,ntub_ib,北商大 國際商務系,61090054,吳*,正取,國立臺北商業大學,國立臺北商業大學國際商務系(臺北校區),原校系/本校留任
COM_309,113,ntub_ib,北商大 國際商務系,61091123,柳*吟,備取,—,—,未分發/放棄
COM_310,113,ntub_ib,北商大 國際商務系,61091709,許*,備取,—,—,未分發/放棄
COM_311,113,ntub_ib,北商大 國際商務系,61091645,游*宇,正取,國立高雄科技大學,國立高雄科技大學航運管理系,其他學校錄取
COM_312,113,ntub_ib,北商大 國際商務系,61090771,宋*住,備取,—,—,未分發/放棄
COM_313,113,ntub_ib,北商大 國際商務系,70090705,陳*,正取,國立雲林科技大學,國立雲林科技大學工業工程與管理系,其他學校錄取
COM_314,113,ntub_ib,北商大 國際商務系,64090052,賴*,備取,國立高雄科技大學,國立高雄科技大學工業工程與管理系,其他學校錄取
COM_315,113,ntub_ib,北商大 國際商務系,52090530,張*彤,正取,逢甲大學,逢甲大學國際經營與貿易學系,其他學校錄取
COM_316,113,ntub_ib,北商大 國際商務系,52090662,胡*誠,備取,—,—,未分發/放棄
COM_317,113,ntub_ib,北商大 國際商務系,64090463,—,備取,國立臺北商業大學,國立臺北商業大學企業管理系(臺北校區),原校系/本校留任
COM_318,113,ntub_ib,北商大 國際商務系,61091507,徐*,備取,國立雲林科技大學,國立雲林科技大學工業工程與管理系,其他學校錄取
COM_319,113,ntub_ib,北商大 國際商務系,52090748,吳*,備取,—,—,未分發/放棄
COM_320,113,ntub_ib,北商大 國際商務系,58090365,葉*綸,備取,—,—,未分發/放棄
COM_321,113,ntub_ib,北商大 國際商務系,64090431,*柔,備取,國立雲林科技大學,國立雲林科技大學工業工程與管理系,其他學校錄取
COM_322,113,ntub_ib,北商大 國際商務系,64090439,—,備取,國立高雄科技大學,國立高雄科技大學國際企業系,其他學校錄取
COM_323,113,ntub_ib,北商大 國際商務系,52090145,*翔,備取,銘傳大學,銘傳大學國際企業學系(台北校區),其他學校錄取
COM_324,113,ntub_ib,北商大 國際商務系,56090467,黄*心,正取,國立臺北商業大學,國立臺北商業大學國際商務系(臺北校區),原校系/本校留任
COM_325,113,ntub_ib,北商大 國際商務系,58090329,夏*苓,正取,國立臺中科技大學,國立臺中科技大學流通管理系,其他學校錄取
COM_326,113,ntub_ib,北商大 國際商務系,74530024,張*珍,備取,—,—,未分發/放棄
COM_327,113,ntub_ib,北商大 國際商務系,57090849,陳*盈,備取,—,—,未分發/放棄
COM_328,113,ntub_ib,北商大 國際商務系,76090031,謝*均,備取,國立臺北科技大學,國立臺北科技大學經營管理系,其他學校錄取
COM_329,113,ntub_ib,北商大 國際商務系,51090029,*淳,正取,國立臺灣海洋大學,國立臺灣海洋大學航運管理學系,其他學校錄取
COM_330,113,ntub_ib,北商大 國際商務系,52090218,李*廷,正取,國立臺北商業大學,國立臺北商業大學資訊管理系(臺北校區),原校系/本校留任
COM_331,113,ntub_ib,北商大 國際商務系,52090294,陳*臻,備取,—,—,未分發/放棄
COM_332,113,ntub_ib,北商大 國際商務系,52090298,郭*宏,正取,國立臺灣科技大學,國立臺灣科技大學企業管理系,其他學校錄取
COM_333,113,ntub_ib,北商大 國際商務系,52090354,黄*儀,備取,—,—,未分發/放棄
COM_334,113,ntub_ib,北商大 國際商務系,55090321,陳*臻,備取,—,—,未分發/放棄
COM_335,113,ntub_ib,北商大 國際商務系,58090045,賴*蓉,備取,—,—,未分發/放棄
COM_336,113,ntub_ib,北商大 國際商務系,58090054,郭*橙,備取,—,—,未分發/放棄
COM_337,113,ntub_ib,北商大 國際商務系,59090008,徐*,備取,國立臺北商業大學,國立臺北商業大學會計資訊系(臺北校區),原校系/本校留任
COM_338,113,ntub_ib,北商大 國際商務系,59090044,陳*軒,備取,—,—,未分發/放棄
COM_339,113,ntub_ib,北商大 國際商務系,59090321,*婷,備取,—,—,未分發/放棄
COM_340,113,ntub_ib,北商大 國際商務系,59090393,林*晴,正取,國立臺北科技大學,國立臺北科技大學工業工程與管理系,其他學校錄取
COM_341,113,ntub_ib,北商大 國際商務系,59090451,范*庭,備取,—,—,未分發/放棄
COM_342,113,ntub_ib,北商大 國際商務系,61090937,張*晴,備取,國立臺北科技大學,國立臺北科技大學資訊與財金管理系,其他學校錄取
COM_343,113,ntub_ib,北商大 國際商務系,61091069,*琦,正取,國立臺北科技大學,國立臺北科技大學工業工程與管理系,其他學校錄取
COM_344,113,ntub_ib,北商大 國際商務系,61091077,蕭*,備取,—,—,未分發/放棄
COM_345,113,ntub_ib,北商大 國際商務系,61091551,黄*妤,正取,國立雲林科技大學,國立雲林科技大學國際管理學士學位學程,其他學校錄取
COM_346,113,ntub_ib,北商大 國際商務系,61091657,嚴*綺,備取,—,—,未分發/放棄
COM_347,113,ntub_ib,北商大 國際商務系,61091753,賴*璇,備取,國立雲林科技大學,國立雲林科技大學企業管理系,其他學校錄取
COM_348,113,ntub_ib,北商大 國際商務系,64090084,黄*靖,正取,國立雲林科技大學,國立雲林科技大學會計系,其他學校錄取
COM_349,113,ntub_ib,北商大 國際商務系,64090191,張*甄,備取,—,—,未分發/放棄
COM_350,113,ntub_ib,北商大 國際商務系,64090279,沈*臻,備取,國立臺北商業大學,國立臺北商業大學財務金融系(臺北校區),原校系/本校留任
COM_351,113,ntub_ib,北商大 國際商務系,64090283,蘇*芦,備取,—,—,未分發/放棄
COM_352,113,ntub_ib,北商大 國際商務系,64090331,黄*瑄,正取,國立臺北商業大學,國立臺北商業大學財務金融系(臺北校區),原校系/本校留任
COM_353,113,ntub_ib,北商大 國際商務系,64090375,*語,備取,—,—,未分發/放棄
COM_354,113,ntub_ib,北商大 國際商務系,64090379,謝*婷,正取,國立臺北商業大學,國立臺北商業大學財政稅務系(臺北校區),原校系/本校留任
COM_355,113,ntub_ib,北商大 國際商務系,64090451,周*哲,正取,國立臺北科技大學,國立臺北科技大學經營管理系,其他學校錄取
COM_356,113,ntub_ib,北商大 國際商務系,64090503,F*,正取,國立高雄科技大學,國立高雄科技大學航運管理系,其他學校錄取
COM_357,113,ntub_ib,北商大 國際商務系,65090074,江*住,備取,—,—,未分發/放棄
COM_358,113,ntub_ib,北商大 國際商務系,66090222,葉*均,備取,—,—,未分發/放棄
COM_359,113,ntub_ib,北商大 國際商務系,68090117,林*靄,正取,國立臺灣科技大學,國立臺灣科技大學企業管理系,其他學校錄取
COM_360,113,ntub_ib,北商大 國際商務系,76090044,陳*智,備取,—,—,未分發/放棄
COM_361,113,ntub_ib,北商大 國際商務系,58150041,蒲*羽,正取,國立臺北科技大學,國立臺北科技大學應用英文系,其他學校錄取
COM_362,113,ntub_ib,北商大 國際商務系,66150006,張*,正取,國立臺北護理健康大學,國立臺北護理健康大學語言治療與聽力學系,其他學校錄取
COM_363,113,ntub_ib,北商大 國際商務系,61150264,林*,正取,國立高雄科技大學,國立高雄科技大學航運管理系,其他學校錄取
COM_364,113,ntub_ib,北商大 國際商務系,58150055,黄*心,備取,—,—,未分發/放棄
COM_365,113,ntub_ib,北商大 國際商務系,58150133,*妮,正取,—,—,未分發/放棄
COM_366,113,ntub_ib,北商大 國際商務系,61150137,張*琪,備取,—,—,未分發/放棄
COM_367,113,ntub_ib,北商大 國際商務系,66150089,鄭*倫,備取,—,—,未分發/放棄
COM_368,114,nkust_ib,高科大 國際企業系,61090635,鄭*,正取,國立高雄科技大學,國立高雄科技大學國際企業系,原校系/本校留任
COM_369,114,nkust_ib,高科大 國際企業系,67090195,郭*,正取,—,—,未分發/放棄
COM_370,114,nkust_ib,高科大 國際企業系,57090805,董*汝,備取,國立臺中科技大學,國立臺中科技大學國際貿易與經營系,其他學校錄取
COM_371,114,nkust_ib,高科大 國際企業系,67090231,董*璇,正取,國立高雄科技大學,國立高雄科技大學國際企業系,原校系/本校留任
COM_372,114,nkust_ib,高科大 國際企業系,57090190,高*婷,備取,國立臺北商業大學,國立臺北商業大學國際商務系(臺北校區),其他學校錄取
COM_373,114,nkust_ib,高科大 國際企業系,70090765,李*熙,正取,國立高雄科技大學,國立高雄科技大學國際企業系,原校系/本校留任
COM_374,114,nkust_ib,高科大 國際企業系,70090402,康*潔,正取,國立高雄科技大學,國立高雄科技大學會計資訊系,原校系/本校留任
COM_375,114,nkust_ib,高科大 國際企業系,52540013,余*,正取,國立高雄科技大學,國立高雄科技大學國際企業系,原校系/本校留任
COM_376,114,nkust_ib,高科大 國際企業系,64090499,黄*恩,備取,國立雲林科技大學,國立雲林科技大學工業工程與管理系,其他學校錄取
COM_377,114,nkust_ib,高科大 國際企業系,74530015,陳*妤,正取,國立高雄科技大學,國立高雄科技大學國際企業系,原校系/本校留任
COM_378,114,nkust_ib,高科大 國際企業系,64090495,—,正取,國立高雄科技大學,國立高雄科技大學航運管理系,原校系/本校留任
COM_379,114,nkust_ib,高科大 國際企業系,61090208,*豫,正取,國立高雄科技大學,國立高雄科技大學國際企業系,原校系/本校留任
COM_380,114,nkust_ib,高科大 國際企業系,68530050,江*君,正取,國立高雄科技大學,國立高雄科技大學國際企業系,原校系/本校留任
COM_381,114,nkust_ib,高科大 國際企業系,66090205,*柔,正取,國立高雄科技大學,國立高雄科技大學國際企業系,原校系/本校留任
COM_382,114,nkust_ib,高科大 國際企業系,70090825,*苓,備取,國立高雄科技大學,國立高雄科技大學國際企業系,原校系/本校留任
COM_383,114,nkust_ib,高科大 國際企業系,61090764,林*,正取,國立高雄科技大學,國立高雄科技大學國際企業系,原校系/本校留任
COM_384,114,nkust_ib,高科大 國際企業系,68530003,郭*倚,備取,國立高雄科技大學,國立高雄科技大學金融系,原校系/本校留任
COM_385,114,nkust_ib,高科大 國際企業系,66090097,林*陽,正取,國立高雄科技大學,國立高雄科技大學國際企業系,原校系/本校留任
COM_386,114,nkust_ib,高科大 國際企業系,70090909,楊*,備取,國立高雄科技大學,國立高雄科技大學航運管理系,原校系/本校留任
COM_387,114,nkust_ib,高科大 國際企業系,68090650,—,正取,國立高雄科技大學,國立高雄科技大學國際企業系,原校系/本校留任
COM_388,114,nkust_ib,高科大 國際企業系,59090120,葵*恩,備取,國立高雄科技大學,國立高雄科技大學國際企業系,原校系/本校留任
COM_389,114,nkust_ib,高科大 國際企業系,LZ006069,賴*喬,正取,國立高雄科技大學,國立高雄科技大學國際企業系,原校系/本校留任
COM_390,114,nkust_ib,高科大 國際企業系,64090551,陸*,備取,國立體育大學,國立體育大學休閒產業經營學系,其他學校錄取
COM_391,114,nkust_ib,高科大 國際企業系,699060L9,葉*,備取,國立高雄科技大學,國立高雄科技大學國際企業系,原校系/本校留任
COM_392,114,nkust_ib,高科大 國際企業系,53530024,陳*,正取,國立臺北護理健康大學,國立臺北護理健康大學休閒產業與健康促進系,其他學校錄取
COM_393,114,nkust_ib,高科大 國際企業系,58090088,*邦,備取,國立高雄科技大學,國立高雄科技大學智慧商務系,原校系/本校留任
COM_394,114,nkust_ib,高科大 國際企業系,57530075,*宇,備取,國立高雄科技大學,國立高雄科技大學國際企業系,原校系/本校留任
COM_395,114,nkust_ib,高科大 國際企業系,52090118,禇*旭,備取,國立雲林科技大學,國立雲林科技大學企業管理系,其他學校錄取
COM_396,114,nkust_ib,高科大 國際企業系,52090793,楊*宇,備取,—,—,未分發/放棄
COM_397,114,nkust_ib,高科大 國際企業系,56090328,林*珈,正取,國立臺中科技大學,國立臺中科技大學國際貿易與經營系,其他學校錄取
COM_398,114,nkust_ib,高科大 國際企業系,56090368,江*錡,備取,—,—,未分發/放棄
COM_399,114,nkust_ib,高科大 國際企業系,57090082,楊*恩,備取,—,—,未分發/放棄
COM_400,114,nkust_ib,高科大 國際企業系,57090685,余*哈台,正取,國立臺北護理健康大學,國立臺北護理健康大學生死與健康心理諮商系,其他學校錄取
COM_401,114,nkust_ib,高科大 國際企業系,57090874,A*茜,備取,國立臺中科技大學,國立臺中科技大學國際貿易與經營系,其他學校錄取
COM_402,114,nkust_ib,高科大 國際企業系,58090091,楊*屏,備取,國立臺中科技大學,國立臺中科技大學國際貿易與經營系,其他學校錄取
COM_403,114,nkust_ib,高科大 國際企業系,58090181,黄*欣,備取,—,—,未分發/放棄
COM_404,114,nkust_ib,高科大 國際企業系,58090210,李*璇,備取,—,—,未分發/放棄
COM_405,114,nkust_ib,高科大 國際企業系,58090336,顏*恩,正取,國立臺北科技大學,國立臺北科技大學經營管理系,其他學校錄取
COM_406,114,nkust_ib,高科大 國際企業系,59090138,李*希,正取,國立雲林科技大學,國立雲林科技大學工業工程與管理系,其他學校錄取
COM_407,114,nkust_ib,高科大 國際企業系,59090233,A*誩,備取,—,—,未分發/放棄
COM_408,114,nkust_ib,高科大 國際企業系,61090010,鄭*昀,備取,逢甲大學,逢甲大學國際經營與貿易學系,其他學校錄取
COM_409,114,nkust_ib,高科大 國際企業系,61090861,潘*珮,正取,國立雲林科技大學,國立雲林科技大學企業管理系,其他學校錄取
COM_410,114,nkust_ib,高科大 國際企業系,61090951,李*,正取,國立臺北商業大學,國立臺北商業大學國際商務系(臺北校區),其他學校錄取
COM_411,114,nkust_ib,高科大 國際企業系,61090999,潘*淳,正取,國立高雄科技大學,國立高雄科技大學航運管理系,原校系/本校留任
COM_412,114,nkust_ib,高科大 國際企業系,61091315,邱*,正取,國立臺中科技大學,國立臺中科技大學國際貿易與經營系,其他學校錄取
COM_413,114,nkust_ib,高科大 國際企業系,61091509,陳*凱,正取,國立臺灣海洋大學,國立臺灣海洋大學航運管理學系,其他學校錄取
COM_414,114,nkust_ib,高科大 國際企業系,61091633,張*育,正取,國立臺北商業大學,國立臺北商業大學國際商務系(臺北校區),其他學校錄取
COM_415,114,nkust_ib,高科大 國際企業系,61091681,陳*亞,正取,國立高雄科技大學,國立高雄科技大學航運管理系,原校系/本校留任
COM_416,114,nkust_ib,高科大 國際企業系,64090191,*鈞,備取,國立高雄科技大學,國立高雄科技大學金融系,原校系/本校留任
COM_417,114,nkust_ib,高科大 國際企業系,64090275,*儀,正取,國立臺中科技大學,國立臺中科技大學應用中文系,其他學校錄取
COM_418,114,nkust_ib,高科大 國際企業系,64090295,李*吴,備取,—,—,未分發/放棄
COM_419,114,nkust_ib,高科大 國際企業系,64090403,黄*,正取,國立高雄科技大學,國立高雄科技大學航運管理系,原校系/本校留任
COM_420,114,nkust_ib,高科大 國際企業系,64090435,許*,備取,國立高雄科技大學,國立高雄科技大學工業工程與管理系,原校系/本校留任
COM_421,114,nkust_ib,高科大 國際企業系,64090470,張*婷,正取,國立高雄餐旅大學,國立高雄餐旅大學航空暨運輸服務管理系,其他學校錄取
COM_422,114,nkust_ib,高科大 國際企業系,65090105,陳*哈台,備取,—,—,未分發/放棄
COM_423,114,nkust_ib,高科大 國際企業系,67090319,*妤,備取,—,—,未分發/放棄
COM_424,114,nkust_ib,高科大 國際企業系,68090070,維*婷,備取,—,—,未分發/放棄
COM_425,114,nkust_ib,高科大 國際企業系,68530005,蘇*倫,備取,—,—,未分發/放棄
COM_426,114,nkust_ib,高科大 國際企業系,68530044,歐*淯,備取,—,—,未分發/放棄
COM_427,114,nkust_ib,高科大 國際企業系,70030401,高*淩,正取,—,—,未分發/放棄
COM_428,114,nkust_ib,高科大 國際企業系,70090437,嚴*瑀,正取,國立雲林科技大學,國立雲林科技大學企業管理系,其他學校錄取
COM_429,114,nkust_ib,高科大 國際企業系,70090789,黄*,備取,—,—,未分發/放棄
COM_430,114,nkust_ib,高科大 國際企業系,70090861,陳*,備取,—,—,未分發/放棄
COM_431,114,nkust_ib,高科大 國際企業系,74530023,陳*帆,正取,國立高雄科技大學,國立高雄科技大學國際企業系,原校系/本校留任
COM_432,114,nkust_ib,高科大 國際企業系,65150029,蕭*女,正取,國立高雄科技大學,國立高雄科技大學航運管理系,原校系/本校留任
COM_433,114,nkust_ib,高科大 國際企業系,58150157,陳*慈,正取,國立雲林科技大學,國立雲林科技大學應用外語系,其他學校錄取
COM_434,114,nkust_ib,高科大 國際企業系,64150072,楊*,備取,國立高雄科技大學,國立高雄科技大學航運管理系,原校系/本校留任
COM_435,114,nkust_ib,高科大 國際企業系,61150275,黄*,正取,—,—,未分發/放棄
COM_436,114,nkust_ib,高科大 國際企業系,52150214,李*,備取,—,—,未分發/放棄
COM_437,114,nkust_ib,高科大 國際企業系,57150057,胡*鈞,備取,—,—,未分發/放棄
COM_438,114,nkust_ib,高科大 國際企業系,57150121,張*,備取,—,—,未分發/放棄
COM_439,114,nkust_ib,高科大 國際企業系,58150129,葉*穎,備取,—,—,未分發/放棄
COM_440,114,nkust_ib,高科大 國際企業系,58530009,朱*瑞,備取,—,—,未分發/放棄
COM_441,114,nkust_ib,高科大 國際企業系,61150199,李*盲,備取,—,—,未分發/放棄
COM_442,114,nkust_ib,高科大 國際企業系,64150019,李*,備取,國立虎尾科技大學,國立虎尾科技大學企業管理系,其他學校錄取
COM_443,114,nkust_ib,高科大 國際企業系,64150032,葵*璇,備取,—,—,未分發/放棄
COM_444,114,nkust_ib,高科大 國際企業系,64150068,葵*妤,正取,國立雲林科技大學,國立雲林科技大學應用外語系,其他學校錄取
COM_445,114,nkust_ib,高科大 國際企業系,64150074,朱*逸,備取,—,—,未分發/放棄
COM_446,114,nkust_ib,高科大 國際企業系,66150007,陳*,備取,—,—,未分發/放棄
COM_447,114,nkust_ib,高科大 國際企業系,66150038,陳*凱,備取,國立高雄科技大學,國立高雄科技大學航運管理系,原校系/本校留任
COM_448,114,nkust_ib,高科大 國際企業系,71530013,陳*,備取,—,—,未分發/放棄
COM_449,114,nkust_ship,高科大 航運管理系,61090999,潘*淳,正取,國立高雄科技大學,國立高雄科技大學航運管理系,原校系/本校留任
COM_450,114,nkust_ship,高科大 航運管理系,64090411,許*婕,正取,國立高雄科技大學,國立高雄科技大學資訊管理系,原校系/本校留任
COM_451,114,nkust_ship,高科大 航運管理系,68090470,林*誼,備取,國立雲林科技大學,國立雲林科技大學會計系,其他學校錄取
COM_452,114,nkust_ship,高科大 航運管理系,64090495,—,正取,國立高雄科技大學,國立高雄科技大學航運管理系,原校系/本校留任
COM_453,114,nkust_ship,高科大 航運管理系,68530028,*翔,正取,國立高雄科技大學,國立高雄科技大學航運管理系,原校系/本校留任
COM_454,114,nkust_ship,高科大 航運管理系,64090264,許*,正取,國立高雄科技大學,國立高雄科技大學航運管理系,原校系/本校留任
COM_455,114,nkust_ship,高科大 航運管理系,61090006,—,正取,銘傳大學,銘傳大學國際企業學系(台北校區),其他學校錄取
COM_456,114,nkust_ship,高科大 航運管理系,61091127,張*淩,正取,國立高雄科技大學,國立高雄科技大學航運管理系,原校系/本校留任
COM_457,114,nkust_ship,高科大 航運管理系,64090299,葵*,正取,國立高雄科技大學,國立高雄科技大學航運管理系,原校系/本校留任
COM_458,114,nkust_ship,高科大 航運管理系,68530024,楊*愷,備取,國立高雄科技大學,國立高雄科技大學航運管理系,原校系/本校留任
COM_459,114,nkust_ship,高科大 航運管理系,64030443,黄*彤,正取,國立高雄科技大學,國立高雄科技大學航運管理系,原校系/本校留任
COM_460,114,nkust_ship,高科大 航運管理系,61090891,陳*彗,正取,國立臺中科技大學,國立臺中科技大學保險金融管理系,其他學校錄取
COM_461,114,nkust_ship,高科大 航運管理系,61091315,邱*,正取,國立臺中科技大學,國立臺中科技大學國際貿易與經營系,其他學校錄取
COM_462,114,nkust_ship,高科大 航運管理系,65090217,江*叡,正取,國立高雄科技大學,國立高雄科技大學航運管理系,原校系/本校留任
COM_463,114,nkust_ship,高科大 航運管理系,61091597,陳*媛,正取,國立高雄科技大學,國立高雄科技大學航運管理系,原校系/本校留任
COM_464,114,nkust_ship,高科大 航運管理系,EL006099,楊*,正取,國立高雄科技大學,國立高雄科技大學航運管理系,原校系/本校留任
COM_465,114,nkust_ship,高科大 航運管理系,68090154,*誼,正取,國立高雄科技大學,國立高雄科技大學航運管理系,原校系/本校留任
COM_466,114,nkust_ship,高科大 航運管理系,68090509,*儀,正取,國立高雄科技大學,國立高雄科技大學航運管理系,原校系/本校留任
COM_467,114,nkust_ship,高科大 航運管理系,52090377,吳*謙,正取,國立高雄科技大學,國立高雄科技大學航運技術系,原校系/本校留任
COM_468,114,nkust_ship,高科大 航運管理系,68530050,江*君,備取,國立高雄科技大學,國立高雄科技大學國際企業系,原校系/本校留任
COM_469,114,nkust_ship,高科大 航運管理系,68090665,葵*𨧤,備取,國立高雄科技大學,國立高雄科技大學航運管理系,原校系/本校留任
COM_470,114,nkust_ship,高科大 航運管理系,61091605,徐*慈,正取,國立高雄科技大學,國立高雄科技大學航運管理系,原校系/本校留任
COM_471,114,nkust_ship,高科大 航運管理系,61091063,李*,正取,國立高雄科技大學,國立高雄科技大學航運管理系,原校系/本校留任
COM_472,114,nkust_ship,高科大 航運管理系,68090298,黄*,正取,國立高雄科技大學,國立高雄科技大學航運管理系,原校系/本校留任
COM_473,114,nkust_ship,高科大 航運管理系,64090263,張*,正取,國立高雄科技大學,國立高雄科技大學航運管理系,原校系/本校留任
COM_474,114,nkust_ship,高科大 航運管理系,64090486,*琳,正取,國立高雄科技大學,國立高雄科技大學航運管理系,原校系/本校留任
COM_475,114,nkust_ship,高科大 航運管理系,66090141,陳*妍,正取,國立高雄科技大學,國立高雄科技大學航運管理系,原校系/本校留任
COM_476,114,nkust_ship,高科大 航運管理系,67090346,吳*,正取,國立高雄科技大學,國立高雄科技大學航運管理系,原校系/本校留任
COM_477,114,nkust_ship,高科大 航運管理系,61091729,葵*,正取,國立高雄科技大學,國立高雄科技大學航運管理系,原校系/本校留任
COM_478,114,nkust_ship,高科大 航運管理系,61091681,陳*亞,正取,國立高雄科技大學,國立高雄科技大學航運管理系,原校系/本校留任
COM_479,114,nkust_ship,高科大 航運管理系,68090078,黄*,正取,國立高雄科技大學,國立高雄科技大學航運管理系,原校系/本校留任
COM_480,114,nkust_ship,高科大 航運管理系,61091323,維*筑,正取,逢甲大學,逢甲大學國際經營與貿易學系,其他學校錄取
COM_481,114,nkust_ship,高科大 航運管理系,64090160,黄*,正取,國立高雄科技大學,國立高雄科技大學航運管理系,原校系/本校留任
COM_482,114,nkust_ship,高科大 航運管理系,59090017,黄*臻,正取,國立高雄科技大學,國立高雄科技大學航運管理系,原校系/本校留任
COM_483,114,nkust_ship,高科大 航運管理系,61090260,陳*燕,備取,國立高雄科技大學,國立高雄科技大學航運管理系,原校系/本校留任
COM_484,114,nkust_ship,高科大 航運管理系,61091215,林*逸,正取,國立高雄科技大學,國立高雄科技大學航運管理系,原校系/本校留任
COM_485,114,nkust_ship,高科大 航運管理系,61091603,李*翔,正取,國立高雄科技大學,國立高雄科技大學航運管理系,原校系/本校留任
COM_486,114,nkust_ship,高科大 航運管理系,74530005,高*軒,正取,國立高雄科技大學,國立高雄科技大學航運管理系,原校系/本校留任
COM_487,114,nkust_ship,高科大 航運管理系,64090031,林*庭,備取,國立高雄科技大學,國立高雄科技大學航運管理系,原校系/本校留任
COM_488,114,nkust_ship,高科大 航運管理系,68530008,張*𤨪,備取,國立高雄科技大學,國立高雄科技大學航運管理系,原校系/本校留任
COM_489,114,nkust_ship,高科大 航運管理系,64090554,葵*璇,正取,國立高雄科技大學,國立高雄科技大學航運管理系,原校系/本校留任
COM_490,114,nkust_ship,高科大 航運管理系,57530009,胡*桓,正取,國立高雄餐旅大學,國立高雄餐旅大學航空暨運輸服務管理系,其他學校錄取
COM_491,114,nkust_ship,高科大 航運管理系,64090403,黄*,正取,國立高雄科技大學,國立高雄科技大學航運管理系,原校系/本校留任
COM_492,114,nkust_ship,高科大 航運管理系,67090323,鄭*,備取,國立高雄科技大學,國立高雄科技大學航運管理系,原校系/本校留任
COM_493,114,nkust_ship,高科大 航運管理系,70090837,許*柔,正取,國立臺中科技大學,國立臺中科技大學應用統計系,其他學校錄取
COM_494,114,nkust_ship,高科大 航運管理系,70090909,楊*,正取,國立高雄科技大學,國立高雄科技大學航運管理系,原校系/本校留任
COM_495,114,nkust_ship,高科大 航運管理系,68530048,*淮,備取,國立高雄科技大學,國立高雄科技大學航運管理系,原校系/本校留任
COM_496,114,nkust_ship,高科大 航運管理系,70090209,吳*,正取,—,—,未分發/放棄
COM_497,114,nkust_ship,高科大 航運管理系,61091303,陳*恩,備取,國立臺中科技大學,國立臺中科技大學國際貿易與經營系,其他學校錄取
COM_498,114,nkust_ship,高科大 航運管理系,61091701,吳*妍,正取,國立高雄科技大學,國立高雄科技大學航運管理系,原校系/本校留任
COM_499,114,nkust_ship,高科大 航運管理系,61090620,楊*,正取,逢甲大學,逢甲大學國際經營與貿易學系,其他學校錄取
COM_500,114,nkust_ship,高科大 航運管理系,64090158,*琳,正取,國立臺中科技大學,國立臺中科技大學國際貿易與經營系,其他學校錄取
COM_501,114,nkust_ship,高科大 航運管理系,61090931,蘇*淯,備取,國立高雄科技大學,國立高雄科技大學航運管理系,原校系/本校留任
COM_502,114,nkust_ship,高科大 航運管理系,64090181,江*芳,備取,—,—,未分發/放棄
COM_503,114,nkust_ship,高科大 航運管理系,61091395,陳*瑄,正取,國立臺中科技大學,國立臺中科技大學資訊管理系,其他學校錄取
COM_504,114,nkust_ship,高科大 航運管理系,70090414,啓*禎,正取,國立高雄科技大學,國立高雄科技大學人力資源發展系,原校系/本校留任
COM_505,114,nkust_ship,高科大 航運管理系,57090877,陳*柔,正取,國立高雄科技大學,國立高雄科技大學航運技術系,原校系/本校留任
COM_506,114,nkust_ship,高科大 航運管理系,70090966,陳*穎,備取,—,—,未分發/放棄
COM_507,114,nkust_ship,高科大 航運管理系,57090989,陳*婷,備取,—,—,未分發/放棄
COM_508,114,nkust_ship,高科大 航運管理系,64090196,*潔,正取,國立臺中科技大學,國立臺中科技大學國際貿易與經營系,其他學校錄取
COM_509,114,nkust_ship,高科大 航運管理系,52090550,潘*宏,備取,國立臺中科技大學,國立臺中科技大學國際貿易與經營系,其他學校錄取
COM_510,114,nkust_ship,高科大 航運管理系,52090910,鄭*恩,備取,銘傳大學,銘傳大學企業管理學系(台北校區),其他學校錄取
COM_511,114,nkust_ship,高科大 航運管理系,61091083,林*均,備取,國立勤益科技大學,國立勤益科技大學企業管理系,其他學校錄取
COM_512,114,nkust_ship,高科大 航運管理系,61091069,潘*良,正取,逢甲大學,逢甲大學會計學系,其他學校錄取
COM_513,114,nkust_ship,高科大 航運管理系,58090093,梁*,備取,國立高雄科技大學,國立高雄科技大學人力資源發展系,原校系/本校留任
COM_514,114,nkust_ship,高科大 航運管理系,67090382,F*源,正取,國立勤益科技大學,國立勤益科技大學企業管理系,其他學校錄取
COM_515,114,nkust_ship,高科大 航運管理系,70030341,陳*恩,備取,—,—,未分發/放棄
COM_516,114,nkust_ship,高科大 航運管理系,52090259,吳*,備取,國立臺中科技大學,國立臺中科技大學企業管理系,其他學校錄取
COM_517,114,nkust_ship,高科大 航運管理系,64090141,李*,備取,—,—,未分發/放棄
COM_518,114,nkust_ship,高科大 航運管理系,65090152,江*,備取,國立臺中科技大學,國立臺中科技大學國際貿易與經營系,其他學校錄取
COM_519,114,nkust_ship,高科大 航運管理系,68090685,*清,備取,—,—,未分發/放棄
COM_520,114,nkust_ship,高科大 航運管理系,68090062,李*妗今,備取,國立臺中科技大學,國立臺中科技大學國際貿易與經營系,其他學校錄取
COM_521,114,nkust_ship,高科大 航運管理系,64090104,邱*慈,備取,國立臺中科技大學,國立臺中科技大學國際貿易與經營系,其他學校錄取
COM_522,114,nkust_ship,高科大 航運管理系,61091391,葵*喬,正取,國立高雄科技大學,國立高雄科技大學運籌管理系,原校系/本校留任
COM_523,114,nkust_ship,高科大 航運管理系,70090205,陳*妍,備取,國立高雄科技大學,國立高雄科技大學人力資源發展系,原校系/本校留任
COM_524,114,nkust_ship,高科大 航運管理系,59090116,*永,備取,國立高雄餐旅大學,國立高雄餐旅大學航空暨運輸服務管理系,其他學校錄取
COM_525,114,nkust_ship,高科大 航運管理系,68530038,邱*軒,備取,—,—,未分發/放棄
COM_526,114,nkust_ship,高科大 航運管理系,64090328,周*,備取,國立臺中科技大學,國立臺中科技大學多媒體設計系,其他學校錄取
COM_527,114,nkust_ship,高科大 航運管理系,57090073,周*慈,備取,國立臺中科技大學,國立臺中科技大學企業管理系,其他學校錄取
COM_528,114,nkust_ship,高科大 航運管理系,64090318,陳*鈞,正取,國立勤益科技大學,國立勤益科技大學工業工程與管理系,其他學校錄取
COM_529,114,nkust_ship,高科大 航運管理系,64090125,*蓉,備取,—,—,未分發/放棄
COM_530,114,nkust_ship,高科大 航運管理系,61091669,楊*玥,備取,國立雲林科技大學,國立雲林科技大學文化資產維護系,其他學校錄取
COM_531,114,nkust_ship,高科大 航運管理系,61091327,周*恩,正取,國立高雄科技大學,國立高雄科技大學人力資源發展系,原校系/本校留任
COM_532,114,nkust_ship,高科大 航運管理系,52090857,—,備取,—,—,未分發/放棄
COM_533,114,nkust_ship,高科大 航運管理系,71090338,—,正取,國立屏東大學,國立屏東大學不動產經營學系,其他學校錄取
COM_534,114,nkust_ship,高科大 航運管理系,65090277,黄*媗,備取,國立臺中科技大學,國立臺中科技大學應用英語系,其他學校錄取
COM_535,114,nkust_ship,高科大 航運管理系,70090421,謝*茗,正取,國立雲林科技大學,國立雲林科技大學文化資產維護系,其他學校錄取
COM_536,114,nkust_ship,高科大 航運管理系,52090089,林*宇,備取,銘傳大學,銘傳大學國際企業學系(台北校區),其他學校錄取
COM_537,114,nkust_ship,高科大 航運管理系,52090505,曹*允,備取,國立臺北商業大學,國立臺北商業大學會計資訊系(臺北校區),其他學校錄取
COM_538,114,nkust_ship,高科大 航運管理系,54090033,陳*融,備取,—,—,未分發/放棄
COM_539,114,nkust_ship,高科大 航運管理系,54030085,陳*彦,備取,—,—,未分發/放棄
COM_540,114,nkust_ship,高科大 航運管理系,56090063,黄*,備取,國立臺北商業大學,國立臺北商業大學國際商務系(臺北校區),其他學校錄取
COM_541,114,nkust_ship,高科大 航運管理系,56090344,余*,備取,—,—,未分發/放棄
COM_542,114,nkust_ship,高科大 航運管理系,56090364,F*儀,正取,—,—,未分發/放棄
COM_543,114,nkust_ship,高科大 航運管理系,57090854,黄*雅,正取,中原大學,中原大學會計學系,其他學校錄取
COM_544,114,nkust_ship,高科大 航運管理系,57090913,*妤,備取,—,—,未分發/放棄
COM_545,114,nkust_ship,高科大 航運管理系,61090455,黄*芦,備取,—,—,未分發/放棄
COM_546,114,nkust_ship,高科大 航運管理系,61090485,涂*,備取,—,—,未分發/放棄
COM_547,114,nkust_ship,高科大 航運管理系,61090561,葵*昕,正取,國立臺中科技大學,國立臺中科技大學會計資訊系,其他學校錄取
COM_548,114,nkust_ship,高科大 航運管理系,61090801,黄*妤,正取,國立雲林科技大學,國立雲林科技大學企業管理系,其他學校錄取
COM_549,114,nkust_ship,高科大 航運管理系,61090857,賴*,備取,國立雲林科技大學,國立雲林科技大學會計系,其他學校錄取
COM_550,114,nkust_ship,高科大 航運管理系,61090969,*兪,正取,國立臺中科技大學,國立臺中科技大學流通管理系,其他學校錄取
COM_551,114,nkust_ship,高科大 航運管理系,61091055,鄭*,正取,國立臺北商業大學,國立臺北商業大學國際商務系(臺北校區),其他學校錄取
COM_552,114,nkust_ship,高科大 航運管理系,61091509,陳*凱,正取,國立臺灣海洋大學,國立臺灣海洋大學航運管理學系,其他學校錄取
COM_553,114,nkust_ship,高科大 航運管理系,61091549,鄒*沂,備取,—,—,未分發/放棄
COM_554,114,nkust_ship,高科大 航運管理系,61091625,*筠,備取,—,—,未分發/放棄
COM_555,114,nkust_ship,高科大 航運管理系,61091633,張*育,正取,國立臺北商業大學,國立臺北商業大學國際商務系(臺北校區),其他學校錄取
COM_556,114,nkust_ship,高科大 航運管理系,61091733,李*甄,備取,國立臺中科技大學,國立臺中科技大學國際貿易與經營系,其他學校錄取
COM_557,114,nkust_ship,高科大 航運管理系,64030059,吳*,備取,—,—,未分發/放棄
COM_558,114,nkust_ship,高科大 航運管理系,64090144,吳*,備取,逢甲大學,逢甲大學會計學系,其他學校錄取
COM_559,114,nkust_ship,高科大 航運管理系,64090291,陳*齊,備取,—,—,未分發/放棄
COM_560,114,nkust_ship,高科大 航運管理系,64090435,許*,備取,國立高雄科技大學,國立高雄科技大學工業工程與管理系,原校系/本校留任
COM_561,114,nkust_ship,高科大 航運管理系,64090455,陳*廷,備取,國立高雄科技大學,國立高雄科技大學工業工程與管理系,原校系/本校留任
COM_562,114,nkust_ship,高科大 航運管理系,64090467,葵*妤,備取,—,—,未分發/放棄
COM_563,114,nkust_ship,高科大 航運管理系,68090106,鄭*,正取,國立屏東大學,國立屏東大學財務金融學系,其他學校錄取
COM_564,114,nkust_ship,高科大 航運管理系,68090126,陳*沂,正取,國立雲林科技大學,國立雲林科技大學工業工程與管理系,其他學校錄取
COM_565,114,nkust_ship,高科大 航運管理系,68090262,楊*蓉,正取,國立高雄科技大學,國立高雄科技大學財政稅務系,原校系/本校留任
COM_566,114,nkust_ship,高科大 航運管理系,68090282,梁*,正取,國立雲林科技大學,國立雲林科技大學財務金融系,其他學校錄取
COM_567,114,nkust_ship,高科大 航運管理系,68090689,陳*妤,正取,國立高雄科技大學,國立高雄科技大學應用英語系,原校系/本校留任
COM_568,114,nkust_ship,高科大 航運管理系,70090877,李*德,備取,—,—,未分發/放棄
COM_569,114,nkust_ship,高科大 航運管理系,70090893,*源,備取,國立高雄科技大學,國立高雄科技大學金融系,原校系/本校留任
COM_570,114,nkust_ship,高科大 航運管理系,76090049,黄*銘,正取,國立高雄科技大學,國立高雄科技大學財務管理系,原校系/本校留任
COM_571,114,nkust_ship,高科大 航運管理系,68150025,黄*眉,正取,國立高雄科技大學,國立高雄科技大學航運管理系,原校系/本校留任
COM_572,114,nkust_ship,高科大 航運管理系,66150066,*展,正取,國立高雄科技大學,國立高雄科技大學航運管理系,原校系/本校留任
COM_573,114,nkust_ship,高科大 航運管理系,61150393,林*程,正取,國立雲林科技大學,國立雲林科技大學應用外語系,其他學校錄取
COM_574,114,nkust_ship,高科大 航運管理系,65150029,蕭*女,正取,國立高雄科技大學,國立高雄科技大學航運管理系,原校系/本校留任
COM_575,114,nkust_ship,高科大 航運管理系,58150063,—,正取,國立高雄科技大學,國立高雄科技大學航運管理系,原校系/本校留任
COM_576,114,nkust_ship,高科大 航運管理系,66150063,楊*羽,正取,國立高雄科技大學,國立高雄科技大學航運管理系,原校系/本校留任
COM_577,114,nkust_ship,高科大 航運管理系,61530031,梁*雅,備取,國立雲林科技大學,國立雲林科技大學國際管理學士學位學程,其他學校錄取
COM_578,114,nkust_ship,高科大 航運管理系,64150068,葵*妤,正取,國立雲林科技大學,國立雲林科技大學應用外語系,其他學校錄取
COM_579,114,nkust_ship,高科大 航運管理系,52150173,话*俐,正取,國立高雄科技大學,國立高雄科技大學航運管理系,原校系/本校留任
COM_580,114,nkust_ship,高科大 航運管理系,58150150,*臻,正取,國立高雄科技大學,國立高雄科技大學航運管理系,原校系/本校留任
COM_581,114,nkust_ship,高科大 航運管理系,58150045,林*永,備取,國立高雄科技大學,國立高雄科技大學航運管理系,原校系/本校留任
COM_582,114,nkust_ship,高科大 航運管理系,68150045,張*,正取,國立高雄科技大學,國立高雄科技大學航運管理系,原校系/本校留任
COM_583,114,nkust_ship,高科大 航運管理系,56150036,楊*茹,正取,國立高雄科技大學,國立高雄科技大學航運管理系,原校系/本校留任
COM_584,114,nkust_ship,高科大 航運管理系,61530023,涂*穎,正取,國立高雄科技大學,國立高雄科技大學航運管理系,原校系/本校留任
COM_585,114,nkust_ship,高科大 航運管理系,67150051,葉*妍,正取,國立高雄科技大學,國立高雄科技大學航運管理系,原校系/本校留任
COM_586,114,nkust_ship,高科大 航運管理系,64150048,陳*語,正取,國立高雄科技大學,國立高雄科技大學航運管理系,原校系/本校留任
COM_587,114,nkust_ship,高科大 航運管理系,58150073,汪*妤,正取,國立高雄科技大學,國立高雄科技大學航運管理系,原校系/本校留任
COM_588,114,nkust_ship,高科大 航運管理系,57530023,余*恩,正取,國立高雄科技大學,國立高雄科技大學供應鏈管理系,原校系/本校留任
COM_589,114,nkust_ship,高科大 航運管理系,52150090,—,正取,國立臺北科技大學,國立臺北科技大學文化事業發展系,其他學校錄取
COM_590,114,nkust_ship,高科大 航運管理系,55150035,潘*,正取,國立臺北科技大學,國立臺北科技大學應用英文系,其他學校錄取
COM_591,114,nkust_ship,高科大 航運管理系,61150177,李*慈,正取,國立高雄科技大學,國立高雄科技大學航運管理系,原校系/本校留任
COM_592,114,nkust_ship,高科大 航運管理系,64150072,楊*,備取,國立高雄科技大學,國立高雄科技大學航運管理系,原校系/本校留任
COM_593,114,nkust_ship,高科大 航運管理系,66150038,陳*凱,備取,國立高雄科技大學,國立高雄科技大學航運管理系,原校系/本校留任
COM_594,114,nkust_ship,高科大 航運管理系,68150010,林*,備取,國立臺中科技大學,國立臺中科技大學保險金融管理系,其他學校錄取
COM_595,114,nkust_ship,高科大 航運管理系,58150149,*華,正取,國立高雄科技大學,國立高雄科技大學航運管理系,原校系/本校留任
COM_596,114,nkust_ship,高科大 航運管理系,64150003,吳*,備取,國立高雄科技大學,國立高雄科技大學航運管理系,原校系/本校留任
COM_597,114,nkust_ship,高科大 航運管理系,58150126,—,備取,國立高雄科技大學,國立高雄科技大學供應鏈管理系,原校系/本校留任
COM_598,114,nkust_ship,高科大 航運管理系,51150042,柯*慈,正取,國立雲林科技大學,國立雲林科技大學應用外語系,其他學校錄取
COM_599,114,nkust_ship,高科大 航運管理系,52150003,陳*住,備取,—,—,未分發/放棄
COM_600,114,nkust_ship,高科大 航運管理系,52150117,林*,備取,—,—,未分發/放棄
COM_601,114,nkust_ship,高科大 航運管理系,52150144,林*,備取,—,—,未分發/放棄
COM_602,114,nkust_ship,高科大 航運管理系,56150171,簡*永,正取,國立臺北科技大學,國立臺北科技大學應用英文系,其他學校錄取
COM_603,114,nkust_ship,高科大 航運管理系,57150002,張*賢,正取,—,—,未分發/放棄
COM_604,114,nkust_ship,高科大 航運管理系,57530083,張*,備取,國立高雄科技大學,國立高雄科技大學應用英語系,原校系/本校留任
COM_605,114,nkust_ship,高科大 航運管理系,58150010,—,正取,國立雲林科技大學,國立雲林科技大學應用外語系,其他學校錄取
COM_606,114,nkust_ship,高科大 航運管理系,61150092,吳*潔,正取,國立臺北護理健康大學,國立臺北護理健康大學語言治療與聽力學系,其他學校錄取
COM_607,114,nkust_ship,高科大 航運管理系,61150112,邱*哈台,備取,—,—,未分發/放棄
COM_608,114,nkust_ship,高科大 航運管理系,61150153,*婷,備取,國立雲林科技大學,國立雲林科技大學應用外語系,其他學校錄取
COM_609,114,nkust_ship,高科大 航運管理系,61150165,江*諭,備取,—,—,未分發/放棄
COM_610,114,nkust_ship,高科大 航運管理系,61150209,張*,正取,國立高雄餐旅大學,國立高雄餐旅大學航空暨運輸服務管理系,其他學校錄取
COM_611,114,nkust_ship,高科大 航運管理系,61150219,*良,備取,—,—,未分發/放棄
COM_612,114,nkust_ship,高科大 航運管理系,61150256,林*妤,正取,國立雲林科技大學,國立雲林科技大學應用外語系,其他學校錄取
COM_613,114,nkust_ship,高科大 航運管理系,61150337,*智,備取,—,—,未分發/放棄
COM_614,114,nkust_ship,高科大 航運管理系,61150383,吳*瑀,正取,國立高雄餐旅大學,國立高雄餐旅大學航空暨運輸服務管理系,其他學校錄取
COM_615,114,nkust_ship,高科大 航運管理系,61150387,葉*惠,備取,—,—,未分發/放棄
COM_616,114,nkust_ship,高科大 航運管理系,61150403,胡*綸,備取,—,—,未分發/放棄
COM_617,114,nkust_ship,高科大 航運管理系,61150419,*綺,備取,—,—,未分發/放棄
COM_618,114,nkust_ship,高科大 航運管理系,61150423,張*棋,正取,國立高雄科技大學,國立高雄科技大學風險管理與保險系,原校系/本校留任
COM_619,114,nkust_ship,高科大 航運管理系,64150007,葵*,正取,國立臺北護理健康大學,國立臺北護理健康大學語言治療與聽力學系,其他學校錄取
COM_620,114,nkust_ship,高科大 航運管理系,64150018,吳*叡,正取,國立勤益科技大學,國立勤益科技大學應用英語系,其他學校錄取
COM_621,114,nkust_ship,高科大 航運管理系,64150032,葵*璇,備取,—,—,未分發/放棄
COM_622,114,nkust_ship,高科大 航運管理系,64150060,李*鈞,備取,國立臺灣科技大學,國立臺灣科技大學應用外語系,其他學校錄取
COM_623,114,nkust_ship,高科大 航運管理系,64150069,柯*豫,正取,中原大學,中原大學國際經營與貿易學系,其他學校錄取
COM_624,114,nkust_ship,高科大 航運管理系,64150082,—,正取,國立臺北護理健康大學,國立臺北護理健康大學語言治療與聽力學系,其他學校錄取
COM_625,114,nkust_ship,高科大 航運管理系,64150086,李*羿,備取,—,—,未分發/放棄
COM_626,114,nkust_ship,高科大 航運管理系,65150017,林*佑,正取,國立高雄科技大學,國立高雄科技大學應用英語系,原校系/本校留任
COM_627,114,nkust_ship,高科大 航運管理系,66150004,*婷,備取,—,—,未分發/放棄
COM_628,114,nkust_ship,高科大 航運管理系,68150047,林*恩,備取,—,—,未分發/放棄
COM_629,114,nkust_ship,高科大 航運管理系,68150063,黄*,正取,弘光科技大學,弘光科技大學物理治療系,其他學校錄取
COM_630,114,nkust_ship,高科大 航運管理系,68150066,吳*彦,備取,—,—,未分發/放棄
COM_631,114,nkust_ship,高科大 航運管理系,68150082,李*J,備取,—,—,未分發/放棄
COM_632,114,nkust_ship,高科大 航運管理系,68150086,楊*昕,備取,—,—,未分發/放棄
COM_633,114,nkust_ship,高科大 航運管理系,70150026,伊*佈,備取,—,—,未分發/放棄
COM_634,114,ntub_ib,北商大 國際商務系,61091187,*婕,正取,國立臺北商業大學,國立臺北商業大學國際商務系(臺北校區),原校系/本校留任
COM_635,114,ntub_ib,北商大 國際商務系,52090417,何*穎,備取,國立臺北科技大學,國立臺北科技大學經營管理系,其他學校錄取
COM_636,114,ntub_ib,北商大 國際商務系,61091055,鄭*,正取,國立臺北商業大學,國立臺北商業大學國際商務系(臺北校區),原校系/本校留任
COM_637,114,ntub_ib,北商大 國際商務系,70030401,高*淩,正取,—,—,未分發/放棄
COM_638,114,ntub_ib,北商大 國際商務系,61090999,潘*淳,正取,國立高雄科技大學,國立高雄科技大學航運管理系,其他學校錄取
COM_639,114,ntub_ib,北商大 國際商務系,52090917,余*,正取,國立臺北商業大學,國立臺北商業大學國際商務系(臺北校區),原校系/本校留任
COM_640,114,ntub_ib,北商大 國際商務系,74530010,*滎,正取,國立臺北商業大學,國立臺北商業大學國際商務系(臺北校區),原校系/本校留任
COM_641,114,ntub_ib,北商大 國際商務系,70090493,吳*伶,正取,—,—,未分發/放棄
COM_642,114,ntub_ib,北商大 國際商務系,52090206,陳*晴,正取,國立臺北商業大學,國立臺北商業大學國際商務系(臺北校區),原校系/本校留任
COM_643,114,ntub_ib,北商大 國際商務系,64090108,*善,正取,國立臺北商業大學,國立臺北商業大學國際商務系(臺北校區),原校系/本校留任
COM_644,114,ntub_ib,北商大 國際商務系,61090951,李*,正取,國立臺北商業大學,國立臺北商業大學國際商務系(臺北校區),原校系/本校留任
COM_645,114,ntub_ib,北商大 國際商務系,68090126,陳*沂,正取,國立雲林科技大學,國立雲林科技大學工業工程與管理系,其他學校錄取
COM_646,114,ntub_ib,北商大 國際商務系,61091239,*𡤃,備取,國立臺北科技大學,國立臺北科技大學工業工程與管理系,其他學校錄取
COM_647,114,ntub_ib,北商大 國際商務系,67090231,董*璇,正取,國立高雄科技大學,國立高雄科技大學國際企業系,其他學校錄取
COM_648,114,ntub_ib,北商大 國際商務系,61091697,黄*,正取,國立臺北商業大學,國立臺北商業大學國際商務系(臺北校區),原校系/本校留任
COM_649,114,ntub_ib,北商大 國際商務系,61091251,林*臻,正取,國立臺北商業大學,國立臺北商業大學國際商務系(臺北校區),原校系/本校留任
COM_650,114,ntub_ib,北商大 國際商務系,70090389,陳*宇,正取,國立臺北商業大學,國立臺北商業大學國際商務系(臺北校區),原校系/本校留任
COM_651,114,ntub_ib,北商大 國際商務系,59090013,徐*庭,正取,國立臺北商業大學,國立臺北商業大學國際商務系(臺北校區),原校系/本校留任
COM_652,114,ntub_ib,北商大 國際商務系,64090475,葵*喬,正取,國立臺北商業大學,國立臺北商業大學國際商務系(臺北校區),原校系/本校留任
COM_653,114,ntub_ib,北商大 國際商務系,70090897,周*日,備取,國立臺北科技大學,國立臺北科技大學經營管理系,其他學校錄取
COM_654,114,ntub_ib,北商大 國際商務系,61091483,梁*,正取,國立雲林科技大學,國立雲林科技大學財務金融系,其他學校錄取
COM_655,114,ntub_ib,北商大 國際商務系,55090077,陳*廷,正取,國立臺北商業大學,國立臺北商業大學國際商務系(臺北校區),原校系/本校留任
COM_656,114,ntub_ib,北商大 國際商務系,59090272,歐*妮,備取,國立臺北商業大學,國立臺北商業大學國際商務系(臺北校區),原校系/本校留任
COM_657,114,ntub_ib,北商大 國際商務系,54030069,陳*,正取,國立臺北商業大學,國立臺北商業大學國際商務系(臺北校區),原校系/本校留任
COM_658,114,ntub_ib,北商大 國際商務系,68090093,—,正取,國立臺北商業大學,國立臺北商業大學國際商務系(臺北校區),原校系/本校留任
COM_659,114,ntub_ib,北商大 國際商務系,58090336,顏*恩,正取,國立臺北科技大學,國立臺北科技大學經營管理系,其他學校錄取
COM_660,114,ntub_ib,北商大 國際商務系,61091633,張*育,正取,國立臺北商業大學,國立臺北商業大學國際商務系(臺北校區),原校系/本校留任
COM_661,114,ntub_ib,北商大 國際商務系,76090036,薛*臻,備取,國立臺北科技大學,國立臺北科技大學經營管理系,其他學校錄取
COM_662,114,ntub_ib,北商大 國際商務系,77090025,李*,正取,國立臺北科技大學,國立臺北科技大學經營管理系,其他學校錄取
COM_663,114,ntub_ib,北商大 國際商務系,77090021,林*禎,備取,國立臺中科技大學,國立臺中科技大學國際貿易與經營系,其他學校錄取
COM_664,114,ntub_ib,北商大 國際商務系,58090229,柯*妤,備取,國立臺北商業大學,國立臺北商業大學國際商務系(臺北校區),原校系/本校留任
COM_665,114,ntub_ib,北商大 國際商務系,57090589,陳*諠,備取,國立臺北商業大學,國立臺北商業大學國際商務系(臺北校區),原校系/本校留任
COM_666,114,ntub_ib,北商大 國際商務系,64090209,吳*,備取,國立臺北商業大學,國立臺北商業大學國際商務系(臺北校區),原校系/本校留任
COM_667,114,ntub_ib,北商大 國際商務系,68090230,張*,正取,國立高雄科技大學,國立高雄科技大學工業工程與管理系,其他學校錄取
COM_668,114,ntub_ib,北商大 國際商務系,68090426,趙*晴,正取,國立臺北商業大學,國立臺北商業大學國際商務系(臺北校區),原校系/本校留任
COM_669,114,ntub_ib,北商大 國際商務系,57090190,高*婷,備取,國立臺北商業大學,國立臺北商業大學國際商務系(臺北校區),原校系/本校留任
COM_670,114,ntub_ib,北商大 國際商務系,68090002,陳*,備取,國立臺北商業大學,國立臺北商業大學國際商務系(臺北校區),原校系/本校留任
COM_671,114,ntub_ib,北商大 國際商務系,53090142,*甄,正取,國立臺北商業大學,國立臺北商業大學國際商務系(臺北校區),原校系/本校留任
COM_672,114,ntub_ib,北商大 國際商務系,56090063,黄*,正取,國立臺北商業大學,國立臺北商業大學國際商務系(臺北校區),原校系/本校留任
COM_673,114,ntub_ib,北商大 國際商務系,55090310,黄*凱,正取,國立臺北商業大學,國立臺北商業大學國際商務系(臺北校區),原校系/本校留任
COM_674,114,ntub_ib,北商大 國際商務系,56090193,*毫,正取,國立臺中科技大學,國立臺中科技大學財務金融系,其他學校錄取
COM_675,114,ntub_ib,北商大 國際商務系,61091521,歐*庭,備取,—,—,未分發/放棄
COM_676,114,ntub_ib,北商大 國際商務系,57091003,邱*婷,正取,—,—,未分發/放棄
COM_677,114,ntub_ib,北商大 國際商務系,56090316,陳*瑜,正取,—,—,未分發/放棄
COM_678,114,ntub_ib,北商大 國際商務系,68090138,吳*穎,正取,國立雲林科技大學,國立雲林科技大學工業工程與管理系,其他學校錄取
COM_679,114,ntub_ib,北商大 國際商務系,67090200,吳*瑜,正取,國立雲林科技大學,國立雲林科技大學企業管理系,其他學校錄取
COM_680,114,ntub_ib,北商大 國際商務系,65090078,許*珍,備取,—,—,未分發/放棄
COM_681,114,ntub_ib,北商大 國際商務系,52090498,陳*,正取,中原大學,中原大學資訊管理學系,其他學校錄取
COM_682,114,ntub_ib,北商大 國際商務系,69090117,湯*,正取,國立臺中科技大學,國立臺中科技大學國際貿易與經營系,其他學校錄取
COM_683,114,ntub_ib,北商大 國際商務系,61090873,*祐,備取,國立高雄科技大學,國立高雄科技大學財政稅務系,其他學校錄取
COM_684,114,ntub_ib,北商大 國際商務系,58090340,*顏,正取,國立雲林科技大學,國立雲林科技大學國際管理學士學位學程,其他學校錄取
COM_685,114,ntub_ib,北商大 國際商務系,68090022,黄*,備取,國立雲林科技大學,國立雲林科技大學企業管理系,其他學校錄取
COM_686,114,ntub_ib,北商大 國際商務系,52090581,—,備取,—,—,未分發/放棄
COM_687,114,ntub_ib,北商大 國際商務系,64090295,李*吴,備取,—,—,未分發/放棄
COM_688,114,ntub_ib,北商大 國際商務系,70090067,葵*學,正取,國立雲林科技大學,國立雲林科技大學工業工程與管理系,其他學校錄取
COM_689,114,ntub_ib,北商大 國際商務系,61090339.,*綸,備取,—,—,未分發/放棄
COM_690,114,ntub_ib,北商大 國際商務系,57090194,徐*,備取,中原大學,中原大學國際經營與貿易學系,其他學校錄取
COM_691,114,ntub_ib,北商大 國際商務系,65090126,謝*,備取,—,—,未分發/放棄
COM_692,114,ntub_ib,北商大 國際商務系,59090014,陳*奕,備取,—,—,未分發/放棄
COM_693,114,ntub_ib,北商大 國際商務系,68090709,徐*妤,備取,—,—,未分發/放棄
COM_694,114,ntub_ib,北商大 國際商務系,59090405,陸*硯,備取,—,—,未分發/放棄
COM_695,114,ntub_ib,北商大 國際商務系,52090231,陳*融,備取,國立臺北護理健康大學,國立臺北護理健康大學資訊管理系,其他學校錄取
COM_696,114,ntub_ib,北商大 國際商務系,70090261,黄*哲,正取,國立臺中科技大學,國立臺中科技大學財政稅務系,其他學校錄取
COM_697,114,ntub_ib,北商大 國際商務系,61090849,*女,備取,國立雲林科技大學,國立雲林科技大學企業管理系,其他學校錄取
COM_698,114,ntub_ib,北商大 國際商務系,57090677,A*,備取,中原大學,中原大學會計學系,其他學校錄取
COM_699,114,ntub_ib,北商大 國際商務系,59090316,陳*庭,備取,—,—,未分發/放棄
COM_700,114,ntub_ib,北商大 國際商務系,58090317,陳*岑,備取,—,—,未分發/放棄
COM_701,114,ntub_ib,北商大 國際商務系,60090033,陳*,備取,—,—,未分發/放棄
COM_702,114,ntub_ib,北商大 國際商務系,54090385,郭*如,備取,致理科技大學,致理科技大學財務金融系,其他學校錄取
COM_703,114,ntub_ib,北商大 國際商務系,75090004,周*姿,備取,國立臺北商業大學,國立臺北商業大學國際商務系(臺北校區),原校系/本校留任
COM_704,114,ntub_ib,北商大 國際商務系,51090001,魏*震,備取,國立臺北科技大學,國立臺北科技大學工業工程與管理系,其他學校錄取
COM_705,114,ntub_ib,北商大 國際商務系,51090243,黄*,備取,—,—,未分發/放棄
COM_706,114,ntub_ib,北商大 國際商務系,55090037,謝*女,備取,—,—,未分發/放棄
COM_707,114,ntub_ib,北商大 國際商務系,58090180,黄*瑄,正取,國立雲林科技大學,國立雲林科技大學工業工程與管理系,其他學校錄取
COM_708,114,ntub_ib,北商大 國際商務系,58090185,余*彤,備取,—,—,未分發/放棄
COM_709,114,ntub_ib,北商大 國際商務系,58090196,*𨦼,備取,—,—,未分發/放棄
COM_710,114,ntub_ib,北商大 國際商務系,61090601,林*逸,正取,—,—,未分發/放棄
COM_711,114,ntub_ib,北商大 國際商務系,61090829,橋*5,備取,—,—,未分發/放棄
COM_712,114,ntub_ib,北商大 國際商務系,61091757,楊*臻,正取,—,—,未分發/放棄
COM_713,114,ntub_ib,北商大 國際商務系,68090121,*竣,正取,國立臺北科技大學,國立臺北科技大學經營管理系,其他學校錄取
COM_714,114,ntub_ib,北商大 國際商務系,68530071,林*淳,備取,國立高雄科技大學,國立高雄科技大學運籌管理系,其他學校錄取
COM_715,114,ntub_ib,北商大 國際商務系,70030061,袁*淯,備取,—,—,未分發/放棄
COM_716,114,ntub_ib,北商大 國際商務系,55150039,許*橙,備取,國立臺北科技大學,國立臺北科技大學應用英文系,其他學校錄取
COM_717,114,ntub_ib,北商大 國際商務系,58150071,倪*婷,備取,—,—,未分發/放棄
COM_718,114,ntub_ib,北商大 國際商務系,58150075,朱*誼,備取,—,—,未分發/放棄
COM_719,114,ntub_ib,北商大 國際商務系,58530001,唐*謙,備取,—,—,未分發/放棄
COM_720,114,ntub_ib,北商大 國際商務系,61150220,謝*,備取,國立臺北科技大學,國立臺北科技大學應用英文系,其他學校錄取
COM_721,114,ntub_ib,北商大 國際商務系,61150221,陳*婕,備取,—,—,未分發/放棄
COM_722,115,nkust_ib,高科大 國際企業系,68090544,黄*婷,正取,國立高雄科技大學,國立高雄科技大學國際企業系,原校系/本校留任
COM_723,115,nkust_ib,高科大 國際企業系,70090873,姜*筑,正取,國立高雄科技大學,國立高雄科技大學國際企業系,原校系/本校留任
COM_724,115,nkust_ib,高科大 國際企業系,59090005,郭*如,正取,國立雲林科技大學,國立雲林科技大學企業管理系,其他學校錄取
COM_725,115,nkust_ib,高科大 國際企業系,57090505,黄*縈,正取,國立臺北商業大學,國立臺北商業大學企業管理系(臺北校區),其他學校錄取
COM_726,115,nkust_ib,高科大 國際企業系,61090176,*羚,備取,銘傳大學,銘傳大學國際企業學系(台北校區),其他學校錄取
COM_727,115,nkust_ib,高科大 國際企業系,62090017,黄*蓉,正取,國立高雄科技大學,國立高雄科技大學國際企業系,原校系/本校留任
COM_728,115,nkust_ib,高科大 國際企業系,61091463,李*芩,正取,國立臺中教育大學,國立臺中教育大學國際企業學系,其他學校錄取
COM_729,115,nkust_ib,高科大 國際企業系,64090403,鄭*榛,正取,國立臺中科技大學,國立臺中科技大學國際貿易與經營系,其他學校錄取
COM_730,115,nkust_ib,高科大 國際企業系,61090130,張*茗,正取,國立高雄科技大學,國立高雄科技大學國際企業系,原校系/本校留任
COM_731,115,nkust_ib,高科大 國際企業系,64090482,柯*,正取,國立高雄科技大學,國立高雄科技大學航運管理系,原校系/本校留任
COM_732,115,nkust_ib,高科大 國際企業系,59090012,黄*渝,正取,國立高雄科技大學,國立高雄科技大學國際企業系,原校系/本校留任
COM_733,115,nkust_ib,高科大 國際企業系,64090411,張*雅,正取,逢甲大學,逢甲大學國際經營與貿易學系,其他學校錄取
COM_734,115,nkust_ib,高科大 國際企業系,57530061,黄*羽,備取,國立高雄科技大學,國立高雄科技大學國際企業系,原校系/本校留任
COM_735,115,nkust_ib,高科大 國際企業系,67090107,許*邦,正取,國立虎尾科技大學,國立虎尾科技大學財務金融系,其他學校錄取
COM_736,115,nkust_ib,高科大 國際企業系,61090652,—,正取,—,—,未分發/放棄
COM_737,115,nkust_ib,高科大 國際企業系,68090386,徐*禎,正取,國立高雄科技大學,國立高雄科技大學國際企業系,原校系/本校留任
COM_738,115,nkust_ib,高科大 國際企業系,61090638,林*廷,備取,逢甲大學,逢甲大學會計學系,其他學校錄取
COM_739,115,nkust_ib,高科大 國際企業系,58540006,趙*芦,備取,—,—,未分發/放棄
COM_740,115,nkust_ib,高科大 國際企業系,57530025,*佑,備取,國立臺北商業大學,國立臺北商業大學國際商務系(臺北校區),其他學校錄取
COM_741,115,nkust_ib,高科大 國際企業系,76090049,鄭*君,正取,國立高雄科技大學,國立高雄科技大學工業工程與管理系,原校系/本校留任
COM_742,115,nkust_ib,高科大 國際企業系,76090019,許*,正取,國立高雄科技大學,國立高雄科技大學國際企業系,原校系/本校留任
COM_743,115,nkust_ib,高科大 國際企業系,76090056,朱*羽,正取,國立高雄科技大學,國立高雄科技大學國際企業系,原校系/本校留任
COM_744,115,nkust_ib,高科大 國際企業系,67090260,蕭*諺,正取,國立高雄科技大學,國立高雄科技大學航運管理系,原校系/本校留任
COM_745,115,nkust_ib,高科大 國際企業系,57090685,—,備取,中原大學,中原大學國際經營與貿易學系,其他學校錄取
COM_746,115,nkust_ib,高科大 國際企業系,65090226,曹*洳,正取,國立高雄科技大學,國立高雄科技大學運籌管理系,原校系/本校留任
COM_747,115,nkust_ib,高科大 國際企業系,59090022,*柔,正取,國立高雄科技大學,國立高雄科技大學航運技術系,原校系/本校留任
COM_748,115,nkust_ib,高科大 國際企業系,57530009,*欣,正取,國立高雄科技大學,國立高雄科技大學國際企業系,原校系/本校留任
COM_749,115,nkust_ib,高科大 國際企業系,64090499,黄*,正取,國立高雄科技大學,國立高雄科技大學航運管理系,原校系/本校留任
COM_750,115,nkust_ib,高科大 國際企業系,59530016,蘇*柔,備取,國立高雄科技大學,國立高雄科技大學國際企業系,原校系/本校留任
COM_751,115,nkust_ib,高科大 國際企業系,64090409,單*喧,正取,國立高雄科技大學,國立高雄科技大學航運管理系,原校系/本校留任
COM_752,115,nkust_ib,高科大 國際企業系,68090524,郭*宏,正取,國立高雄科技大學,國立高雄科技大學商務資訊應用系,原校系/本校留任
COM_753,115,nkust_ib,高科大 國際企業系,61090354,林*宇,備取,國立高雄科技大學,國立高雄科技大學應用英語系,原校系/本校留任
COM_754,115,nkust_ib,高科大 國際企業系,68090438,林*鴻,備取,國立高雄科技大學,國立高雄科技大學航運管理系,原校系/本校留任
COM_755,115,nkust_ib,高科大 國際企業系,61091190,李*鉲,正取,國立臺中科技大學,國立臺中科技大學國際貿易與經營系,其他學校錄取
COM_756,115,nkust_ib,高科大 國際企業系,59090013,方*,正取,國立高雄科技大學,國立高雄科技大學國際企業系,原校系/本校留任
COM_757,115,nkust_ib,高科大 國際企業系,58090233,沈*,正取,國立高雄科技大學,國立高雄科技大學國際企業系,原校系/本校留任
COM_758,115,nkust_ib,高科大 國際企業系,58090275,郭*,正取,國立勤益科技大學,國立勤益科技大學行銷與流通管理系,其他學校錄取
COM_759,115,nkust_ib,高科大 國際企業系,64090160,吳*,備取,國立高雄科技大學,國立高雄科技大學國際企業系,原校系/本校留任
COM_760,115,nkust_ib,高科大 國際企業系,74090089,葵*凌,正取,國立高雄科技大學,國立高雄科技大學應用日語系,原校系/本校留任
COM_761,115,nkust_ib,高科大 國際企業系,76090024,*媗,備取,國立雲林科技大學,國立雲林科技大學企業管理系,其他學校錄取
COM_762,115,nkust_ib,高科大 國際企業系,76090028,林*翔,備取,國立高雄科技大學,國立高雄科技大學國際企業系,原校系/本校留任
COM_763,115,nkust_ib,高科大 國際企業系,57090478,許*瑜,備取,國立臺北商業大學,國立臺北商業大學國際商務系(臺北校區),其他學校錄取
COM_764,115,nkust_ib,高科大 國際企業系,58090061,余*,正取,國立高雄科技大學,國立高雄科技大學應用英語系,原校系/本校留任
COM_765,115,nkust_ib,高科大 國際企業系,58090205,吳*怩,備取,—,—,未分發/放棄
COM_766,115,nkust_ib,高科大 國際企業系,59090101,許*,備取,—,—,未分發/放棄
COM_767,115,nkust_ib,高科大 國際企業系,59090239,范*羽,備取,國立虎尾科技大學,國立虎尾科技大學應用外語系,其他學校錄取
COM_768,115,nkust_ib,高科大 國際企業系,61090194,游*惠,備取,—,—,未分發/放棄
COM_769,115,nkust_ib,高科大 國際企業系,61090282,*婷,備取,—,—,未分發/放棄
COM_770,115,nkust_ib,高科大 國際企業系,61090429,蘇*威,備取,—,—,未分發/放棄
COM_771,115,nkust_ib,高科大 國際企業系,61090687,陳*,備取,—,—,未分發/放棄
COM_772,115,nkust_ib,高科大 國際企業系,61091073,李*盈,備取,—,—,未分發/放棄
COM_773,115,nkust_ib,高科大 國際企業系,61091093,楊*蓉,備取,—,—,未分發/放棄
COM_774,115,nkust_ib,高科大 國際企業系,61091154,翁*雅,備取,—,—,未分發/放棄
COM_775,115,nkust_ib,高科大 國際企業系,64090037,林*恩,備取,—,—,未分發/放棄
COM_776,115,nkust_ib,高科大 國際企業系,64090399,徐*洧,備取,—,—,未分發/放棄
COM_777,115,nkust_ib,高科大 國際企業系,65090131,賴*愷,正取,國立臺中科技大學,國立臺中科技大學國際貿易與經營系,其他學校錄取
COM_778,115,nkust_ib,高科大 國際企業系,66090170,張*,備取,—,—,未分發/放棄
COM_779,115,nkust_ib,高科大 國際企業系,67090254,徐*,正取,國立雲林科技大學,國立雲林科技大學企業管理系,其他學校錄取
COM_780,115,nkust_ib,高科大 國際企業系,68090029,顏*洋,備取,國立高雄科技大學,國立高雄科技大學金融系,原校系/本校留任
COM_781,115,nkust_ib,高科大 國際企業系,68090197,黄*倫,備取,—,—,未分發/放棄
COM_782,115,nkust_ib,高科大 國際企業系,68090460,魏*羽,備取,—,—,未分發/放棄
COM_783,115,nkust_ib,高科大 國際企業系,70090658,*恩,備取,國立雲林科技大學,國立雲林科技大學國際管理學士學位學程,其他學校錄取
COM_784,115,nkust_ib,高科大 國際企業系,70090677,李*瑄,正取,國立雲林科技大學,國立雲林科技大學工業工程與管理系,其他學校錄取
COM_785,115,nkust_ib,高科大 國際企業系,71090317,鄭*揚,備取,國立雲林科技大學,國立雲林科技大學國際管理學士學位學程,其他學校錄取
COM_786,115,nkust_ib,高科大 國際企業系,74530031,蘇*毓,正取,文藻外語大學,文藻外語大學國際企業管理系,其他學校錄取
COM_787,115,nkust_ib,高科大 國際企業系,76090015,陳*彤,備取,—,—,未分發/放棄
COM_788,115,nkust_ib,高科大 國際企業系,76090039,楊*蓉,備取,—,—,未分發/放棄
COM_789,115,nkust_ib,高科大 國際企業系,76090040,—,備取,—,—,未分發/放棄
COM_790,115,nkust_ib,高科大 國際企業系,76090043,*侑,備取,—,—,未分發/放棄
COM_791,115,nkust_ib,高科大 國際企業系,76090053,夏*歆,正取,國立高雄科技大學,國立高雄科技大學智慧商務系,原校系/本校留任
COM_792,115,nkust_ib,高科大 國際企業系,76090054,宋*,正取,國立澎湖科技大學,國立澎湖科技大學應用外語系,其他學校錄取
COM_793,115,nkust_ib,高科大 國際企業系,57150046,*永,正取,國立臺北護理健康大學,國立臺北護理健康大學語言治療與聽力學系,其他學校錄取
COM_794,115,nkust_ib,高科大 國際企業系,61150052,陳*柔,正取,國立高雄科技大學,國立高雄科技大學國際企業系,原校系/本校留任
COM_795,115,nkust_ib,高科大 國際企業系,68150032,—,正取,國立高雄科技大學,國立高雄科技大學國際企業系,原校系/本校留任
COM_796,115,nkust_ib,高科大 國際企業系,65150017,孫*,正取,國立高雄科技大學,國立高雄科技大學國際企業系,原校系/本校留任
COM_797,115,nkust_ib,高科大 國際企業系,65150010,鄧*翔,正取,國立高雄科技大學,國立高雄科技大學應用英語系,原校系/本校留任
COM_798,115,nkust_ib,高科大 國際企業系,68150009,陳*婕,正取,南臺科技大學,南臺科技大學國際企業系,其他學校錄取
COM_799,115,nkust_ib,高科大 國際企業系,51150034,林*佑,正取,國立臺灣科技大學,國立臺灣科技大學應用外語系,其他學校錄取
COM_800,115,nkust_ib,高科大 國際企業系,51150042,林*,正取,國立高雄科技大學,國立高雄科技大學航運管理系,原校系/本校留任
COM_801,115,nkust_ib,高科大 國際企業系,55150066,魏*諺,備取,—,—,未分發/放棄
COM_802,115,nkust_ib,高科大 國際企業系,56530013,高*和,備取,—,—,未分發/放棄
COM_803,115,nkust_ib,高科大 國際企業系,58150002,郭*妮,備取,—,—,未分發/放棄
COM_804,115,nkust_ib,高科大 國際企業系,58150070,吳*婕,正取,國立臺北科技大學,國立臺北科技大學應用英文系,其他學校錄取
COM_805,115,nkust_ib,高科大 國際企業系,58150137,*庭,備取,—,—,未分發/放棄
COM_806,115,nkust_ib,高科大 國際企業系,58150148,陳*,正取,國立臺北科技大學,國立臺北科技大學應用英文系,其他學校錄取
COM_807,115,nkust_ib,高科大 國際企業系,58150158,余*,備取,—,—,未分發/放棄
COM_808,115,nkust_ib,高科大 國際企業系,61150111,張*毅,備取,—,—,未分發/放棄
COM_809,115,nkust_ib,高科大 國際企業系,65150029,游*永,正取,國立高雄科技大學,國立高雄科技大學航運管理系,原校系/本校留任
COM_810,115,nkust_ib,高科大 國際企業系,68150076,張*曦,備取,—,—,未分發/放棄
COM_811,115,nkust_ib,高科大 國際企業系,58160008,邱*,備取,東吳大學,東吳大學日本語文學系,其他學校錄取
COM_812,115,nkust_ib,高科大 國際企業系,58540010,—,備取,國立臺中科技大學,國立臺中科技大學應用日語系,其他學校錄取
COM_813,115,nkust_ib,高科大 國際企業系,57160044,邱*儀,備取,國立高雄科技大學,國立高雄科技大學國際企業系,原校系/本校留任
COM_814,115,nkust_ib,高科大 國際企業系,51550001,F*柔,正取,—,—,未分發/放棄
COM_815,115,nkust_ib,高科大 國際企業系,52169901,袁*智,備取,—,—,未分發/放棄
COM_816,115,nkust_ib,高科大 國際企業系,58160011,陳*赫,正取,臺北城市科技大學,臺北城市科技大學應用外語系,其他學校錄取
COM_817,115,nkust_ib,高科大 國際企業系,58160056,蕭*岑,正取,國立雲林科技大學,國立雲林科技大學企業管理系,其他學校錄取
COM_818,115,nkust_ib,高科大 國際企業系,58540002,簡*鉲,正取,東吳大學,東吳大學日本語文學系,其他學校錄取
COM_819,115,nkust_ib,高科大 國際企業系,58540014,林*,備取,—,—,未分發/放棄
COM_820,115,nkust_ib,高科大 國際企業系,61160039,李*,正取,國立高雄科技大學,國立高雄科技大學應用日語系,原校系/本校留任
COM_821,115,nkust_ib,高科大 國際企業系,61540055,*誠,正取,國立高雄科技大學,國立高雄科技大學應用日語系,原校系/本校留任
COM_822,115,nkust_ib,高科大 國際企業系,73540030,吳*,正取,國立高雄科技大學,國立高雄科技大學應用日語系,原校系/本校留任
COM_823,115,nkust_ship,高科大 航運管理系,68090514,楊*柔,正取,國立高雄科技大學,國立高雄科技大學航運管理系,原校系/本校留任
COM_824,115,nkust_ship,高科大 航運管理系,61530015,張*瑄,備取,國立高雄科技大學,國立高雄科技大學航運管理系,原校系/本校留任
COM_825,115,nkust_ship,高科大 航運管理系,70090309,薛*潔,備取,國立臺灣海洋大學,國立臺灣海洋大學航運管理學系,其他學校錄取
COM_826,115,nkust_ship,高科大 航運管理系,61091101,張*恩,正取,國立高雄科技大學,國立高雄科技大學航運管理系,原校系/本校留任
COM_827,115,nkust_ship,高科大 航運管理系,68090289,許*茹,正取,國立高雄科技大學,國立高雄科技大學航運管理系,原校系/本校留任
COM_828,115,nkust_ship,高科大 航運管理系,55090370,藍*齊,備取,—,—,未分發/放棄
COM_829,115,nkust_ship,高科大 航運管理系,69090107,沈*潔,正取,國立高雄科技大學,國立高雄科技大學航運管理系,原校系/本校留任
COM_830,115,nkust_ship,高科大 航運管理系,57090257,*瑜,正取,國立高雄科技大學,國立高雄科技大學航運管理系,原校系/本校留任
COM_831,115,nkust_ship,高科大 航運管理系,68090547,黄*瑄,正取,國立高雄科技大學,國立高雄科技大學航運管理系,原校系/本校留任
COM_832,115,nkust_ship,高科大 航運管理系,64090403,鄭*榛,正取,國立臺中科技大學,國立臺中科技大學國際貿易與經營系,其他學校錄取
COM_833,115,nkust_ship,高科大 航運管理系,61090774,*稚,正取,國立高雄科技大學,國立高雄科技大學航運管理系,原校系/本校留任
COM_834,115,nkust_ship,高科大 航運管理系,68530058,陳*臻,正取,國立雲林科技大學,國立雲林科技大學工業工程與管理系,其他學校錄取
COM_835,115,nkust_ship,高科大 航運管理系,70090639,黄*筠,備取,國立高雄科技大學,國立高雄科技大學航運管理系,原校系/本校留任
COM_836,115,nkust_ship,高科大 航運管理系,61090750,黄*潔,正取,國立高雄科技大學,國立高雄科技大學航運管理系,原校系/本校留任
COM_837,115,nkust_ship,高科大 航運管理系,64090431,賴*,正取,國立高雄科技大學,國立高雄科技大學航運管理系,原校系/本校留任
COM_838,115,nkust_ship,高科大 航運管理系,61090690,潘*賢,正取,國立高雄科技大學,國立高雄科技大學航運管理系,原校系/本校留任
COM_839,115,nkust_ship,高科大 航運管理系,67090107,許*邦,正取,國立虎尾科技大學,國立虎尾科技大學財務金融系,其他學校錄取
COM_840,115,nkust_ship,高科大 航運管理系,61090356,—,備取,逢甲大學,逢甲大學國際經營與貿易學系,其他學校錄取
COM_841,115,nkust_ship,高科大 航運管理系,57090855,黄*,備取,國立高雄科技大學,國立高雄科技大學航運管理系,原校系/本校留任
COM_842,115,nkust_ship,高科大 航運管理系,68530077,楊*,正取,國立高雄科技大學,國立高雄科技大學航運管理系,原校系/本校留任
COM_843,115,nkust_ship,高科大 航運管理系,57090829,陳*妤,正取,國立高雄科技大學,國立高雄科技大學航運管理系,原校系/本校留任
COM_844,115,nkust_ship,高科大 航運管理系,66090057,—,正取,國立高雄科技大學,國立高雄科技大學航運管理系,原校系/本校留任
COM_845,115,nkust_ship,高科大 航運管理系,68090545,*均,正取,國立高雄餐旅大學,國立高雄餐旅大學航空暨運輸服務管理系,其他學校錄取
COM_846,115,nkust_ship,高科大 航運管理系,61091085,陳*玟,正取,國立高雄科技大學,國立高雄科技大學航運管理系,原校系/本校留任
COM_847,115,nkust_ship,高科大 航運管理系,61090426,李*恩,正取,國立虎尾科技大學,國立虎尾科技大學工業管理系,其他學校錄取
COM_848,115,nkust_ship,高科大 航運管理系,61090352,郭*,正取,國立虎尾科技大學,國立虎尾科技大學資訊管理系,其他學校錄取
COM_849,115,nkust_ship,高科大 航運管理系,64090475,黄*詒,正取,國立高雄科技大學,國立高雄科技大學航運管理系,原校系/本校留任
COM_850,115,nkust_ship,高科大 航運管理系,61090586,林*誼,正取,國立高雄科技大學,國立高雄科技大學航運管理系,原校系/本校留任
COM_851,115,nkust_ship,高科大 航運管理系,65090226,曹*洳,正取,國立高雄科技大學,國立高雄科技大學運籌管理系,原校系/本校留任
COM_852,115,nkust_ship,高科大 航運管理系,67090260,蕭*諺,正取,國立高雄科技大學,國立高雄科技大學航運管理系,原校系/本校留任
COM_853,115,nkust_ship,高科大 航運管理系,68530002,江*豪,正取,國立高雄科技大學,國立高雄科技大學航運管理系,原校系/本校留任
COM_854,115,nkust_ship,高科大 航運管理系,64090379,黄*永,正取,國立高雄科技大學,國立高雄科技大學航運管理系,原校系/本校留任
COM_855,115,nkust_ship,高科大 航運管理系,67090184,楊*珊,正取,國立高雄科技大學,國立高雄科技大學航運管理系,原校系/本校留任
COM_856,115,nkust_ship,高科大 航運管理系,64090409,單*喧,正取,國立高雄科技大學,國立高雄科技大學航運管理系,原校系/本校留任
COM_857,115,nkust_ship,高科大 航運管理系,61090758,何*彤,備取,國立高雄科技大學,國立高雄科技大學航運管理系,原校系/本校留任
COM_858,115,nkust_ship,高科大 航運管理系,64090499,黄*,備取,國立高雄科技大學,國立高雄科技大學航運管理系,原校系/本校留任
COM_859,115,nkust_ship,高科大 航運管理系,74530006,江*瑜,正取,國立高雄科技大學,國立高雄科技大學航運管理系,原校系/本校留任
COM_860,115,nkust_ship,高科大 航運管理系,64090445,張*,備取,國立高雄科技大學,國立高雄科技大學航運管理系,原校系/本校留任
COM_861,115,nkust_ship,高科大 航運管理系,64090482,柯*,正取,國立高雄科技大學,國立高雄科技大學航運管理系,原校系/本校留任
COM_862,115,nkust_ship,高科大 航運管理系,68090488,盧*瑄,備取,—,—,未分發/放棄
COM_863,115,nkust_ship,高科大 航運管理系,61090012,顏*芳,正取,國立臺中科技大學,國立臺中科技大學國際貿易與經營系,其他學校錄取
COM_864,115,nkust_ship,高科大 航運管理系,68090041,*伶,正取,國立高雄科技大學,國立高雄科技大學觀光管理系,原校系/本校留任
COM_865,115,nkust_ship,高科大 航運管理系,70090775,葵*瑄,備取,國立高雄科技大學,國立高雄科技大學航運管理系,原校系/本校留任
COM_866,115,nkust_ship,高科大 航運管理系,68090438,林*鴻,備取,國立高雄科技大學,國立高雄科技大學航運管理系,原校系/本校留任
COM_867,115,nkust_ship,高科大 航運管理系,61090490,賴*,正取,國立高雄科技大學,國立高雄科技大學航運管理系,原校系/本校留任
COM_868,115,nkust_ship,高科大 航運管理系,61090433,林*,備取,國立高雄科技大學,國立高雄科技大學航運管理系,原校系/本校留任
COM_869,115,nkust_ship,高科大 航運管理系,59090022,*柔,正取,國立高雄科技大學,國立高雄科技大學航運技術系,原校系/本校留任
COM_870,115,nkust_ship,高科大 航運管理系,57090719,吳*,備取,國立高雄科技大學,國立高雄科技大學航運管理系,原校系/本校留任
COM_871,115,nkust_ship,高科大 航運管理系,65090246,強*筑,備取,國立高雄科技大學,國立高雄科技大學航運管理系,原校系/本校留任
COM_872,115,nkust_ship,高科大 航運管理系,57090823,陳*,備取,國立高雄科技大學,國立高雄科技大學航運管理系,原校系/本校留任
COM_873,115,nkust_ship,高科大 航運管理系,59090153,陳*翔,備取,國立高雄科技大學,國立高雄科技大學商務資訊應用系,原校系/本校留任
COM_874,115,nkust_ship,高科大 航運管理系,61090134,陳*昕,備取,國立臺中科技大學,國立臺中科技大學國際貿易與經營系,其他學校錄取
COM_875,115,nkust_ship,高科大 航運管理系,70090696,F*,備取,國立高雄科技大學,國立高雄科技大學航運管理系,原校系/本校留任
COM_876,115,nkust_ship,高科大 航運管理系,61090610,陳*妤,正取,國立高雄科技大學,國立高雄科技大學會計資訊系,原校系/本校留任
COM_877,115,nkust_ship,高科大 航運管理系,70090501,陳*宇,備取,國立高雄科技大學,國立高雄科技大學航運管理系,原校系/本校留任
COM_878,115,nkust_ship,高科大 航運管理系,61091188,*柔,正取,國立勤益科技大學,國立勤益科技大學企業管理系,其他學校錄取
COM_879,115,nkust_ship,高科大 航運管理系,57090942,林*永,備取,國立高雄科技大學,國立高雄科技大學供應鏈管理系,原校系/本校留任
COM_880,115,nkust_ship,高科大 航運管理系,68090520,*綸,正取,國立高雄科技大學,國立高雄科技大學運籌管理系,原校系/本校留任
COM_881,115,nkust_ship,高科大 航運管理系,61090110,許*,備取,—,—,未分發/放棄
COM_882,115,nkust_ship,高科大 航運管理系,65090018,張*恩,備取,—,—,未分發/放棄
COM_883,115,nkust_ship,高科大 航運管理系,64090160,吳*,備取,國立高雄科技大學,國立高雄科技大學國際企業系,原校系/本校留任
COM_884,115,nkust_ship,高科大 航運管理系,68090321,林*米,備取,國立臺中科技大學,國立臺中科技大學財政稅務系,其他學校錄取
COM_885,115,nkust_ship,高科大 航運管理系,68090524,郭*宏,正取,國立高雄科技大學,國立高雄科技大學商務資訊應用系,原校系/本校留任
COM_886,115,nkust_ship,高科大 航運管理系,56090247,李*紜,正取,國立勤益科技大學,國立勤益科技大學行銷與流通管理系,其他學校錄取
COM_887,115,nkust_ship,高科大 航運管理系,61090570,胡*瑜,備取,國立勤益科技大學,國立勤益科技大學資訊管理系,其他學校錄取
COM_888,115,nkust_ship,高科大 航運管理系,64090480,柯*,正取,國立高雄科技大學,國立高雄科技大學運籌管理系,原校系/本校留任
COM_889,115,nkust_ship,高科大 航運管理系,61090890,*琪,備取,國立臺中科技大學,國立臺中科技大學國際貿易與經營系,其他學校錄取
COM_890,115,nkust_ship,高科大 航運管理系,54030454,胡*,正取,—,—,未分發/放棄
COM_891,115,nkust_ship,高科大 航運管理系,61090068,許*芮,正取,國立勤益科技大學,國立勤益科技大學行銷與流通管理系,其他學校錄取
COM_892,115,nkust_ship,高科大 航運管理系,61090602,—,正取,國立高雄科技大學,國立高雄科技大學人力資源發展系,原校系/本校留任
COM_893,115,nkust_ship,高科大 航運管理系,70030411,郭*呈,備取,—,—,未分發/放棄
COM_894,115,nkust_ship,高科大 航運管理系,64090454,*淳,正取,國立高雄科技大學,國立高雄科技大學運籌管理系,原校系/本校留任
COM_895,115,nkust_ship,高科大 航運管理系,64090479,周*媛,正取,國立高雄科技大學,國立高雄科技大學智慧商務系,原校系/本校留任
COM_896,115,nkust_ship,高科大 航運管理系,56090235,游*瑜,正取,國立臺北護理健康大學,國立臺北護理健康大學健康事業管理系,其他學校錄取
COM_897,115,nkust_ship,高科大 航運管理系,52090370,陳*瑜,備取,—,—,未分發/放棄
COM_898,115,nkust_ship,高科大 航運管理系,68090502,黄*媛,備取,—,—,未分發/放棄
COM_899,115,nkust_ship,高科大 航運管理系,68530062,許*悠,正取,國立高雄科技大學,國立高雄科技大學應用德語系,原校系/本校留任
COM_900,115,nkust_ship,高科大 航運管理系,70530013,*庭,備取,—,—,未分發/放棄
COM_901,115,nkust_ship,高科大 航運管理系,57090962,謝*,正取,國立臺中科技大學,國立臺中科技大學國際貿易與經營系,其他學校錄取
COM_902,115,nkust_ship,高科大 航運管理系,55090460,張*瑄,正取,國立高雄科技大學,國立高雄科技大學風險管理與保險系,原校系/本校留任
COM_903,115,nkust_ship,高科大 航運管理系,53090020,林*,備取,—,—,未分發/放棄
COM_904,115,nkust_ship,高科大 航運管理系,57090265,黄*淇,正取,國立高雄科技大學,國立高雄科技大學觀光管理系,原校系/本校留任
COM_905,115,nkust_ship,高科大 航運管理系,58090061,余*,正取,國立高雄科技大學,國立高雄科技大學應用英語系,原校系/本校留任
COM_906,115,nkust_ship,高科大 航運管理系,58090154,夏*琪,正取,—,—,未分發/放棄
COM_907,115,nkust_ship,高科大 航運管理系,59090282,江*軒,正取,國立臺中科技大學,國立臺中科技大學應用英語系,其他學校錄取
COM_908,115,nkust_ship,高科大 航運管理系,59090308,邱*,備取,—,—,未分發/放棄
COM_909,115,nkust_ship,高科大 航運管理系,61090008,邱*,備取,國立臺中科技大學,國立臺中科技大學財務金融系,其他學校錄取
COM_910,115,nkust_ship,高科大 航運管理系,61090024,蘇*歆,備取,—,—,未分發/放棄
COM_911,115,nkust_ship,高科大 航運管理系,61090153,吳*,備取,—,—,未分發/放棄
COM_912,115,nkust_ship,高科大 航運管理系,61090297,黄*琪,備取,—,—,未分發/放棄
COM_913,115,nkust_ship,高科大 航運管理系,61090429,蘇*威,備取,—,—,未分發/放棄
COM_914,115,nkust_ship,高科大 航運管理系,61090440,邱*,正取,國立雲林科技大學,國立雲林科技大學資訊管理系,其他學校錄取
COM_915,115,nkust_ship,高科大 航運管理系,61090687,陳*,備取,—,—,未分發/放棄
COM_916,115,nkust_ship,高科大 航運管理系,61090699,許*哲,備取,—,—,未分發/放棄
COM_917,115,nkust_ship,高科大 航運管理系,61090734,*權,正取,國立臺中科技大學,國立臺中科技大學企業管理系,其他學校錄取
COM_918,115,nkust_ship,高科大 航運管理系,61091073,李*盈,備取,—,—,未分發/放棄
COM_919,115,nkust_ship,高科大 航運管理系,61091093,楊*蓉,備取,—,—,未分發/放棄
COM_920,115,nkust_ship,高科大 航運管理系,61091133,謝*丞,正取,—,—,未分發/放棄
COM_921,115,nkust_ship,高科大 航運管理系,61091506,林*妤,備取,—,—,未分發/放棄
COM_922,115,nkust_ship,高科大 航運管理系,63090117,郭*盈,備取,國立臺北商業大學,國立臺北商業大學國際商務系(臺北校區),其他學校錄取
COM_923,115,nkust_ship,高科大 航運管理系,64090037,林*恩,備取,—,—,未分發/放棄
COM_924,115,nkust_ship,高科大 航運管理系,64090287,葵*宏,正取,國立臺中科技大學,國立臺中科技大學財務金融系,其他學校錄取
COM_925,115,nkust_ship,高科大 航運管理系,64090473,謝*永,備取,國立臺中科技大學,國立臺中科技大學財務金融系,其他學校錄取
COM_926,115,nkust_ship,高科大 航運管理系,65090240,葵*,正取,國立臺中科技大學,國立臺中科技大學保險金融管理系,其他學校錄取
COM_927,115,nkust_ship,高科大 航運管理系,67090377,陳*嫚,正取,國立高雄科技大學,國立高雄科技大學智慧商務系,原校系/本校留任
COM_928,115,nkust_ship,高科大 航運管理系,68090410,—,正取,國立雲林科技大學,國立雲林科技大學文化資產維護系,其他學校錄取
COM_929,115,nkust_ship,高科大 航運管理系,68090430,鄭*心,正取,國立高雄科技大學,國立高雄科技大學金融系,原校系/本校留任
COM_930,115,nkust_ship,高科大 航運管理系,68090436,*妤,正取,國立臺中科技大學,國立臺中科技大學財政稅務系,其他學校錄取
COM_931,115,nkust_ship,高科大 航運管理系,68090460,魏*羽,備取,—,—,未分發/放棄
COM_932,115,nkust_ship,高科大 航運管理系,68090501,吳*,備取,—,—,未分發/放棄
COM_933,115,nkust_ship,高科大 航運管理系,68090534,黄*,備取,—,—,未分發/放棄
COM_934,115,nkust_ship,高科大 航運管理系,68090540,沈*瑱,正取,國立臺北科技大學,國立臺北科技大學工業工程與管理系,其他學校錄取
COM_935,115,nkust_ship,高科大 航運管理系,70090653,魏*綺,備取,—,—,未分發/放棄
COM_936,115,nkust_ship,高科大 航運管理系,70090756,鄔*莎,備取,—,—,未分發/放棄
COM_937,115,nkust_ship,高科大 航運管理系,61150131,張*瑄,正取,國立高雄科技大學,國立高雄科技大學航運管理系,原校系/本校留任
COM_938,115,nkust_ship,高科大 航運管理系,65150029,游*永,正取,國立高雄科技大學,國立高雄科技大學航運管理系,原校系/本校留任
COM_939,115,nkust_ship,高科大 航運管理系,56150039,林*妤,正取,國立高雄科技大學,國立高雄科技大學航運管理系,原校系/本校留任
COM_940,115,nkust_ship,高科大 航運管理系,61150153,吳*,正取,國立高雄科技大學,國立高雄科技大學航運管理系,原校系/本校留任
COM_941,115,nkust_ship,高科大 航運管理系,63550005,蕭*永,正取,國立高雄科技大學,國立高雄科技大學航運管理系,原校系/本校留任
COM_942,115,nkust_ship,高科大 航運管理系,63150029,吳*宇,正取,國立雲林科技大學,國立雲林科技大學應用外語系,其他學校錄取
COM_943,115,nkust_ship,高科大 航運管理系,68150070,楊*,備取,國立高雄科技大學,國立高雄科技大學航運管理系,原校系/本校留任
COM_944,115,nkust_ship,高科大 航運管理系,58150013,翁*綺,正取,國立高雄科技大學,國立高雄科技大學航運管理系,原校系/本校留任
COM_945,115,nkust_ship,高科大 航運管理系,64150076,薛*𨧤,正取,國立高雄科技大學,國立高雄科技大學航運管理系,原校系/本校留任
COM_946,115,nkust_ship,高科大 航運管理系,64150047,*惠,正取,國立高雄科技大學,國立高雄科技大學航運管理系,原校系/本校留任
COM_947,115,nkust_ship,高科大 航運管理系,60150032,覃*,正取,國立高雄科技大學,國立高雄科技大學航運管理系,原校系/本校留任
COM_948,115,nkust_ship,高科大 航運管理系,65150002,林*,正取,國立高雄科技大學,國立高雄科技大學航運管理系,原校系/本校留任
COM_949,115,nkust_ship,高科大 航運管理系,61530080,蘇*心,正取,國立高雄科技大學,國立高雄科技大學航運管理系,原校系/本校留任
COM_950,115,nkust_ship,高科大 航運管理系,57530021,陳*綸,正取,—,—,未分發/放棄
COM_951,115,nkust_ship,高科大 航運管理系,51150042,林*,正取,國立高雄科技大學,國立高雄科技大學航運管理系,原校系/本校留任
COM_952,115,nkust_ship,高科大 航運管理系,65150023,*永,正取,國立高雄科技大學,國立高雄科技大學航運管理系,原校系/本校留任
COM_953,115,nkust_ship,高科大 航運管理系,57150030,温*褀,正取,國立高雄科技大學,國立高雄科技大學航運管理系,原校系/本校留任
COM_954,115,nkust_ship,高科大 航運管理系,68150077,陳*甯,正取,國立高雄科技大學,國立高雄科技大學航運管理系,原校系/本校留任
COM_955,115,nkust_ship,高科大 航運管理系,58150128,胡*女,備取,國立高雄科技大學,國立高雄科技大學航運管理系,原校系/本校留任
COM_956,115,nkust_ship,高科大 航運管理系,57150055,*妮,備取,國立高雄科技大學,國立高雄科技大學航運管理系,原校系/本校留任
COM_957,115,nkust_ship,高科大 航運管理系,64150058,陳*,備取,—,—,未分發/放棄
COM_958,115,nkust_ship,高科大 航運管理系,58150043,陳*,備取,國立臺中科技大學,國立臺中科技大學應用英語系,其他學校錄取
COM_959,115,nkust_ship,高科大 航運管理系,56150068,朱*,正取,國立勤益科技大學,國立勤益科技大學企業管理系,其他學校錄取
COM_960,115,nkust_ship,高科大 航運管理系,56150141,陳*穎,正取,國立虎尾科技大學,國立虎尾科技大學應用外語系,其他學校錄取
COM_961,115,nkust_ship,高科大 航運管理系,61150128,—,正取,—,—,未分發/放棄
COM_962,115,nkust_ship,高科大 航運管理系,57150057,徐*帆,正取,文藻外語大學,文藻外語大學外語教學系,其他學校錄取
COM_963,115,nkust_ship,高科大 航運管理系,61150075,—,備取,—,—,未分發/放棄
COM_964,115,nkust_ship,高科大 航運管理系,51150043,簡*,正取,醒吾科技大學,醒吾科技大學旅運管理系航空服務管理組,其他學校錄取
COM_965,115,nkust_ship,高科大 航運管理系,56150032,許*銓,備取,—,—,未分發/放棄
COM_966,115,nkust_ship,高科大 航運管理系,56150126,吳*豪,正取,國立臺中科技大學,國立臺中科技大學應用英語系,其他學校錄取
COM_967,115,nkust_ship,高科大 航運管理系,58150011,陳*,備取,—,—,未分發/放棄
COM_968,115,nkust_ship,高科大 航運管理系,58150038,維*,備取,—,—,未分發/放棄
COM_969,115,nkust_ship,高科大 航運管理系,58150118,鄧*皓,正取,國立臺北護理健康大學,國立臺北護理健康大學護理系,其他學校錄取
COM_970,115,nkust_ship,高科大 航運管理系,58150132,陳*永,備取,—,—,未分發/放棄
COM_971,115,nkust_ship,高科大 航運管理系,60150006,邱*,正取,國立臺北護理健康大學,國立臺北護理健康大學護理系,其他學校錄取
COM_972,115,nkust_ship,高科大 航運管理系,61150054,楊*綺,備取,—,—,未分發/放棄
COM_973,115,nkust_ship,高科大 航運管理系,61150055,李*,備取,—,—,未分發/放棄
COM_974,115,nkust_ship,高科大 航運管理系,61150074,陳*瑾,正取,國立臺中科技大學,國立臺中科技大學應用中文系,其他學校錄取
COM_975,115,nkust_ship,高科大 航運管理系,61150078,徐*潔,正取,逢甲大學,逢甲大學外國語文學系,其他學校錄取
COM_976,115,nkust_ship,高科大 航運管理系,61150119,張*瑜,備取,國立高雄科技大學,國立高雄科技大學應用英語系,原校系/本校留任
COM_977,115,nkust_ship,高科大 航運管理系,61150146,盧*岑,正取,國立臺北護理健康大學,國立臺北護理健康大學語言治療與聽力學系,其他學校錄取
COM_978,115,nkust_ship,高科大 航運管理系,61150214,周*,正取,逢甲大學,逢甲大學外國語文學系,其他學校錄取
COM_979,115,nkust_ship,高科大 航運管理系,61530018,崔*姍,備取,—,—,未分發/放棄
COM_980,115,nkust_ship,高科大 航運管理系,61530041,胡*,正取,國立雲林科技大學,國立雲林科技大學應用外語系,其他學校錄取
COM_981,115,nkust_ship,高科大 航運管理系,64150022,柯*,正取,國立臺灣科技大學,國立臺灣科技大學應用外語系,其他學校錄取
COM_982,115,nkust_ship,高科大 航運管理系,64150042,陳*,備取,—,—,未分發/放棄
COM_983,115,nkust_ship,高科大 航運管理系,64150064,陳*永,備取,國立高雄科技大學,國立高雄科技大學應用英語系,原校系/本校留任
COM_984,115,nkust_ship,高科大 航運管理系,64150066,*恩,備取,—,—,未分發/放棄
COM_985,115,nkust_ship,高科大 航運管理系,64150070,翁*,備取,—,—,未分發/放棄
COM_986,115,nkust_ship,高科大 航運管理系,65150020,林*珮,備取,—,—,未分發/放棄
COM_987,115,nkust_ship,高科大 航運管理系,66150044,—,正取,國立雲林科技大學,國立雲林科技大學應用外語系,其他學校錄取
COM_988,115,nkust_ship,高科大 航運管理系,66150054,陳*恩,備取,—,—,未分發/放棄
COM_989,115,nkust_ship,高科大 航運管理系,68150038,黄*,正取,國立高雄科技大學,國立高雄科技大學運籌管理系,原校系/本校留任
COM_990,115,nkust_ship,高科大 航運管理系,68150082,李*樂,正取,—,—,未分發/放棄
COM_991,115,nkust_ship,高科大 航運管理系,68150084,吳*璘,正取,國立臺北護理健康大學,國立臺北護理健康大學語言治療與聽力學系,其他學校錄取
COM_992,115,ntub_ib,北商大 國際商務系,56090087,陳*筠,正取,國立臺灣科技大學,國立臺灣科技大學企業管理系,其他學校錄取
COM_993,115,ntub_ib,北商大 國際商務系,55090330,李*誼,正取,國立臺灣科技大學,國立臺灣科技大學企業管理系,其他學校錄取
COM_994,115,ntub_ib,北商大 國際商務系,56090105,李*祐,正取,國立臺灣科技大學,國立臺灣科技大學企業管理系,其他學校錄取
COM_995,115,ntub_ib,北商大 國際商務系,68090537,葵*慈,正取,國立臺北科技大學,國立臺北科技大學經營管理系,其他學校錄取
COM_996,115,ntub_ib,北商大 國際商務系,54090434,彭*,正取,國立臺北科技大學,國立臺北科技大學經營管理系,其他學校錄取
COM_997,115,ntub_ib,北商大 國際商務系,57090683,葉*妡,備取,國立臺北商業大學,國立臺北商業大學財政稅務系(臺北校區),原校系/本校留任
COM_998,115,ntub_ib,北商大 國際商務系,52090022,陳*,正取,中原大學,中原大學會計學系,其他學校錄取
COM_999,115,ntub_ib,北商大 國際商務系,58090234,葉*,備取,國立臺北商業大學,國立臺北商業大學財政稅務系(臺北校區),原校系/本校留任
COM_1000,115,ntub_ib,北商大 國際商務系,64030443,*茹,正取,國立臺北商業大學,國立臺北商業大學財政稅務系(臺北校區),原校系/本校留任
COM_1001,115,ntub_ib,北商大 國際商務系,58090534,*妤,正取,國立臺北科技大學,國立臺北科技大學經營管理系,其他學校錄取
COM_1002,115,ntub_ib,北商大 國際商務系,57090141,*畇,備取,—,—,未分發/放棄
COM_1003,115,ntub_ib,北商大 國際商務系,52090461,張*,正取,國立臺北商業大學,國立臺北商業大學國際商務系(臺北校區),原校系/本校留任
COM_1004,115,ntub_ib,北商大 國際商務系,55090366,張*瑜,正取,國立臺北商業大學,國立臺北商業大學國際商務系(臺北校區),原校系/本校留任
COM_1005,115,ntub_ib,北商大 國際商務系,61090217,張*,正取,國立臺北科技大學,國立臺北科技大學工業工程與管理系,其他學校錄取
COM_1006,115,ntub_ib,北商大 國際商務系,57090532,李*錡,正取,國立臺北商業大學,國立臺北商業大學財政稅務系(臺北校區),原校系/本校留任
COM_1007,115,ntub_ib,北商大 國際商務系,57090478,許*瑜,備取,國立臺北商業大學,國立臺北商業大學國際商務系(臺北校區),原校系/本校留任
COM_1008,115,ntub_ib,北商大 國際商務系,70090309,薛*潔,備取,國立臺灣海洋大學,國立臺灣海洋大學航運管理學系,其他學校錄取
COM_1009,115,ntub_ib,北商大 國際商務系,68090390,—,正取,國立臺北商業大學,國立臺北商業大學國際商務系(臺北校區),原校系/本校留任
COM_1010,115,ntub_ib,北商大 國際商務系,57090659,林*瑾,正取,中原大學,中原大學會計學系,其他學校錄取
COM_1011,115,ntub_ib,北商大 國際商務系,70090620,郭*翔,正取,國立臺北商業大學,國立臺北商業大學國際商務系(臺北校區),原校系/本校留任
COM_1012,115,ntub_ib,北商大 國際商務系,59090121,邱*妍,正取,國立臺北商業大學,國立臺北商業大學國際商務系(臺北校區),原校系/本校留任
COM_1013,115,ntub_ib,北商大 國際商務系,53090052,黄*,正取,國立雲林科技大學,國立雲林科技大學國際管理學士學位學程,其他學校錄取
COM_1014,115,ntub_ib,北商大 國際商務系,67090266,徐*潔,正取,國立高雄科技大學,國立高雄科技大學資訊管理系,其他學校錄取
COM_1015,115,ntub_ib,北商大 國際商務系,68090531,龍*女,正取,國立臺北商業大學,國立臺北商業大學國際商務系(臺北校區),原校系/本校留任
COM_1016,115,ntub_ib,北商大 國際商務系,68090606,葵*珍,正取,國立臺北商業大學,國立臺北商業大學國際商務系(臺北校區),原校系/本校留任
COM_1017,115,ntub_ib,北商大 國際商務系,51090273,項*,正取,國立臺北商業大學,國立臺北商業大學國際商務系(臺北校區),原校系/本校留任
COM_1018,115,ntub_ib,北商大 國際商務系,57090592,黄*,正取,國立臺北商業大學,國立臺北商業大學國際商務系(臺北校區),原校系/本校留任
COM_1019,115,ntub_ib,北商大 國際商務系,78090017,陳*,正取,國立臺北科技大學,國立臺北科技大學經營管理系,其他學校錄取
COM_1020,115,ntub_ib,北商大 國際商務系,52090105,李*,正取,—,—,未分發/放棄
COM_1021,115,ntub_ib,北商大 國際商務系,57090065,林*,備取,國立臺北商業大學,國立臺北商業大學國際商務系(臺北校區),原校系/本校留任
COM_1022,115,ntub_ib,北商大 國際商務系,59090021,—,正取,國立臺北商業大學,國立臺北商業大學國際商務系(臺北校區),原校系/本校留任
COM_1023,115,ntub_ib,北商大 國際商務系,70090658,*恩,正取,國立雲林科技大學,國立雲林科技大學國際管理學士學位學程,其他學校錄取
COM_1024,115,ntub_ib,北商大 國際商務系,57090625,李*潔,備取,國立臺北商業大學,國立臺北商業大學國際商務系(臺北校區),原校系/本校留任
COM_1025,115,ntub_ib,北商大 國際商務系,52090062,潘*廷,備取,國立臺北商業大學,國立臺北商業大學國際商務系(臺北校區),原校系/本校留任
COM_1026,115,ntub_ib,北商大 國際商務系,68090503,温*甯,備取,國立臺北商業大學,國立臺北商業大學國際商務系(臺北校區),原校系/本校留任
COM_1027,115,ntub_ib,北商大 國際商務系,58090053,黄*珊,備取,國立臺北商業大學,國立臺北商業大學財政稅務系(臺北校區),原校系/本校留任
COM_1028,115,ntub_ib,北商大 國際商務系,57090739,吳*誼,備取,國立臺北商業大學,國立臺北商業大學國際商務系(臺北校區),原校系/本校留任
COM_1029,115,ntub_ib,北商大 國際商務系,64090458,鄞*雅,備取,國立臺北商業大學,國立臺北商業大學國際商務系(臺北校區),原校系/本校留任
COM_1030,115,ntub_ib,北商大 國際商務系,58090136,—,正取,國立雲林科技大學,國立雲林科技大學國際管理學士學位學程,其他學校錄取
COM_1031,115,ntub_ib,北商大 國際商務系,57090289,楊*,備取,國立臺北商業大學,國立臺北商業大學國際商務系(臺北校區),原校系/本校留任
COM_1032,115,ntub_ib,北商大 國際商務系,56090366,楊*,備取,國立臺北商業大學,國立臺北商業大學國際商務系(臺北校區),原校系/本校留任
COM_1033,115,ntub_ib,北商大 國際商務系,58090272,顏*珊,備取,國立臺北商業大學,國立臺北商業大學國際商務系(臺北校區),原校系/本校留任
COM_1034,115,ntub_ib,北商大 國際商務系,61530011,徐*君,備取,國立臺北商業大學,國立臺北商業大學國際商務系(臺北校區),原校系/本校留任
COM_1035,115,ntub_ib,北商大 國際商務系,57090333,蕭*倫,備取,國立臺北商業大學,國立臺北商業大學國際商務系(臺北校區),原校系/本校留任
COM_1036,115,ntub_ib,北商大 國際商務系,61091033,李*,備取,國立臺北商業大學,國立臺北商業大學國際商務系(臺北校區),原校系/本校留任
COM_1037,115,ntub_ib,北商大 國際商務系,63090117,郭*盈,備取,國立臺北商業大學,國立臺北商業大學國際商務系(臺北校區),原校系/本校留任
COM_1038,115,ntub_ib,北商大 國際商務系,61090842,—,正取,國立臺灣海洋大學,國立臺灣海洋大學航運管理學系,其他學校錄取
COM_1039,115,ntub_ib,北商大 國際商務系,51090094,陳*嬅,備取,國立臺北商業大學,國立臺北商業大學國際商務系(臺北校區),原校系/本校留任
COM_1040,115,ntub_ib,北商大 國際商務系,68530016,吳*甄,正取,國立雲林科技大學,國立雲林科技大學國際管理學士學位學程,其他學校錄取
COM_1041,115,ntub_ib,北商大 國際商務系,59090173,吳*,備取,國立臺北商業大學,國立臺北商業大學國際商務系(臺北校區),原校系/本校留任
COM_1042,115,ntub_ib,北商大 國際商務系,52090386,吳*澔,備取,—,—,未分發/放棄
COM_1043,115,ntub_ib,北商大 國際商務系,57090864,吳*縈,備取,中原大學,中原大學會計學系,其他學校錄取
COM_1044,115,ntub_ib,北商大 國際商務系,57090617,林*橙,正取,臺北醫學大學,臺北醫學大學醫務管理學系,其他學校錄取
COM_1045,115,ntub_ib,北商大 國際商務系,74530017,陳*熙,備取,—,—,未分發/放棄
COM_1046,115,ntub_ib,北商大 國際商務系,68090392,葵*郁,備取,國立高雄科技大學,國立高雄科技大學金融系,其他學校錄取
COM_1047,115,ntub_ib,北商大 國際商務系,64090473,謝*永,備取,國立臺中科技大學,國立臺中科技大學財務金融系,其他學校錄取
COM_1048,115,ntub_ib,北商大 國際商務系,67090252,陳*謙,備取,—,—,未分發/放棄
COM_1049,115,ntub_ib,北商大 國際商務系,53090070,*女,備取,—,—,未分發/放棄
COM_1050,115,ntub_ib,北商大 國際商務系,70090410,陳*諺,備取,—,—,未分發/放棄
COM_1051,115,ntub_ib,北商大 國際商務系,57090876,林*豪,正取,中原大學,中原大學會計學系,其他學校錄取
COM_1052,115,ntub_ib,北商大 國際商務系,52090685,陳*威,正取,國立臺北商業大學,國立臺北商業大學資訊管理系(臺北校區),原校系/本校留任
COM_1053,115,ntub_ib,北商大 國際商務系,58540006,趙*芦,正取,—,—,未分發/放棄
COM_1054,115,ntub_ib,北商大 國際商務系,78090010,陳*毅,備取,國立臺北商業大學,國立臺北商業大學國際商務系(臺北校區),原校系/本校留任
COM_1055,115,ntub_ib,北商大 國際商務系,78090006,林*,正取,國立臺北商業大學,國立臺北商業大學資訊管理系(臺北校區),原校系/本校留任
COM_1056,115,ntub_ib,北商大 國際商務系,78090018,陳*錤,備取,國立臺中科技大學,國立臺中科技大學國際貿易與經營系,其他學校錄取
COM_1057,115,ntub_ib,北商大 國際商務系,65090148,吳*永,備取,國立臺北商業大學,國立臺北商業大學國際商務系(臺北校區),原校系/本校留任
COM_1058,115,ntub_ib,北商大 國際商務系,61091438,龍*,正取,國立雲林科技大學,國立雲林科技大學財務金融系,其他學校錄取
COM_1059,115,ntub_ib,北商大 國際商務系,51090082,李*臻,備取,國立臺灣科技大學,國立臺灣科技大學企業管理系,其他學校錄取
COM_1060,115,ntub_ib,北商大 國際商務系,56090384,張*奕,備取,—,—,未分發/放棄
COM_1061,115,ntub_ib,北商大 國際商務系,57090169,吳*瑜,正取,中原大學,中原大學國際經營與貿易學系,其他學校錄取
COM_1062,115,ntub_ib,北商大 國際商務系,57090731,*瑄,備取,國立臺北科技大學,國立臺北科技大學經營管理系,其他學校錄取
COM_1063,115,ntub_ib,北商大 國際商務系,57090835,陳*,正取,國立臺灣科技大學,國立臺灣科技大學企業管理系,其他學校錄取
COM_1064,115,ntub_ib,北商大 國際商務系,57090865,*琪,備取,國立臺北科技大學,國立臺北科技大學經營管理系,其他學校錄取
COM_1065,115,ntub_ib,北商大 國際商務系,58090093,黄*芮,備取,—,—,未分發/放棄
COM_1066,115,ntub_ib,北商大 國際商務系,58090137,張*婷,正取,國立臺北科技大學,國立臺北科技大學工業工程與管理系,其他學校錄取
COM_1067,115,ntub_ib,北商大 國際商務系,58090177,管*永,正取,國立臺北科技大學,國立臺北科技大學經營管理系,其他學校錄取
COM_1068,115,ntub_ib,北商大 國際商務系,58090225,陳*穎,備取,—,—,未分發/放棄
COM_1069,115,ntub_ib,北商大 國際商務系,58090532,郭*妤,正取,逢甲大學,逢甲大學工業工程與系統管理學系,其他學校錄取
COM_1070,115,ntub_ib,北商大 國際商務系,59090130,何*,備取,國立臺北商業大學,國立臺北商業大學會計資訊系(臺北校區),原校系/本校留任
COM_1071,115,ntub_ib,北商大 國際商務系,61090022,—,備取,—,—,未分發/放棄
COM_1072,115,ntub_ib,北商大 國際商務系,61091127,*之,正取,國立彰化師範大學,國立彰化師範大學財務金融技術學系,其他學校錄取
COM_1073,115,ntub_ib,北商大 國際商務系,61091223,—,備取,國立臺北科技大學,國立臺北科技大學資訊與財金管理系,其他學校錄取
COM_1074,115,ntub_ib,北商大 國際商務系,64090399,徐*洧,備取,—,—,未分發/放棄
COM_1075,115,ntub_ib,北商大 國際商務系,64090514,*菁,正取,國立雲林科技大學,國立雲林科技大學財務金融系,其他學校錄取
COM_1076,115,ntub_ib,北商大 國際商務系,66090018,楊*蓓,備取,國立臺灣科技大學,國立臺灣科技大學企業管理系,其他學校錄取
COM_1077,115,ntub_ib,北商大 國際商務系,68090366,*芳,正取,國立高雄科技大學,國立高雄科技大學金融系,其他學校錄取
COM_1078,115,ntub_ib,北商大 國際商務系,68090538,翁*瑄,正取,國立臺北科技大學,國立臺北科技大學工業工程與管理系,其他學校錄取
COM_1079,115,ntub_ib,北商大 國際商務系,68090589,鄭*,備取,—,—,未分發/放棄
COM_1080,115,ntub_ib,北商大 國際商務系,68090618,許*喆,備取,—,—,未分發/放棄
COM_1081,115,ntub_ib,北商大 國際商務系,68530064,李*庭,備取,國立高雄科技大學,國立高雄科技大學工業工程與管理系,其他學校錄取
COM_1082,115,ntub_ib,北商大 國際商務系,57530049,黄*,正取,國立勤益科技大學,國立勤益科技大學人工智慧應用工程系,其他學校錄取
COM_1083,115,ntub_ib,北商大 國際商務系,52150213,林*如,正取,國立臺北商業大學,國立臺北商業大學國際商務系(臺北校區),原校系/本校留任
COM_1084,115,ntub_ib,北商大 國際商務系,52150029,仲*,正取,國立臺北商業大學,國立臺北商業大學應用外語系(臺北校區),原校系/本校留任
COM_1085,115,ntub_ib,北商大 國際商務系,57530060,沈*皓,正取,國立臺北科技大學,國立臺北科技大學應用英文系,其他學校錄取
COM_1086,115,ntub_ib,北商大 國際商務系,68150066,—,備取,國立臺北商業大學,國立臺北商業大學國際商務系(臺北校區),原校系/本校留任
COM_1087,115,ntub_ib,北商大 國際商務系,57530025,*佑,正取,國立臺北商業大學,國立臺北商業大學國際商務系(臺北校區),原校系/本校留任
COM_1088,115,ntub_ib,北商大 國際商務系,52150243,周*理,備取,—,—,未分發/放棄
COM_1089,115,ntub_ib,北商大 國際商務系,58150148,陳*,正取,國立臺北科技大學,國立臺北科技大學應用英文系,其他學校錄取
COM_1090,115,ntub_ib,北商大 國際商務系,61150050,葵*昇,正取,國立臺北科技大學,國立臺北科技大學應用英文系,其他學校錄取
COM_1091,115,ntub_ib,北商大 國際商務系,61150167,何*庭,正取,國立臺灣科技大學,國立臺灣科技大學應用外語系,其他學校錄取
COM_1092,115,ntub_ib,北商大 國際商務系,68530018,張*宏,備取,國立雲林科技大學,國立雲林科技大學工業工程與管理系,其他學校錄取
